feature_kind,mean_f1,std_f1,mean_auc,std_auc
candidate_aggregate,0.26506024096385544,,0.5432875667429443,
candidate_temporal,0.33613445378151263,,0.5377574370709381,
