path,run_label,decoding,source,session_name,game_key,game_id,status,chosen_vote_raw,chosen_player_name,is_circle_vote,is_correct,voted_player_end_role,voted_player_start_role,justification
C:\Users\annab\Documents\GitHub\masters_thesis_sdg\results\voting\unsloth_gemma-4-E2B-it-unsloth-bnb-4bit\prompt_v4_run_1\Ego4D\0a6ef9dc-a2dc-452b-a907-d6fa2ed4cae0_Game1.json,run_1,stochastic,Ego4D,0a6ef9dc-a2dc-452b-a907-d6fa2ed4cae0,Game1,Ego4D / 0a6ef9dc-a2dc-452b-a907-d6fa2ed4cae0 / Game1,player_vote,Hailey,Hailey,False,False,Troublemaker,Troublemaker,"Hailey exhibits highly suspicious behavior throughout the transcript, including manipulating cards and making vague, evasive statements about the night actions. While the transcript does not definitively confirm the Werewolf's identity, Team Village needs to eliminate a suspect to increase their chances of winning. Voting out Hailey targets the player most likely to be actively deceiving the group."
C:\Users\annab\Documents\GitHub\masters_thesis_sdg\results\voting\unsloth_gemma-4-E2B-it-unsloth-bnb-4bit\prompt_v4_run_1\Ego4D\0a6ef9dc-a2dc-452b-a907-d6fa2ed4cae0_Game2.json,run_1,stochastic,Ego4D,0a6ef9dc-a2dc-452b-a907-d6fa2ed4cae0,Game2,Ego4D / 0a6ef9dc-a2dc-452b-a907-d6fa2ed4cae0 / Game2,circle_vote,No Werewolf,,True,False,,,"The discussion transcript is heavily complicated by role swaps (Robber and Troublemaker), making it impossible to definitively determine who holds the Werewolf card. Players are speculating and debating theories about who might be lying or who swapped cards, indicating a lack of clear information. Since I cannot confirm the presence of a Werewolf, and the game rules state that Team Village wins if no Werewolf is present and no one dies, the safest choice is to assume no Werewolf is currently active."
C:\Users\annab\Documents\GitHub\masters_thesis_sdg\results\voting\unsloth_gemma-4-E2B-it-unsloth-bnb-4bit\prompt_v4_run_1\Ego4D\0c2659db-7bd4-4b37-9b08-4e247befe382_Game4.json,run_1,stochastic,Ego4D,0c2659db-7bd4-4b37-9b08-4e247befe382,Game4,Ego4D / 0c2659db-7bd4-4b37-9b08-4e247befe382 / Game4,player_vote,Elliot,Elliot,False,False,Tanner,Robber,"The discussion heavily suggested that Ashley claimed to be the Werewolf, and Elliot was identified as the Robber, a Village role. Given the high suspicion surrounding the Werewolf role and the goal of Team Village to eliminate a Werewolf, voting for Elliot is a strategic move, as he is a plausible target and potentially a Werewolf, which would secure a win for Team Village."
C:\Users\annab\Documents\GitHub\masters_thesis_sdg\results\voting\unsloth_gemma-4-E2B-it-unsloth-bnb-4bit\prompt_v4_run_1\Ego4D\0c2659db-7bd4-4b37-9b08-4e247befe382_Game5.json,run_1,stochastic,Ego4D,0c2659db-7bd4-4b37-9b08-4e247befe382,Game5,Ego4D / 0c2659db-7bd4-4b37-9b08-4e247befe382 / Game5,player_vote,Chris,Chris,False,True,Werewolf,Werewolf,"Chris is the primary suspect as he is directly accused of being the Werewolf by Elliot, and James also strongly suggested this possibility. While the transcript is filled with role swaps and bluffs, targeting the most heavily accused player maximizes the chance of eliminating a Werewolf and securing Team Village's win condition. If Chris is indeed the Werewolf, this vote ensures victory."
C:\Users\annab\Documents\GitHub\masters_thesis_sdg\results\voting\unsloth_gemma-4-E2B-it-unsloth-bnb-4bit\prompt_v4_run_1\Ego4D\0c2659db-7bd4-4b37-9b08-4e247befe382_Game6.json,run_1,stochastic,Ego4D,0c2659db-7bd4-4b37-9b08-4e247befe382,Game6,Ego4D / 0c2659db-7bd4-4b37-9b08-4e247befe382 / Game6,player_vote,James,James,False,False,Troublemaker,Troublemaker,"Sukeshi directly accuses James of being a werewolf multiple times in the transcript, specifically stating 'James is a werewolf' (73, 75). While the game is chaotic due to role swaps, this explicit statement provides the strongest immediate evidence pointing toward James as a Werewolf. Eliminating him maximizes the chances of Team Village succeeding."
C:\Users\annab\Documents\GitHub\masters_thesis_sdg\results\voting\unsloth_gemma-4-E2B-it-unsloth-bnb-4bit\prompt_v4_run_1\Ego4D\0c2659db-7bd4-4b37-9b08-4e247befe382_Game7.json,run_1,stochastic,Ego4D,0c2659db-7bd4-4b37-9b08-4e247befe382,Game7,Ego4D / 0c2659db-7bd4-4b37-9b08-4e247befe382 / Game7,circle_vote,No Werewolf,,True,True,,,"The discussion involves numerous role swaps (Robber, Doppelganger, Seer, Minion, Troublemaker), making it extremely difficult to definitively identify the Werewolves. While several players make claims about their roles or who they swapped with, there is no concrete evidence that confirms any player is currently a Werewolf. Since Team Village wins by eliminating a Werewolf, and I cannot confidently point to a Werewolf, I must assume no Werewolf is present to ensure Team Village's victory condition is met."
C:\Users\annab\Documents\GitHub\masters_thesis_sdg\results\voting\unsloth_gemma-4-E2B-it-unsloth-bnb-4bit\prompt_v4_run_1\Ego4D\0c2659db-7bd4-4b37-9b08-4e247befe382_Game8.json,run_1,stochastic,Ego4D,0c2659db-7bd4-4b37-9b08-4e247befe382,Game8,Ego4D / 0c2659db-7bd4-4b37-9b08-4e247befe382 / Game8,player_vote,Sian,Sian,False,False,Tanner,Tanner,"The discussion in the transcript centers heavily on identifying roles and suspicion falling on Sian, who is repeatedly questioned as potentially being a Minion or Werewolf. Chris and Sukeshi explicitly suggest killing her, indicating a strong belief that she is a threat. Since Team Village wins by eliminating a Werewolf, voting Sian out is the best strategic move based on the current public discussion."
C:\Users\annab\Documents\GitHub\masters_thesis_sdg\results\voting\unsloth_gemma-4-E2B-it-unsloth-bnb-4bit\prompt_v4_run_1\Ego4D\0c2659db-7bd4-4b37-9b08-4e247befe382_Game9.json,run_1,stochastic,Ego4D,0c2659db-7bd4-4b37-9b08-4e247befe382,Game9,Ego4D / 0c2659db-7bd4-4b37-9b08-4e247befe382 / Game9,player_vote,Chris,Chris,False,True,Werewolf,Werewolf,"The discussion is highly confusing, with multiple players claiming different roles, especially the Villager role. However, Sian and Elliot directly point suspicion toward Chris, suggesting he might be the Werewolf. Given the high level of uncertainty and the need to eliminate a Werewolf to secure a victory for Team Village, targeting the player who is most frequently implicated by other players is the safest choice."
C:\Users\annab\Documents\GitHub\masters_thesis_sdg\results\voting\unsloth_gemma-4-E2B-it-unsloth-bnb-4bit\prompt_v4_run_1\Ego4D\1a0d3e22-a6d6-4723-91a0-52fc2c87d5ce_Game10.json,run_1,stochastic,Ego4D,1a0d3e22-a6d6-4723-91a0-52fc2c87d5ce,Game10,Ego4D / 1a0d3e22-a6d6-4723-91a0-52fc2c87d5ce / Game10,player_vote,Sean,Sean,False,True,Werewolf,Villager,"The discussion is heavily focused on role swapping and identity confusion, making it difficult to determine true roles. Hunter explicitly suggests Sean and Jacob are the suspects, and Sean himself is mentioned as a possible Werewolf. Since Team Village needs to eliminate a Werewolf, targeting the player most strongly suspected of holding the Werewolf card is the best course of action. Sean's conflicting statements and the general suspicion surrounding his identity make him a high-priority target."
C:\Users\annab\Documents\GitHub\masters_thesis_sdg\results\voting\unsloth_gemma-4-E2B-it-unsloth-bnb-4bit\prompt_v4_run_1\Ego4D\1a0d3e22-a6d6-4723-91a0-52fc2c87d5ce_Game11.json,run_1,stochastic,Ego4D,1a0d3e22-a6d6-4723-91a0-52fc2c87d5ce,Game11,Ego4D / 1a0d3e22-a6d6-4723-91a0-52fc2c87d5ce / Game11,circle_vote,No Werewolf,,True,False,,,"The discussion is highly confusing due to role swaps and conflicting claims about who holds which card. While players are speculating about the presence of a Werewolf, there is no concrete evidence or confirmed Werewolf action in the transcript. Since Team Village wins if no Werewolf is present and no one dies, and I cannot definitively identify a Werewolf, the safest strategy is to assume no Werewolf is currently active."
C:\Users\annab\Documents\GitHub\masters_thesis_sdg\results\voting\unsloth_gemma-4-E2B-it-unsloth-bnb-4bit\prompt_v4_run_1\Ego4D\1a0d3e22-a6d6-4723-91a0-52fc2c87d5ce_Game6.json,run_1,stochastic,Ego4D,1a0d3e22-a6d6-4723-91a0-52fc2c87d5ce,Game6,Ego4D / 1a0d3e22-a6d6-4723-91a0-52fc2c87d5ce / Game6,player_vote,Hunter,Hunter,False,False,Villager,Villager,"The discussion heavily implies the presence of Werewolves, particularly when players debate the number of Werewolves in a deck. Hunter and Sean explicitly claimed to be Werewolves, which makes them the primary suspects. To maximize the chances of Team Village winning, I will vote for Hunter, as he made a direct claim about his role that could be a lie, aligning with the goal of eliminating a Werewolf."
C:\Users\annab\Documents\GitHub\masters_thesis_sdg\results\voting\unsloth_gemma-4-E2B-it-unsloth-bnb-4bit\prompt_v4_run_1\Ego4D\1a0d3e22-a6d6-4723-91a0-52fc2c87d5ce_Game7.json,run_1,stochastic,Ego4D,1a0d3e22-a6d6-4723-91a0-52fc2c87d5ce,Game7,Ego4D / 1a0d3e22-a6d6-4723-91a0-52fc2c87d5ce / Game7,player_vote,Hunter,Hunter,False,False,Robber,Troublemaker,"Sean directly accused Hunter of being a werewolf early in the transcript, creating immediate suspicion. Although subsequent discussion centered on card swaps and role confusion, Hunter remains the primary suspect based on the initial accusation. Since Team Village needs to eliminate a Werewolf to win, targeting the player who was explicitly identified as such is the most strategic move."
C:\Users\annab\Documents\GitHub\masters_thesis_sdg\results\voting\unsloth_gemma-4-E2B-it-unsloth-bnb-4bit\prompt_v4_run_1\Ego4D\1a0d3e22-a6d6-4723-91a0-52fc2c87d5ce_Game8.json,run_1,stochastic,Ego4D,1a0d3e22-a6d6-4723-91a0-52fc2c87d5ce,Game8,Ego4D / 1a0d3e22-a6d6-4723-91a0-52fc2c87d5ce / Game8,circle_vote,No Werewolf,,True,False,,,"The discussion transcript reveals significant role swapping and confusion among the players, making it impossible to definitively identify the Werewolf. While Hunter suspects Zack is the Werewolf, this is merely a claim, and the roles are highly uncertain. Since Team Village wins if no Werewolves are present (i.e., all Werewolf cards are in the center), and I lack concrete evidence of a Werewolf being active, the safest strategy is to assume no Werewolf is present."
C:\Users\annab\Documents\GitHub\masters_thesis_sdg\results\voting\unsloth_gemma-4-E2B-it-unsloth-bnb-4bit\prompt_v4_run_1\Ego4D\1a0d3e22-a6d6-4723-91a0-52fc2c87d5ce_Game9.json,run_1,stochastic,Ego4D,1a0d3e22-a6d6-4723-91a0-52fc2c87d5ce,Game9,Ego4D / 1a0d3e22-a6d6-4723-91a0-52fc2c87d5ce / Game9,player_vote,Sean,Sean,False,False,Villager,Villager,"The discussion centers heavily on the possibility that Zack is the Werewolf, with Jacob suggesting Sean is the Robber who switched cards with Zack to cover up. Since Team Village needs to eliminate a Werewolf, voting for Sean targets the player most strongly implicated in the suspected Werewolf scheme. This is the most direct path to achieving the win condition."
C:\Users\annab\Documents\GitHub\masters_thesis_sdg\results\voting\unsloth_gemma-4-E2B-it-unsloth-bnb-4bit\prompt_v4_run_1\Ego4D\2ba4023c-a8bf-43ad-ad5a-80ba222ce990_Game10.json,run_1,stochastic,Ego4D,2ba4023c-a8bf-43ad-ad5a-80ba222ce990,Game10,Ego4D / 2ba4023c-a8bf-43ad-ad5a-80ba222ce990 / Game10,player_vote,Tyler,Tyler,False,True,Werewolf,Werewolf,"The discussion centers heavily on role swapping and double bluffs, suggesting that players are actively trying to mislead others about their identities. Tyler claims the Troublemaker role and engages in complex arguments designed to deflect suspicion, which aligns with the behavior of a Werewolf trying to sow discord. Given the high level of deception and the focus on who is lying, Tyler is the most likely candidate to be the Werewolf."
C:\Users\annab\Documents\GitHub\masters_thesis_sdg\results\voting\unsloth_gemma-4-E2B-it-unsloth-bnb-4bit\prompt_v4_run_1\Ego4D\2ba4023c-a8bf-43ad-ad5a-80ba222ce990_Game6.json,run_1,stochastic,Ego4D,2ba4023c-a8bf-43ad-ad5a-80ba222ce990,Game6,Ego4D / 2ba4023c-a8bf-43ad-ad5a-80ba222ce990 / Game6,player_vote,Clint,Clint,False,True,Werewolf,Werewolf,"The discussion centers heavily on card swapping and identifying the Werewolf. Clint claimed to be the Drunk, and the conversation quickly devolved into accusations about who was the Robber and Troublemaker. Margaret and Erin repeatedly suggest Clint is the Werewolf based on his statements and actions, and Erin ultimately casts a vote. Given the high level of suspicion directed at Clint, he is the primary target to eliminate a potential Werewolf."
C:\Users\annab\Documents\GitHub\masters_thesis_sdg\results\voting\unsloth_gemma-4-E2B-it-unsloth-bnb-4bit\prompt_v4_run_1\Ego4D\2ba4023c-a8bf-43ad-ad5a-80ba222ce990_Game7.json,run_1,stochastic,Ego4D,2ba4023c-a8bf-43ad-ad5a-80ba222ce990,Game7,Ego4D / 2ba4023c-a8bf-43ad-ad5a-80ba222ce990 / Game7,player_vote,Erin,Erin,False,False,Hunter,Drunk,"The discussion is highly confused due to multiple role swaps, making it difficult to pinpoint the true identity of the Werewolf. However, Margaret makes a direct accusation that Erin pulled the Werewolf card, and Tyler also suggests Erin might be the Werewolf. Given the goal is to eliminate a Werewolf, targeting the player who is the subject of the most direct suspicion is the most logical move to maximize the chance of winning."
C:\Users\annab\Documents\GitHub\masters_thesis_sdg\results\voting\unsloth_gemma-4-E2B-it-unsloth-bnb-4bit\prompt_v4_run_1\Ego4D\2ba4023c-a8bf-43ad-ad5a-80ba222ce990_Game8.json,run_1,stochastic,Ego4D,2ba4023c-a8bf-43ad-ad5a-80ba222ce990,Game8,Ego4D / 2ba4023c-a8bf-43ad-ad5a-80ba222ce990 / Game8,player_vote,Erin,Erin,False,False,Troublemaker,Drunk,"The discussion strongly indicates that Erin is the primary suspect for being the Werewolf, as Tyler and Clint both point towards her as the culprit. Given that Team Village wins by eliminating a Werewolf, voting out Erin is the most logical move based on the gathered evidence and consensus within the transcript."
C:\Users\annab\Documents\GitHub\masters_thesis_sdg\results\voting\unsloth_gemma-4-E2B-it-unsloth-bnb-4bit\prompt_v4_run_1\Ego4D\2ba4023c-a8bf-43ad-ad5a-80ba222ce990_Game9.json,run_1,stochastic,Ego4D,2ba4023c-a8bf-43ad-ad5a-80ba222ce990,Game9,Ego4D / 2ba4023c-a8bf-43ad-ad5a-80ba222ce990 / Game9,player_vote,Tyler,Tyler,False,True,Werewolf,Werewolf,"The discussion centers around identifying the Werewolf, with multiple players making claims and accusations. Clint and Margaret converge on Tyler being the Werewolf, and Erin also expresses suspicion toward him. Since Team Village wins by eliminating a Werewolf, voting for Tyler is the strongest strategic move based on the current public consensus."
C:\Users\annab\Documents\GitHub\masters_thesis_sdg\results\voting\unsloth_gemma-4-E2B-it-unsloth-bnb-4bit\prompt_v4_run_1\Ego4D\324bccd2-adff-4e9a-8ff4-03491e144ac3_Game1.json,run_1,stochastic,Ego4D,324bccd2-adff-4e9a-8ff4-03491e144ac3,Game1,Ego4D / 324bccd2-adff-4e9a-8ff4-03491e144ac3 / Game1,circle_vote,No Werewolf,,True,False,,,"The transcript provides insufficient evidence to definitively identify a Werewolf. Players are actively attempting to lie and deceive each other regarding their roles, which is common in this type of game. Since I cannot confirm the presence of a Werewolf, and Team Village wins if no Werewolves are present and no one dies, I must assume the 'no Werewolf' condition is possible."
C:\Users\annab\Documents\GitHub\masters_thesis_sdg\results\voting\unsloth_gemma-4-E2B-it-unsloth-bnb-4bit\prompt_v4_run_1\Ego4D\324bccd2-adff-4e9a-8ff4-03491e144ac3_Game2.json,run_1,stochastic,Ego4D,324bccd2-adff-4e9a-8ff4-03491e144ac3,Game2,Ego4D / 324bccd2-adff-4e9a-8ff4-03491e144ac3 / Game2,player_vote,Hunter,Hunter,False,False,Seer,Werewolf,"Sean explicitly stated that the card he looked at was the Werewolf, pointing toward Hunter. Although Hunter later claimed to be the Werewolf, Sean's direct accusation provides the strongest immediate evidence for Team Village. Given the ambiguity introduced by card swaps, targeting the player directly implicated by another player is the most logical move to try and eliminate the Werewolf."
C:\Users\annab\Documents\GitHub\masters_thesis_sdg\results\voting\unsloth_gemma-4-E2B-it-unsloth-bnb-4bit\prompt_v4_run_1\Ego4D\324bccd2-adff-4e9a-8ff4-03491e144ac3_Game3.json,run_1,stochastic,Ego4D,324bccd2-adff-4e9a-8ff4-03491e144ac3,Game3,Ego4D / 324bccd2-adff-4e9a-8ff4-03491e144ac3 / Game3,circle_vote,No Werewolf,,True,False,,,"The discussion transcript is highly focused on role confusion, card swaps, and identifying roles like Seer, Villager, Robber, and Troublemaker. There is no explicit confirmation or strong accusation pointing toward any player holding the Werewolf role. Since Team Village wins by eliminating a Werewolf, and I cannot definitively identify one, I must conclude that no Werewolf is present based on the available information."
C:\Users\annab\Documents\GitHub\masters_thesis_sdg\results\voting\unsloth_gemma-4-E2B-it-unsloth-bnb-4bit\prompt_v4_run_1\Ego4D\324bccd2-adff-4e9a-8ff4-03491e144ac3_Game4.json,run_1,stochastic,Ego4D,324bccd2-adff-4e9a-8ff4-03491e144ac3,Game4,Ego4D / 324bccd2-adff-4e9a-8ff4-03491e144ac3 / Game4,circle_vote,No Werewolf,,True,False,,,"The discussion is highly speculative, revolving around role swaps and uncertainty about who holds which card. While players are attempting to deduce their roles (e.g., Jacob suggesting he is the Villager), there is no definitive evidence presented in the transcript to confirm that any player is the Werewolf. Since Team Village wins if no Werewolf is present and no one dies, and given the ambiguity, the safest strategy is to assume no Werewolf is currently active."
C:\Users\annab\Documents\GitHub\masters_thesis_sdg\results\voting\unsloth_gemma-4-E2B-it-unsloth-bnb-4bit\prompt_v4_run_1\Ego4D\324bccd2-adff-4e9a-8ff4-03491e144ac3_Game5.json,run_1,stochastic,Ego4D,324bccd2-adff-4e9a-8ff4-03491e144ac3,Game5,Ego4D / 324bccd2-adff-4e9a-8ff4-03491e144ac3 / Game5,player_vote,Sean,Sean,False,True,Werewolf,Werewolf,"The transcript shows significant confusion regarding role swapping, particularly involving Jacob and Sean, and the Troublemaker's actions. Hunter directly suggests that Sean is the Werewolf, stating that Sean's nervousness and attempt to explain his role indicate he is lying. Since Team Village wins by eliminating a Werewolf, voting Sean out is the strongest move based on the available evidence."
C:\Users\annab\Documents\GitHub\masters_thesis_sdg\results\voting\unsloth_gemma-4-E2B-it-unsloth-bnb-4bit\prompt_v4_run_1\Ego4D\3ba069be-60fa-47fc-bd7b-f85bf649a5bd_Game1.json,run_1,stochastic,Ego4D,3ba069be-60fa-47fc-bd7b-f85bf649a5bd,Game1,Ego4D / 3ba069be-60fa-47fc-bd7b-f85bf649a5bd / Game1,circle_vote,No Werewolf,,True,False,,,"The discussion revolves around the possibility of the Werewolf being in the center role pool, as indicated by multiple players' uncertainty and the nature of the role swaps. Jessica, who claimed to be the Minion, stated she saw no Werewolf, which supports the theory that the Werewolf might be in the center. Since Team Village wins if no player is a Werewolf and all Werewolf cards are in the center, this is the safest strategic choice to guarantee a victory."
C:\Users\annab\Documents\GitHub\masters_thesis_sdg\results\voting\unsloth_gemma-4-E2B-it-unsloth-bnb-4bit\prompt_v4_run_1\Ego4D\3ba069be-60fa-47fc-bd7b-f85bf649a5bd_Game2.json,run_1,stochastic,Ego4D,3ba069be-60fa-47fc-bd7b-f85bf649a5bd,Game2,Ego4D / 3ba069be-60fa-47fc-bd7b-f85bf649a5bd / Game2,circle_vote,No Werewolf,,True,True,,,"The discussion revolves around complex role swapping, making it difficult to definitively identify the Werewolf. The players identified roles such as Troublemaker, Robber, Minion, and Villager, all of which are typically Team Village roles. Since no player explicitly claims to be the Werewolf, and the identified roles appear to be Village-aligned, I conclude that there is no Werewolf present among the players."
C:\Users\annab\Documents\GitHub\masters_thesis_sdg\results\voting\unsloth_gemma-4-E2B-it-unsloth-bnb-4bit\prompt_v4_run_1\Ego4D\3ba069be-60fa-47fc-bd7b-f85bf649a5bd_Game3.json,run_1,stochastic,Ego4D,3ba069be-60fa-47fc-bd7b-f85bf649a5bd,Game3,Ego4D / 3ba069be-60fa-47fc-bd7b-f85bf649a5bd / Game3,player_vote,Jessica,Jessica,False,True,Werewolf,Doppelganger,"The Seer, Daniel, explicitly stated that Jessica is the Werewolf, which is a critical piece of information for Team Village. Furthermore, Kevin was identified as the Minion, a role aligned with Team Werewolf. Based on the Seer's identification, Jessica is the most likely Werewolf and must be eliminated to ensure Team Village wins. Voting for Jessica maximizes the chance of eliminating the Werewolf."
C:\Users\annab\Documents\GitHub\masters_thesis_sdg\results\voting\unsloth_gemma-4-E2B-it-unsloth-bnb-4bit\prompt_v4_run_1\Ego4D\3ba069be-60fa-47fc-bd7b-f85bf649a5bd_Game4.json,run_1,stochastic,Ego4D,3ba069be-60fa-47fc-bd7b-f85bf649a5bd,Game4,Ego4D / 3ba069be-60fa-47fc-bd7b-f85bf649a5bd / Game4,player_vote,Daniel,Daniel,False,False,Robber,Minion,"Kaelan explicitly suspected Daniel was the Werewolf, leading to the conclusion that Daniel was the Minion and therefore the Werewolf. Since Team Village wins by eliminating a Werewolf, voting for Daniel is the most logical move based on the shared suspicion expressed in the transcript. Although Daniel is identified as a Minion, the strong accusation makes him the primary target for elimination."
C:\Users\annab\Documents\GitHub\masters_thesis_sdg\results\voting\unsloth_gemma-4-E2B-it-unsloth-bnb-4bit\prompt_v4_run_1\Ego4D\3ba069be-60fa-47fc-bd7b-f85bf649a5bd_Game5.json,run_1,stochastic,Ego4D,3ba069be-60fa-47fc-bd7b-f85bf649a5bd,Game5,Ego4D / 3ba069be-60fa-47fc-bd7b-f85bf649a5bd / Game5,player_vote,Daniel,Daniel,False,False,Tanner,Robber,"Kaelan explicitly accuses Daniel of being the Werewolf in the transcript, stating, 'You were the Werewolf, and now he's the Werewolf.' Since Team Village needs to eliminate a Werewolf to win, Daniel is the primary target. Although roles are ambiguous, this direct accusation provides the strongest basis for a vote."
C:\Users\annab\Documents\GitHub\masters_thesis_sdg\results\voting\unsloth_gemma-4-E2B-it-unsloth-bnb-4bit\prompt_v4_run_1\Ego4D\3ba069be-60fa-47fc-bd7b-f85bf649a5bd_Game6.json,run_1,stochastic,Ego4D,3ba069be-60fa-47fc-bd7b-f85bf649a5bd,Game6,Ego4D / 3ba069be-60fa-47fc-bd7b-f85bf649a5bd / Game6,circle_vote,No Werewolf,,True,True,,,"The provided transcript focuses entirely on role swapping and identification, making it impossible to determine the final roles or the location of the Werewolf cards. Since there is no direct evidence or accusation pointing towards a Werewolf, I cannot justify a vote."
C:\Users\annab\Documents\GitHub\masters_thesis_sdg\results\voting\unsloth_gemma-4-E2B-it-unsloth-bnb-4bit\prompt_v4_run_1\Ego4D\62c4bc58-3776-4791-ac30-4c9ca5619503_Game10.json,run_1,stochastic,Ego4D,62c4bc58-3776-4791-ac30-4c9ca5619503,Game10,Ego4D / 62c4bc58-3776-4791-ac30-4c9ca5619503 / Game10,circle_vote,No Werewolf,,True,False,,,"The discussion transcript is extremely sparse and lacks any concrete evidence or logical deduction regarding the identity of the Werewolf. Players are speculating about roles (Villager, Tanner, Werewolf) but have not established a clear accusation or identified a player who is acting suspiciously. Since I have no verifiable information pointing to a Werewolf, I must conclude that either no Werewolf is present, or the information required to identify them is missing."
C:\Users\annab\Documents\GitHub\masters_thesis_sdg\results\voting\unsloth_gemma-4-E2B-it-unsloth-bnb-4bit\prompt_v4_run_1\Ego4D\62c4bc58-3776-4791-ac30-4c9ca5619503_Game11.json,run_1,stochastic,Ego4D,62c4bc58-3776-4791-ac30-4c9ca5619503,Game11,Ego4D / 62c4bc58-3776-4791-ac30-4c9ca5619503 / Game11,player_vote,Kaelan,Kaelan,False,False,Villager,Villager,"Kaelan was identified as the Minion, a role aligned with Team Werewolf, making them a prime target for elimination. Since Team Village wins by eliminating a Werewolf, voting out the Minion is the most logical move based on the current information. While other players are suspected of being the Tanner or Villager, Kaelan's confirmed alignment provides the strongest basis for accusing a Werewolf."
C:\Users\annab\Documents\GitHub\masters_thesis_sdg\results\voting\unsloth_gemma-4-E2B-it-unsloth-bnb-4bit\prompt_v4_run_1\Ego4D\62c4bc58-3776-4791-ac30-4c9ca5619503_Game12.json,run_1,stochastic,Ego4D,62c4bc58-3776-4791-ac30-4c9ca5619503,Game12,Ego4D / 62c4bc58-3776-4791-ac30-4c9ca5619503 / Game12,circle_vote,No Werewolf,,True,True,,,"The discussion revolves around role identification and swaps (Mason, Troublemaker, Drunk, Tanner), but there is no explicit evidence or accusation pointing towards a Werewolf. Since Team Village wins if no Werewolf is present and no one dies, and I have no information suggesting a Werewolf is active, the safest choice is to assume no Werewolf is present."
C:\Users\annab\Documents\GitHub\masters_thesis_sdg\results\voting\unsloth_gemma-4-E2B-it-unsloth-bnb-4bit\prompt_v4_run_1\Ego4D\62c4bc58-3776-4791-ac30-4c9ca5619503_Game7.json,run_1,stochastic,Ego4D,62c4bc58-3776-4791-ac30-4c9ca5619503,Game7,Ego4D / 62c4bc58-3776-4791-ac30-4c9ca5619503 / Game7,player_vote,Jessica,Jessica,False,True,Werewolf,Werewolf,"The transcript shows significant confusion regarding role swaps and identities, making definitive identification of a Werewolf difficult. However, Jessica was openly suspicious and initiated a vote for herself, which is often a tactic used by players who are trying to deflect suspicion or are themselves the Werewolf. Since Team Village needs to eliminate a Werewolf, targeting the most suspicious player is the best strategic move to maximize the chance of winning."
C:\Users\annab\Documents\GitHub\masters_thesis_sdg\results\voting\unsloth_gemma-4-E2B-it-unsloth-bnb-4bit\prompt_v4_run_1\Ego4D\62c4bc58-3776-4791-ac30-4c9ca5619503_Game8.json,run_1,stochastic,Ego4D,62c4bc58-3776-4791-ac30-4c9ca5619503,Game8,Ego4D / 62c4bc58-3776-4791-ac30-4c9ca5619503 / Game8,circle_vote,No Werewolf,,True,True,,,"The discussion centers around role identification and suspicion, specifically concerning Kevin and Jessica. Jessica claims to be the Minion, a Werewolf aligned role, and Daniel suggests Jessica could be the Werewolf. However, there is no concrete evidence or confirmed Werewolf action in the transcript. Since I cannot definitively identify a Werewolf, the safest move is to assume the Werewolf card is in the center, which results in a Team Village win."
C:\Users\annab\Documents\GitHub\masters_thesis_sdg\results\voting\unsloth_gemma-4-E2B-it-unsloth-bnb-4bit\prompt_v4_run_1\Ego4D\62c4bc58-3776-4791-ac30-4c9ca5619503_Game9.json,run_1,stochastic,Ego4D,62c4bc58-3776-4791-ac30-4c9ca5619503,Game9,Ego4D / 62c4bc58-3776-4791-ac30-4c9ca5619503 / Game9,circle_vote,No Werewolf,,True,False,,,"The provided transcript focuses entirely on players attempting to deduce which role cards are held by whom, specifically involving roles like Robber and Troublemaker. There is no direct evidence or strong implication pointing toward any player having the Werewolf role. Since I cannot confidently identify a Werewolf based solely on this discussion, I must conclude that no Werewolf is present among the players."
C:\Users\annab\Documents\GitHub\masters_thesis_sdg\results\voting\unsloth_gemma-4-E2B-it-unsloth-bnb-4bit\prompt_v4_run_1\Ego4D\64076f60-f3fc-4ee6-93e1-3489d8ec7b12_Game3.json,run_1,stochastic,Ego4D,64076f60-f3fc-4ee6-93e1-3489d8ec7b12,Game3,Ego4D / 64076f60-f3fc-4ee6-93e1-3489d8ec7b12 / Game3,player_vote,Jack,Jack,False,False,Robber,Werewolf,"Jack explicitly stated he was the Werewolf, and the game concluded with a tie, meaning no player was eliminated. Since Team Village only wins by eliminating a Werewolf, and the Werewolf (Jack) survived, Team Village failed to win. To maximize the chance of a Village win, I must target the player who claimed the Werewolf role, as they are the most likely culprit."
C:\Users\annab\Documents\GitHub\masters_thesis_sdg\results\voting\unsloth_gemma-4-E2B-it-unsloth-bnb-4bit\prompt_v4_run_1\Ego4D\698f6bbe-4347-4a06-bd5d-3482f5e4fbbe_Game1.json,run_1,stochastic,Ego4D,698f6bbe-4347-4a06-bd5d-3482f5e4fbbe,Game1,Ego4D / 698f6bbe-4347-4a06-bd5d-3482f5e4fbbe / Game1,player_vote,Elliot,Elliot,False,True,Werewolf,Robber,"James explicitly claimed to have been the Werewolf, and Elliot later stated that he swapped with James and is now the Werewolf, although this is contested. Given the complexity of role swaps and the direct accusation, Elliot is the primary suspect for the Werewolf role. Eliminating Elliot maximizes the chance of Team Village surviving by removing a Werewolf."
C:\Users\annab\Documents\GitHub\masters_thesis_sdg\results\voting\unsloth_gemma-4-E2B-it-unsloth-bnb-4bit\prompt_v4_run_1\Ego4D\698f6bbe-4347-4a06-bd5d-3482f5e4fbbe_Game2.json,run_1,stochastic,Ego4D,698f6bbe-4347-4a06-bd5d-3482f5e4fbbe,Game2,Ego4D / 698f6bbe-4347-4a06-bd5d-3482f5e4fbbe / Game2,player_vote,Sukeshi,Sukeshi,False,True,Werewolf,Werewolf,"The discussion heavily focuses on Sukeshi, who is suspected by multiple players, including Ashley, to be either the Werewolf or the Tanner. Since Team Village wins by eliminating a Werewolf, targeting Sukeshi based on the strongest suspicion is the most direct path to victory. If Sukeshi is indeed the Werewolf, this vote secures the win condition."
C:\Users\annab\Documents\GitHub\masters_thesis_sdg\results\voting\unsloth_gemma-4-E2B-it-unsloth-bnb-4bit\prompt_v4_run_1\Ego4D\698f6bbe-4347-4a06-bd5d-3482f5e4fbbe_Game3.json,run_1,stochastic,Ego4D,698f6bbe-4347-4a06-bd5d-3482f5e4fbbe,Game3,Ego4D / 698f6bbe-4347-4a06-bd5d-3482f5e4fbbe / Game3,player_vote,Sukeshi,Sukeshi,False,False,Villager,Seer,"Sukeshi claimed to be the Seer and stated they looked at two cards in the center and identified the Werewolf, suggesting they have key information. While this is self-serving, it is the most direct accusation of a Werewolf presence in the discussion. Given the high level of speculation and conflicting claims regarding roles (Hunter, Robber, Seer, Villager), targeting the player who actively attempts to identify the threat is the most logical move for Team Village."
C:\Users\annab\Documents\GitHub\masters_thesis_sdg\results\voting\unsloth_gemma-4-E2B-it-unsloth-bnb-4bit\prompt_v4_run_1\Youtube\Flashback##ONE#NIGHT#ULTIMATE#WEREWOLF##Retro#9_Game1.json,run_1,stochastic,Youtube,Flashback##ONE#NIGHT#ULTIMATE#WEREWOLF##Retro#9,Game1,Youtube / Flashback##ONE#NIGHT#ULTIMATE#WEREWOLF##Retro#9 / Game1,player_vote,Mitchell,Mitchell,False,False,Insomniac,Insomniac,"The discussion centers heavily on identifying roles and accusing each other of lying, which is common when Werewolves are attempting to deflect suspicion. Paul expresses suspicion towards Mitchell, and James explicitly suggests Mitchell might be the Werewolf. Mitchell's claim of being the Insomniac is a key point of contention, making him a prime target for elimination."
C:\Users\annab\Documents\GitHub\masters_thesis_sdg\results\voting\unsloth_gemma-4-E2B-it-unsloth-bnb-4bit\prompt_v4_run_1\Youtube\Flashback##ONE#NIGHT#ULTIMATE#WEREWOLF##Retro#9_Game2.json,run_1,stochastic,Youtube,Flashback##ONE#NIGHT#ULTIMATE#WEREWOLF##Retro#9,Game2,Youtube / Flashback##ONE#NIGHT#ULTIMATE#WEREWOLF##Retro#9 / Game2,player_vote,Laura,Laura,False,True,Werewolf,Werewolf,"The discussion is highly confusing due to multiple role swaps and contradictory claims about who the Werewolf is. Mitchell claimed to be the Seer and knew a Werewolf was present, while Paul claimed to have been a Werewolf initially. Ultimately, James and Justin strongly suspect Laura of being the Werewolf. Since Team Village needs to eliminate a Werewolf to win, voting for the most strongly suspected player is the best strategic move."
C:\Users\annab\Documents\GitHub\masters_thesis_sdg\results\voting\unsloth_gemma-4-E2B-it-unsloth-bnb-4bit\prompt_v4_run_1\Youtube\Flashback##ONE#NIGHT#ULTIMATE#WEREWOLF##Retro#9_Game3.json,run_1,stochastic,Youtube,Flashback##ONE#NIGHT#ULTIMATE#WEREWOLF##Retro#9,Game3,Youtube / Flashback##ONE#NIGHT#ULTIMATE#WEREWOLF##Retro#9 / Game3,player_vote,James,James,False,False,Seer,Villager,"Laura explicitly states that James's card is a Werewolf, which is the strongest piece of evidence pointing toward a Werewolf. Although the transcript is filled with role swaps and conflicting claims, Laura's accusation provides a direct path to eliminating a Werewolf and securing a victory for Team Village. Voting for James maximizes the chance of eliminating the Werewolf and winning the game."
C:\Users\annab\Documents\GitHub\masters_thesis_sdg\results\voting\unsloth_gemma-4-E2B-it-unsloth-bnb-4bit\prompt_v4_run_1\Youtube\Flashback##ONE#NIGHT#ULTIMATE#WEREWOLF##Retro#9_Game4.json,run_1,stochastic,Youtube,Flashback##ONE#NIGHT#ULTIMATE#WEREWOLF##Retro#9,Game4,Youtube / Flashback##ONE#NIGHT#ULTIMATE#WEREWOLF##Retro#9 / Game4,circle_vote,No Werewolf,,True,True,,,"The discussion transcript is heavily filled with role swaps, denials, and conflicting stories, making it impossible to definitively identify a Werewolf. No player explicitly reveals they are a Werewolf, nor is there any evidence of a Werewolf performing a killing action. Given the lack of concrete evidence, the safest strategy is to assume no Werewolf is present, which allows Team Village to win if all Werewolf cards are in the center."
C:\Users\annab\Documents\GitHub\masters_thesis_sdg\results\voting\unsloth_gemma-4-E2B-it-unsloth-bnb-4bit\prompt_v4_run_1\Youtube\Flashback##ONE#NIGHT#ULTIMATE#WEREWOLF##Retro#9_Game5.json,run_1,stochastic,Youtube,Flashback##ONE#NIGHT#ULTIMATE#WEREWOLF##Retro#9,Game5,Youtube / Flashback##ONE#NIGHT#ULTIMATE#WEREWOLF##Retro#9 / Game5,player_vote,Laura,Laura,False,True,Werewolf,Werewolf,"Laura explicitly states in the transcript that she was a werewolf, which provides strong evidence for her identity. Since Team Village wins by eliminating a Werewolf, targeting Laura is the highest probability move to secure a victory. While other players are suspected, Laura's self-identification makes her the primary target."
C:\Users\annab\Documents\GitHub\masters_thesis_sdg\results\voting\unsloth_gemma-4-E2B-it-unsloth-bnb-4bit\prompt_v4_run_1\Youtube\One#Night#Ultimate#Love#Letter##ONE#NIGHT#ULTIMATE#WEREWOLF_Game2.json,run_1,stochastic,Youtube,One#Night#Ultimate#Love#Letter##ONE#NIGHT#ULTIMATE#WEREWOLF,Game2,Youtube / One#Night#Ultimate#Love#Letter##ONE#NIGHT#ULTIMATE#WEREWOLF / Game2,player_vote,Mitchell,Mitchell,False,True,Werewolf,Werewolf,"Mitchell explicitly claimed to be the Werewolf during the discussion phase, which is the primary goal for Team Village. Although the transcript is filled with accusations and role swaps, Mitchell's self-identification provides the strongest direct evidence that a Werewolf is present. Eliminating Mitchell maximizes the chances of Team Village winning by eliminating a Werewolf."
C:\Users\annab\Documents\GitHub\masters_thesis_sdg\results\voting\unsloth_gemma-4-E2B-it-unsloth-bnb-4bit\prompt_v4_run_1\Youtube\One#Night#Ultimate#Love#Letter##ONE#NIGHT#ULTIMATE#WEREWOLF_Game3.json,run_1,stochastic,Youtube,One#Night#Ultimate#Love#Letter##ONE#NIGHT#ULTIMATE#WEREWOLF,Game3,Youtube / One#Night#Ultimate#Love#Letter##ONE#NIGHT#ULTIMATE#WEREWOLF / Game3,player_vote,Tyler,Tyler,False,True,Werewolf,Werewolf,"Tyler explicitly stated that his card was Werewolf during the discussion, making him the most likely candidate for elimination. Furthermore, the transcript shows significant confusion and role swapping, suggesting the Werewolf identity is highly contested and potentially involves multiple players. Voting for Tyler maximizes the chance of eliminating a Werewolf and securing a victory for Team Village."
C:\Users\annab\Documents\GitHub\masters_thesis_sdg\results\voting\unsloth_gemma-4-E2B-it-unsloth-bnb-4bit\prompt_v4_run_1\Youtube\One#Night#Ultimate#Love#Letter##ONE#NIGHT#ULTIMATE#WEREWOLF_Game7.json,run_1,stochastic,Youtube,One#Night#Ultimate#Love#Letter##ONE#NIGHT#ULTIMATE#WEREWOLF,Game7,Youtube / One#Night#Ultimate#Love#Letter##ONE#NIGHT#ULTIMATE#WEREWOLF / Game7,player_vote,Paul,Paul,False,False,Troublemaker,Troublemaker,"Paul is the only player who explicitly claimed the Werewolf role during the discussion, making him the primary suspect for Team Village to eliminate. Although the transcript is filled with role swaps and lies, his direct accusation provides the strongest, albeit unverified, evidence of a Werewolf presence. Eliminating him maximizes the chance of Team Village winning by removing a potential Werewolf."
C:\Users\annab\Documents\GitHub\masters_thesis_sdg\results\voting\unsloth_gemma-4-E2B-it-unsloth-bnb-4bit\prompt_v4_run_1\Youtube\ONE#NIGHT#ULTIMATE#WEREWOLF##Retro#1_Game1.json,run_1,stochastic,Youtube,ONE#NIGHT#ULTIMATE#WEREWOLF##Retro#1,Game1,Youtube / ONE#NIGHT#ULTIMATE#WEREWOLF##Retro#1 / Game1,player_vote,Mitchell,Mitchell,False,True,Werewolf,Werewolf,"The discussion strongly suggests that Mitchell is the Werewolf. James directly accuses Mitchell, stating, ""It's Mitchell. I'm on board with Mitchell now,"" and Alvin also suspects Mitchell. Since Team Village wins by eliminating a Werewolf, voting out Mitchell is the logical move based on the current public discussion."
C:\Users\annab\Documents\GitHub\masters_thesis_sdg\results\voting\unsloth_gemma-4-E2B-it-unsloth-bnb-4bit\prompt_v4_run_1\Youtube\ONE#NIGHT#ULTIMATE#WEREWOLF##Retro#1_Game10.json,run_1,stochastic,Youtube,ONE#NIGHT#ULTIMATE#WEREWOLF##Retro#1,Game10,Youtube / ONE#NIGHT#ULTIMATE#WEREWOLF##Retro#1 / Game10,player_vote,Justin,Justin,False,False,Robber,Werewolf,"Alvin strongly suggests that Justin is the Werewolf, a claim which is supported by the general confusion and conflicting role claims in the transcript. While the evidence is circumstantial, the focus of suspicion falls heavily on Justin, who is also being accused of being the Tanner by Mitchell. Eliminating Justin maximizes the chance of eliminating a Werewolf and securing a win for Team Village."
C:\Users\annab\Documents\GitHub\masters_thesis_sdg\results\voting\unsloth_gemma-4-E2B-it-unsloth-bnb-4bit\prompt_v4_run_1\Youtube\ONE#NIGHT#ULTIMATE#WEREWOLF##Retro#1_Game2.json,run_1,stochastic,Youtube,ONE#NIGHT#ULTIMATE#WEREWOLF##Retro#1,Game2,Youtube / ONE#NIGHT#ULTIMATE#WEREWOLF##Retro#1 / Game2,player_vote,Mitchell,Mitchell,False,False,Villager,Villager,"The discussion is highly focused on role swapping and accusations regarding who is the Werewolf and who is the Troublemaker. James explicitly suggests Mitchell is lying and believes Mitchell was the Werewolf, while Mitchell suggests voting for James. Since the game relies on identifying the Werewolf to win, Mitchell is the primary suspect based on the existing accusations and shifting roles. Eliminating him maximizes the chance of Team Village achieving their goal of removing a Werewolf."
C:\Users\annab\Documents\GitHub\masters_thesis_sdg\results\voting\unsloth_gemma-4-E2B-it-unsloth-bnb-4bit\prompt_v4_run_1\Youtube\ONE#NIGHT#ULTIMATE#WEREWOLF##Retro#1_Game3.json,run_1,stochastic,Youtube,ONE#NIGHT#ULTIMATE#WEREWOLF##Retro#1,Game3,Youtube / ONE#NIGHT#ULTIMATE#WEREWOLF##Retro#1 / Game3,player_vote,Justin,Justin,False,False,Robber,Werewolf,"Alvin, claiming to be the Seer, directly stated that he looked at Justin's card and determined it was the Werewolf card. James later agreed with this suspicion, further solidifying the focus on Justin as the primary suspect. Given the goal is to eliminate a Werewolf to secure a Team Village win, Justin is the most heavily implicated player based on the public discussion."
C:\Users\annab\Documents\GitHub\masters_thesis_sdg\results\voting\unsloth_gemma-4-E2B-it-unsloth-bnb-4bit\prompt_v4_run_1\Youtube\ONE#NIGHT#ULTIMATE#WEREWOLF##Retro#1_Game4.json,run_1,stochastic,Youtube,ONE#NIGHT#ULTIMATE#WEREWOLF##Retro#1,Game4,Youtube / ONE#NIGHT#ULTIMATE#WEREWOLF##Retro#1 / Game4,player_vote,James,James,False,False,Villager,Villager,"The discussion heavily focuses on identifying the Werewolf, with multiple players making claims about their roles (Villager, Robber, Seer, Troublemaker) and accusing each other. Mitchell and Justin strongly suggest James is the Werewolf, and James himself claims to be the Seer and identifies a Werewolf and a Troublemaker in the center cards. James received two votes from Justin and Mitchell, making him the most suspicious player."
C:\Users\annab\Documents\GitHub\masters_thesis_sdg\results\voting\unsloth_gemma-4-E2B-it-unsloth-bnb-4bit\prompt_v4_run_1\Youtube\ONE#NIGHT#ULTIMATE#WEREWOLF##Retro#1_Game5.json,run_1,stochastic,Youtube,ONE#NIGHT#ULTIMATE#WEREWOLF##Retro#1,Game5,Youtube / ONE#NIGHT#ULTIMATE#WEREWOLF##Retro#1 / Game5,player_vote,Mitchell,Mitchell,False,True,Werewolf,Robber,"The discussion strongly suggests that Mitchell is the Werewolf. Mitchell claimed to have seen the Werewolf and stated that the Werewolf knew whether he was telling the truth or not, which is a classic indicator of a Werewolf trying to sow doubt. Both James and Alvin ultimately conclude that Mitchell is the Werewolf, leading to a unanimous vote in the transcript. To maximize the chances of Team Village winning, Mitchell must be eliminated."
C:\Users\annab\Documents\GitHub\masters_thesis_sdg\results\voting\unsloth_gemma-4-E2B-it-unsloth-bnb-4bit\prompt_v4_run_1\Youtube\ONE#NIGHT#ULTIMATE#WEREWOLF##Retro#1_Game6.json,run_1,stochastic,Youtube,ONE#NIGHT#ULTIMATE#WEREWOLF##Retro#1,Game6,Youtube / ONE#NIGHT#ULTIMATE#WEREWOLF##Retro#1 / Game6,player_vote,Justin,Justin,False,True,Werewolf,Robber,"The discussion remains highly inconclusive, with players debating whether Justin or Mitchell is the Werewolf, or if there are no Werewolves at all. Alvin repeatedly suggests Justin is the Werewolf, and Justin himself expressed a desire to win as a townsfolk, which could be a misdirection. Since the game rules state that Team Village wins if they eliminate a Werewolf, and given the strong suspicion directed towards Justin, he is the primary target."
C:\Users\annab\Documents\GitHub\masters_thesis_sdg\results\voting\unsloth_gemma-4-E2B-it-unsloth-bnb-4bit\prompt_v4_run_1\Youtube\ONE#NIGHT#ULTIMATE#WEREWOLF##Retro#1_Game7.json,run_1,stochastic,Youtube,ONE#NIGHT#ULTIMATE#WEREWOLF##Retro#1,Game7,Youtube / ONE#NIGHT#ULTIMATE#WEREWOLF##Retro#1 / Game7,player_vote,James,James,False,True,Werewolf,Werewolf,"The transcript provides strong evidence pointing towards James being the Werewolf. James explicitly states his initial action was looking at a card and finding it was Werewolf, and Justin corroborates this by claiming he looked at James's card and saw Werewolf. Given that Team Village wins by eliminating a Werewolf, voting for James is the most logical strategy to secure victory. Although there is uncertainty regarding card swaps, the direct accusation and subsequent discussion confirm James holds the key role."
C:\Users\annab\Documents\GitHub\masters_thesis_sdg\results\voting\unsloth_gemma-4-E2B-it-unsloth-bnb-4bit\prompt_v4_run_1\Youtube\ONE#NIGHT#ULTIMATE#WEREWOLF##Retro#1_Game8.json,run_1,stochastic,Youtube,ONE#NIGHT#ULTIMATE#WEREWOLF##Retro#1,Game8,Youtube / ONE#NIGHT#ULTIMATE#WEREWOLF##Retro#1 / Game8,player_vote,Alvin,Alvin,False,True,Werewolf,Werewolf,"The discussion centers around role accusations and shifting identities, particularly involving Justin and Alvin. Justin is actively voting for Alvin, and Mitchell expresses suspicion toward Justin, suggesting that Justin might be deceptive. Alvin's claimed roles (Seer and Robber) are highly contested, making him a prime target for suspicion. Eliminating Alvin maximizes the chance of removing a Werewolf and securing a victory for Team Village."
C:\Users\annab\Documents\GitHub\masters_thesis_sdg\results\voting\unsloth_gemma-4-E2B-it-unsloth-bnb-4bit\prompt_v4_run_1\Youtube\ONE#NIGHT#ULTIMATE#WEREWOLF##Retro#1_Game9.json,run_1,stochastic,Youtube,ONE#NIGHT#ULTIMATE#WEREWOLF##Retro#1,Game9,Youtube / ONE#NIGHT#ULTIMATE#WEREWOLF##Retro#1 / Game9,player_vote,Mitchell,Mitchell,False,True,Werewolf,Werewolf,"The discussion centers on a conflict between Justin and Mitchell regarding the roles of Werewolf and Tanner. Mitchell accuses Justin of being the Werewolf, while Justin accuses Mitchell of being the Tanner, suggesting a strong misalignment in their claims. James ultimately votes for Mitchell, and Alvin also votes for Justin. Since Team Village wins by eliminating a Werewolf, and the evidence points to a direct conflict between these two players, Mitchell is chosen as the target to eliminate the potential Werewolf."
C:\Users\annab\Documents\GitHub\masters_thesis_sdg\results\voting\unsloth_gemma-4-E2B-it-unsloth-bnb-4bit\prompt_v4_run_1\Youtube\ONE#NIGHT#ULTIMATE#WEREWOLF##Retro#2_Game1.json,run_1,stochastic,Youtube,ONE#NIGHT#ULTIMATE#WEREWOLF##Retro#2,Game1,Youtube / ONE#NIGHT#ULTIMATE#WEREWOLF##Retro#2 / Game1,player_vote,Caitlynn,Caitlynn,False,True,Werewolf,Villager,"The discussion centers heavily on identifying the Werewolf, with Dan explicitly suggesting Caitlynn is the Werewolf and the consensus leaning towards this belief. Although Justin initially claimed to be the Werewolf, the subsequent card swaps and conflicting statements suggest he may be trying to mislead. Given the pressure and the collective belief that Caitlynn is the culprit, voting her out maximizes the chance of eliminating a Werewolf and securing a Team Village victory."
C:\Users\annab\Documents\GitHub\masters_thesis_sdg\results\voting\unsloth_gemma-4-E2B-it-unsloth-bnb-4bit\prompt_v4_run_1\Youtube\ONE#NIGHT#ULTIMATE#WEREWOLF##Retro#2_Game2.json,run_1,stochastic,Youtube,ONE#NIGHT#ULTIMATE#WEREWOLF##Retro#2,Game2,Youtube / ONE#NIGHT#ULTIMATE#WEREWOLF##Retro#2 / Game2,circle_vote,No Werewolf,,True,True,,,"The discussion transcript is highly confusing and centered around players attempting to identify roles and accusations of card swaps. There is no definitive evidence or clear accusation pointing to a Werewolf. Since I have no private information and cannot confirm any player's role, I cannot confidently identify a Werewolf."
C:\Users\annab\Documents\GitHub\masters_thesis_sdg\results\voting\unsloth_gemma-4-E2B-it-unsloth-bnb-4bit\prompt_v4_run_1\Youtube\ONE#NIGHT#ULTIMATE#WEREWOLF##Retro#2_Game3.json,run_1,stochastic,Youtube,ONE#NIGHT#ULTIMATE#WEREWOLF##Retro#2,Game3,Youtube / ONE#NIGHT#ULTIMATE#WEREWOLF##Retro#2 / Game3,player_vote,Justin,Justin,False,True,Werewolf,Werewolf,"The transcript suggests that Justin might be the Werewolf, as Mitchell claims Justin is a Werewolf and Justin agrees. Furthermore, Mitchell admits to switching with a Villager (Caitlynn) and claims Justin was a Werewolf, which is a suspicious claim. Since Team Village needs to eliminate a Werewolf to win, voting for Justin is a strategic move based on this accusation."
C:\Users\annab\Documents\GitHub\masters_thesis_sdg\results\voting\unsloth_gemma-4-E2B-it-unsloth-bnb-4bit\prompt_v4_run_1\Youtube\ONE#NIGHT#ULTIMATE#WEREWOLF##Retro#2_Game4.json,run_1,stochastic,Youtube,ONE#NIGHT#ULTIMATE#WEREWOLF##Retro#2,Game4,Youtube / ONE#NIGHT#ULTIMATE#WEREWOLF##Retro#2 / Game4,player_vote,Mike,Mike,False,True,Werewolf,Werewolf,"Dan directly accused Mike of being the Werewolf, which is the clearest indication of a Werewolf role in the discussion. While the transcript is filled with role swaps and accusations, Dan's assertion serves as the strongest lead for Team Village to pursue. Eliminating Mike based on this direct accusation maximizes the chance of winning the game by removing a Werewolf."
C:\Users\annab\Documents\GitHub\masters_thesis_sdg\results\voting\unsloth_gemma-4-E2B-it-unsloth-bnb-4bit\prompt_v4_run_1\Youtube\ONE#NIGHT#ULTIMATE#WEREWOLF##Retro#2_Game5.json,run_1,stochastic,Youtube,ONE#NIGHT#ULTIMATE#WEREWOLF##Retro#2,Game5,Youtube / ONE#NIGHT#ULTIMATE#WEREWOLF##Retro#2 / Game5,player_vote,Justin,Justin,False,False,Robber,Seer,"Caitlynn repeatedly accuses Justin of being the Werewolf, stating this after looking at cards in the center. Although the transcript is confusing due to card swaps, the consistent accusations suggest Justin is the primary target for elimination. Since Team Village needs to eliminate a Werewolf to win, voting for Justin is the most strategic move based on the current discussion."
C:\Users\annab\Documents\GitHub\masters_thesis_sdg\results\voting\unsloth_gemma-4-E2B-it-unsloth-bnb-4bit\prompt_v4_run_1\Youtube\ONE#NIGHT#ULTIMATE#WEREWOLF##Retro#2_Game6.json,run_1,stochastic,Youtube,ONE#NIGHT#ULTIMATE#WEREWOLF##Retro#2,Game6,Youtube / ONE#NIGHT#ULTIMATE#WEREWOLF##Retro#2 / Game6,player_vote,Mitchell,Mitchell,False,False,Tanner,Werewolf,"The discussion centered heavily around role swaps and the possibility of multiple Werewolves, with Mitchell claiming to be a 'double werewolf' and being accused of switching roles. Caitlynn ultimately votes for Mitchell, making him the primary suspect for elimination. Since Team Village wins by eliminating a Werewolf, targeting the player with the strongest Werewolf indicators is the optimal strategy."
C:\Users\annab\Documents\GitHub\masters_thesis_sdg\results\voting\unsloth_gemma-4-E2B-it-unsloth-bnb-4bit\prompt_v4_run_1\Youtube\ONE#NIGHT#ULTIMATE#WEREWOLF##Retro#2_Game7.json,run_1,stochastic,Youtube,ONE#NIGHT#ULTIMATE#WEREWOLF##Retro#2,Game7,Youtube / ONE#NIGHT#ULTIMATE#WEREWOLF##Retro#2 / Game7,player_vote,Caitlynn,Caitlynn,False,True,Werewolf,Werewolf,"The discussion strongly suggests that Caitlynn is the Werewolf. Mike repeatedly asserts that Caitlin is a Werewolf, and this conclusion is supported by the general suspicion and the conflicting role claims made by other players regarding swaps and identities. Since Team Village wins by eliminating a Werewolf, voting for Caitlynn is the optimal strategy to secure the victory."
C:\Users\annab\Documents\GitHub\masters_thesis_sdg\results\voting\unsloth_gemma-4-E2B-it-unsloth-bnb-4bit\prompt_v4_run_1\Youtube\ONE#NIGHT#ULTIMATE#WEREWOLF##Retro#2_Game8.json,run_1,stochastic,Youtube,ONE#NIGHT#ULTIMATE#WEREWOLF##Retro#2,Game8,Youtube / ONE#NIGHT#ULTIMATE#WEREWOLF##Retro#2 / Game8,player_vote,Dan,Dan,False,True,Werewolf,Werewolf,"The discussion centers around identifying the Werewolf, with Dan making a claim (84) that he saw two Werewolves. Mike immediately concluded that Dan was a Werewolf (85). While other players made conflicting accusations against Justin, Dan's claim is the most direct piece of evidence presented regarding the presence of Werewolves. Eliminating Dan is the highest probability action to ensure Team Village eliminates a Werewolf."
C:\Users\annab\Documents\GitHub\masters_thesis_sdg\results\voting\unsloth_gemma-4-E2B-it-unsloth-bnb-4bit\prompt_v4_run_1\Youtube\ONE#NIGHT#ULTIMATE#WEREWOLF##Retro#3_Game2.json,run_1,stochastic,Youtube,ONE#NIGHT#ULTIMATE#WEREWOLF##Retro#3,Game2,Youtube / ONE#NIGHT#ULTIMATE#WEREWOLF##Retro#3 / Game2,player_vote,Mike,Mike,False,False,Villager,Villager,"The discussion transcript shows multiple players accusing Mike of being the Werewolf (Justin, James, and Mitchell all suspect him at different points). Although the game state is highly confusing due to potential role swaps, the collective suspicion points toward Mike being the target. Eliminating him is the best strategy for Team Village to maximize their chances of winning by removing a Werewolf."
C:\Users\annab\Documents\GitHub\masters_thesis_sdg\results\voting\unsloth_gemma-4-E2B-it-unsloth-bnb-4bit\prompt_v4_run_1\Youtube\ONE#NIGHT#ULTIMATE#WEREWOLF##Retro#3_Game3.json,run_1,stochastic,Youtube,ONE#NIGHT#ULTIMATE#WEREWOLF##Retro#3,Game3,Youtube / ONE#NIGHT#ULTIMATE#WEREWOLF##Retro#3 / Game3,player_vote,James,James,False,False,Villager,Villager,"The transcript shows a highly contentious voting phase where Justin suggests voting for James, and Mitchell claims to have seen two werewolves. However, the evidence is inconclusive, and the game rules emphasize that players may bluff. Given the lack of concrete evidence pointing to a specific player, and the high possibility of misdirection, voting out a player based on speculation is risky. Since there is no definitive evidence of a Werewolf, and the goal is to win by eliminating a Werewolf, choosing a player is a gamble. However, if forced to choose, James is the target of the collective suspicion."
C:\Users\annab\Documents\GitHub\masters_thesis_sdg\results\voting\unsloth_gemma-4-E2B-it-unsloth-bnb-4bit\prompt_v4_run_1\Youtube\ONE#NIGHT#ULTIMATE#WEREWOLF##Retro#3_Game4.json,run_1,stochastic,Youtube,ONE#NIGHT#ULTIMATE#WEREWOLF##Retro#3,Game4,Youtube / ONE#NIGHT#ULTIMATE#WEREWOLF##Retro#3 / Game4,player_vote,Mitchell,Mitchell,False,False,Tanner,Tanner,"The discussion centers heavily on identifying the Tanner and the Werewolf. James repeatedly votes for Mitchell, and Mitchell is suggested to be acting suspiciously by Mike, who suggests Mitchell might be trying to push people away by claiming to be the Tanner. While the evidence is circumstantial, Mitchell is the most actively targeted player in the transcript, making him the primary suspect."
C:\Users\annab\Documents\GitHub\masters_thesis_sdg\results\voting\unsloth_gemma-4-E2B-it-unsloth-bnb-4bit\prompt_v4_run_1\Youtube\ONE#NIGHT#ULTIMATE#WEREWOLF##Retro#3_Game5.json,run_1,stochastic,Youtube,ONE#NIGHT#ULTIMATE#WEREWOLF##Retro#3,Game5,Youtube / ONE#NIGHT#ULTIMATE#WEREWOLF##Retro#3 / Game5,player_vote,Mitchell,Mitchell,False,False,Insomniac,Tanner,"Mitchell initially claimed to have started as the Werewolf, which led to significant suspicion and subsequent role confusion during the discussion. Although he later claimed to be a Tanner, the strong focus on his previous role and the general distrust surrounding his story suggest he is the most likely Werewolf. Eliminating him maximizes the chances of Team Village winning by removing a Werewolf."
C:\Users\annab\Documents\GitHub\masters_thesis_sdg\results\voting\unsloth_gemma-4-E2B-it-unsloth-bnb-4bit\prompt_v4_run_1\Youtube\ONE#NIGHT#ULTIMATE#WEREWOLF##Retro#3_Game6.json,run_1,stochastic,Youtube,ONE#NIGHT#ULTIMATE#WEREWOLF##Retro#3,Game6,Youtube / ONE#NIGHT#ULTIMATE#WEREWOLF##Retro#3 / Game6,player_vote,Mike,Mike,False,True,Werewolf,Werewolf,"The discussion strongly implicates Mike as the Werewolf, with multiple players (James, Justin, and Mitchell) asserting this identity. Mitchell admitted to starting as the Tanner, and the focus of the debate centered on identifying the Werewolf. Since Team Village wins by eliminating a Werewolf, voting for Mike is the most strategic move to achieve this goal."
C:\Users\annab\Documents\GitHub\masters_thesis_sdg\results\voting\unsloth_gemma-4-E2B-it-unsloth-bnb-4bit\prompt_v4_run_1\Youtube\ONE#NIGHT#ULTIMATE#WEREWOLF##Retro#3_Game7.json,run_1,stochastic,Youtube,ONE#NIGHT#ULTIMATE#WEREWOLF##Retro#3,Game7,Youtube / ONE#NIGHT#ULTIMATE#WEREWOLF##Retro#3 / Game7,player_vote,Mitchell,Mitchell,False,True,Werewolf,Werewolf,"Multiple players in the discussion explicitly accuse Mitchell of being the Werewolf, including James and Justin. While Mitchell claims to have started as the Tanner, the consensus among the players in the transcript points towards him being the Werewolf. Since Team Village wins by eliminating a Werewolf, voting for Mitchell is the optimal strategy to secure a victory."
C:\Users\annab\Documents\GitHub\masters_thesis_sdg\results\voting\unsloth_gemma-4-E2B-it-unsloth-bnb-4bit\prompt_v4_run_1\Youtube\ONE#NIGHT#ULTIMATE#WEREWOLF##Retro#3_Game8.json,run_1,stochastic,Youtube,ONE#NIGHT#ULTIMATE#WEREWOLF##Retro#3,Game8,Youtube / ONE#NIGHT#ULTIMATE#WEREWOLF##Retro#3 / Game8,circle_vote,No Werewolf,,True,True,,,"The transcript provides no definitive evidence or accusation pointing to a specific player being the Werewolf. Discussions revolve around speculation regarding role swaps and the possibility of a Werewolf being present, but no player successfully identifies or confirms a Werewolf. Since Team Village wins if no Werewolf is present and no one dies, and given the high level of uncertainty, the safest choice is to assume no Werewolf is currently active."
C:\Users\annab\Documents\GitHub\masters_thesis_sdg\results\voting\unsloth_gemma-4-E2B-it-unsloth-bnb-4bit\prompt_v4_run_1\Youtube\ONE#NIGHT#ULTIMATE#WEREWOLF##Retro#4_Game10.json,run_1,stochastic,Youtube,ONE#NIGHT#ULTIMATE#WEREWOLF##Retro#4,Game10,Youtube / ONE#NIGHT#ULTIMATE#WEREWOLF##Retro#4 / Game10,player_vote,Mitchell,Mitchell,False,False,Robber,Drunk,"The discussion revolves around identifying roles and determining if Mitchell is a Werewolf. Mike explicitly states there is a good chance Mitchell is a Werewolf, and Mitchell himself is being directly voted out by Mike and others. Since Team Village wins by eliminating a Werewolf, Mitchell is the primary target to ensure the team meets its winning condition."
C:\Users\annab\Documents\GitHub\masters_thesis_sdg\results\voting\unsloth_gemma-4-E2B-it-unsloth-bnb-4bit\prompt_v4_run_1\Youtube\ONE#NIGHT#ULTIMATE#WEREWOLF##Retro#4_Game11.json,run_1,stochastic,Youtube,ONE#NIGHT#ULTIMATE#WEREWOLF##Retro#4,Game11,Youtube / ONE#NIGHT#ULTIMATE#WEREWOLF##Retro#4 / Game11,player_vote,Mitchell,Mitchell,False,False,Insomniac,Minion,"Mitchell presented a highly complex and self-serving narrative involving multiple role swaps (Minion, Werewolf, Robber, Insomniac). While this complexity could be genuine, the sheer amount of shifting stories and attempts to implicate others suggest he is actively trying to manipulate the group's understanding of the night actions. Given the high level of suspicion and conflicting accounts, Mitchell is the most likely candidate to be a Werewolf attempting to sow chaos and deflect blame."
C:\Users\annab\Documents\GitHub\masters_thesis_sdg\results\voting\unsloth_gemma-4-E2B-it-unsloth-bnb-4bit\prompt_v4_run_1\Youtube\ONE#NIGHT#ULTIMATE#WEREWOLF##Retro#4_Game3.json,run_1,stochastic,Youtube,ONE#NIGHT#ULTIMATE#WEREWOLF##Retro#4,Game3,Youtube / ONE#NIGHT#ULTIMATE#WEREWOLF##Retro#4 / Game3,player_vote,Mitchell,Mitchell,False,True,Werewolf,Werewolf,"Mike directly accused Mitchell of being the Werewolf, a claim which Justin immediately supported. Given the limited information and the need to eliminate a Werewolf to win, voting out the player most strongly implicated by the group consensus is the strategic choice. Mitchell is the primary target based on the discussion."
C:\Users\annab\Documents\GitHub\masters_thesis_sdg\results\voting\unsloth_gemma-4-E2B-it-unsloth-bnb-4bit\prompt_v4_run_1\Youtube\ONE#NIGHT#ULTIMATE#WEREWOLF##Retro#4_Game4.json,run_1,stochastic,Youtube,ONE#NIGHT#ULTIMATE#WEREWOLF##Retro#4,Game4,Youtube / ONE#NIGHT#ULTIMATE#WEREWOLF##Retro#4 / Game4,player_vote,Mitchell,Mitchell,False,False,Robber,Drunk,"The discussion heavily suggests that Mitchell is the Werewolf. James repeatedly asserts that Mitchell is a werewolf, and several other players, including Caitlynn, explicitly state they are voting for him because it aligns with their desired outcome. Eliminating Mitchell is the most direct way for Team Village to achieve its win condition by removing a Werewolf."
C:\Users\annab\Documents\GitHub\masters_thesis_sdg\results\voting\unsloth_gemma-4-E2B-it-unsloth-bnb-4bit\prompt_v4_run_1\Youtube\ONE#NIGHT#ULTIMATE#WEREWOLF##Retro#4_Game5.json,run_1,stochastic,Youtube,ONE#NIGHT#ULTIMATE#WEREWOLF##Retro#4,Game5,Youtube / ONE#NIGHT#ULTIMATE#WEREWOLF##Retro#4 / Game5,player_vote,Justin,Justin,False,False,Robber,Werewolf,"Justin explicitly claims to be the Werewolf during the discussion, and Mike confirms seeing a Werewolf. To maximize the chances of Team Village winning, they must eliminate the Werewolf. Voting Justin is the most direct way to achieve this, assuming his claim is true and he is indeed the Werewolf."
C:\Users\annab\Documents\GitHub\masters_thesis_sdg\results\voting\unsloth_gemma-4-E2B-it-unsloth-bnb-4bit\prompt_v4_run_1\Youtube\ONE#NIGHT#ULTIMATE#WEREWOLF##Retro#4_Game6.json,run_1,stochastic,Youtube,ONE#NIGHT#ULTIMATE#WEREWOLF##Retro#4,Game6,Youtube / ONE#NIGHT#ULTIMATE#WEREWOLF##Retro#4 / Game6,player_vote,Mitchell,Mitchell,False,False,Robber,Drunk,"Mitchell is the most suspicious player because he engages in complex discussions about card swaps and provides low probability percentages regarding his identity. This behavior suggests he might be attempting to mislead the group or is actively trying to deflect suspicion, which is a common tactic for Werewolves or Tanners. Since the transcript does not clearly identify the Werewolves, voting out the most ambiguous player increases the chances of eliminating a Werewolf and securing a Team Village victory."
C:\Users\annab\Documents\GitHub\masters_thesis_sdg\results\voting\unsloth_gemma-4-E2B-it-unsloth-bnb-4bit\prompt_v4_run_1\Youtube\ONE#NIGHT#ULTIMATE#WEREWOLF##Retro#4_Game7.json,run_1,stochastic,Youtube,ONE#NIGHT#ULTIMATE#WEREWOLF##Retro#4,Game7,Youtube / ONE#NIGHT#ULTIMATE#WEREWOLF##Retro#4 / Game7,player_vote,Caitlynn,Caitlynn,False,False,Insomniac,Drunk,"The discussion indicates high suspicion surrounding Caitlynn, who is directly implicated by Justin and actively targeted by James. Although the night actions resulted in role swaps and uncertainty, the consensus leans toward her being the Werewolf. As Team Village needs to eliminate a Werewolf to win, voting for the most suspected player is the best strategy to maximize the chance of success."
C:\Users\annab\Documents\GitHub\masters_thesis_sdg\results\voting\unsloth_gemma-4-E2B-it-unsloth-bnb-4bit\prompt_v4_run_1\Youtube\ONE#NIGHT#ULTIMATE#WEREWOLF##Retro#4_Game9.json,run_1,stochastic,Youtube,ONE#NIGHT#ULTIMATE#WEREWOLF##Retro#4,Game9,Youtube / ONE#NIGHT#ULTIMATE#WEREWOLF##Retro#4 / Game9,player_vote,Justin,Justin,False,False,Minion,Minion,"James directly accused Justin of being the Werewolf (130) and initiated the vote against him. Although the discussion was filled with conflicting claims about roles (Seer, Drunk, Werewolf), James's final accusation provides the strongest immediate basis for elimination. Since Team Village needs to eliminate a Werewolf to win, voting for the player most strongly implicated is the necessary action."
C:\Users\annab\Documents\GitHub\masters_thesis_sdg\results\voting\unsloth_gemma-4-E2B-it-unsloth-bnb-4bit\prompt_v4_run_1\Youtube\ONE#NIGHT#ULTIMATE#WEREWOLF##Retro#5_Game1.json,run_1,stochastic,Youtube,ONE#NIGHT#ULTIMATE#WEREWOLF##Retro#5,Game1,Youtube / ONE#NIGHT#ULTIMATE#WEREWOLF##Retro#5 / Game1,circle_vote,No Werewolf,,True,True,,,"The discussion transcript is highly speculative and revolves around accusations, card swapping possibilities, and self-serving statements regarding roles. There is no concrete evidence or logical deduction within the provided text that confirms any player's identity as a Werewolf. Since Team Village wins by eliminating a Werewolf, and there is no confirmed Werewolf, the safest assumption is that no Werewolf is currently present."
C:\Users\annab\Documents\GitHub\masters_thesis_sdg\results\voting\unsloth_gemma-4-E2B-it-unsloth-bnb-4bit\prompt_v4_run_1\Youtube\ONE#NIGHT#ULTIMATE#WEREWOLF##Retro#5_Game2.json,run_1,stochastic,Youtube,ONE#NIGHT#ULTIMATE#WEREWOLF##Retro#5,Game2,Youtube / ONE#NIGHT#ULTIMATE#WEREWOLF##Retro#5 / Game2,player_vote,Mitchell,Mitchell,False,True,Werewolf,Villager,"The discussion is highly contradictory, with both Justin and Mitchell claiming to have been the Werewolf, and accusing the other of being a Robber who swapped roles. However, Justin explicitly states he was the Werewolf and suggests killing Mitchell, while Mitchell vehemently denies this and claims Justin was the Robber who took the role. Given the intensity of the accusations and the need to eliminate a Werewolf to secure the Village win, Mitchell is the primary target for elimination."
C:\Users\annab\Documents\GitHub\masters_thesis_sdg\results\voting\unsloth_gemma-4-E2B-it-unsloth-bnb-4bit\prompt_v4_run_1\Youtube\ONE#NIGHT#ULTIMATE#WEREWOLF##Retro#5_Game3.json,run_1,stochastic,Youtube,ONE#NIGHT#ULTIMATE#WEREWOLF##Retro#5,Game3,Youtube / ONE#NIGHT#ULTIMATE#WEREWOLF##Retro#5 / Game3,player_vote,Paul,Paul,False,True,Werewolf,Werewolf,"The discussion is highly contradictory, with players accusing each other of lying and swapping roles. Paul explicitly claims he started as the Werewolf, while Mitchell claims to be the Seer and saw two werewolves. Given the lack of concrete evidence and the high level of deception evident in the transcript, it is impossible to definitively identify the Werewolf. However, to maximize the chances of Team Village winning, I will target the player making the strongest claim, Paul, as he is the primary suspect for the Werewolf role."
C:\Users\annab\Documents\GitHub\masters_thesis_sdg\results\voting\unsloth_gemma-4-E2B-it-unsloth-bnb-4bit\prompt_v4_run_1\Youtube\ONE#NIGHT#ULTIMATE#WEREWOLF##Retro#5_Game4.json,run_1,stochastic,Youtube,ONE#NIGHT#ULTIMATE#WEREWOLF##Retro#5,Game4,Youtube / ONE#NIGHT#ULTIMATE#WEREWOLF##Retro#5 / Game4,circle_vote,No Werewolf,,True,True,,,"The discussion transcript is highly confusing due to role swapping and conflicting claims about who woke up as which role. While Paul mentions a 'possible werewolf,' there is no concrete evidence or successful action that confirms a Werewolf is present. Given the high level of uncertainty and the lack of definitive proof, I cannot confidently identify a Werewolf. To maximize the chance of Team Village winning, I will assume no Werewolf is present."
C:\Users\annab\Documents\GitHub\masters_thesis_sdg\results\voting\unsloth_gemma-4-E2B-it-unsloth-bnb-4bit\prompt_v4_run_1\Youtube\ONE#NIGHT#ULTIMATE#WEREWOLF##Retro#5_Game5.json,run_1,stochastic,Youtube,ONE#NIGHT#ULTIMATE#WEREWOLF##Retro#5,Game5,Youtube / ONE#NIGHT#ULTIMATE#WEREWOLF##Retro#5 / Game5,player_vote,Justin,Justin,False,True,Werewolf,Werewolf,"The discussion revolves around intense accusations and self-identification regarding the Werewolf role. Mitchell claims Justin is the Werewolf, and Justin himself admits to being the Werewolf in the later stages of the conversation. Although the evidence is circumstantial, the consensus and direct claims point towards Justin being the Werewolf. Eliminating him maximizes the chance of Team Village winning by removing the threat."
C:\Users\annab\Documents\GitHub\masters_thesis_sdg\results\voting\unsloth_gemma-4-E2B-it-unsloth-bnb-4bit\prompt_v4_run_1\Youtube\ONE#NIGHT#ULTIMATE#WEREWOLF##Retro#5_Game6.json,run_1,stochastic,Youtube,ONE#NIGHT#ULTIMATE#WEREWOLF##Retro#5,Game6,Youtube / ONE#NIGHT#ULTIMATE#WEREWOLF##Retro#5 / Game6,circle_vote,No Werewolf,,True,False,,,"The discussion transcript is heavily focused on role swapping and mutual deception, making it impossible to definitively determine which player holds the Werewolf card. Paul claims he was a Werewolf but immediately contradicts himself, and Justin claims he switched roles. Without concrete evidence or a confirmed Werewolf action, I cannot confidently accuse any single player."
C:\Users\annab\Documents\GitHub\masters_thesis_sdg\results\voting\unsloth_gemma-4-E2B-it-unsloth-bnb-4bit\prompt_v4_run_1\Youtube\ONE#NIGHT#ULTIMATE#WEREWOLF##Retro#5_Game7.json,run_1,stochastic,Youtube,ONE#NIGHT#ULTIMATE#WEREWOLF##Retro#5,Game7,Youtube / ONE#NIGHT#ULTIMATE#WEREWOLF##Retro#5 / Game7,player_vote,Paul,Paul,False,True,Werewolf,Werewolf,"The transcript shows strong mutual suspicion and direct accusations regarding the roles. Justin claims he and Paul are werewolves, and Mitchell strongly confirms this, repeatedly stating that both Justin and Paul are werewolves. Mitchell makes a definitive accusation at the end of the transcript, calling both of them werewolves. To maximize the chances of Team Village winning, we must eliminate a Werewolf. Paul is a primary target based on the collective evidence presented."
C:\Users\annab\Documents\GitHub\masters_thesis_sdg\results\voting\unsloth_gemma-4-E2B-it-unsloth-bnb-4bit\prompt_v4_run_1\Youtube\ONE#NIGHT#ULTIMATE#WEREWOLF##Retro#5_Game8.json,run_1,stochastic,Youtube,ONE#NIGHT#ULTIMATE#WEREWOLF##Retro#5,Game8,Youtube / ONE#NIGHT#ULTIMATE#WEREWOLF##Retro#5 / Game8,circle_vote,No Werewolf,,True,False,,,"The discussion is highly confusing due to multiple role swaps and conflicting claims regarding who is the Robber, Insomniac, and Tanner. While Mitchell expresses suspicion that a Werewolf is present, there is no concrete evidence or successful night action to confirm any player's identity. Since I cannot confidently identify a Werewolf, I must assume the possibility that all Werewolf cards are in the center, which would result in a Team Village win."
C:\Users\annab\Documents\GitHub\masters_thesis_sdg\results\voting\unsloth_gemma-4-E2B-it-unsloth-bnb-4bit\prompt_v4_run_1\Youtube\ONE#NIGHT#ULTIMATE#WEREWOLF#-#Drinking#Play#Through_Game1.json,run_1,stochastic,Youtube,ONE#NIGHT#ULTIMATE#WEREWOLF#-#Drinking#Play#Through,Game1,Youtube / ONE#NIGHT#ULTIMATE#WEREWOLF#-#Drinking#Play#Through / Game1,player_vote,Meryl,Meryl,False,False,Seer,Seer,"The discussion is highly chaotic, with multiple players making conflicting claims about their roles and witnessing events. Meryl is particularly suspicious as she claims to be the Seer, then the Werewolf, and finally the Tanner, suggesting she may be attempting to mislead the group. Given the ambiguity, targeting the player with the most contradictory information is a strategic move to eliminate a potential Werewolf and support Team Village."
C:\Users\annab\Documents\GitHub\masters_thesis_sdg\results\voting\unsloth_gemma-4-E2B-it-unsloth-bnb-4bit\prompt_v4_run_1\Youtube\ONE#NIGHT#ULTIMATE#WEREWOLF#-#Drinking#Play#Through_Game2.json,run_1,stochastic,Youtube,ONE#NIGHT#ULTIMATE#WEREWOLF#-#Drinking#Play#Through,Game2,Youtube / ONE#NIGHT#ULTIMATE#WEREWOLF#-#Drinking#Play#Through / Game2,player_vote,Haak,Haak,False,False,Hunter,Drunk,"The transcript shows Jordan2 explicitly voting for Haak as the Hunter, suggesting a strong belief that Haak is a Team Village member. While the discussion is highly chaotic and involves numerous role swaps, voting for a player identified as a Village role (Hunter) is consistent with Team Village's objective of eliminating a Werewolf. This vote aims to eliminate a potential Werewolf and secure a win condition."
C:\Users\annab\Documents\GitHub\masters_thesis_sdg\results\voting\unsloth_gemma-4-E2B-it-unsloth-bnb-4bit\prompt_v4_run_1\Youtube\ONE#NIGHT#ULTIMATE#WEREWOLF#1##July#5th#2016_Game2.json,run_1,stochastic,Youtube,ONE#NIGHT#ULTIMATE#WEREWOLF#1##July#5th#2016,Game2,Youtube / ONE#NIGHT#ULTIMATE#WEREWOLF#1##July#5th#2016 / Game2,player_vote,Mike,Mike,False,False,Tanner,Tanner,"The discussion centers heavily on conflicting role narratives, particularly regarding the Drunk and Revealer roles, leading to intense suspicion directed at Mike. Justin's final deduction suggests Mike is using the Revealer role to manipulate the game, which aligns with the Werewolf's goal of sowing distrust. Given the strong collective suspicion, especially from James and Justin, Mike is the primary target to eliminate to ensure Team Village has a chance to win."
C:\Users\annab\Documents\GitHub\masters_thesis_sdg\results\voting\unsloth_gemma-4-E2B-it-unsloth-bnb-4bit\prompt_v4_run_1\Youtube\One#Night#Ultimate#Werewolf#1#How-To#and#Playthrough_Game1.json,run_1,stochastic,Youtube,One#Night#Ultimate#Werewolf#1#How-To#and#Playthrough,Game1,Youtube / One#Night#Ultimate#Werewolf#1#How-To#and#Playthrough / Game1,player_vote,Brett,Brett,False,False,Villager,Villager,"The discussion is highly confusing due to role swapping and conflicting claims regarding who is a Villager. However, the conversation repeatedly centers around Brett being a Villager, yet he is simultaneously accused by multiple players (including Katie) of being a Werewolf. Since Team Village needs to eliminate a Werewolf to win, Brett is the most likely candidate to be targeted by the Werewolves, and eliminating him offers the best chance for Team Village to achieve its goal."
C:\Users\annab\Documents\GitHub\masters_thesis_sdg\results\voting\unsloth_gemma-4-E2B-it-unsloth-bnb-4bit\prompt_v4_run_1\Youtube\ONE#NIGHT#ULTIMATE#WEREWOLF#10##November#6th#2016_Game1.json,run_1,stochastic,Youtube,ONE#NIGHT#ULTIMATE#WEREWOLF#10##November#6th#2016,Game1,Youtube / ONE#NIGHT#ULTIMATE#WEREWOLF#10##November#6th#2016 / Game1,player_vote,Mitchell,Mitchell,False,False,Troublemaker,Troublemaker,"The discussion culminates in a strong consensus among the players to vote out Mitchell. While the exact roles are uncertain due to potential card swaps, the focus on Mitchell's potential identity as a Werewolf or a Tanner, and the collective decision to eliminate him, indicates he is the primary suspect. Eliminating him provides the best chance for Team Village to win by eliminating a Werewolf, which is their primary objective."
C:\Users\annab\Documents\GitHub\masters_thesis_sdg\results\voting\unsloth_gemma-4-E2B-it-unsloth-bnb-4bit\prompt_v4_run_1\Youtube\ONE#NIGHT#ULTIMATE#WEREWOLF#13##July#29th#2017_Game1.json,run_1,stochastic,Youtube,ONE#NIGHT#ULTIMATE#WEREWOLF#13##July#29th#2017,Game1,Youtube / ONE#NIGHT#ULTIMATE#WEREWOLF#13##July#29th#2017 / Game1,player_vote,Mike,Mike,False,True,Werewolf,Werewolf,"Mike is the primary suspect for the Werewolf role. Justin initially suspects him, and Mike later claims to have been the Robber who stole from Justin. While other roles like Tanner are suspected, the Werewolf role is critical for Team Village to win. Voting for Mike maximizes the chances of eliminating a Werewolf and securing a win for Team Village."
C:\Users\annab\Documents\GitHub\masters_thesis_sdg\results\voting\unsloth_gemma-4-E2B-it-unsloth-bnb-4bit\prompt_v4_run_1\Youtube\ONE#NIGHT#ULTIMATE#WEREWOLF#13##July#29th#2017_Game2.json,run_1,stochastic,Youtube,ONE#NIGHT#ULTIMATE#WEREWOLF#13##July#29th#2017,Game2,Youtube / ONE#NIGHT#ULTIMATE#WEREWOLF#13##July#29th#2017 / Game2,player_vote,Mitchell,Mitchell,False,True,Werewolf,Werewolf,"The discussion heavily centers around Mitchell's identity, with players speculating that he might be the Werewolf or the Tanner. Justin explicitly suggests that if Mitchell is the Werewolf, he will definitely kill somebody, which aligns with Team Village's goal. Given the lack of definitive proof, Mitchell remains the prime target for elimination, as eliminating a Werewolf is the primary objective for Team Village."
C:\Users\annab\Documents\GitHub\masters_thesis_sdg\results\voting\unsloth_gemma-4-E2B-it-unsloth-bnb-4bit\prompt_v4_run_1\Youtube\ONE#NIGHT#ULTIMATE#WEREWOLF#13##July#29th#2017_Game3.json,run_1,stochastic,Youtube,ONE#NIGHT#ULTIMATE#WEREWOLF#13##July#29th#2017,Game3,Youtube / ONE#NIGHT#ULTIMATE#WEREWOLF#13##July#29th#2017 / Game3,player_vote,Justin,Justin,False,False,Troublemaker,Drunk,"The discussion is highly confusing due to multiple role swaps and conflicting claims regarding who holds the Werewolf card. Justin explicitly claims to be the Werewolf, the Tanner, and the Drunk, which makes his identity highly suspect. While the transcript does not provide concrete proof of a Werewolf's presence, the consensus among Mitchell and Mike is to vote Justin out, suggesting he is the primary target of suspicion."
C:\Users\annab\Documents\GitHub\masters_thesis_sdg\results\voting\unsloth_gemma-4-E2B-it-unsloth-bnb-4bit\prompt_v4_run_1\Youtube\ONE#NIGHT#ULTIMATE#WEREWOLF#14##August#26th#2017_Game1.json,run_1,stochastic,Youtube,ONE#NIGHT#ULTIMATE#WEREWOLF#14##August#26th#2017,Game1,Youtube / ONE#NIGHT#ULTIMATE#WEREWOLF#14##August#26th#2017 / Game1,player_vote,Caitlynn,Caitlynn,False,True,Werewolf,Werewolf,"The transcript shows significant confusion and conflicting claims regarding roles, especially concerning the Werewolf identity. Mitchell directly accuses Caitlynn of being the Werewolf, and Caitlynn herself claimed the role. While the evidence is circumstantial, Mitchell's direct accusation provides the strongest basis for suspicion in this volatile discussion. Eliminating the primary suspect increases the chances of Team Village winning."
C:\Users\annab\Documents\GitHub\masters_thesis_sdg\results\voting\unsloth_gemma-4-E2B-it-unsloth-bnb-4bit\prompt_v4_run_1\Youtube\ONE#NIGHT#ULTIMATE#WEREWOLF#14##August#26th#2017_Game2.json,run_1,stochastic,Youtube,ONE#NIGHT#ULTIMATE#WEREWOLF#14##August#26th#2017,Game2,Youtube / ONE#NIGHT#ULTIMATE#WEREWOLF#14##August#26th#2017 / Game2,player_vote,Justin,Justin,False,True,Werewolf,Werewolf,"The discussion is highly chaotic, with players accusing each other of lying and role-swapping, making definitive identification difficult. However, Justin explicitly claims, ""I'm a werewolf"" and asserts, ""I was the only werewolf,"" which is a direct accusation that aligns with the goal of Team Village. Since Team Village wins by eliminating a Werewolf, voting for Justin is the most direct strategy to achieve this goal, despite the uncertainty surrounding the transcript."
C:\Users\annab\Documents\GitHub\masters_thesis_sdg\results\voting\unsloth_gemma-4-E2B-it-unsloth-bnb-4bit\prompt_v4_run_1\Youtube\ONE#NIGHT#ULTIMATE#WEREWOLF#18##September#30th#2017_Game1.json,run_1,stochastic,Youtube,ONE#NIGHT#ULTIMATE#WEREWOLF#18##September#30th#2017,Game1,Youtube / ONE#NIGHT#ULTIMATE#WEREWOLF#18##September#30th#2017 / Game1,player_vote,Paul,Paul,False,False,Robber,Werewolf,"The discussion transcript indicates significant confusion regarding roles, but Mitchell explicitly suggests that Paul is a werewolf and votes for him. Julie also votes for Paul, suggesting a collective suspicion toward him. Since Team Village wins by eliminating a Werewolf, targeting Paul is the strongest strategy to achieve this goal. Based on the collective suspicion expressed, Paul is the most likely candidate for elimination."
C:\Users\annab\Documents\GitHub\masters_thesis_sdg\results\voting\unsloth_gemma-4-E2B-it-unsloth-bnb-4bit\prompt_v4_run_1\Youtube\One#Night#Ultimate#Werewolf#2#The#Drunk_Game1.json,run_1,stochastic,Youtube,One#Night#Ultimate#Werewolf#2#The#Drunk,Game1,Youtube / One#Night#Ultimate#Werewolf#2#The#Drunk / Game1,player_vote,Dan,Dan,False,True,Werewolf,Mason,"The discussion is highly chaotic, with multiple players speculating about who is the Werewolf and who swapped roles. Several players, particularly Brett and Dylan, aggressively suggest that Dan or Audrey might be the Werewolf, leading to a split vote. Since the game is nearing the voting phase, and there is no clear consensus, voting for the player who is being heavily accused or who is polarizing the discussion is a strategic choice. Given the strong suspicion around Dan and Audrey, and the fact that the Werewolves aim to sow discord, voting for Dan seems like a plausible move to eliminate a potential threat, although the outcome is highly uncertain."
C:\Users\annab\Documents\GitHub\masters_thesis_sdg\results\voting\unsloth_gemma-4-E2B-it-unsloth-bnb-4bit\prompt_v4_run_1\Youtube\ONE#NIGHT#ULTIMATE#WEREWOLF#26##January#20th#2018_Game2.json,run_1,stochastic,Youtube,ONE#NIGHT#ULTIMATE#WEREWOLF#26##January#20th#2018,Game2,Youtube / ONE#NIGHT#ULTIMATE#WEREWOLF#26##January#20th#2018 / Game2,player_vote,Meghan,Meghan,False,True,Werewolf,Robber,"Mike explicitly stated that he looked at Meghan's card and determined she was a Werewolf, a claim that Justin supported. While other players are suspected of being the Tanner, Meghan is the most strongly implicated player as a Werewolf. Eliminating her maximizes the chance of Team Village succeeding in their objective of finding and removing a Werewolf."
C:\Users\annab\Documents\GitHub\masters_thesis_sdg\results\voting\unsloth_gemma-4-E2B-it-unsloth-bnb-4bit\prompt_v4_run_1\Youtube\ONE#NIGHT#ULTIMATE#WEREWOLF#26##January#20th#2018_Game3.json,run_1,stochastic,Youtube,ONE#NIGHT#ULTIMATE#WEREWOLF#26##January#20th#2018,Game3,Youtube / ONE#NIGHT#ULTIMATE#WEREWOLF#26##January#20th#2018 / Game3,player_vote,Meghan,Meghan,False,True,Werewolf,Tanner,"Mitchell explicitly stated that he saw one werewolf card in the center and claimed that Meghan was the Drunk who took it. While roles may have swapped, this direct accusation makes Meghan the primary suspect for holding the Werewolf card. Given the goal is to eliminate a Werewolf to win, voting for the player directly implicated by another player provides the highest chance of success."
C:\Users\annab\Documents\GitHub\masters_thesis_sdg\results\voting\unsloth_gemma-4-E2B-it-unsloth-bnb-4bit\prompt_v4_run_1\Youtube\ONE#NIGHT#ULTIMATE#WEREWOLF#28##February#17th#2018_Game1.json,run_1,stochastic,Youtube,ONE#NIGHT#ULTIMATE#WEREWOLF#28##February#17th#2018,Game1,Youtube / ONE#NIGHT#ULTIMATE#WEREWOLF#28##February#17th#2018 / Game1,player_vote,Mitchell,Mitchell,False,True,Werewolf,Drunk,"Alysha directly accused Mitchell of being a Werewolf, and Mitchell himself claimed to be one. Furthermore, the complexity of the role swaps and the conflicting information regarding who saw whom suggests that Mitchell is a primary suspect. Eliminating him maximizes the chance of Team Village surviving the night and winning."
C:\Users\annab\Documents\GitHub\masters_thesis_sdg\results\voting\unsloth_gemma-4-E2B-it-unsloth-bnb-4bit\prompt_v4_run_1\Youtube\ONE#NIGHT#ULTIMATE#WEREWOLF#28##February#17th#2018_Game2.json,run_1,stochastic,Youtube,ONE#NIGHT#ULTIMATE#WEREWOLF#28##February#17th#2018,Game2,Youtube / ONE#NIGHT#ULTIMATE#WEREWOLF#28##February#17th#2018 / Game2,player_vote,Mike,Mike,False,False,Seer,Drunk,"Multiple players, including Alysha, Justin, Mitchell, and Caitlynn, strongly indicated that Mike was the Werewolf, leading to a consensus that he should be eliminated. Since Team Village wins by eliminating a Werewolf, voting for Mike maximizes the chances of achieving this goal. The discussion centered heavily on Mike's identity, making him the primary suspect."
C:\Users\annab\Documents\GitHub\masters_thesis_sdg\results\voting\unsloth_gemma-4-E2B-it-unsloth-bnb-4bit\prompt_v4_run_1\Youtube\ONE#NIGHT#ULTIMATE#WEREWOLF#28##February#17th#2018_Game3.json,run_1,stochastic,Youtube,ONE#NIGHT#ULTIMATE#WEREWOLF#28##February#17th#2018,Game3,Youtube / ONE#NIGHT#ULTIMATE#WEREWOLF#28##February#17th#2018 / Game3,player_vote,Justin,Justin,False,False,Robber,Werewolf,"Alysha, who claims to be the Seer, directly accuses Justin of being the Werewolf based on looking at his card. Although the transcript is highly confusing due to role swaps and conflicting stories, this direct accusation provides the strongest lead for Team Village. Eliminating the suspected Werewolf is crucial for Team Village to win."
C:\Users\annab\Documents\GitHub\masters_thesis_sdg\results\voting\unsloth_gemma-4-E2B-it-unsloth-bnb-4bit\prompt_v4_run_1\Youtube\One#Night#Ultimate#Werewolf#3#Insomniac_Game1.json,run_1,stochastic,Youtube,One#Night#Ultimate#Werewolf#3#Insomniac,Game1,Youtube / One#Night#Ultimate#Werewolf#3#Insomniac / Game1,player_vote,Brett,Brett,False,True,Werewolf,Werewolf,"The discussion transcript centers heavily on role swapping and mutual suspicion, particularly targeting Brett. Players are debating whether Brett is the Werewolf or a Mason, and the probability of Werewolves being present is debated. Since Team Village wins by eliminating a Werewolf, voting for the player who is the most likely culprit—Brett—is the optimal strategy to maximize the chances of victory."
C:\Users\annab\Documents\GitHub\masters_thesis_sdg\results\voting\unsloth_gemma-4-E2B-it-unsloth-bnb-4bit\prompt_v4_run_1\Youtube\ONE#NIGHT#ULTIMATE#WEREWOLF#30##February#17th#2018_Game2.json,run_1,stochastic,Youtube,ONE#NIGHT#ULTIMATE#WEREWOLF#30##February#17th#2018,Game2,Youtube / ONE#NIGHT#ULTIMATE#WEREWOLF#30##February#17th#2018 / Game2,player_vote,Mike,Mike,False,False,Tanner,Robber,"The transcript is highly confusing due to role swapping and conflicting claims, making definitive identification difficult. However, the voting phase suggests a strong suspicion around Paul and Mike being Werewolves, especially when Paul claims he started as a Werewolf and Mike is strongly implied to be one by several players. Since Team Village needs to eliminate a Werewolf to win, voting out Mike seems like the most aggressive move to eliminate a potential threat, aligning with the goal of Team Village."
C:\Users\annab\Documents\GitHub\masters_thesis_sdg\results\voting\unsloth_gemma-4-E2B-it-unsloth-bnb-4bit\prompt_v4_run_1\Youtube\ONE#NIGHT#ULTIMATE#WEREWOLF#30##February#17th#2018_Game4.json,run_1,stochastic,Youtube,ONE#NIGHT#ULTIMATE#WEREWOLF#30##February#17th#2018,Game4,Youtube / ONE#NIGHT#ULTIMATE#WEREWOLF#30##February#17th#2018 / Game4,circle_vote,No Werewolf,,True,False,,,"The discussion heavily centers around identifying the Tanner role, with several players suggesting Alysha is the Tanner based on her actions and hesitation. There is no concrete evidence or consensus that any player holds the Werewolf card. Since Team Village wins by eliminating a Werewolf, and no Werewolf has been definitively identified, the safest strategy is to assume no Werewolf is present."
C:\Users\annab\Documents\GitHub\masters_thesis_sdg\results\voting\unsloth_gemma-4-E2B-it-unsloth-bnb-4bit\prompt_v4_run_1\Youtube\ONE#NIGHT#ULTIMATE#WEREWOLF#34##March#24th#2018_Game2.json,run_1,stochastic,Youtube,ONE#NIGHT#ULTIMATE#WEREWOLF#34##March#24th#2018,Game2,Youtube / ONE#NIGHT#ULTIMATE#WEREWOLF#34##March#24th#2018 / Game2,failed_parse,,,False,,,,
C:\Users\annab\Documents\GitHub\masters_thesis_sdg\results\voting\unsloth_gemma-4-E2B-it-unsloth-bnb-4bit\prompt_v4_run_1\Youtube\ONE#NIGHT#ULTIMATE#WEREWOLF#34##March#24th#2018_Game3.json,run_1,stochastic,Youtube,ONE#NIGHT#ULTIMATE#WEREWOLF#34##March#24th#2018,Game3,Youtube / ONE#NIGHT#ULTIMATE#WEREWOLF#34##March#24th#2018 / Game3,circle_vote,No Werewolf,,True,False,,,"The discussion transcript is highly chaotic and filled with accusations and role swaps, making it impossible to reliably identify the Werewolf. Players are actively lying and shifting roles, which prevents a confident conclusion about who is acting suspiciously. Since there is no concrete evidence of a Werewolf action or definitive identification, I must assume that all Werewolf cards are currently in the center, allowing Team Village to win by default."
C:\Users\annab\Documents\GitHub\masters_thesis_sdg\results\voting\unsloth_gemma-4-E2B-it-unsloth-bnb-4bit\prompt_v4_run_1\Youtube\One#Night#Ultimate#Werewolf#361#Classic#Werewolf_Game1.json,run_1,stochastic,Youtube,One#Night#Ultimate#Werewolf#361#Classic#Werewolf,Game1,Youtube / One#Night#Ultimate#Werewolf#361#Classic#Werewolf / Game1,player_vote,Dylan,Dylan,False,True,Werewolf,Robber,"Dylan initially claimed to be the Werewolf but quickly shifted his statement to suggesting he was hoping for a Robber or Troublemaker, which is a common tactic for a Werewolf attempting to divert suspicion. Furthermore, Pete later suspected Dylan of being the Minion, indicating internal conflict and misdirection. Since Team Village needs to eliminate a Werewolf to win, targeting the player who showed the most conflicting claims and attempts at deception is the best strategy."
C:\Users\annab\Documents\GitHub\masters_thesis_sdg\results\voting\unsloth_gemma-4-E2B-it-unsloth-bnb-4bit\prompt_v4_run_1\Youtube\One#Night#Ultimate#Werewolf#362#More#Classic#Werewolf_Game1.json,run_1,stochastic,Youtube,One#Night#Ultimate#Werewolf#362#More#Classic#Werewolf,Game1,Youtube / One#Night#Ultimate#Werewolf#362#More#Classic#Werewolf / Game1,circle_vote,No Werewolf,,True,False,,,"The discussion transcript is extremely confusing due to numerous role swaps and conflicting claims, making it impossible to definitively identify a Werewolf. Players are actively lying and accusing each other, which complicates determining the true roles. Since Team Village wins if no Werewolves are present, and there is no concrete evidence pointing to a Werewolf, the safest strategic move is to assume no Werewolf is present."
C:\Users\annab\Documents\GitHub\masters_thesis_sdg\results\voting\unsloth_gemma-4-E2B-it-unsloth-bnb-4bit\prompt_v4_run_1\Youtube\One#Night#Ultimate#Werewolf#363#Even#More#Classic#Werewolf_Game1.json,run_1,stochastic,Youtube,One#Night#Ultimate#Werewolf#363#Even#More#Classic#Werewolf,Game1,Youtube / One#Night#Ultimate#Werewolf#363#Even#More#Classic#Werewolf / Game1,player_vote,Kelsey,Kelsey,False,False,Minion,Minion,"The transcript shows significant role swapping and confusion, making definitive identification difficult. However, Brett and Katie express strong suspicion regarding Dylan and Kelsey, suggesting they might be the Werewolves. Since Team Village needs to eliminate a Werewolf, voting for Kelsey targets the player most implicated by other players in the discussion."
C:\Users\annab\Documents\GitHub\masters_thesis_sdg\results\voting\unsloth_gemma-4-E2B-it-unsloth-bnb-4bit\prompt_v4_run_1\Youtube\ONE#NIGHT#ULTIMATE#WEREWOLF#37##April#21st#2018_Game2.json,run_1,stochastic,Youtube,ONE#NIGHT#ULTIMATE#WEREWOLF#37##April#21st#2018,Game2,Youtube / ONE#NIGHT#ULTIMATE#WEREWOLF#37##April#21st#2018 / Game2,circle_vote,No Werewolf,,True,False,,,"The discussion transcript is highly confusing and filled with contradictory accusations regarding role swaps and identity, making it impossible to definitively identify a Werewolf. Mike vehemently denies being a Werewolf while Mitchell strongly suspects him, and other players are unsure of their own roles. Given the level of deception and role manipulation implied, it is safer to assume that the Werewolves are successfully confusing the group, or that no Werewolf is present."
C:\Users\annab\Documents\GitHub\masters_thesis_sdg\results\voting\unsloth_gemma-4-E2B-it-unsloth-bnb-4bit\prompt_v4_run_1\Youtube\ONE#NIGHT#ULTIMATE#WEREWOLF#38##April#21st#2018_Game3.json,run_1,stochastic,Youtube,ONE#NIGHT#ULTIMATE#WEREWOLF#38##April#21st#2018,Game3,Youtube / ONE#NIGHT#ULTIMATE#WEREWOLF#38##April#21st#2018 / Game3,player_vote,Mike,Mike,False,True,Werewolf,Werewolf,"The transcript explicitly reveals that James and Mike are Werewolves (Line 153). Since Team Village wins by eliminating a Werewolf, the vote must target one of these players. James cast his vote for Mike, who is confirmed as a Werewolf. Eliminating Mike ensures Team Village successfully removes a Werewolf."
C:\Users\annab\Documents\GitHub\masters_thesis_sdg\results\voting\unsloth_gemma-4-E2B-it-unsloth-bnb-4bit\prompt_v4_run_1\Youtube\ONE#NIGHT#ULTIMATE#WEREWOLF#38##April#21st#2018_Game4.json,run_1,stochastic,Youtube,ONE#NIGHT#ULTIMATE#WEREWOLF#38##April#21st#2018,Game4,Youtube / ONE#NIGHT#ULTIMATE#WEREWOLF#38##April#21st#2018 / Game4,circle_vote,No Werewolf,,True,False,,,"The discussion transcript is highly chaotic, filled with conflicting claims about who was the Revealer and who saw what, leading to intense accusations between Justin and Mike. While there are strong suspicions and direct accusations made during the voting phase, there is no concrete, verifiable evidence presented that confirms any player holds the Werewolf card. Given the lack of definitive proof, it is safer to assume that no Werewolf is present, aligning with the winning condition that Team Village wins if no Werewolves are present."
C:\Users\annab\Documents\GitHub\masters_thesis_sdg\results\voting\unsloth_gemma-4-E2B-it-unsloth-bnb-4bit\prompt_v4_run_1\Youtube\One#Night#Ultimate#Werewolf#381#The#Hunt#Is#On_Game1.json,run_1,stochastic,Youtube,One#Night#Ultimate#Werewolf#381#The#Hunt#Is#On,Game1,Youtube / One#Night#Ultimate#Werewolf#381#The#Hunt#Is#On / Game1,player_vote,Dustin,Dustin,False,False,Insomniac,Insomniac,"Dustin explicitly claimed to be the Werewolf early in the discussion, and the subsequent debate focused on identifying Werewolves among the group. Although many roles were swapped, Dustin remains a primary target due to his initial self-identification and the general suspicion directed at him by the group. Eliminating him maximizes the chance of Team Village eliminating a Werewolf and securing victory."
C:\Users\annab\Documents\GitHub\masters_thesis_sdg\results\voting\unsloth_gemma-4-E2B-it-unsloth-bnb-4bit\prompt_v4_run_1\Youtube\One#Night#Ultimate#Werewolf#382#Game#100!!_Game1.json,run_1,stochastic,Youtube,One#Night#Ultimate#Werewolf#382#Game#100!!,Game1,Youtube / One#Night#Ultimate#Werewolf#382#Game#100!! / Game1,player_vote,Dylan,Dylan,False,False,Insomniac,Werewolf,"Katie claimed to be the Doppelganger and saw two Werewolves in the center, which is strong evidence pointing towards a Werewolf presence. Dylan claimed to be the Werewolf, and Brett accused Dylan of being involved in the Werewolf situation. Eliminating Dylan is the most direct way to target the suspected Werewolf and fulfill Team Village's winning condition."
C:\Users\annab\Documents\GitHub\masters_thesis_sdg\results\voting\unsloth_gemma-4-E2B-it-unsloth-bnb-4bit\prompt_v4_run_1\Youtube\ONE#NIGHT#ULTIMATE#WEREWOLF#39##April#21st#2018_Game3.json,run_1,stochastic,Youtube,ONE#NIGHT#ULTIMATE#WEREWOLF#39##April#21st#2018,Game3,Youtube / ONE#NIGHT#ULTIMATE#WEREWOLF#39##April#21st#2018 / Game3,player_vote,Mike,Mike,False,False,Seer,Seer,"The transcript is highly confusing due to multiple role swaps and conflicting claims regarding who was the Seer and the Tanner. However, Mike explicitly claimed to be the Seer and saw two Werewolves, which makes him a strong candidate for the Werewolf role. Given that Team Village's goal is to eliminate a Werewolf, voting for Mike is the best strategic move based on the available information."
C:\Users\annab\Documents\GitHub\masters_thesis_sdg\results\voting\unsloth_gemma-4-E2B-it-unsloth-bnb-4bit\prompt_v4_run_1\Youtube\ONE#NIGHT#ULTIMATE#WEREWOLF#4##July#14th#2016_Game1.json,run_1,stochastic,Youtube,ONE#NIGHT#ULTIMATE#WEREWOLF#4##July#14th#2016,Game1,Youtube / ONE#NIGHT#ULTIMATE#WEREWOLF#4##July#14th#2016 / Game1,circle_vote,No Werewolf,,True,False,,,"The discussion primarily revolves around identifying the Tanner role and role swapping, with players debating who is the Drunk, Robber, or Seer. There is no concrete evidence or confirmation of any player performing a Werewolf action during the Night phase. Since the goal is to eliminate a Werewolf, and no Werewolf activity has been confirmed, I cannot confidently accuse any player of being the Werewolf."
C:\Users\annab\Documents\GitHub\masters_thesis_sdg\results\voting\unsloth_gemma-4-E2B-it-unsloth-bnb-4bit\prompt_v4_run_1\Youtube\ONE#NIGHT#ULTIMATE#WEREWOLF#4##July#14th#2016_Game2.json,run_1,stochastic,Youtube,ONE#NIGHT#ULTIMATE#WEREWOLF#4##July#14th#2016,Game2,Youtube / ONE#NIGHT#ULTIMATE#WEREWOLF#4##July#14th#2016 / Game2,circle_vote,No Werewolf,,True,False,,,"The discussion is highly confusing due to role swaps and conflicting claims regarding who is the Tanner or the Werewolf. Paul claims to be the Werewolf, while Mitchell denies it, and Justin is accused by others. Since there is no consistent or reliable evidence identifying a Werewolf, and given the uncertainty introduced by potential role swaps, I cannot confidently identify a target."
C:\Users\annab\Documents\GitHub\masters_thesis_sdg\results\voting\unsloth_gemma-4-E2B-it-unsloth-bnb-4bit\prompt_v4_run_1\Youtube\ONE#NIGHT#ULTIMATE#WEREWOLF#4##July#14th#2016_Game3.json,run_1,stochastic,Youtube,ONE#NIGHT#ULTIMATE#WEREWOLF#4##July#14th#2016,Game3,Youtube / ONE#NIGHT#ULTIMATE#WEREWOLF#4##July#14th#2016 / Game3,circle_vote,No Werewolf,,True,True,,,"The discussion transcript provides strong indications of role swapping and uncertainty regarding identity, but it does not definitively identify a Werewolf. While players speculate about who switched roles and who might be the Werewolf, there is no conclusive evidence or consensus pointing to a specific player. Since Team Village wins by eliminating a Werewolf, and I cannot confidently accuse any player, I must conclude that there is no confirmed Werewolf present."
C:\Users\annab\Documents\GitHub\masters_thesis_sdg\results\voting\unsloth_gemma-4-E2B-it-unsloth-bnb-4bit\prompt_v4_run_1\Youtube\ONE#NIGHT#ULTIMATE#WEREWOLF#43##October#13th#2018_Game1.json,run_1,stochastic,Youtube,ONE#NIGHT#ULTIMATE#WEREWOLF#43##October#13th#2018,Game1,Youtube / ONE#NIGHT#ULTIMATE#WEREWOLF#43##October#13th#2018 / Game1,player_vote,Mitchell,Mitchell,False,True,Werewolf,Tanner,"Mike explicitly claimed during the discussion that Mitchell was a Werewolf, which provides the strongest direct evidence for a Werewolf. Although the transcript is highly confusing due to role swaps and conflicting statements, Mike's revelation about Mitchell's identity makes him the primary target for elimination. Eliminating a Werewolf is the condition for Team Village to win."
C:\Users\annab\Documents\GitHub\masters_thesis_sdg\results\voting\unsloth_gemma-4-E2B-it-unsloth-bnb-4bit\prompt_v4_run_1\Youtube\ONE#NIGHT#ULTIMATE#WEREWOLF#43##October#13th#2018_Game3.json,run_1,stochastic,Youtube,ONE#NIGHT#ULTIMATE#WEREWOLF#43##October#13th#2018,Game3,Youtube / ONE#NIGHT#ULTIMATE#WEREWOLF#43##October#13th#2018 / Game3,player_vote,Justin,Justin,False,False,Tanner,Werewolf,"Justin explicitly claims to be the Werewolf in the discussion, stating 'I was a werewolf, so there's a werewolf in here.' Since Team Village wins by eliminating a Werewolf, voting for Justin is the most direct way to achieve the objective. Although other players make conflicting claims about their roles (Robber, Troublemaker, Tanner), Justin's self-identification provides the strongest immediate target for the Village."
C:\Users\annab\Documents\GitHub\masters_thesis_sdg\results\voting\unsloth_gemma-4-E2B-it-unsloth-bnb-4bit\prompt_v4_run_1\Youtube\ONE#NIGHT#ULTIMATE#WEREWOLF#43##October#13th#2018_Game4.json,run_1,stochastic,Youtube,ONE#NIGHT#ULTIMATE#WEREWOLF#43##October#13th#2018,Game4,Youtube / ONE#NIGHT#ULTIMATE#WEREWOLF#43##October#13th#2018 / Game4,player_vote,Mike,Mike,False,False,Robber,Troublemaker,"The discussion indicates significant confusion regarding roles and swaps, but players Paul and Mike explicitly suggested Mitchell and Mike were werewolves. Mitchell and Mike were also noted as having started as werewolves, and the subsequent voting discussion centered around eliminating one of them to ensure Team Village wins. Targeting one of the players strongly implicated in the Werewolf role is the optimal strategy."
C:\Users\annab\Documents\GitHub\masters_thesis_sdg\results\voting\unsloth_gemma-4-E2B-it-unsloth-bnb-4bit\prompt_v4_run_1\Youtube\ONE#NIGHT#ULTIMATE#WEREWOLF#44##October#13th#2018_Game1.json,run_1,stochastic,Youtube,ONE#NIGHT#ULTIMATE#WEREWOLF#44##October#13th#2018,Game1,Youtube / ONE#NIGHT#ULTIMATE#WEREWOLF#44##October#13th#2018 / Game1,circle_vote,No Werewolf,,True,False,,,"The discussion transcript is highly confusing and filled with conflicting claims regarding role swaps (Robber, Insomniac, Troublemaker) and accusations. There is no definitive evidence presented that clearly identifies a Werewolf. Since the win condition for Team Village is eliminating a Werewolf, and I cannot confirm the presence of one, I must conclude that I cannot identify a target."
C:\Users\annab\Documents\GitHub\masters_thesis_sdg\results\voting\unsloth_gemma-4-E2B-it-unsloth-bnb-4bit\prompt_v4_run_1\Youtube\ONE#NIGHT#ULTIMATE#WEREWOLF#44##October#13th#2018_Game2.json,run_1,stochastic,Youtube,ONE#NIGHT#ULTIMATE#WEREWOLF#44##October#13th#2018,Game2,Youtube / ONE#NIGHT#ULTIMATE#WEREWOLF#44##October#13th#2018 / Game2,player_vote,Justin,Justin,False,True,Werewolf,Werewolf,"Justin is the primary suspect for the Werewolf, as he explicitly claims to have seen one and is accused by Mitchell of being the Werewolf. While the discussion is heavily complicated by role swaps and deception, Justin's statement serves as the most direct accusation pointing toward a Werewolf presence. Eliminating him maximizes the chance of eliminating a Werewolf and securing a Team Village victory."
C:\Users\annab\Documents\GitHub\masters_thesis_sdg\results\voting\unsloth_gemma-4-E2B-it-unsloth-bnb-4bit\prompt_v4_run_1\Youtube\ONE#NIGHT#ULTIMATE#WEREWOLF#44##October#13th#2018_Game3.json,run_1,stochastic,Youtube,ONE#NIGHT#ULTIMATE#WEREWOLF#44##October#13th#2018,Game3,Youtube / ONE#NIGHT#ULTIMATE#WEREWOLF#44##October#13th#2018 / Game3,player_vote,Justin,Justin,False,False,Seer,Seer,"The transcript contains conflicting claims regarding role swaps and identity, but Paul explicitly states he 'robbed from Justin who was the Werewolf,' and Mike suggests he switched Justin and Mitchell. Given the high level of suspicion and the requirement to eliminate a Werewolf to secure a win, Justin is the most likely candidate based on these accusations. Voting for Justin maximizes the chances of eliminating a Werewolf and securing a victory for Team Village."
C:\Users\annab\Documents\GitHub\masters_thesis_sdg\results\voting\unsloth_gemma-4-E2B-it-unsloth-bnb-4bit\prompt_v4_run_1\Youtube\ONE#NIGHT#ULTIMATE#WEREWOLF#44##October#13th#2018_Game4.json,run_1,stochastic,Youtube,ONE#NIGHT#ULTIMATE#WEREWOLF#44##October#13th#2018,Game4,Youtube / ONE#NIGHT#ULTIMATE#WEREWOLF#44##October#13th#2018 / Game4,circle_vote,No Werewolf,,True,True,,,"The discussion transcript does not provide any concrete evidence or confirmation of a Werewolf being identified or eliminated during the Night phase. Players are making claims about their roles (Seer, Insomniac) and suspicions, but these claims are unverifiable. Since Team Village wins by eliminating a Werewolf, and there is no clear indication that a Werewolf is present, the safest strategy is to assume no Werewolf is active."
C:\Users\annab\Documents\GitHub\masters_thesis_sdg\results\voting\unsloth_gemma-4-E2B-it-unsloth-bnb-4bit\prompt_v4_run_1\Youtube\ONE#NIGHT#ULTIMATE#WEREWOLF#44##October#13th#2018_Game5.json,run_1,stochastic,Youtube,ONE#NIGHT#ULTIMATE#WEREWOLF#44##October#13th#2018,Game5,Youtube / ONE#NIGHT#ULTIMATE#WEREWOLF#44##October#13th#2018 / Game5,player_vote,Mitchell,Mitchell,False,False,Troublemaker,Troublemaker,"The discussion is heavily focused on role swaps and conflicting claims regarding who the Werewolf is. Mitchell explicitly states he swapped roles and claims he started as a Werewolf, which aligns with the Werewolf's strategy to divert suspicion. Although the evidence is circumstantial, Mitchell's aggressive claims and attempts to mislead the group make him the highest risk target. Eliminating him maximizes the chance of Team Village achieving its goal of removing a Werewolf."
C:\Users\annab\Documents\GitHub\masters_thesis_sdg\results\voting\unsloth_gemma-4-E2B-it-unsloth-bnb-4bit\prompt_v4_run_1\Youtube\ONE#NIGHT#ULTIMATE#WEREWOLF#45##October#13th#2018_Game4.json,run_1,stochastic,Youtube,ONE#NIGHT#ULTIMATE#WEREWOLF#45##October#13th#2018,Game4,Youtube / ONE#NIGHT#ULTIMATE#WEREWOLF#45##October#13th#2018 / Game4,player_vote,Justin,Justin,False,False,Tanner,Tanner,"The transcript shows intense confusion and conflicting claims regarding roles, particularly the Werewolf and the Hunter. Justin repeatedly claims to be the Werewolf, and other players are debating his identity and actions. Since Team Village wins by eliminating a Werewolf, voting for Justin is the most direct strategy to achieve this goal. Although other players might be misidentifying roles, Justin remains the central suspect."
C:\Users\annab\Documents\GitHub\masters_thesis_sdg\results\voting\unsloth_gemma-4-E2B-it-unsloth-bnb-4bit\prompt_v4_run_1\Youtube\ONE#NIGHT#ULTIMATE#WEREWOLF#45##October#13th#2018_Game6.json,run_1,stochastic,Youtube,ONE#NIGHT#ULTIMATE#WEREWOLF#45##October#13th#2018,Game6,Youtube / ONE#NIGHT#ULTIMATE#WEREWOLF#45##October#13th#2018 / Game6,player_vote,Mitchell,Mitchell,False,False,Robber,Robber,"The discussion is highly focused on role swapping and deception, making it difficult to definitively identify the Werewolf. However, Mitchell makes multiple claims about his identity (Robber, Troublemaker, Hunter) and suggests he is being framed, which is a common tactic for Werewolves. Given the high level of suspicion surrounding Mitchell's shifting roles, he is the most likely candidate to be the Werewolf, which Team Village needs to eliminate."
C:\Users\annab\Documents\GitHub\masters_thesis_sdg\results\voting\unsloth_gemma-4-E2B-it-unsloth-bnb-4bit\prompt_v4_run_1\Youtube\One#Night#Ultimate#Werewolf#491#Classic#Werewolf_Game1.json,run_1,stochastic,Youtube,One#Night#Ultimate#Werewolf#491#Classic#Werewolf,Game1,Youtube / One#Night#Ultimate#Werewolf#491#Classic#Werewolf / Game1,player_vote,Pete,Pete,False,False,Seer,Werewolf,"The discussion is highly contradictory, with Pete, Brett, and Dustin all claiming to be the Werewolf. Pete makes the strongest direct claims (e.g., 'This is the Werewolf', 'I was the Werewolf'), which are immediately challenged by others. Given the high level of deception and conflicting statements, Pete is the most suspicious candidate to eliminate to protect Team Village. If Pete is indeed the Werewolf, eliminating him is necessary to win."
C:\Users\annab\Documents\GitHub\masters_thesis_sdg\results\voting\unsloth_gemma-4-E2B-it-unsloth-bnb-4bit\prompt_v4_run_1\Youtube\One#Night#Ultimate#Werewolf#492#More#Classic#Werewolf_Game1.json,run_1,stochastic,Youtube,One#Night#Ultimate#Werewolf#492#More#Classic#Werewolf,Game1,Youtube / One#Night#Ultimate#Werewolf#492#More#Classic#Werewolf / Game1,player_vote,Pete,Pete,False,False,Tanner,Tanner,"Pete explicitly claimed to be the Werewolf early in the discussion, and later, he asserted that Brett and Katie were wolves. While the evidence is circumstantial due to potential role swaps, targeting the player who self-identifies as the Werewolf is the most direct path to achieving the win condition of eliminating a Werewolf. This action maximizes the chance of Team Village succeeding."
C:\Users\annab\Documents\GitHub\masters_thesis_sdg\results\voting\unsloth_gemma-4-E2B-it-unsloth-bnb-4bit\prompt_v4_run_1\Youtube\One#Night#Ultimate#Werewolf#493#Even#More#Classic#Werewolf_Game1.json,run_1,stochastic,Youtube,One#Night#Ultimate#Werewolf#493#Even#More#Classic#Werewolf,Game1,Youtube / One#Night#Ultimate#Werewolf#493#Even#More#Classic#Werewolf / Game1,player_vote,Pete,Pete,False,False,Robber,Robber,"The discussion is highly confusing due to role swaps, but Pete is repeatedly identified as the Werewolf by multiple players, including Katie and Brett. While roles are shifting, the focus of the conversation during the voting phase centers on determining if Pete is the Werewolf or the Tanner. To maximize the chances of Team Village winning, eliminating the most strongly suspected Werewolf is the best strategy."
C:\Users\annab\Documents\GitHub\masters_thesis_sdg\results\voting\unsloth_gemma-4-E2B-it-unsloth-bnb-4bit\prompt_v4_run_1\Youtube\ONE#NIGHT#ULTIMATE#WEREWOLF#5##October#29th#2016_Game1.json,run_1,stochastic,Youtube,ONE#NIGHT#ULTIMATE#WEREWOLF#5##October#29th#2016,Game1,Youtube / ONE#NIGHT#ULTIMATE#WEREWOLF#5##October#29th#2016 / Game1,player_vote,Chris,Chris,False,True,Werewolf,Werewolf,"The discussion centers on who the Werewolf is, with Chris strongly asserting he was the lone Werewolf (80). While Mike claims to have seen a Werewolf (56) and later claims to be the Werewolf (75), Chris's confidence and direct accusation make him the primary suspect. Eliminating Chris is the best way to maximize the chance of Team Village eliminating a Werewolf and winning."
C:\Users\annab\Documents\GitHub\masters_thesis_sdg\results\voting\unsloth_gemma-4-E2B-it-unsloth-bnb-4bit\prompt_v4_run_1\Youtube\One#Night#Ultimate#Werewolf#531#Classic#ONUW_Game1.json,run_1,stochastic,Youtube,One#Night#Ultimate#Werewolf#531#Classic#ONUW,Game1,Youtube / One#Night#Ultimate#Werewolf#531#Classic#ONUW / Game1,circle_vote,No Werewolf,,True,True,,,"The discussion transcript is highly confusing due to multiple role swaps and conflicting claims about starting roles (Drunk, Robber, Tanner, Werewolf). While Brett initially claimed to be the Werewolf, Katie claimed to be the Tanner, and Ryan claimed to be the Drunk. Since there is no conclusive evidence or confirmation that a Werewolf has been identified or eliminated, I cannot confidently assign the Werewolf role."
C:\Users\annab\Documents\GitHub\masters_thesis_sdg\results\voting\unsloth_gemma-4-E2B-it-unsloth-bnb-4bit\prompt_v4_run_1\Youtube\One#Night#Ultimate#Werewolf#532#More#Classic#ONUW_Game1.json,run_1,stochastic,Youtube,One#Night#Ultimate#Werewolf#532#More#Classic#ONUW,Game1,Youtube / One#Night#Ultimate#Werewolf#532#More#Classic#ONUW / Game1,player_vote,DeAndre,DeAndre,False,True,Werewolf,Drunk,"The discussion centered on Katie and DeAndre both claiming to be Werewolves, which provides the clearest target for Team Village. Brett suggested voting for DeAndre, based on the claim, and DeAndre himself challenged the reasoning, indicating that the Werewolf status is highly contested. Since Team Village needs to eliminate a Werewolf to win, targeting the player who explicitly claimed the Werewolf role is the most strategic move."
C:\Users\annab\Documents\GitHub\masters_thesis_sdg\results\voting\unsloth_gemma-4-E2B-it-unsloth-bnb-4bit\prompt_v4_run_1\Youtube\One#Night#Ultimate#Werewolf#533#Even#More#Classic#ONUW_Game1.json,run_1,stochastic,Youtube,One#Night#Ultimate#Werewolf#533#Even#More#Classic#ONUW,Game1,Youtube / One#Night#Ultimate#Werewolf#533#Even#More#Classic#ONUW / Game1,player_vote,DeAndre,DeAndre,False,False,Minion,Drunk,"The discussion centers around DeAndre's claimed roles, specifically whether he was drunk or wolfing, which Brett suggests could imply he is a Werewolf or Minion. Given that Team Village wins by eliminating a Werewolf, DeAndre is the most likely target for elimination. While the roles are uncertain due to card swaps, the collective suspicion points toward him being the threat. Voting for DeAndre maximizes the chances of eliminating a Werewolf."
C:\Users\annab\Documents\GitHub\masters_thesis_sdg\results\voting\unsloth_gemma-4-E2B-it-unsloth-bnb-4bit\prompt_v4_run_1\Youtube\ONE#NIGHT#ULTIMATE#WEREWOLF#55##January#26th#2019_Game3.json,run_1,stochastic,Youtube,ONE#NIGHT#ULTIMATE#WEREWOLF#55##January#26th#2019,Game3,Youtube / ONE#NIGHT#ULTIMATE#WEREWOLF#55##January#26th#2019 / Game3,circle_vote,No Werewolf,,True,False,,,"Based solely on the public discussion transcript, there is no definitive evidence linking any player to the Werewolf role. The conversation is highly confusing, involving role swaps and meta-game commentary, making it impossible to confirm any night actions or identities. Since Team Village wins if no Werewolf is present and no one dies, and I cannot confirm a Werewolf is active, the safest assumption is that no Werewolf is currently present."
C:\Users\annab\Documents\GitHub\masters_thesis_sdg\results\voting\unsloth_gemma-4-E2B-it-unsloth-bnb-4bit\prompt_v4_run_1\Youtube\ONE#NIGHT#ULTIMATE#WEREWOLF#6##November#6th#2016_Game1.json,run_1,stochastic,Youtube,ONE#NIGHT#ULTIMATE#WEREWOLF#6##November#6th#2016,Game1,Youtube / ONE#NIGHT#ULTIMATE#WEREWOLF#6##November#6th#2016 / Game1,player_vote,Caitlynn,Caitlynn,False,False,Robber,Werewolf,"The discussion heavily focused on role swapping and identifying the Werewolf. Mitchell explicitly confirmed that Caitlynn was a werewolf, and Mike agreed that they should vote for her. This consensus suggests that Caitlynn is the Werewolf, which allows Team Village to eliminate a Werewolf and secure a win."
C:\Users\annab\Documents\GitHub\masters_thesis_sdg\results\voting\unsloth_gemma-4-E2B-it-unsloth-bnb-4bit\prompt_v4_run_1\Youtube\ONE#NIGHT#ULTIMATE#WEREWOLF#6##November#6th#2016_Game2.json,run_1,stochastic,Youtube,ONE#NIGHT#ULTIMATE#WEREWOLF#6##November#6th#2016,Game2,Youtube / ONE#NIGHT#ULTIMATE#WEREWOLF#6##November#6th#2016 / Game2,player_vote,Mitchell,Mitchell,False,False,Robber,Werewolf,"The discussion in the transcript heavily focused on identifying the Werewolf, culminating in Mitchell admitting he was the Werewolf and Caitlynn confirming this accusation. Although the night actions involved role swaps and confusion, the final consensus points to Mitchell as the player holding the Werewolf card. Eliminating him is the strongest move to ensure Team Village achieves its goal of removing a Werewolf."
C:\Users\annab\Documents\GitHub\masters_thesis_sdg\results\voting\unsloth_gemma-4-E2B-it-unsloth-bnb-4bit\prompt_v4_run_1\Youtube\ONE#NIGHT#ULTIMATE#WEREWOLF#62##March#23rd#2019_Game1.json,run_1,stochastic,Youtube,ONE#NIGHT#ULTIMATE#WEREWOLF#62##March#23rd#2019,Game1,Youtube / ONE#NIGHT#ULTIMATE#WEREWOLF#62##March#23rd#2019 / Game1,player_vote,Paul,Paul,False,False,Tanner,Werewolf,"The discussion is highly convoluted due to role swaps, making definitive identification difficult. However, Justin directly suspects James of being a werewolf, and Paul later attempts to lie or deflect suspicion. Since Team Village wins by eliminating a Werewolf, targeting the player who is actively involved in the deception and denial is a strategic move. Paul's conflicting statements and attempts to shift blame make him a prime candidate for suspicion."
C:\Users\annab\Documents\GitHub\masters_thesis_sdg\results\voting\unsloth_gemma-4-E2B-it-unsloth-bnb-4bit\prompt_v4_run_1\Youtube\ONE#NIGHT#ULTIMATE#WEREWOLF#62##March#23rd#2019_Game2.json,run_1,stochastic,Youtube,ONE#NIGHT#ULTIMATE#WEREWOLF#62##March#23rd#2019,Game2,Youtube / ONE#NIGHT#ULTIMATE#WEREWOLF#62##March#23rd#2019 / Game2,player_vote,James,James,False,False,Troublemaker,Troublemaker,"The transcript indicates that the Robber action led to the identification of a Werewolf, as Mitchell claimed to see one and Justin confirmed the robbery. Since a Werewolf was spotted, Team Village needs to eliminate a player to win. James was the victim of the Robber action, which increases his suspicion, and he was a primary target in the subsequent voting discussion. Eliminating him maximizes the chance of removing a Werewolf."
C:\Users\annab\Documents\GitHub\masters_thesis_sdg\results\voting\unsloth_gemma-4-E2B-it-unsloth-bnb-4bit\prompt_v4_run_1\Youtube\ONE#NIGHT#ULTIMATE#WEREWOLF#63##March#23rd#2019_Game1.json,run_1,stochastic,Youtube,ONE#NIGHT#ULTIMATE#WEREWOLF#63##March#23rd#2019,Game1,Youtube / ONE#NIGHT#ULTIMATE#WEREWOLF#63##March#23rd#2019 / Game1,player_vote,Justin,Justin,False,False,Tanner,Tanner,"Justin explicitly states in the discussion that he was a Werewolf (line 73), making him the most direct target for elimination to secure a Team Village victory. The discussion is highly confusing due to role swapping (Robber/Seer), suggesting high uncertainty, but Justin's self-identification provides the strongest evidence available in the transcript. Eliminating him maximizes the chance of killing a Werewolf."
C:\Users\annab\Documents\GitHub\masters_thesis_sdg\results\voting\unsloth_gemma-4-E2B-it-unsloth-bnb-4bit\prompt_v4_run_1\Youtube\ONE#NIGHT#ULTIMATE#WEREWOLF#64##March#23rd#2019_Game3.json,run_1,stochastic,Youtube,ONE#NIGHT#ULTIMATE#WEREWOLF#64##March#23rd#2019,Game3,Youtube / ONE#NIGHT#ULTIMATE#WEREWOLF#64##March#23rd#2019 / Game3,player_vote,James,James,False,True,Werewolf,Robber,"The transcript is highly confusing due to role swaps and conflicting narratives, making definitive identification difficult. However, James makes a strong accusation, claiming he robbed Mitchell who was a Werewolf, and subsequently declaring himself a Werewolf. Paul also suggests there are two Werewolves present. Since Team Village needs to eliminate a Werewolf, James is the most active suspect attempting to establish a Werewolf identity through direct accusation."
C:\Users\annab\Documents\GitHub\masters_thesis_sdg\results\voting\unsloth_gemma-4-E2B-it-unsloth-bnb-4bit\prompt_v4_run_1\Youtube\ONE#NIGHT#ULTIMATE#WEREWOLF#64##March#23rd#2019_Game4.json,run_1,stochastic,Youtube,ONE#NIGHT#ULTIMATE#WEREWOLF#64##March#23rd#2019,Game4,Youtube / ONE#NIGHT#ULTIMATE#WEREWOLF#64##March#23rd#2019 / Game4,player_vote,Paul,Paul,False,True,Werewolf,Werewolf,"The discussion heavily suggests that two players are Werewolves, with Justin and James pointing suspicion toward Paul. Justin explicitly suggests voting Paul out, and James also advocates for killing Paul. Since Team Village wins by eliminating a Werewolf, voting Paul out is the optimal strategy based on the current consensus in the transcript."
C:\Users\annab\Documents\GitHub\masters_thesis_sdg\results\voting\unsloth_gemma-4-E2B-it-unsloth-bnb-4bit\prompt_v4_run_1\Youtube\ONE#NIGHT#ULTIMATE#WEREWOLF#64##March#23rd#2019_Game5.json,run_1,stochastic,Youtube,ONE#NIGHT#ULTIMATE#WEREWOLF#64##March#23rd#2019,Game5,Youtube / ONE#NIGHT#ULTIMATE#WEREWOLF#64##March#23rd#2019 / Game5,player_vote,James,James,False,False,Robber,Werewolf,"The discussion centers heavily on role swapping and identifying the Werewolf. Justin explicitly states that he believes James is still a werewolf and intends to vote for him and kill him (119). While other players express uncertainty, Justin's direct accusation makes James the primary target for elimination to secure a win for Team Village."
C:\Users\annab\Documents\GitHub\masters_thesis_sdg\results\voting\unsloth_gemma-4-E2B-it-unsloth-bnb-4bit\prompt_v4_run_1\Youtube\ONE#NIGHT#ULTIMATE#WEREWOLF#7##November#6th#2016_Game1.json,run_1,stochastic,Youtube,ONE#NIGHT#ULTIMATE#WEREWOLF#7##November#6th#2016,Game1,Youtube / ONE#NIGHT#ULTIMATE#WEREWOLF#7##November#6th#2016 / Game1,player_vote,Alana,Alana,False,True,Werewolf,Robber,"Alana explicitly argues that based on the card swaps and logic, she is the sole Werewolf, stating 'So there really is only one werewolf and logically it's me.' Since Team Village wins by eliminating a Werewolf, voting Alana out is the most strategic move to secure a victory. Although other players remain suspects, Alana's self-identification, supported by the confusion surrounding the roles, makes her the prime target."
C:\Users\annab\Documents\GitHub\masters_thesis_sdg\results\voting\unsloth_gemma-4-E2B-it-unsloth-bnb-4bit\prompt_v4_run_1\Youtube\ONE#NIGHT#ULTIMATE#WEREWOLF#7##November#6th#2016_Game2.json,run_1,stochastic,Youtube,ONE#NIGHT#ULTIMATE#WEREWOLF#7##November#6th#2016,Game2,Youtube / ONE#NIGHT#ULTIMATE#WEREWOLF#7##November#6th#2016 / Game2,player_vote,Caitlynn,Caitlynn,False,False,Tanner,Tanner,"The discussion centers around identifying the Werewolf and the Tanner, with Mitchell ultimately suggesting that Caitlynn is the Werewolf and Alana is the Tanner. Caitlynn directly claimed Mike was the Werewolf, and the subsequent debate about role swaps and who saw what in the center leads to the conclusion that Caitlynn is the target."
C:\Users\annab\Documents\GitHub\masters_thesis_sdg\results\voting\unsloth_gemma-4-E2B-it-unsloth-bnb-4bit\prompt_v4_run_1\Youtube\ONE#NIGHT#ULTIMATE#WEREWOLF#7##November#6th#2016_Game3.json,run_1,stochastic,Youtube,ONE#NIGHT#ULTIMATE#WEREWOLF#7##November#6th#2016,Game3,Youtube / ONE#NIGHT#ULTIMATE#WEREWOLF#7##November#6th#2016 / Game3,player_vote,Mitchell,Mitchell,False,True,Werewolf,Werewolf,"The discussion is highly confusing due to multiple role swaps, but the conversation ultimately centers on identifying the Werewolf. Mike makes a strong accusation that Mitchell is the Werewolf, and Mitchell confirms this suspicion, although he initially claimed to be the Tanner. To ensure Team Village wins, we must eliminate the suspected Werewolf, Mitchell, to prevent Team Werewolf from winning."
C:\Users\annab\Documents\GitHub\masters_thesis_sdg\results\voting\unsloth_gemma-4-E2B-it-unsloth-bnb-4bit\prompt_v4_run_1\Youtube\ONE#NIGHT#ULTIMATE#WEREWOLF#7##November#6th#2016_Game4.json,run_1,stochastic,Youtube,ONE#NIGHT#ULTIMATE#WEREWOLF#7##November#6th#2016,Game4,Youtube / ONE#NIGHT#ULTIMATE#WEREWOLF#7##November#6th#2016 / Game4,player_vote,Caitlynn,Caitlynn,False,True,Werewolf,Werewolf,"The discussion centers around role swaps and identifying the Werewolf, with Mitchell expressing strong confidence that Caitlynn is the Werewolf. Alana explicitly states that the team 'just have to kill one werewolf,' indicating a collective intent to eliminate a Werewolf. While the evidence is based on player belief and accusations rather than concrete actions, Mitchell's conviction makes Caitlynn the primary target for elimination to achieve the objective of Team Village."
C:\Users\annab\Documents\GitHub\masters_thesis_sdg\results\voting\unsloth_gemma-4-E2B-it-unsloth-bnb-4bit\prompt_v4_run_1\Youtube\ONE#NIGHT#ULTIMATE#WEREWOLF#8##November#6th#2016_Game1.json,run_1,stochastic,Youtube,ONE#NIGHT#ULTIMATE#WEREWOLF#8##November#6th#2016,Game1,Youtube / ONE#NIGHT#ULTIMATE#WEREWOLF#8##November#6th#2016 / Game1,player_vote,Mitchell,Mitchell,False,False,Tanner,Tanner,"Mitchell explicitly claims to be the Werewolf multiple times during the discussion, stating 'I'm the werewolf' and 'I was the werewolf'. While role swapping is possible, this direct self-identification provides the strongest immediate evidence for Team Village to target. Eliminating the suspected Werewolf is the quickest path to victory for Team Village."
C:\Users\annab\Documents\GitHub\masters_thesis_sdg\results\voting\unsloth_gemma-4-E2B-it-unsloth-bnb-4bit\prompt_v4_run_1\Youtube\ONE#NIGHT#ULTIMATE#WEREWOLF#8##November#6th#2016_Game4.json,run_1,stochastic,Youtube,ONE#NIGHT#ULTIMATE#WEREWOLF#8##November#6th#2016,Game4,Youtube / ONE#NIGHT#ULTIMATE#WEREWOLF#8##November#6th#2016 / Game4,player_vote,Alana,Alana,False,False,Insomniac,Tanner,"The transcript does not provide enough concrete evidence to definitively identify the Werewolf. However, Mike explicitly states a suspicion, saying 'I think you're the werewolf' to Alana. In the absence of definitive proof, targeting the player who expressed suspicion is a logical choice to attempt to eliminate a Werewolf and secure a victory for Team Village."
C:\Users\annab\Documents\GitHub\masters_thesis_sdg\results\voting\unsloth_gemma-4-E2B-it-unsloth-bnb-4bit\prompt_v4_run_1\Youtube\ONE#NIGHT#ULTIMATE#WEREWOLF#83##October#15th#2019_Game2.json,run_1,stochastic,Youtube,ONE#NIGHT#ULTIMATE#WEREWOLF#83##October#15th#2019,Game2,Youtube / ONE#NIGHT#ULTIMATE#WEREWOLF#83##October#15th#2019 / Game2,player_vote,Caitlynn,Caitlynn,False,False,Robber,Robber,"Mike explicitly claimed to be the Werewolf during the discussion, and subsequent voting actions, including Mike's vote for Caitlynn, suggest this is the line of inquiry. While the role swapping makes definitive identification difficult, targeting the player who openly claims the Werewolf role is the most direct path to achieving the Team Village win condition. If Mike is indeed the Werewolf, eliminating Caitlynn ensures Team Village eliminates a Werewolf."
C:\Users\annab\Documents\GitHub\masters_thesis_sdg\results\voting\unsloth_gemma-4-E2B-it-unsloth-bnb-4bit\prompt_v4_run_1\Youtube\ONE#NIGHT#ULTIMATE#WEREWOLF#83##October#15th#2019_Game3.json,run_1,stochastic,Youtube,ONE#NIGHT#ULTIMATE#WEREWOLF#83##October#15th#2019,Game3,Youtube / ONE#NIGHT#ULTIMATE#WEREWOLF#83##October#15th#2019 / Game3,player_vote,Mike,Mike,False,False,Robber,Troublemaker,"Mike explicitly states in the transcript that he was a regular werewolf, confirming his role as a member of Team Werewolf. Since Team Village wins by eliminating a Werewolf, voting out Mike is the necessary action to achieve victory. Given the strong evidence pointing to Mike's identity, he is the primary target."
C:\Users\annab\Documents\GitHub\masters_thesis_sdg\results\voting\unsloth_gemma-4-E2B-it-unsloth-bnb-4bit\prompt_v4_run_1\Youtube\ONE#NIGHT#ULTIMATE#WEREWOLF#86##November#9th#2019_Game1.json,run_1,stochastic,Youtube,ONE#NIGHT#ULTIMATE#WEREWOLF#86##November#9th#2019,Game1,Youtube / ONE#NIGHT#ULTIMATE#WEREWOLF#86##November#9th#2019 / Game1,circle_vote,No Werewolf,,True,False,,,"The discussion revolves around the credibility of Mike's statement that he did not see a Werewolf, which is crucial for determining if any Werewolf is present. However, the evidence is inconclusive, with both Mike and Justin contradicting each other regarding what they saw. Given the lack of solid evidence pointing to a Werewolf, and the possibility that the Werewolf card is in the center, it is safer to assume no Werewolf is present to ensure Team Village wins based on the win condition: 'If no player is a Werewolf and no one dies.'"
C:\Users\annab\Documents\GitHub\masters_thesis_sdg\results\voting\unsloth_gemma-4-E2B-it-unsloth-bnb-4bit\prompt_v4_run_1\Youtube\ONE#NIGHT#ULTIMATE#WEREWOLF#86##November#9th#2019_Game3.json,run_1,stochastic,Youtube,ONE#NIGHT#ULTIMATE#WEREWOLF#86##November#9th#2019,Game3,Youtube / ONE#NIGHT#ULTIMATE#WEREWOLF#86##November#9th#2019 / Game3,player_vote,Mitchell,Mitchell,False,False,Robber,Werewolf,"The transcript is highly confusing due to multiple role swaps and conflicting accusations regarding who is the Werewolf or the Tanner. Mitchell claims to have started as a Werewolf, and Justin accuses Mitchell of being a Tanner and a Werewolf. Given the high level of uncertainty, Mitchell is the most suspicious player due to the role-swapping claims and direct accusations. Voting for Mitchell maximizes the chance of eliminating a Werewolf and securing a victory for Team Village."
C:\Users\annab\Documents\GitHub\masters_thesis_sdg\results\voting\unsloth_gemma-4-E2B-it-unsloth-bnb-4bit\prompt_v4_run_1\Youtube\ONE#NIGHT#ULTIMATE#WEREWOLF#86##November#9th#2019_Game4.json,run_1,stochastic,Youtube,ONE#NIGHT#ULTIMATE#WEREWOLF#86##November#9th#2019,Game4,Youtube / ONE#NIGHT#ULTIMATE#WEREWOLF#86##November#9th#2019 / Game4,player_vote,Mike,Mike,False,True,Werewolf,Tanner,"The discussion is highly confusing due to suspected role swapping and lying, but Mike initially claimed to be the Werewolf. Justin later suggested that Mike may have robbed him and switched roles, implying Mike is still a Werewolf. Since Team Village wins by eliminating a Werewolf, voting for Mike is the most direct strategy to achieve this goal. While other players are also involved in suspicious actions, Mike remains the primary suspect based on the transcript."
C:\Users\annab\Documents\GitHub\masters_thesis_sdg\results\voting\unsloth_gemma-4-E2B-it-unsloth-bnb-4bit\prompt_v4_run_1\Youtube\ONE#NIGHT#ULTIMATE#WEREWOLF#87##November#9th#2019_Game1.json,run_1,stochastic,Youtube,ONE#NIGHT#ULTIMATE#WEREWOLF#87##November#9th#2019,Game1,Youtube / ONE#NIGHT#ULTIMATE#WEREWOLF#87##November#9th#2019 / Game1,circle_vote,No Werewolf,,True,False,,,"The discussion is heavily focused on role swapping and mutual accusations, making it impossible to definitively identify a Werewolf. Paul suggests Mitchell and Justin are Werewolves, while Justin suspects Mike is the Tanner. Since there is no concrete evidence of a Werewolf action or confirmed role, I cannot confidently identify a target. To minimize the risk of eliminating a Villager, I will indicate that I believe no Werewolf is present."
C:\Users\annab\Documents\GitHub\masters_thesis_sdg\results\voting\unsloth_gemma-4-E2B-it-unsloth-bnb-4bit\prompt_v4_run_1\Youtube\ONE#NIGHT#ULTIMATE#WEREWOLF#87##November#9th#2019_Game2.json,run_1,stochastic,Youtube,ONE#NIGHT#ULTIMATE#WEREWOLF#87##November#9th#2019,Game2,Youtube / ONE#NIGHT#ULTIMATE#WEREWOLF#87##November#9th#2019 / Game2,player_vote,Justin,Justin,False,False,Robber,Troublemaker,"The discussion in the transcript strongly suggests Justin is the Werewolf, as Paul and Mike ultimately accuse him of switching cards and he is identified as the target by multiple players. To ensure Team Village wins, they must eliminate a Werewolf. Therefore, voting for Justin is the most strategically sound move based on the gathered evidence."
C:\Users\annab\Documents\GitHub\masters_thesis_sdg\results\voting\unsloth_gemma-4-E2B-it-unsloth-bnb-4bit\prompt_v4_run_1\Youtube\ONE#NIGHT#ULTIMATE#WEREWOLF#89##November#30th#2019_Game2.json,run_1,stochastic,Youtube,ONE#NIGHT#ULTIMATE#WEREWOLF#89##November#30th#2019,Game2,Youtube / ONE#NIGHT#ULTIMATE#WEREWOLF#89##November#30th#2019 / Game2,player_vote,Justin,Justin,False,True,Werewolf,Werewolf,"The transcript indicates significant role swapping occurred during the night phase, which is common in this game type. Ultimately, James explicitly identifies Justin as the Werewolf at the end of the discussion, confirming the presence of a Werewolf. Since Team Village wins by eliminating a Werewolf, the logical move is to vote for the player identified as the Werewolf."
C:\Users\annab\Documents\GitHub\masters_thesis_sdg\results\voting\unsloth_gemma-4-E2B-it-unsloth-bnb-4bit\prompt_v4_run_1\Youtube\ONE#NIGHT#ULTIMATE#WEREWOLF#89##November#30th#2019_Game3.json,run_1,stochastic,Youtube,ONE#NIGHT#ULTIMATE#WEREWOLF#89##November#30th#2019,Game3,Youtube / ONE#NIGHT#ULTIMATE#WEREWOLF#89##November#30th#2019 / Game3,player_vote,Mitchell,Mitchell,False,True,Werewolf,Robber,"Mitchell explicitly states during the discussion that he is a werewolf with 100% certainty, which is a direct claim for elimination. Although James also claims to be a werewolf, Mitchell's statement provides a clearer indicator of a Werewolf card being present. To maximize the chance of Team Village winning, I will vote for Mitchell to eliminate a suspected Werewolf."
C:\Users\annab\Documents\GitHub\masters_thesis_sdg\results\voting\unsloth_gemma-4-E2B-it-unsloth-bnb-4bit\prompt_v4_run_1\Youtube\ONE#NIGHT#ULTIMATE#WEREWOLF#9##November#6th#2016_Game1.json,run_1,stochastic,Youtube,ONE#NIGHT#ULTIMATE#WEREWOLF#9##November#6th#2016,Game1,Youtube / ONE#NIGHT#ULTIMATE#WEREWOLF#9##November#6th#2016 / Game1,player_vote,Caitlynn,Caitlynn,False,False,Tanner,Tanner,"The transcript indicates that Mitchell (the Seer) and Mike (who woke up as the Insomniac) believe that the two cards Mitchell observed in the center are Werewolves. They conclude that the remaining players, Caitlynn and Alana, must contain the Werewolves. To ensure Team Village wins, a Werewolf must be eliminated. Therefore, voting for either Caitlynn or Alana is the necessary action."
C:\Users\annab\Documents\GitHub\masters_thesis_sdg\results\voting\unsloth_gemma-4-E2B-it-unsloth-bnb-4bit\prompt_v4_run_1\Youtube\ONE#NIGHT#ULTIMATE#WEREWOLF#9##November#6th#2016_Game2.json,run_1,stochastic,Youtube,ONE#NIGHT#ULTIMATE#WEREWOLF#9##November#6th#2016,Game2,Youtube / ONE#NIGHT#ULTIMATE#WEREWOLF#9##November#6th#2016 / Game2,player_vote,Mike,Mike,False,False,Robber,Troublemaker,"The transcript shows significant confusion and accusations regarding card swapping and identity, leading to strong suspicion among the players. Mike was directly accused of being the Werewolf by Caitlynn, and he was also involved in the card manipulation discussions. Since Team Village needs to eliminate a Werewolf to win, voting out the most heavily suspected player is the logical strategy to maximize the chance of success."
C:\Users\annab\Documents\GitHub\masters_thesis_sdg\results\voting\unsloth_gemma-4-E2B-it-unsloth-bnb-4bit\prompt_v4_run_1\Youtube\ONE#NIGHT#ULTIMATE#WEREWOLF#9##November#6th#2016_Game3.json,run_1,stochastic,Youtube,ONE#NIGHT#ULTIMATE#WEREWOLF#9##November#6th#2016,Game3,Youtube / ONE#NIGHT#ULTIMATE#WEREWOLF#9##November#6th#2016 / Game3,circle_vote,No Werewolf,,True,False,,,"The discussion centers on speculating whether Mike is the Tanner or the Werewolf, based on his anxiety and quick speaking style. While there is suspicion directed towards him, the transcript does not contain any concrete evidence or confirmed actions that definitively point to a Werewolf. Since Team Village wins if no Werewolves are present, and I cannot confirm any Werewolf is active, I must assume no Werewolf is present."
C:\Users\annab\Documents\GitHub\masters_thesis_sdg\results\voting\unsloth_gemma-4-E2B-it-unsloth-bnb-4bit\prompt_v4_run_1\Youtube\ONE#NIGHT#ULTIMATE#WEREWOLF#9##November#6th#2016_Game4.json,run_1,stochastic,Youtube,ONE#NIGHT#ULTIMATE#WEREWOLF#9##November#6th#2016,Game4,Youtube / ONE#NIGHT#ULTIMATE#WEREWOLF#9##November#6th#2016 / Game4,circle_vote,No Werewolf,,True,False,,,"The discussion transcript is heavily focused on role swapping, uncertainty, and meta-game mechanics rather than behavioral clues that would definitively identify a Werewolf. Players are debating who switched roles and the probability of certain roles, but no player has been directly accused or shown suspicious behavior that warrants elimination. Since there is no concrete evidence pointing to a Werewolf, the safest assumption is that no Werewolf is present."
C:\Users\annab\Documents\GitHub\masters_thesis_sdg\results\voting\unsloth_gemma-4-E2B-it-unsloth-bnb-4bit\prompt_v4_run_1\Youtube\One#Night#Ultimate#Werewolf#GAME#NIGHT!!_Game2.json,run_1,stochastic,Youtube,One#Night#Ultimate#Werewolf#GAME#NIGHT!!,Game2,Youtube / One#Night#Ultimate#Werewolf#GAME#NIGHT!! / Game2,player_vote,Shane,Shane,False,True,Werewolf,Robber,"The discussion centers around role swaps, specifically Shane claiming to be the Robber and switching cards with Eric, which led to the conclusion that Shane became the Werewolf. Shane explicitly admits to the swap and later confirms he was the werewolf, indicating he is likely trying to deceive the group. Since Team Village wins by eliminating a Werewolf, voting for Shane is the necessary move to secure victory."
C:\Users\annab\Documents\GitHub\masters_thesis_sdg\results\voting\unsloth_gemma-4-E2B-it-unsloth-bnb-4bit\prompt_v4_run_1\Youtube\Retrovision##ONE#NIGHT#ULTIMATE#WEREWOLF##Retro#7_Game1.json,run_1,stochastic,Youtube,Retrovision##ONE#NIGHT#ULTIMATE#WEREWOLF##Retro#7,Game1,Youtube / Retrovision##ONE#NIGHT#ULTIMATE#WEREWOLF##Retro#7 / Game1,player_vote,Paul,Paul,False,True,Werewolf,Werewolf,"The transcript is highly confusing due to role swaps, making definitive identification of Werewolves impossible. However, Paul claimed to be the Troublemaker and admitted to switching cards, which makes him a highly suspicious player. Since Team Village needs to eliminate a Werewolf to win, targeting a player who has shown manipulative behavior is a strong strategic move, regardless of their actual role."
C:\Users\annab\Documents\GitHub\masters_thesis_sdg\results\voting\unsloth_gemma-4-E2B-it-unsloth-bnb-4bit\prompt_v4_run_1\Youtube\Retrovision##ONE#NIGHT#ULTIMATE#WEREWOLF##Retro#7_Game2.json,run_1,stochastic,Youtube,Retrovision##ONE#NIGHT#ULTIMATE#WEREWOLF##Retro#7,Game2,Youtube / Retrovision##ONE#NIGHT#ULTIMATE#WEREWOLF##Retro#7 / Game2,player_vote,Mike,Mike,False,True,Werewolf,Werewolf,"The transcript provides strong evidence pointing towards Mike as the Werewolf. Mike claims the Werewolf role, and later, he reveals that the center card was identified as a Werewolf. Furthermore, Eric confirms that a Villager card was also drawn from the center. Given that Team Village wins by eliminating a Werewolf, voting for Mike is the necessary action to achieve this goal."
C:\Users\annab\Documents\GitHub\masters_thesis_sdg\results\voting\unsloth_gemma-4-E2B-it-unsloth-bnb-4bit\prompt_v4_run_1\Youtube\Retrovision##ONE#NIGHT#ULTIMATE#WEREWOLF##Retro#7_Game3.json,run_1,stochastic,Youtube,Retrovision##ONE#NIGHT#ULTIMATE#WEREWOLF##Retro#7,Game3,Youtube / Retrovision##ONE#NIGHT#ULTIMATE#WEREWOLF##Retro#7 / Game3,player_vote,Mitchell,Mitchell,False,False,Troublemaker,Troublemaker,"The discussion indicates high suspicion regarding the Werewolf role, with multiple players pointing towards Justin and Mitchell as potential Werewolves. Mitchell himself suggested Justin was the Werewolf, and other players like Eric and Paul confirmed Mitchell's suspicion. Since Team Village wins by eliminating a Werewolf, voting out Mitchell is the most strategic move to eliminate a potential threat and increase the chances of victory."
C:\Users\annab\Documents\GitHub\masters_thesis_sdg\results\voting\unsloth_gemma-4-E2B-it-unsloth-bnb-4bit\prompt_v4_run_1\Youtube\Retrovision##ONE#NIGHT#ULTIMATE#WEREWOLF##Retro#7_Game4.json,run_1,stochastic,Youtube,Retrovision##ONE#NIGHT#ULTIMATE#WEREWOLF##Retro#7,Game4,Youtube / Retrovision##ONE#NIGHT#ULTIMATE#WEREWOLF##Retro#7 / Game4,player_vote,Paul,Paul,False,False,Villager,Villager,"The discussion centers heavily around role swapping, making definitive identification difficult, but Paul initially claimed to have started as a Werewolf. Since Team Village wins by eliminating a Werewolf, targeting the player who claims this dangerous role is the most strategic move. Although Paul later retracts this claim, his initial assertion makes him the primary suspect for the Werewolf card."
C:\Users\annab\Documents\GitHub\masters_thesis_sdg\results\voting\unsloth_gemma-4-E2B-it-unsloth-bnb-4bit\prompt_v4_run_1\Youtube\Retrovision##ONE#NIGHT#ULTIMATE#WEREWOLF##Retro#7_Game5.json,run_1,stochastic,Youtube,Retrovision##ONE#NIGHT#ULTIMATE#WEREWOLF##Retro#7,Game5,Youtube / Retrovision##ONE#NIGHT#ULTIMATE#WEREWOLF##Retro#7 / Game5,player_vote,Eric,Eric,False,False,Tanner,Werewolf,"The discussion heavily suggests that Eric and Mitchell are claiming to be Werewolves, with Justin also pointing suspicion toward Eric. Since Team Village wins by eliminating a Werewolf, targeting the players who explicitly claim this role is the strongest strategy. Eric makes a direct accusation and claims to have seen another Werewolf, making him a prime target for the vote."
C:\Users\annab\Documents\GitHub\masters_thesis_sdg\results\voting\unsloth_gemma-4-E2B-it-unsloth-bnb-4bit\prompt_v4_run_1\Youtube\The#Return#of#the#King##ONE#NIGHT#ULTIMATE#WEREWOLF_Game5.json,run_1,stochastic,Youtube,The#Return#of#the#King##ONE#NIGHT#ULTIMATE#WEREWOLF,Game5,Youtube / The#Return#of#the#King##ONE#NIGHT#ULTIMATE#WEREWOLF / Game5,player_vote,Mitchell,Mitchell,False,True,Werewolf,Werewolf,"The discussion strongly suggests that Mitchell is a Werewolf, as Justin, Paul, and Tyler all accuse him of being one. Since Team Village wins by eliminating a Werewolf, voting Mitchell out is the most direct path to victory. Although the voting process itself is highly confusing and contradictory, Mitchell is the primary target identified by other players."
C:\Users\annab\Documents\GitHub\masters_thesis_sdg\results\voting\unsloth_gemma-4-E2B-it-unsloth-bnb-4bit\prompt_v4_run_1\Youtube\The#Return#of#the#King##ONE#NIGHT#ULTIMATE#WEREWOLF_Game6.json,run_1,stochastic,Youtube,The#Return#of#the#King##ONE#NIGHT#ULTIMATE#WEREWOLF,Game6,Youtube / The#Return#of#the#King##ONE#NIGHT#ULTIMATE#WEREWOLF / Game6,player_vote,Paul,Paul,False,True,Werewolf,Werewolf,"The discussion heavily focuses on role swapping and identifying potential Werewolves or Tanners, with Paul being heavily implicated in these suspicions. Mitchell ultimately votes for Paul, indicating a strong belief that Paul is the target. Since Team Village wins by eliminating a Werewolf, voting out the player most suspected of being a Werewolf is the most logical move based on the transcript."
C:\Users\annab\Documents\GitHub\masters_thesis_sdg\results\voting\unsloth_gemma-4-E2B-it-unsloth-bnb-4bit\prompt_v4_run_1\Youtube\The#Return#of#the#King##ONE#NIGHT#ULTIMATE#WEREWOLF_Game7.json,run_1,stochastic,Youtube,The#Return#of#the#King##ONE#NIGHT#ULTIMATE#WEREWOLF,Game7,Youtube / The#Return#of#the#King##ONE#NIGHT#ULTIMATE#WEREWOLF / Game7,player_vote,Tyler,Tyler,False,False,Tanner,Werewolf,"Tyler explicitly claimed that he saw at least one werewolf card in the center, which is the strongest piece of evidence suggesting a Werewolf is present. Although this claim could be a lie, in the context of the game, it provides the clearest path to eliminating a Werewolf and securing a win for Team Village. Voting for the player making the most incriminating claim is the logical strategy."
C:\Users\annab\Documents\GitHub\masters_thesis_sdg\results\voting\unsloth_gemma-4-E2B-it-unsloth-bnb-4bit\prompt_v4_run_1\Youtube\Visions#from#2016##ONE#NIGHT#ULTIMATE#WEREWOLF##Retro#11_Game1.json,run_1,stochastic,Youtube,Visions#from#2016##ONE#NIGHT#ULTIMATE#WEREWOLF##Retro#11,Game1,Youtube / Visions#from#2016##ONE#NIGHT#ULTIMATE#WEREWOLF##Retro#11 / Game1,player_vote,Justin,Justin,False,True,Werewolf,Werewolf,"The discussion transcript focuses heavily on role swapping and identifying the Tanner, rather than concrete Werewolf actions. However, Paul explicitly states that Justin is the only possible werewolf, suggesting a degree of suspicion is already established among the players. Since Team Village wins by eliminating a Werewolf, targeting the player who has been singled out as potentially dangerous is the optimal move. This vote attempts to eliminate the most likely threat based on the current dialogue."
C:\Users\annab\Documents\GitHub\masters_thesis_sdg\results\voting\unsloth_gemma-4-E2B-it-unsloth-bnb-4bit\prompt_v4_run_1\Youtube\Visions#from#2016##ONE#NIGHT#ULTIMATE#WEREWOLF##Retro#11_Game2.json,run_1,stochastic,Youtube,Visions#from#2016##ONE#NIGHT#ULTIMATE#WEREWOLF##Retro#11,Game2,Youtube / Visions#from#2016##ONE#NIGHT#ULTIMATE#WEREWOLF##Retro#11 / Game2,circle_vote,No Werewolf,,True,False,,,"The discussion is highly inconclusive, revolving around suspicions regarding Paul's role—whether he is a Werewolf or the Tanner. While Justin and Mitchell express suspicion, the evidence is not definitive enough to confirm a Werewolf. Since Team Village wins only by eliminating a Werewolf, and the transcript does not provide concrete proof of a Werewolf, I cannot confidently make an accusation."
C:\Users\annab\Documents\GitHub\masters_thesis_sdg\results\voting\unsloth_gemma-4-E2B-it-unsloth-bnb-4bit\prompt_v4_run_1\Youtube\Visions#from#2016##ONE#NIGHT#ULTIMATE#WEREWOLF##Retro#11_Game3.json,run_1,stochastic,Youtube,Visions#from#2016##ONE#NIGHT#ULTIMATE#WEREWOLF##Retro#11,Game3,Youtube / Visions#from#2016##ONE#NIGHT#ULTIMATE#WEREWOLF##Retro#11 / Game3,player_vote,Laura,Laura,False,True,Werewolf,Werewolf,"Laura explicitly claims to be the Werewolf, and the discussion centers around whether she is truthful, which is a strong indicator. While other players are suspected of being the Tanner or Hunter, Laura's direct claim makes her the most immediate target for Team Village to eliminate a Werewolf. If she is indeed the Werewolf, this vote secures a win for Team Village."
C:\Users\annab\Documents\GitHub\masters_thesis_sdg\results\voting\unsloth_gemma-4-E2B-it-unsloth-bnb-4bit\prompt_v4_run_1\Youtube\Visions#from#2016##ONE#NIGHT#ULTIMATE#WEREWOLF##Retro#11_Game4.json,run_1,stochastic,Youtube,Visions#from#2016##ONE#NIGHT#ULTIMATE#WEREWOLF##Retro#11,Game4,Youtube / Visions#from#2016##ONE#NIGHT#ULTIMATE#WEREWOLF##Retro#11 / Game4,player_vote,Paul,Paul,False,True,Werewolf,Mason,"The transcript strongly indicates that Paul and Mitchell are the Werewolves, as they explicitly confirm they are both Werewolves and discuss who should be eliminated. Since Team Village wins by eliminating a Werewolf, voting for either of them is the correct strategy. Paul confirms he was a Werewolf, and the consensus in the voting phase focuses on eliminating them. Eliminating one of the confirmed Werewolves is necessary to secure Team Village's victory."
C:\Users\annab\Documents\GitHub\masters_thesis_sdg\results\voting\unsloth_gemma-4-E2B-it-unsloth-bnb-4bit\prompt_v4_run_1\Youtube\Visions#from#2016##ONE#NIGHT#ULTIMATE#WEREWOLF##Retro#11_Game5.json,run_1,stochastic,Youtube,Visions#from#2016##ONE#NIGHT#ULTIMATE#WEREWOLF##Retro#11,Game5,Youtube / Visions#from#2016##ONE#NIGHT#ULTIMATE#WEREWOLF##Retro#11 / Game5,player_vote,Mitchell,Mitchell,False,True,Werewolf,Werewolf,"The discussion centers heavily on identifying the Werewolf and role confusion, suggesting that the Werewolves are actively trying to sow doubt and create distrust among the players. Mitchell is heavily involved in the Werewolf speculation and his role claims (Hunter) are contested, making him a prime suspect. Eliminating him maximizes the chances of removing a Werewolf and securing a victory for Team Village."
C:\Users\annab\Documents\GitHub\masters_thesis_sdg\results\voting\unsloth_gemma-4-E2B-it-unsloth-bnb-4bit\prompt_v4_run_1\Youtube\Way#Way#Back##ONE#NIGHT#ULTIMATE#WEREWOLF##Retro#10_Game1.json,run_1,stochastic,Youtube,Way#Way#Back##ONE#NIGHT#ULTIMATE#WEREWOLF##Retro#10,Game1,Youtube / Way#Way#Back##ONE#NIGHT#ULTIMATE#WEREWOLF##Retro#10 / Game1,player_vote,Justin,Justin,False,False,Villager,Werewolf,"Justin explicitly states in the discussion that he was the Werewolf, which is the strongest piece of evidence for identifying a Werewolf. Since Team Village wins by eliminating a Werewolf, voting for Justin directly targets the potential threat. Although the discussion is chaotic due to role swapping accusations, Justin's self-identification must be considered a viable lead."
C:\Users\annab\Documents\GitHub\masters_thesis_sdg\results\voting\unsloth_gemma-4-E2B-it-unsloth-bnb-4bit\prompt_v4_run_1\Youtube\Way#Way#Back##ONE#NIGHT#ULTIMATE#WEREWOLF##Retro#10_Game2.json,run_1,stochastic,Youtube,Way#Way#Back##ONE#NIGHT#ULTIMATE#WEREWOLF##Retro#10,Game2,Youtube / Way#Way#Back##ONE#NIGHT#ULTIMATE#WEREWOLF##Retro#10 / Game2,player_vote,Mitchell,Mitchell,False,False,Seer,Seer,"The discussion is highly confusing due to multiple role swaps (Tanner, Insomniac, Seer) and conflicting claims about what was seen during the night. However, Mitchell is directly accused by James of being a 'dirty werewolf' and is the target of a vote by Justin. Mitchell's actions, including claiming to see a Robber and attempting to frame James, suggest he is a strong suspect. Eliminating Mitchell increases the chances of Team Village eliminating a Werewolf."
C:\Users\annab\Documents\GitHub\masters_thesis_sdg\results\voting\unsloth_gemma-4-E2B-it-unsloth-bnb-4bit\prompt_v4_run_1\Youtube\Way#Way#Back##ONE#NIGHT#ULTIMATE#WEREWOLF##Retro#10_Game3.json,run_1,stochastic,Youtube,Way#Way#Back##ONE#NIGHT#ULTIMATE#WEREWOLF##Retro#10,Game3,Youtube / Way#Way#Back##ONE#NIGHT#ULTIMATE#WEREWOLF##Retro#10 / Game3,circle_vote,No Werewolf,,True,False,,,"The discussion remains highly speculative, with multiple players pointing suspicion towards Laura being the Werewolf. However, Mitchell explicitly states his gut feeling that there is no Werewolf present, suggesting that all Werewolf cards might be in the center role pool. Since Team Village wins if no Werewolves are present and no one dies, voting for a player based on weak speculation risks losing the game if the Werewolf is innocent. Therefore, the safest strategic move is to assume no Werewolf is present."
C:\Users\annab\Documents\GitHub\masters_thesis_sdg\results\voting\unsloth_gemma-4-E2B-it-unsloth-bnb-4bit\prompt_v4_run_1\Youtube\Way#Way#Back##ONE#NIGHT#ULTIMATE#WEREWOLF##Retro#10_Game4.json,run_1,stochastic,Youtube,Way#Way#Back##ONE#NIGHT#ULTIMATE#WEREWOLF##Retro#10,Game4,Youtube / Way#Way#Back##ONE#NIGHT#ULTIMATE#WEREWOLF##Retro#10 / Game4,player_vote,James,James,False,False,Tanner,Tanner,"The transcript contains a direct accusation made by Justin, who stated 'Yeah' when James suggested Justin was the werewolf. Although the game involves significant role swapping and deception, this is the only explicit claim of Werewolf identity found in the discussion. Eliminating James is the most direct path to achieving the goal of removing a Werewolf and securing a win for Team Village."
C:\Users\annab\Documents\GitHub\masters_thesis_sdg\results\voting\unsloth_gemma-4-E2B-it-unsloth-bnb-4bit\prompt_v4_run_1\Youtube\Way#Way#Back##ONE#NIGHT#ULTIMATE#WEREWOLF##Retro#10_Game5.json,run_1,stochastic,Youtube,Way#Way#Back##ONE#NIGHT#ULTIMATE#WEREWOLF##Retro#10,Game5,Youtube / Way#Way#Back##ONE#NIGHT#ULTIMATE#WEREWOLF##Retro#10 / Game5,player_vote,Laura,Laura,False,True,Werewolf,Werewolf,"The discussion heavily centers around identifying the Werewolf, with Laura being repeatedly implicated and claimed to be the Werewolf by multiple players. While other players claim different roles (e.g., Mitchell claiming to be the Tanner, James claiming to be the Troublemaker Werewolf), Laura's role is the most consistently targeted threat. Eliminating her maximizes the chance of Team Village winning by removing a Werewolf."
C:\Users\annab\Documents\GitHub\masters_thesis_sdg\results\voting\unsloth_gemma-4-E2B-it-unsloth-bnb-4bit\prompt_v4_run_1\Youtube\Ye#Olde#Times##ONE#NIGHT#ULTIMATE#WEREWOLF##Retro#8_Game1.json,run_1,stochastic,Youtube,Ye#Olde#Times##ONE#NIGHT#ULTIMATE#WEREWOLF##Retro#8,Game1,Youtube / Ye#Olde#Times##ONE#NIGHT#ULTIMATE#WEREWOLF##Retro#8 / Game1,player_vote,Justin,Justin,False,True,Werewolf,Werewolf,"Justin explicitly claimed to be the Werewolf during the Night phase, making him the primary suspect. Furthermore, during the Voting phase, both Mitchell and Eric expressed a desire to vote him out, indicating strong suspicion. Eliminating Justin maximizes the chances of Team Village winning by removing the Werewolf, aligning with the team's primary goal."
C:\Users\annab\Documents\GitHub\masters_thesis_sdg\results\voting\unsloth_gemma-4-E2B-it-unsloth-bnb-4bit\prompt_v4_run_1\Youtube\Ye#Olde#Times##ONE#NIGHT#ULTIMATE#WEREWOLF##Retro#8_Game2.json,run_1,stochastic,Youtube,Ye#Olde#Times##ONE#NIGHT#ULTIMATE#WEREWOLF##Retro#8,Game2,Youtube / Ye#Olde#Times##ONE#NIGHT#ULTIMATE#WEREWOLF##Retro#8 / Game2,player_vote,Mike,Mike,False,False,Tanner,Robber,"The discussion centers on determining the identity of the Werewolf amidst numerous role swaps and conflicting claims. Mike is directly accused by Mitchell and Paul of being the Werewolf (60, 63), making him the primary suspect. Since Team Village wins by eliminating a Werewolf, voting for Mike is the most strategic move to attempt to secure the victory condition. Although the evidence is circumstantial due to the role confusion, he is the focal point of the suspicion."
C:\Users\annab\Documents\GitHub\masters_thesis_sdg\results\voting\unsloth_gemma-4-E2B-it-unsloth-bnb-4bit\prompt_v4_run_1\Youtube\Ye#Olde#Times##ONE#NIGHT#ULTIMATE#WEREWOLF##Retro#8_Game3.json,run_1,stochastic,Youtube,Ye#Olde#Times##ONE#NIGHT#ULTIMATE#WEREWOLF##Retro#8,Game3,Youtube / Ye#Olde#Times##ONE#NIGHT#ULTIMATE#WEREWOLF##Retro#8 / Game3,player_vote,Paul,Paul,False,True,Werewolf,Werewolf,"Mike is strongly convinced that Paul is the Werewolf, stating he is 'quite convinced he's the werewolf.' While there is confusion regarding whether Paul is the Werewolf or the Tanner, eliminating the suspected Werewolf is the most direct path to victory for Team Village. Given the high level of suspicion directed at Paul, he is the primary target for elimination."
C:\Users\annab\Documents\GitHub\masters_thesis_sdg\results\voting\unsloth_gemma-4-E2B-it-unsloth-bnb-4bit\prompt_v4_run_1\Youtube\Ye#Olde#Times##ONE#NIGHT#ULTIMATE#WEREWOLF##Retro#8_Game4.json,run_1,stochastic,Youtube,Ye#Olde#Times##ONE#NIGHT#ULTIMATE#WEREWOLF##Retro#8,Game4,Youtube / Ye#Olde#Times##ONE#NIGHT#ULTIMATE#WEREWOLF##Retro#8 / Game4,player_vote,Mitchell,Mitchell,False,False,Robber,Hunter,"The discussion is highly confusing due to multiple role swaps and lies, making definitive identification of the Werewolf difficult. However, Mitchell explicitly states, ""I was a werewolf"" during the transcript, which is a direct admission. Furthermore, Paul and Mitchell strongly suggested that Justin and Mitchell were the werewolves. To maximize the chances of Team Village winning, eliminating the player who claims to be the Werewolf is the most direct approach."
C:\Users\annab\Documents\GitHub\masters_thesis_sdg\results\voting\unsloth_gemma-4-E2B-it-unsloth-bnb-4bit\prompt_v4_run_2\Ego4D\0a6ef9dc-a2dc-452b-a907-d6fa2ed4cae0_Game1.json,run_2,stochastic,Ego4D,0a6ef9dc-a2dc-452b-a907-d6fa2ed4cae0,Game1,Ego4D / 0a6ef9dc-a2dc-452b-a907-d6fa2ed4cae0 / Game1,player_vote,Hailey,Hailey,False,False,Troublemaker,Troublemaker,"Hailey exhibited highly suspicious behavior, including manipulating cards and whispering, which raised immediate suspicion among the group. Furthermore, Erin explicitly claimed to be the Werewolf, which is a strong indicator. Since Team Village wins by eliminating a Werewolf, Hailey is the most likely candidate to be the Werewolf based on the collective suspicion and the outcome of the vote."
C:\Users\annab\Documents\GitHub\masters_thesis_sdg\results\voting\unsloth_gemma-4-E2B-it-unsloth-bnb-4bit\prompt_v4_run_2\Ego4D\0a6ef9dc-a2dc-452b-a907-d6fa2ed4cae0_Game2.json,run_2,stochastic,Ego4D,0a6ef9dc-a2dc-452b-a907-d6fa2ed4cae0,Game2,Ego4D / 0a6ef9dc-a2dc-452b-a907-d6fa2ed4cae0 / Game2,circle_vote,No Werewolf,,True,False,,,"The discussion revolves entirely around card swaps and identity confusion, with players debating whether they are lying or if the Werewolves are colluding. There is no concrete evidence or direct accusation that definitively identifies a Werewolf. Since the goal is to eliminate a Werewolf to win, and I cannot confirm the presence of one, I must conclude that no Werewolf is currently identifiable."
C:\Users\annab\Documents\GitHub\masters_thesis_sdg\results\voting\unsloth_gemma-4-E2B-it-unsloth-bnb-4bit\prompt_v4_run_2\Ego4D\0c2659db-7bd4-4b37-9b08-4e247befe382_Game4.json,run_2,stochastic,Ego4D,0c2659db-7bd4-4b37-9b08-4e247befe382,Game4,Ego4D / 0c2659db-7bd4-4b37-9b08-4e247befe382 / Game4,player_vote,Ashley,Ashley,False,True,Werewolf,Werewolf,"Ashley explicitly claimed to be the Werewolf during the discussion, which makes her a prime suspect. Although other players like Sian and Chris raised doubts about her role, her self-identification provides the strongest immediate target for Team Village to eliminate a Werewolf. Eliminating her increases the chances of Team Village winning by removing a Werewolf from the game."
C:\Users\annab\Documents\GitHub\masters_thesis_sdg\results\voting\unsloth_gemma-4-E2B-it-unsloth-bnb-4bit\prompt_v4_run_2\Ego4D\0c2659db-7bd4-4b37-9b08-4e247befe382_Game5.json,run_2,stochastic,Ego4D,0c2659db-7bd4-4b37-9b08-4e247befe382,Game5,Ego4D / 0c2659db-7bd4-4b37-9b08-4e247befe382 / Game5,circle_vote,No Werewolf,,True,False,,,"The discussion focuses heavily on role identification and accusations between players, with multiple players claiming different roles (Doppelganger, Insomniac, Seer, Werewolf). However, there is no concrete evidence or confirmed night action indicating that a Werewolf has been eliminated. Since I cannot definitively identify a Werewolf, I cannot make a successful vote to eliminate them."
C:\Users\annab\Documents\GitHub\masters_thesis_sdg\results\voting\unsloth_gemma-4-E2B-it-unsloth-bnb-4bit\prompt_v4_run_2\Ego4D\0c2659db-7bd4-4b37-9b08-4e247befe382_Game6.json,run_2,stochastic,Ego4D,0c2659db-7bd4-4b37-9b08-4e247befe382,Game6,Ego4D / 0c2659db-7bd4-4b37-9b08-4e247befe382 / Game6,player_vote,Elliot,Elliot,False,True,Werewolf,Werewolf,"The discussion is highly chaotic and filled with conflicting claims regarding roles and identities, making definitive identification difficult. However, several players, particularly Elliot, are heavily suspected of being the Werewolf due to inconsistencies in their claims and the general suspicion raised by others. Since Team Village wins by eliminating a Werewolf, voting for the most suspected individual is the best strategy to pursue the win condition."
C:\Users\annab\Documents\GitHub\masters_thesis_sdg\results\voting\unsloth_gemma-4-E2B-it-unsloth-bnb-4bit\prompt_v4_run_2\Ego4D\0c2659db-7bd4-4b37-9b08-4e247befe382_Game7.json,run_2,stochastic,Ego4D,0c2659db-7bd4-4b37-9b08-4e247befe382,Game7,Ego4D / 0c2659db-7bd4-4b37-9b08-4e247befe382 / Game7,circle_vote,No Werewolf,,True,True,,,"The discussion transcript is heavily focused on role swapping and confusion, making it impossible to definitively identify which player holds the Werewolf card. Players are actively trying to determine roles, but the evidence presented is contradictory and circumstantial. Since Team Village wins if no Werewolf is present, and given the lack of concrete identification, it is safer to assume that no Werewolf has been successfully identified and eliminated yet."
C:\Users\annab\Documents\GitHub\masters_thesis_sdg\results\voting\unsloth_gemma-4-E2B-it-unsloth-bnb-4bit\prompt_v4_run_2\Ego4D\0c2659db-7bd4-4b37-9b08-4e247befe382_Game8.json,run_2,stochastic,Ego4D,0c2659db-7bd4-4b37-9b08-4e247befe382,Game8,Ego4D / 0c2659db-7bd4-4b37-9b08-4e247befe382 / Game8,circle_vote,No Werewolf,,True,False,,,"The discussion primarily revolves around role swapping and identifying various roles like the Hunter, Robber, and Seer, making it difficult to confirm the identity of the Werewolves. While Sian is noted as being quiet and potentially guilty, the conversation heavily leans toward the possibility that Sian is the Tanner, a role whose goal is to die, rather than a Werewolf. Since there is no definitive evidence pointing to a Werewolf, and the focus is on misdirection, I cannot confidently identify a target for elimination."
C:\Users\annab\Documents\GitHub\masters_thesis_sdg\results\voting\unsloth_gemma-4-E2B-it-unsloth-bnb-4bit\prompt_v4_run_2\Ego4D\0c2659db-7bd4-4b37-9b08-4e247befe382_Game9.json,run_2,stochastic,Ego4D,0c2659db-7bd4-4b37-9b08-4e247befe382,Game9,Ego4D / 0c2659db-7bd4-4b37-9b08-4e247befe382 / Game9,player_vote,Chris,Chris,False,True,Werewolf,Werewolf,"The discussion is highly contentious, with players making conflicting claims about their roles (Villager, Robber, Hunter) and accusing each other. Several players, particularly Chris and Elliot, are suggested as potential Werewolves, leading to intense suspicion. To maximize the chance of eliminating a Werewolf and winning, targeting a player who is frequently suspected is the best strategy. Chris is specifically mentioned multiple times in relation to potential Werewolf status, making him a strong candidate for elimination."
C:\Users\annab\Documents\GitHub\masters_thesis_sdg\results\voting\unsloth_gemma-4-E2B-it-unsloth-bnb-4bit\prompt_v4_run_2\Ego4D\1a0d3e22-a6d6-4723-91a0-52fc2c87d5ce_Game10.json,run_2,stochastic,Ego4D,1a0d3e22-a6d6-4723-91a0-52fc2c87d5ce,Game10,Ego4D / 1a0d3e22-a6d6-4723-91a0-52fc2c87d5ce / Game10,player_vote,Hunter,Hunter,False,False,Troublemaker,Troublemaker,"The transcript is highly confusing due to multiple role swaps and players attempting to misdirect suspicion. Hunter is the player who actively discusses the possibility of role swaps and attempts to rationalize his behavior as political maneuvering, which is often a tactic used by Werewolves to deflect blame. Since Team Village needs to eliminate a Werewolf to win, voting out the player most likely engaging in deceptive behavior is the most strategic move."
C:\Users\annab\Documents\GitHub\masters_thesis_sdg\results\voting\unsloth_gemma-4-E2B-it-unsloth-bnb-4bit\prompt_v4_run_2\Ego4D\1a0d3e22-a6d6-4723-91a0-52fc2c87d5ce_Game11.json,run_2,stochastic,Ego4D,1a0d3e22-a6d6-4723-91a0-52fc2c87d5ce,Game11,Ego4D / 1a0d3e22-a6d6-4723-91a0-52fc2c87d5ce / Game11,circle_vote,No Werewolf,,True,False,,,"The discussion transcript is highly confusing due to role swaps (Insomniac/Drunk) and ambiguous claims about who holds which card. While players speculate about the number of Werewolves, there is no concrete evidence or accusation linking any specific player to the Werewolf role. Since Team Village wins if they eliminate a Werewolf, and I cannot confirm the presence of a Werewolf, the safest choice is to assume none are present."
C:\Users\annab\Documents\GitHub\masters_thesis_sdg\results\voting\unsloth_gemma-4-E2B-it-unsloth-bnb-4bit\prompt_v4_run_2\Ego4D\1a0d3e22-a6d6-4723-91a0-52fc2c87d5ce_Game6.json,run_2,stochastic,Ego4D,1a0d3e22-a6d6-4723-91a0-52fc2c87d5ce,Game6,Ego4D / 1a0d3e22-a6d6-4723-91a0-52fc2c87d5ce / Game6,player_vote,Hunter,Hunter,False,False,Villager,Villager,"Hunter is the primary suspect as he explicitly claims to be a Werewolf, which is a critical role for Team Werewolf. Although other players express doubt about his claims, the game structure requires Team Village to eliminate a Werewolf to win. Given the high level of suspicion and the focus on Hunter's contradictory statements, voting for him offers the best chance to achieve the win condition."
C:\Users\annab\Documents\GitHub\masters_thesis_sdg\results\voting\unsloth_gemma-4-E2B-it-unsloth-bnb-4bit\prompt_v4_run_2\Ego4D\1a0d3e22-a6d6-4723-91a0-52fc2c87d5ce_Game7.json,run_2,stochastic,Ego4D,1a0d3e22-a6d6-4723-91a0-52fc2c87d5ce,Game7,Ego4D / 1a0d3e22-a6d6-4723-91a0-52fc2c87d5ce / Game7,circle_vote,No Werewolf,,True,False,,,"The discussion primarily revolves around card swapping and role identification (Robber, Troublemaker, Seer), making it impossible to definitively determine who holds the Werewolf card. Since there is no concrete evidence pointing to a Werewolf, and the game rules state that Team Village wins if no player is a Werewolf and no one dies, I cannot confidently vote out anyone."
C:\Users\annab\Documents\GitHub\masters_thesis_sdg\results\voting\unsloth_gemma-4-E2B-it-unsloth-bnb-4bit\prompt_v4_run_2\Ego4D\1a0d3e22-a6d6-4723-91a0-52fc2c87d5ce_Game8.json,run_2,stochastic,Ego4D,1a0d3e22-a6d6-4723-91a0-52fc2c87d5ce,Game8,Ego4D / 1a0d3e22-a6d6-4723-91a0-52fc2c87d5ce / Game8,player_vote,Zack,Zack,False,True,Werewolf,Robber,"The discussion transcript strongly indicates that Zack is currently the Werewolf, as Hunter explicitly states, 'you're now the werewolf.' Since Team Village wins by eliminating a Werewolf, voting for Zack is the necessary action to achieve this goal. This provides the best chance for Team Village to win the game."
C:\Users\annab\Documents\GitHub\masters_thesis_sdg\results\voting\unsloth_gemma-4-E2B-it-unsloth-bnb-4bit\prompt_v4_run_2\Ego4D\1a0d3e22-a6d6-4723-91a0-52fc2c87d5ce_Game9.json,run_2,stochastic,Ego4D,1a0d3e22-a6d6-4723-91a0-52fc2c87d5ce,Game9,Ego4D / 1a0d3e22-a6d6-4723-91a0-52fc2c87d5ce / Game9,player_vote,Zack,Zack,False,True,Werewolf,Werewolf,"The discussion strongly suggests that Zack is the Werewolf. Jacob deduces that Sean is the Robber who switched cards with Zack, making Zack the actual Werewolf. Since Team Village wins by eliminating a Werewolf, voting out Zack is the most direct path to victory. Sean and Hunter claim to be the Villager, aligning them with Team Village, while Jacob's analysis points to Zack as the threat."
C:\Users\annab\Documents\GitHub\masters_thesis_sdg\results\voting\unsloth_gemma-4-E2B-it-unsloth-bnb-4bit\prompt_v4_run_2\Ego4D\2ba4023c-a8bf-43ad-ad5a-80ba222ce990_Game10.json,run_2,stochastic,Ego4D,2ba4023c-a8bf-43ad-ad5a-80ba222ce990,Game10,Ego4D / 2ba4023c-a8bf-43ad-ad5a-80ba222ce990 / Game10,player_vote,Tyler,Tyler,False,True,Werewolf,Werewolf,"The discussion centers on complex role swapping and double-bluffs, culminating in Tyler and Erin concluding they are both Werewolves. Clint explicitly suggests that Erin is a werewolf and that both girls are Werewolves. Since Team Village wins by eliminating a Werewolf, voting for Tyler targets a player strongly implicated by the group's own analysis. This is the most logical move to maximize the chances of Team Village victory."
C:\Users\annab\Documents\GitHub\masters_thesis_sdg\results\voting\unsloth_gemma-4-E2B-it-unsloth-bnb-4bit\prompt_v4_run_2\Ego4D\2ba4023c-a8bf-43ad-ad5a-80ba222ce990_Game6.json,run_2,stochastic,Ego4D,2ba4023c-a8bf-43ad-ad5a-80ba222ce990,Game6,Ego4D / 2ba4023c-a8bf-43ad-ad5a-80ba222ce990 / Game6,player_vote,Clint,Clint,False,True,Werewolf,Werewolf,"The discussion heavily focuses on identifying the Werewolf through complex role swaps and accusations. Clint is repeatedly accused of being the Werewolf, and the logic derived from the sequence of actions suggests that he is the culprit. Erin ultimately concludes that Clint must be the Werewolf based on the evidence presented during the discussion."
C:\Users\annab\Documents\GitHub\masters_thesis_sdg\results\voting\unsloth_gemma-4-E2B-it-unsloth-bnb-4bit\prompt_v4_run_2\Ego4D\2ba4023c-a8bf-43ad-ad5a-80ba222ce990_Game7.json,run_2,stochastic,Ego4D,2ba4023c-a8bf-43ad-ad5a-80ba222ce990,Game7,Ego4D / 2ba4023c-a8bf-43ad-ad5a-80ba222ce990 / Game7,player_vote,Erin,Erin,False,False,Hunter,Drunk,"The discussion is highly confusing due to multiple role swaps, making definitive identification difficult. However, Margaret expresses strong suspicion that Erin pulled the Werewolf card, suggesting Erin is the Werewolf. Since Team Village needs to eliminate a Werewolf to win, voting out the most suspected player is the best strategy to maximize the chance of success."
C:\Users\annab\Documents\GitHub\masters_thesis_sdg\results\voting\unsloth_gemma-4-E2B-it-unsloth-bnb-4bit\prompt_v4_run_2\Ego4D\2ba4023c-a8bf-43ad-ad5a-80ba222ce990_Game8.json,run_2,stochastic,Ego4D,2ba4023c-a8bf-43ad-ad5a-80ba222ce990,Game8,Ego4D / 2ba4023c-a8bf-43ad-ad5a-80ba222ce990 / Game8,player_vote,Erin,Erin,False,False,Troublemaker,Drunk,"The discussion points heavily towards Erin being the Werewolf. Clint directly accuses Erin of being the Werewolf, and subsequently votes for her elimination. While the conversation is highly speculative and involves multiple role swaps, Erin is the central figure in the suspicion regarding the Werewolf role. Voting for Erin maximizes the chances of Team Village eliminating the Werewolf and securing a victory."
C:\Users\annab\Documents\GitHub\masters_thesis_sdg\results\voting\unsloth_gemma-4-E2B-it-unsloth-bnb-4bit\prompt_v4_run_2\Ego4D\2ba4023c-a8bf-43ad-ad5a-80ba222ce990_Game9.json,run_2,stochastic,Ego4D,2ba4023c-a8bf-43ad-ad5a-80ba222ce990,Game9,Ego4D / 2ba4023c-a8bf-43ad-ad5a-80ba222ce990 / Game9,player_vote,Erin,Erin,False,False,Insomniac,Insomniac,"The discussion strongly points towards Erin being the Werewolf, as multiple players accuse her of being shady or claiming she is the Werewolf. Since Team Village wins by eliminating a Werewolf, voting for Erin is the most strategic move based on the available transcript. Although the roles are highly volatile due to swaps, the collective suspicion focuses on her alignment with the Werewolf team."
C:\Users\annab\Documents\GitHub\masters_thesis_sdg\results\voting\unsloth_gemma-4-E2B-it-unsloth-bnb-4bit\prompt_v4_run_2\Ego4D\324bccd2-adff-4e9a-8ff4-03491e144ac3_Game1.json,run_2,stochastic,Ego4D,324bccd2-adff-4e9a-8ff4-03491e144ac3,Game1,Ego4D / 324bccd2-adff-4e9a-8ff4-03491e144ac3 / Game1,circle_vote,No Werewolf,,True,False,,,"The discussion transcript primarily focuses on the mechanics of the game, role identification, and the probability of Werewolves being present, rather than revealing specific actions or definitive role assignments. While players are debating the possibility of one or two Werewolves, there is no conclusive evidence or accusation pointing to a specific player holding the Werewolf card. Since Team Village wins if no Werewolves are present and no one dies, and I cannot confirm a Werewolf is present, I will assume no Werewolf is active."
C:\Users\annab\Documents\GitHub\masters_thesis_sdg\results\voting\unsloth_gemma-4-E2B-it-unsloth-bnb-4bit\prompt_v4_run_2\Ego4D\324bccd2-adff-4e9a-8ff4-03491e144ac3_Game2.json,run_2,stochastic,Ego4D,324bccd2-adff-4e9a-8ff4-03491e144ac3,Game2,Ego4D / 324bccd2-adff-4e9a-8ff4-03491e144ac3 / Game2,circle_vote,No Werewolf,,True,False,,,"The discussion is heavily focused on determining which player is the Werewolf, involving complex role swaps (Robber, Troublemaker, Seer) and conflicting claims regarding who saw the Werewolf card. Sean claimed the card he looked at was the Werewolf, while Hunter claimed he was the Werewolf. Since the evidence is highly ambiguous and relies on statistical probabilities rather than concrete proof, I cannot confidently identify a Werewolf."
C:\Users\annab\Documents\GitHub\masters_thesis_sdg\results\voting\unsloth_gemma-4-E2B-it-unsloth-bnb-4bit\prompt_v4_run_2\Ego4D\324bccd2-adff-4e9a-8ff4-03491e144ac3_Game3.json,run_2,stochastic,Ego4D,324bccd2-adff-4e9a-8ff4-03491e144ac3,Game3,Ego4D / 324bccd2-adff-4e9a-8ff4-03491e144ac3 / Game3,circle_vote,No Werewolf,,True,False,,,"The discussion focuses heavily on role swapping and confusion regarding who holds which card, rather than direct accusations of Werewolf behavior. While the roles discussed (Seer, Villager, Robber, Troublemaker) are predominantly Team Village roles, there is no concrete evidence or action from any player that definitively points to a Werewolf. Since Team Village wins if no Werewolf is present, and I cannot identify a Werewolf, I must conclude that the Werewolf cards are likely in the center pool."
C:\Users\annab\Documents\GitHub\masters_thesis_sdg\results\voting\unsloth_gemma-4-E2B-it-unsloth-bnb-4bit\prompt_v4_run_2\Ego4D\324bccd2-adff-4e9a-8ff4-03491e144ac3_Game4.json,run_2,stochastic,Ego4D,324bccd2-adff-4e9a-8ff4-03491e144ac3,Game4,Ego4D / 324bccd2-adff-4e9a-8ff4-03491e144ac3 / Game4,circle_vote,No Werewolf,,True,False,,,"The discussion transcript is highly confusing and inconclusive, revolving around role swaps and the uncertainty of players' true identities. While players are speculating about Zack's role, there is no concrete evidence or accusation that definitively points to a Werewolf. Since Team Village wins if no Werewolves are present, and I cannot confidently identify any player holding the Werewolf card, the safest choice is to assume no Werewolf is present."
C:\Users\annab\Documents\GitHub\masters_thesis_sdg\results\voting\unsloth_gemma-4-E2B-it-unsloth-bnb-4bit\prompt_v4_run_2\Ego4D\324bccd2-adff-4e9a-8ff4-03491e144ac3_Game5.json,run_2,stochastic,Ego4D,324bccd2-adff-4e9a-8ff4-03491e144ac3,Game5,Ego4D / 324bccd2-adff-4e9a-8ff4-03491e144ac3 / Game5,circle_vote,No Werewolf,,True,False,,,"The discussion centers heavily on role swapping and identity confusion, particularly regarding Jacob's starting role as Werewolf. However, the final exchange indicates that Hunter concluded Jacob is a Villager and Sean is not a Werewolf. Since there is no concrete evidence pointing to any player holding the Werewolf card, and the game rules state that Team Village wins if no Werewolves are present and no one dies, I conclude that no Werewolf is currently active among the players."
C:\Users\annab\Documents\GitHub\masters_thesis_sdg\results\voting\unsloth_gemma-4-E2B-it-unsloth-bnb-4bit\prompt_v4_run_2\Ego4D\3ba069be-60fa-47fc-bd7b-f85bf649a5bd_Game1.json,run_2,stochastic,Ego4D,3ba069be-60fa-47fc-bd7b-f85bf649a5bd,Game1,Ego4D / 3ba069be-60fa-47fc-bd7b-f85bf649a5bd / Game1,circle_vote,No Werewolf,,True,False,,,"The discussion focuses heavily on role swaps and uncertainty regarding the Werewolf's location, suggesting the Werewolf might be in the center or one of the players. However, there is no definitive evidence or accusation strong enough to confidently point to a specific player as the Werewolf. Since Team Village wins if no Werewolf is present and no one dies, and the possibility that all Werewolf cards are in the center exists, the safest strategic choice is to assume no Werewolf is present."
C:\Users\annab\Documents\GitHub\masters_thesis_sdg\results\voting\unsloth_gemma-4-E2B-it-unsloth-bnb-4bit\prompt_v4_run_2\Ego4D\3ba069be-60fa-47fc-bd7b-f85bf649a5bd_Game2.json,run_2,stochastic,Ego4D,3ba069be-60fa-47fc-bd7b-f85bf649a5bd,Game2,Ego4D / 3ba069be-60fa-47fc-bd7b-f85bf649a5bd / Game2,circle_vote,No Werewolf,,True,True,,,"The discussion transcript is highly confusing due to multiple role swaps and conflicting claims regarding who holds which role. While players are debating their identities, there is no definitive evidence pointing to any player holding the Werewolf card. Given the lack of concrete information to identify a Werewolf, the safest strategy is to assume that all Werewolf cards are currently in the center, which would lead to a Team Village victory under the specified rules."
C:\Users\annab\Documents\GitHub\masters_thesis_sdg\results\voting\unsloth_gemma-4-E2B-it-unsloth-bnb-4bit\prompt_v4_run_2\Ego4D\3ba069be-60fa-47fc-bd7b-f85bf649a5bd_Game3.json,run_2,stochastic,Ego4D,3ba069be-60fa-47fc-bd7b-f85bf649a5bd,Game3,Ego4D / 3ba069be-60fa-47fc-bd7b-f85bf649a5bd / Game3,player_vote,Jessica,Jessica,False,True,Werewolf,Doppelganger,"The transcript explicitly identifies Jessica as the Werewolf, which is crucial for Team Village's victory condition. Since Team Village wins by eliminating a Werewolf, voting for Jessica is the most direct path to success. Eliminating the Werewolf prevents Team Werewolf from winning and secures the win for Team Village."
C:\Users\annab\Documents\GitHub\masters_thesis_sdg\results\voting\unsloth_gemma-4-E2B-it-unsloth-bnb-4bit\prompt_v4_run_2\Ego4D\3ba069be-60fa-47fc-bd7b-f85bf649a5bd_Game4.json,run_2,stochastic,Ego4D,3ba069be-60fa-47fc-bd7b-f85bf649a5bd,Game4,Ego4D / 3ba069be-60fa-47fc-bd7b-f85bf649a5bd / Game4,circle_vote,No Werewolf,,True,True,,,"The discussion transcript is filled with role claims and role swaps, making it impossible to definitively identify the Werewolf. While Kaelan initially claimed to see the Werewolf, the subsequent confusion and role changes suggest that the information gathered is unreliable. Since I cannot confirm any player holds the Werewolf card, I must assume the Werewolf is currently in the center role pool."
C:\Users\annab\Documents\GitHub\masters_thesis_sdg\results\voting\unsloth_gemma-4-E2B-it-unsloth-bnb-4bit\prompt_v4_run_2\Ego4D\3ba069be-60fa-47fc-bd7b-f85bf649a5bd_Game5.json,run_2,stochastic,Ego4D,3ba069be-60fa-47fc-bd7b-f85bf649a5bd,Game5,Ego4D / 3ba069be-60fa-47fc-bd7b-f85bf649a5bd / Game5,player_vote,Daniel,Daniel,False,False,Tanner,Robber,"Kaelan explicitly suggests that Daniel is deceptive and points suspicion toward him, even suggesting he might be the Werewolf or the Doppelganger. Since Team Village wins by eliminating a Werewolf, voting for Daniel is the strongest move based on the current suspicions raised in the discussion. This targets the player who seems most likely to be the enemy team."
C:\Users\annab\Documents\GitHub\masters_thesis_sdg\results\voting\unsloth_gemma-4-E2B-it-unsloth-bnb-4bit\prompt_v4_run_2\Ego4D\3ba069be-60fa-47fc-bd7b-f85bf649a5bd_Game6.json,run_2,stochastic,Ego4D,3ba069be-60fa-47fc-bd7b-f85bf649a5bd,Game6,Ego4D / 3ba069be-60fa-47fc-bd7b-f85bf649a5bd / Game6,circle_vote,No Werewolf,,True,True,,,"The discussion primarily revolves around role confusion and card swapping rather than identifying a Werewolf. While several roles like Doppelganger, Robber, and Tanner were discussed, there is no concrete evidence or accusation pointing to a Werewolf. Since Team Village wins by eliminating a Werewolf, and I cannot confirm the presence of a Werewolf, I must conclude that no Werewolf is confidently identified."
C:\Users\annab\Documents\GitHub\masters_thesis_sdg\results\voting\unsloth_gemma-4-E2B-it-unsloth-bnb-4bit\prompt_v4_run_2\Ego4D\62c4bc58-3776-4791-ac30-4c9ca5619503_Game10.json,run_2,stochastic,Ego4D,62c4bc58-3776-4791-ac30-4c9ca5619503,Game10,Ego4D / 62c4bc58-3776-4791-ac30-4c9ca5619503 / Game10,circle_vote,No Werewolf,,True,False,,,"The transcript is extremely sparse and lacks any concrete information regarding who holds the Werewolf card or specific roles beyond Kaelan and Jessica possibly being Villagers. Daniel speculates about the Werewolf, but this is not substantiated. Since Team Village wins if no Werewolf is present, and no Werewolf has been identified, the safest strategy is to assume no Werewolf is currently active."
C:\Users\annab\Documents\GitHub\masters_thesis_sdg\results\voting\unsloth_gemma-4-E2B-it-unsloth-bnb-4bit\prompt_v4_run_2\Ego4D\62c4bc58-3776-4791-ac30-4c9ca5619503_Game11.json,run_2,stochastic,Ego4D,62c4bc58-3776-4791-ac30-4c9ca5619503,Game11,Ego4D / 62c4bc58-3776-4791-ac30-4c9ca5619503 / Game11,player_vote,Jessica,Jessica,False,False,Minion,Minion,"The discussion centers heavily on suspicions regarding Jessica's role, particularly concerning the Tanner role and deceptive gameplay. Players like Daniel suggest Jessica is trying to mislead the group, potentially playing Werewolf while masquerading as the Tanner. Given the goal is to eliminate a Werewolf, Jessica is the most likely candidate to be the target of suspicion, making her the prime target for the vote."
C:\Users\annab\Documents\GitHub\masters_thesis_sdg\results\voting\unsloth_gemma-4-E2B-it-unsloth-bnb-4bit\prompt_v4_run_2\Ego4D\62c4bc58-3776-4791-ac30-4c9ca5619503_Game12.json,run_2,stochastic,Ego4D,62c4bc58-3776-4791-ac30-4c9ca5619503,Game12,Ego4D / 62c4bc58-3776-4791-ac30-4c9ca5619503 / Game12,player_vote,Daniel,Daniel,False,False,Mason,Seer,"Daniel explicitly states that 'Werewolves win,' indicating a strong suspicion that the Werewolf team is currently in control or that Werewolves are present. Given the objective is to eliminate a Werewolf to win, Daniel is the most logical target for the vote. While the transcript is inconclusive regarding actual roles, his final comment provides the necessary leverage to attempt a Team Village victory."
C:\Users\annab\Documents\GitHub\masters_thesis_sdg\results\voting\unsloth_gemma-4-E2B-it-unsloth-bnb-4bit\prompt_v4_run_2\Ego4D\62c4bc58-3776-4791-ac30-4c9ca5619503_Game7.json,run_2,stochastic,Ego4D,62c4bc58-3776-4791-ac30-4c9ca5619503,Game7,Ego4D / 62c4bc58-3776-4791-ac30-4c9ca5619503 / Game7,player_vote,Jessica,Jessica,False,True,Werewolf,Werewolf,"The transcript shows significant confusion regarding roles and card swaps, making definitive identification of the Werewolf difficult. However, Kaelan expresses suspicion towards Jessica, and Kevin also expresses suspicion. Given that Team Village needs to eliminate a Werewolf, and Jessica is the target of multiple suspicions, she is the most likely candidate to be the Werewolf, or at least the player who can be eliminated to increase Team Village's chances."
C:\Users\annab\Documents\GitHub\masters_thesis_sdg\results\voting\unsloth_gemma-4-E2B-it-unsloth-bnb-4bit\prompt_v4_run_2\Ego4D\62c4bc58-3776-4791-ac30-4c9ca5619503_Game8.json,run_2,stochastic,Ego4D,62c4bc58-3776-4791-ac30-4c9ca5619503,Game8,Ego4D / 62c4bc58-3776-4791-ac30-4c9ca5619503 / Game8,player_vote,Jessica,Jessica,False,False,Minion,Minion,"The discussion centers around identifying the Werewolf and the Minion. Daniel explicitly suggests that Jessica could be the Werewolf, which aligns with Team Village's goal of eliminating a Werewolf. Since the game outcome depends on eliminating a Werewolf, targeting the player with the strongest suspicion is the best strategy to pursue the win condition."
C:\Users\annab\Documents\GitHub\masters_thesis_sdg\results\voting\unsloth_gemma-4-E2B-it-unsloth-bnb-4bit\prompt_v4_run_2\Ego4D\62c4bc58-3776-4791-ac30-4c9ca5619503_Game9.json,run_2,stochastic,Ego4D,62c4bc58-3776-4791-ac30-4c9ca5619503,Game9,Ego4D / 62c4bc58-3776-4791-ac30-4c9ca5619503 / Game9,circle_vote,No Werewolf,,True,False,,,"The discussion revolves around role swapping and identifying roles such as Robber, Troublemaker, and Drunk, but no player explicitly claims to be the Werewolf or Minion. Since there is no evidence or declaration pointing to a Werewolf, I cannot confidently identify one among the players. To maximize Team Village's chances of winning, I will assume no Werewolf is present."
C:\Users\annab\Documents\GitHub\masters_thesis_sdg\results\voting\unsloth_gemma-4-E2B-it-unsloth-bnb-4bit\prompt_v4_run_2\Ego4D\64076f60-f3fc-4ee6-93e1-3489d8ec7b12_Game3.json,run_2,stochastic,Ego4D,64076f60-f3fc-4ee6-93e1-3489d8ec7b12,Game3,Ego4D / 64076f60-f3fc-4ee6-93e1-3489d8ec7b12 / Game3,player_vote,Hailey,Hailey,False,False,Villager,Robber,"Based on the transcript, Jack explicitly stated that he started as the Werewolf. Although complex card swapping occurred, the voting phase resulted in a tie, meaning no player was eliminated. Since Team Village wins only by eliminating a Werewolf, and no Werewolf was eliminated, Team Village has failed to meet its win condition. Therefore, the choice of victim is purely strategic, aiming to minimize risk or target a player who might be a Villager or Tanner."
C:\Users\annab\Documents\GitHub\masters_thesis_sdg\results\voting\unsloth_gemma-4-E2B-it-unsloth-bnb-4bit\prompt_v4_run_2\Ego4D\698f6bbe-4347-4a06-bd5d-3482f5e4fbbe_Game1.json,run_2,stochastic,Ego4D,698f6bbe-4347-4a06-bd5d-3482f5e4fbbe,Game1,Ego4D / 698f6bbe-4347-4a06-bd5d-3482f5e4fbbe / Game1,circle_vote,No Werewolf,,True,False,,,"The discussion is highly confusing due to role swaps (Robber, Troublemaker, Drunk) and conflicting claims about starting roles. While James claimed to have been the Werewolf and suggested Elliot might be the Werewolf, there is no concrete evidence to confirm this. Since the roles are fluid and players are actively attempting to deceive, I cannot confidently identify a Werewolf. Therefore, the safest move for Team Village is to assume no Werewolf is present."
C:\Users\annab\Documents\GitHub\masters_thesis_sdg\results\voting\unsloth_gemma-4-E2B-it-unsloth-bnb-4bit\prompt_v4_run_2\Ego4D\698f6bbe-4347-4a06-bd5d-3482f5e4fbbe_Game2.json,run_2,stochastic,Ego4D,698f6bbe-4347-4a06-bd5d-3482f5e4fbbe,Game2,Ego4D / 698f6bbe-4347-4a06-bd5d-3482f5e4fbbe / Game2,player_vote,Sukeshi,Sukeshi,False,True,Werewolf,Werewolf,"The discussion heavily focuses suspicion on Sukeshi, who is stated to be either the Werewolf or the Tanner. Ashley explicitly states her belief that Sukeshi is the Werewolf, and other players acknowledge her highly suspicious behavior. Since Team Village wins by eliminating a Werewolf, voting for Sukeshi is the highest probability action to achieve the team's goal."
C:\Users\annab\Documents\GitHub\masters_thesis_sdg\results\voting\unsloth_gemma-4-E2B-it-unsloth-bnb-4bit\prompt_v4_run_2\Ego4D\698f6bbe-4347-4a06-bd5d-3482f5e4fbbe_Game3.json,run_2,stochastic,Ego4D,698f6bbe-4347-4a06-bd5d-3482f5e4fbbe,Game3,Ego4D / 698f6bbe-4347-4a06-bd5d-3482f5e4fbbe / Game3,player_vote,Sukeshi,Sukeshi,False,False,Villager,Seer,"Sukeshi claimed to be the Seer and stated they looked at two cards in the middle and identified the Werewolf, suggesting an immediate kill. Although the transcript does not explicitly name the player, this statement is the strongest indication that a Werewolf is present and identified. To maximize the chance of Team Village winning, the vote should target the player who made this crucial accusation."
C:\Users\annab\Documents\GitHub\masters_thesis_sdg\results\voting\unsloth_gemma-4-E2B-it-unsloth-bnb-4bit\prompt_v4_run_2\Youtube\Flashback##ONE#NIGHT#ULTIMATE#WEREWOLF##Retro#9_Game1.json,run_2,stochastic,Youtube,Flashback##ONE#NIGHT#ULTIMATE#WEREWOLF##Retro#9,Game1,Youtube / Flashback##ONE#NIGHT#ULTIMATE#WEREWOLF##Retro#9 / Game1,player_vote,Mitchell,Mitchell,False,False,Insomniac,Insomniac,"The discussion heavily focuses on identifying the Werewolf, with Paul explicitly expressing suspicion toward Mitchell, believing Mitchell's claim of being the Insomniac is too 'sweet a story.' While other players offer conflicting accusations, Mitchell is the primary target of suspicion in the final voting phase. Eliminating him maximizes the chances of eliminating a Werewolf and securing a win for Team Village."
C:\Users\annab\Documents\GitHub\masters_thesis_sdg\results\voting\unsloth_gemma-4-E2B-it-unsloth-bnb-4bit\prompt_v4_run_2\Youtube\Flashback##ONE#NIGHT#ULTIMATE#WEREWOLF##Retro#9_Game2.json,run_2,stochastic,Youtube,Flashback##ONE#NIGHT#ULTIMATE#WEREWOLF##Retro#9,Game2,Youtube / Flashback##ONE#NIGHT#ULTIMATE#WEREWOLF##Retro#9 / Game2,player_vote,Mitchell,Mitchell,False,False,Villager,Seer,"The discussion centers heavily on who switched roles and who the Werewolf is. Justin explicitly suggests that Mitchell is currently the Werewolf, which is a strong accusation within the transcript. While other players, like James, deny being the Werewolf, the collective suspicion points toward Mitchell as the primary suspect. Eliminating Mitchell maximizes the chance of Team Village successfully removing a Werewolf."
C:\Users\annab\Documents\GitHub\masters_thesis_sdg\results\voting\unsloth_gemma-4-E2B-it-unsloth-bnb-4bit\prompt_v4_run_2\Youtube\Flashback##ONE#NIGHT#ULTIMATE#WEREWOLF##Retro#9_Game3.json,run_2,stochastic,Youtube,Flashback##ONE#NIGHT#ULTIMATE#WEREWOLF##Retro#9,Game3,Youtube / Flashback##ONE#NIGHT#ULTIMATE#WEREWOLF##Retro#9 / Game3,circle_vote,No Werewolf,,True,False,,,"The transcript is highly confusing due to multiple role swaps and self-serving claims, making it impossible to definitively identify a Werewolf. While some players suggest the presence of Werewolves, there is no concrete evidence or confirmed role identity that proves a Werewolf card is currently held by any player. To ensure Team Village wins, we must assume the worst-case scenario where no Werewolf is present, aligning with the winning condition that Team Village wins if no player is a Werewolf and no one dies."
C:\Users\annab\Documents\GitHub\masters_thesis_sdg\results\voting\unsloth_gemma-4-E2B-it-unsloth-bnb-4bit\prompt_v4_run_2\Youtube\Flashback##ONE#NIGHT#ULTIMATE#WEREWOLF##Retro#9_Game4.json,run_2,stochastic,Youtube,Flashback##ONE#NIGHT#ULTIMATE#WEREWOLF##Retro#9,Game4,Youtube / Flashback##ONE#NIGHT#ULTIMATE#WEREWOLF##Retro#9 / Game4,circle_vote,No Werewolf,,True,True,,,"The transcript is highly confusing due to multiple role swaps and conflicting claims about player identities, making it difficult to definitively identify a Werewolf. Players are actively debating and denying their roles, and the discussion ultimately leads to a vote to 'left' with no one dying. Since there is no concrete evidence or successful elimination of a Werewolf, the safest assumption is that no Werewolf was present or successfully targeted."
C:\Users\annab\Documents\GitHub\masters_thesis_sdg\results\voting\unsloth_gemma-4-E2B-it-unsloth-bnb-4bit\prompt_v4_run_2\Youtube\Flashback##ONE#NIGHT#ULTIMATE#WEREWOLF##Retro#9_Game5.json,run_2,stochastic,Youtube,Flashback##ONE#NIGHT#ULTIMATE#WEREWOLF##Retro#9,Game5,Youtube / Flashback##ONE#NIGHT#ULTIMATE#WEREWOLF##Retro#9 / Game5,player_vote,Laura,Laura,False,True,Werewolf,Werewolf,"The transcript contains significant conflicting information regarding roles and alignments, making definitive identification difficult. However, Laura explicitly states she was a Werewolf, and Justin later implies he is one. To maximize the chances of Team Village winning, a Werewolf must be eliminated. Voting for Laura directly targets a player who claimed the Werewolf role, which is a strong strategy given the uncertainty."
C:\Users\annab\Documents\GitHub\masters_thesis_sdg\results\voting\unsloth_gemma-4-E2B-it-unsloth-bnb-4bit\prompt_v4_run_2\Youtube\One#Night#Ultimate#Love#Letter##ONE#NIGHT#ULTIMATE#WEREWOLF_Game2.json,run_2,stochastic,Youtube,One#Night#Ultimate#Love#Letter##ONE#NIGHT#ULTIMATE#WEREWOLF,Game2,Youtube / One#Night#Ultimate#Love#Letter##ONE#NIGHT#ULTIMATE#WEREWOLF / Game2,player_vote,Mitchell,Mitchell,False,True,Werewolf,Werewolf,"Mitchell explicitly stated in the discussion that he was the Werewolf (lines 117 and 121). Since Team Village wins by eliminating a Werewolf, voting for Mitchell is the necessary action to secure victory. Although other players expressed doubt, Mitchell's direct admission provides sufficient evidence."
C:\Users\annab\Documents\GitHub\masters_thesis_sdg\results\voting\unsloth_gemma-4-E2B-it-unsloth-bnb-4bit\prompt_v4_run_2\Youtube\One#Night#Ultimate#Love#Letter##ONE#NIGHT#ULTIMATE#WEREWOLF_Game3.json,run_2,stochastic,Youtube,One#Night#Ultimate#Love#Letter##ONE#NIGHT#ULTIMATE#WEREWOLF,Game3,Youtube / One#Night#Ultimate#Love#Letter##ONE#NIGHT#ULTIMATE#WEREWOLF / Game3,player_vote,Justin,Justin,False,True,Werewolf,Werewolf,"Tyler claimed his card was Werewolf, and later suggested that Justin might be the only Werewolf remaining if a swap occurred. Although the transcript is confusing due to multiple role swaps (Robber, Drunk), the collective suspicion points strongly toward Justin holding the Werewolf role. Eliminating Justin maximizes the chance of Team Village winning by removing a Werewolf."
C:\Users\annab\Documents\GitHub\masters_thesis_sdg\results\voting\unsloth_gemma-4-E2B-it-unsloth-bnb-4bit\prompt_v4_run_2\Youtube\One#Night#Ultimate#Love#Letter##ONE#NIGHT#ULTIMATE#WEREWOLF_Game7.json,run_2,stochastic,Youtube,One#Night#Ultimate#Love#Letter##ONE#NIGHT#ULTIMATE#WEREWOLF,Game7,Youtube / One#Night#Ultimate#Love#Letter##ONE#NIGHT#ULTIMATE#WEREWOLF / Game7,player_vote,Justin,Justin,False,True,Werewolf,Werewolf,"The discussion is highly focused on who is lying about their roles and actions, particularly between Justin and Paul. Paul explicitly suggests voting for Justin, claiming Justin is the only one being shady and trying to misrepresent his role. While no Werewolf is definitively confirmed, the intense suspicion directed at Justin makes him the most likely candidate to be eliminated, fulfilling the objective of Team Village to eliminate a Werewolf."
C:\Users\annab\Documents\GitHub\masters_thesis_sdg\results\voting\unsloth_gemma-4-E2B-it-unsloth-bnb-4bit\prompt_v4_run_2\Youtube\ONE#NIGHT#ULTIMATE#WEREWOLF##Retro#1_Game1.json,run_2,stochastic,Youtube,ONE#NIGHT#ULTIMATE#WEREWOLF##Retro#1,Game1,Youtube / ONE#NIGHT#ULTIMATE#WEREWOLF##Retro#1 / Game1,player_vote,Mitchell,Mitchell,False,True,Werewolf,Werewolf,"The discussion in the transcript heavily focuses on Mitchell being the Werewolf. James directly accuses Justin of being the Werewolf, but then shifts his suspicion onto Mitchell, and Alvin confirms Mitchell as the suspect. Justin and James both agree with the conclusion that Mitchell is the Werewolf, and all three players vote for him. To maximize the chances of Team Village winning, I will vote for Mitchell, assuming he is the Werewolf."
C:\Users\annab\Documents\GitHub\masters_thesis_sdg\results\voting\unsloth_gemma-4-E2B-it-unsloth-bnb-4bit\prompt_v4_run_2\Youtube\ONE#NIGHT#ULTIMATE#WEREWOLF##Retro#1_Game10.json,run_2,stochastic,Youtube,ONE#NIGHT#ULTIMATE#WEREWOLF##Retro#1,Game10,Youtube / ONE#NIGHT#ULTIMATE#WEREWOLF##Retro#1 / Game10,player_vote,Justin,Justin,False,False,Robber,Werewolf,"The discussion heavily centers around identifying the Werewolf, with Mitchell strongly asserting that Justin is the Werewolf based on his lack of information when claiming the Seer role. Alvin also privately believes Justin is the Werewolf, and Mitchell concludes that there might be two Werewolves. Given the collective suspicion and Mitchell's final conviction, Justin is the most likely candidate to be eliminated to ensure Team Village's survival."
C:\Users\annab\Documents\GitHub\masters_thesis_sdg\results\voting\unsloth_gemma-4-E2B-it-unsloth-bnb-4bit\prompt_v4_run_2\Youtube\ONE#NIGHT#ULTIMATE#WEREWOLF##Retro#1_Game2.json,run_2,stochastic,Youtube,ONE#NIGHT#ULTIMATE#WEREWOLF##Retro#1,Game2,Youtube / ONE#NIGHT#ULTIMATE#WEREWOLF##Retro#1 / Game2,player_vote,Mitchell,Mitchell,False,False,Villager,Villager,"The discussion centers heavily on who is lying about their starting role and who the Werewolf is. Mitchell explicitly claims to have been the Werewolf, and James suspects this is a lie, suggesting Mitchell is the target. Since Team Village wins by eliminating a Werewolf, Mitchell is the highest probability target. Voting for Mitchell maximizes the chance of eliminating the Werewolf and securing the victory."
C:\Users\annab\Documents\GitHub\masters_thesis_sdg\results\voting\unsloth_gemma-4-E2B-it-unsloth-bnb-4bit\prompt_v4_run_2\Youtube\ONE#NIGHT#ULTIMATE#WEREWOLF##Retro#1_Game3.json,run_2,stochastic,Youtube,ONE#NIGHT#ULTIMATE#WEREWOLF##Retro#1,Game3,Youtube / ONE#NIGHT#ULTIMATE#WEREWOLF##Retro#1 / Game3,player_vote,Justin,Justin,False,False,Robber,Werewolf,"The discussion centers around the Seer (Alvin) claiming that Justin's card is the Werewolf card. While other players express skepticism or suggest alternative possibilities, Alvin's direct action and the subsequent agreement from James to trust Alvin strongly suggest Justin is the target. Since Team Village wins by eliminating a Werewolf, voting for Justin maximizes the chances of achieving the win condition."
C:\Users\annab\Documents\GitHub\masters_thesis_sdg\results\voting\unsloth_gemma-4-E2B-it-unsloth-bnb-4bit\prompt_v4_run_2\Youtube\ONE#NIGHT#ULTIMATE#WEREWOLF##Retro#1_Game4.json,run_2,stochastic,Youtube,ONE#NIGHT#ULTIMATE#WEREWOLF##Retro#1,Game4,Youtube / ONE#NIGHT#ULTIMATE#WEREWOLF##Retro#1 / Game4,player_vote,Mitchell,Mitchell,False,True,Werewolf,Robber,"The discussion strongly implicates Mitchell as the Werewolf, particularly when Justin directly accuses him based on the card swaps. Furthermore, James claimed to be the Seer and reported seeing a Werewolf and a Troublemaker in the center cards, suggesting the presence of Werewolves. Since Team Village wins by eliminating a Werewolf, Mitchell is the primary target to secure a victory."
C:\Users\annab\Documents\GitHub\masters_thesis_sdg\results\voting\unsloth_gemma-4-E2B-it-unsloth-bnb-4bit\prompt_v4_run_2\Youtube\ONE#NIGHT#ULTIMATE#WEREWOLF##Retro#1_Game5.json,run_2,stochastic,Youtube,ONE#NIGHT#ULTIMATE#WEREWOLF##Retro#1,Game5,Youtube / ONE#NIGHT#ULTIMATE#WEREWOLF##Retro#1 / Game5,player_vote,Mitchell,Mitchell,False,True,Werewolf,Robber,"The discussion heavily centers on Mitchell, with multiple players (Justin, James, and Alvin) concluding that he is the Werewolf. Mitchell claimed to be the Seer, but the suspicions built around his actions and the subsequent declarations of belief suggest he is the target. To maximize the chances of Team Village winning, eliminating the suspected Werewolf is the primary objective."
C:\Users\annab\Documents\GitHub\masters_thesis_sdg\results\voting\unsloth_gemma-4-E2B-it-unsloth-bnb-4bit\prompt_v4_run_2\Youtube\ONE#NIGHT#ULTIMATE#WEREWOLF##Retro#1_Game6.json,run_2,stochastic,Youtube,ONE#NIGHT#ULTIMATE#WEREWOLF##Retro#1,Game6,Youtube / ONE#NIGHT#ULTIMATE#WEREWOLF##Retro#1 / Game6,player_vote,Justin,Justin,False,True,Werewolf,Robber,"Alvin repeatedly expresses suspicion towards Justin, suggesting he is the Werewolf, and this suspicion is reinforced by the general uncertainty regarding the players' stories. While the evidence is circumstantial, Alvin's direct accusation is the strongest lead available in the transcript. Eliminating Justin provides the best chance for Team Village to eliminate a Werewolf."
C:\Users\annab\Documents\GitHub\masters_thesis_sdg\results\voting\unsloth_gemma-4-E2B-it-unsloth-bnb-4bit\prompt_v4_run_2\Youtube\ONE#NIGHT#ULTIMATE#WEREWOLF##Retro#1_Game7.json,run_2,stochastic,Youtube,ONE#NIGHT#ULTIMATE#WEREWOLF##Retro#1,Game7,Youtube / ONE#NIGHT#ULTIMATE#WEREWOLF##Retro#1 / Game7,player_vote,James,James,False,True,Werewolf,Werewolf,"The transcript strongly indicates that James holds the Werewolf card, as Justin explicitly states, 'I looked at James's card and it was a werewolf. 100% confirmed.' Since Team Village wins by eliminating a Werewolf, voting for James is the logical move to secure victory. While the discussion involves complex scenarios about multiple Werewolves and tie votes, the direct evidence points to James being the target."
C:\Users\annab\Documents\GitHub\masters_thesis_sdg\results\voting\unsloth_gemma-4-E2B-it-unsloth-bnb-4bit\prompt_v4_run_2\Youtube\ONE#NIGHT#ULTIMATE#WEREWOLF##Retro#1_Game8.json,run_2,stochastic,Youtube,ONE#NIGHT#ULTIMATE#WEREWOLF##Retro#1,Game8,Youtube / ONE#NIGHT#ULTIMATE#WEREWOLF##Retro#1 / Game8,circle_vote,No Werewolf,,True,False,,,"The discussion transcript is highly confusing as players are constantly changing roles and accusing each other, making it impossible to definitively identify a Werewolf. Mitchell makes several conflicting claims about his starting role (Drunk, Werewolf, Tanner), and Alvin also changes roles. Since there is no concrete evidence pointing to a Werewolf, I cannot confirm their presence."
C:\Users\annab\Documents\GitHub\masters_thesis_sdg\results\voting\unsloth_gemma-4-E2B-it-unsloth-bnb-4bit\prompt_v4_run_2\Youtube\ONE#NIGHT#ULTIMATE#WEREWOLF##Retro#1_Game9.json,run_2,stochastic,Youtube,ONE#NIGHT#ULTIMATE#WEREWOLF##Retro#1,Game9,Youtube / ONE#NIGHT#ULTIMATE#WEREWOLF##Retro#1 / Game9,player_vote,Mitchell,Mitchell,False,True,Werewolf,Werewolf,"The discussion is highly conflicted, with players accusing each other of being the Werewolf or the Tanner. Alvin and James both strongly suspect Mitchell is the Werewolf, while Justin accuses Mitchell of being the Tanner. Since Team Village needs to eliminate a Werewolf, Mitchell is the most likely candidate based on the consensus of suspicion from other players. Voting for Mitchell maximizes the chance of eliminating a Werewolf."
C:\Users\annab\Documents\GitHub\masters_thesis_sdg\results\voting\unsloth_gemma-4-E2B-it-unsloth-bnb-4bit\prompt_v4_run_2\Youtube\ONE#NIGHT#ULTIMATE#WEREWOLF##Retro#2_Game1.json,run_2,stochastic,Youtube,ONE#NIGHT#ULTIMATE#WEREWOLF##Retro#2,Game1,Youtube / ONE#NIGHT#ULTIMATE#WEREWOLF##Retro#2 / Game1,player_vote,Caitlynn,Caitlynn,False,True,Werewolf,Villager,"The discussion centers around identifying the Werewolf, with Dan suggesting he switched Caitlynn and Justin's cards, leading to the conclusion that Caitlynn is the Werewolf. Although Justin maintains he was the only Werewolf, the collective suspicion points toward Caitlynn. Since Team Village wins by eliminating a Werewolf, voting for Caitlynn is the most strategic move to achieve the desired outcome."
C:\Users\annab\Documents\GitHub\masters_thesis_sdg\results\voting\unsloth_gemma-4-E2B-it-unsloth-bnb-4bit\prompt_v4_run_2\Youtube\ONE#NIGHT#ULTIMATE#WEREWOLF##Retro#2_Game2.json,run_2,stochastic,Youtube,ONE#NIGHT#ULTIMATE#WEREWOLF##Retro#2,Game2,Youtube / ONE#NIGHT#ULTIMATE#WEREWOLF##Retro#2 / Game2,circle_vote,No Werewolf,,True,True,,,"The discussion transcript is highly confusing and filled with conflicting claims regarding role swaps and identities, making it impossible to definitively identify a Werewolf. Players are openly questioning each other's roles and actions, suggesting a high degree of deception or misdirection. Since there is no concrete evidence pointing to a specific player holding the Werewolf card, I must conclude that no Werewolf was present."
C:\Users\annab\Documents\GitHub\masters_thesis_sdg\results\voting\unsloth_gemma-4-E2B-it-unsloth-bnb-4bit\prompt_v4_run_2\Youtube\ONE#NIGHT#ULTIMATE#WEREWOLF##Retro#2_Game3.json,run_2,stochastic,Youtube,ONE#NIGHT#ULTIMATE#WEREWOLF##Retro#2,Game3,Youtube / ONE#NIGHT#ULTIMATE#WEREWOLF##Retro#2 / Game3,failed_parse,,,False,,,,
C:\Users\annab\Documents\GitHub\masters_thesis_sdg\results\voting\unsloth_gemma-4-E2B-it-unsloth-bnb-4bit\prompt_v4_run_2\Youtube\ONE#NIGHT#ULTIMATE#WEREWOLF##Retro#2_Game4.json,run_2,stochastic,Youtube,ONE#NIGHT#ULTIMATE#WEREWOLF##Retro#2,Game4,Youtube / ONE#NIGHT#ULTIMATE#WEREWOLF##Retro#2 / Game4,player_vote,Mike,Mike,False,True,Werewolf,Werewolf,"Dan explicitly identifies Mike as the Werewolf during the discussion, stating, ""Mike is a werewolf"" (71, 79). While other players engage in complex role-playing and accusations, Dan's direct assertion provides the strongest piece of evidence linking a player to the Werewolf role. To maximize the chances of Team Village winning, voting out the player identified as the Werewolf is the optimal strategy."
C:\Users\annab\Documents\GitHub\masters_thesis_sdg\results\voting\unsloth_gemma-4-E2B-it-unsloth-bnb-4bit\prompt_v4_run_2\Youtube\ONE#NIGHT#ULTIMATE#WEREWOLF##Retro#2_Game5.json,run_2,stochastic,Youtube,ONE#NIGHT#ULTIMATE#WEREWOLF##Retro#2,Game5,Youtube / ONE#NIGHT#ULTIMATE#WEREWOLF##Retro#2 / Game5,player_vote,Justin,Justin,False,False,Robber,Seer,"The discussion centers heavily on the identities of Justin and Mitchell, with Caitlynn repeatedly accusing Justin of being the Werewolf. While Mike also claims to be a Werewolf, the evidence points toward Justin being the target of suspicion, especially given the confusion around role swaps and conflicting statements about the Seer role. To maximize the chances of Team Village winning, eliminating the most strongly suspected Werewolf is the optimal strategy."
C:\Users\annab\Documents\GitHub\masters_thesis_sdg\results\voting\unsloth_gemma-4-E2B-it-unsloth-bnb-4bit\prompt_v4_run_2\Youtube\ONE#NIGHT#ULTIMATE#WEREWOLF##Retro#2_Game6.json,run_2,stochastic,Youtube,ONE#NIGHT#ULTIMATE#WEREWOLF##Retro#2,Game6,Youtube / ONE#NIGHT#ULTIMATE#WEREWOLF##Retro#2 / Game6,player_vote,Mitchell,Mitchell,False,False,Tanner,Werewolf,"The discussion centers heavily on the roles of Justin and Mitchell, with Mitchell claiming to be a 'double werewolf' and suggesting Justin switched them. Caitlynn ultimately votes for Mitchell, stating he was a werewolf. Given the high level of suspicion and the direct accusation made by a Team Village player, Mitchell is the most likely candidate to eliminate a Werewolf and secure a win for Team Village."
C:\Users\annab\Documents\GitHub\masters_thesis_sdg\results\voting\unsloth_gemma-4-E2B-it-unsloth-bnb-4bit\prompt_v4_run_2\Youtube\ONE#NIGHT#ULTIMATE#WEREWOLF##Retro#2_Game7.json,run_2,stochastic,Youtube,ONE#NIGHT#ULTIMATE#WEREWOLF##Retro#2,Game7,Youtube / ONE#NIGHT#ULTIMATE#WEREWOLF##Retro#2 / Game7,player_vote,Caitlynn,Caitlynn,False,True,Werewolf,Werewolf,"The discussion strongly points toward Caitlynn being the Werewolf. Mike explicitly states that Caitlin is a werewolf multiple times, and this accusation is supported by the collective suspicion regarding role swaps and who is lying. Since Team Village wins by eliminating a Werewolf, voting for Caitlynn is the most strategic move based on the available information."
C:\Users\annab\Documents\GitHub\masters_thesis_sdg\results\voting\unsloth_gemma-4-E2B-it-unsloth-bnb-4bit\prompt_v4_run_2\Youtube\ONE#NIGHT#ULTIMATE#WEREWOLF##Retro#2_Game8.json,run_2,stochastic,Youtube,ONE#NIGHT#ULTIMATE#WEREWOLF##Retro#2,Game8,Youtube / ONE#NIGHT#ULTIMATE#WEREWOLF##Retro#2 / Game8,player_vote,Dan,Dan,False,True,Werewolf,Werewolf,"Dan, who claims to have seen two Werewolves, is the primary source of information regarding the presence of Werewolves. While his statement could be true, if he is lying, he is a Werewolf, which would be a successful elimination for Team Village. Given the high level of suspicion and the need to eliminate a Werewolf, voting for the player making the most critical claim is the most strategic move."
C:\Users\annab\Documents\GitHub\masters_thesis_sdg\results\voting\unsloth_gemma-4-E2B-it-unsloth-bnb-4bit\prompt_v4_run_2\Youtube\ONE#NIGHT#ULTIMATE#WEREWOLF##Retro#3_Game2.json,run_2,stochastic,Youtube,ONE#NIGHT#ULTIMATE#WEREWOLF##Retro#3,Game2,Youtube / ONE#NIGHT#ULTIMATE#WEREWOLF##Retro#3 / Game2,circle_vote,No Werewolf,,True,False,,,"The discussion transcript is filled with conflicting accusations and denials, making it impossible to definitively identify a Werewolf. Players are aggressively pointing fingers at each other, suggesting high levels of bluffing and deception. Since there is no concrete evidence or confirmed action that points to a Werewolf, the safest strategy is to assume no Werewolf is present, which fulfills the condition for Team Village to win."
C:\Users\annab\Documents\GitHub\masters_thesis_sdg\results\voting\unsloth_gemma-4-E2B-it-unsloth-bnb-4bit\prompt_v4_run_2\Youtube\ONE#NIGHT#ULTIMATE#WEREWOLF##Retro#3_Game3.json,run_2,stochastic,Youtube,ONE#NIGHT#ULTIMATE#WEREWOLF##Retro#3,Game3,Youtube / ONE#NIGHT#ULTIMATE#WEREWOLF##Retro#3 / Game3,player_vote,Mitchell,Mitchell,False,False,Robber,Seer,"The transcript indicates that Mitchell claimed to see two werewolves, which was corroborated by Mike, who stated he was the Robber and switched cards with Mitchell. Since the Werewolves are a team and the goal is to eliminate them, voting out Mitchell is a strong move to eliminate a potential Werewolf. Given the limited information, this is the best available evidence to support a vote."
C:\Users\annab\Documents\GitHub\masters_thesis_sdg\results\voting\unsloth_gemma-4-E2B-it-unsloth-bnb-4bit\prompt_v4_run_2\Youtube\ONE#NIGHT#ULTIMATE#WEREWOLF##Retro#3_Game4.json,run_2,stochastic,Youtube,ONE#NIGHT#ULTIMATE#WEREWOLF##Retro#3,Game4,Youtube / ONE#NIGHT#ULTIMATE#WEREWOLF##Retro#3 / Game4,circle_vote,No Werewolf,,True,False,,,"The discussion transcript does not provide enough concrete evidence to identify the Werewolf. Players are engaged in mutual suspicion regarding roles like the Tanner and Villager, and accusations are made against Mike and Mitchell, but none of these statements are confirmed. Since Team Village wins only by eliminating a Werewolf, and I cannot confidently point to a specific player, I must assume that either no Werewolf is present, or the Werewolf is not clearly identified in this exchange."
C:\Users\annab\Documents\GitHub\masters_thesis_sdg\results\voting\unsloth_gemma-4-E2B-it-unsloth-bnb-4bit\prompt_v4_run_2\Youtube\ONE#NIGHT#ULTIMATE#WEREWOLF##Retro#3_Game5.json,run_2,stochastic,Youtube,ONE#NIGHT#ULTIMATE#WEREWOLF##Retro#3,Game5,Youtube / ONE#NIGHT#ULTIMATE#WEREWOLF##Retro#3 / Game5,player_vote,Mitchell,Mitchell,False,False,Insomniac,Tanner,"The discussion centers heavily on role swaps and accusations regarding the Werewolf role. Justin strongly suggests Mitchell is the Werewolf, and Mitchell himself initially claimed to have started as the Werewolf before later retracting this claim and stating he was a Tanner. Since Team Village wins by eliminating a Werewolf, Mitchell is the primary suspect who aligns with the Werewolf role, making him the target for elimination."
C:\Users\annab\Documents\GitHub\masters_thesis_sdg\results\voting\unsloth_gemma-4-E2B-it-unsloth-bnb-4bit\prompt_v4_run_2\Youtube\ONE#NIGHT#ULTIMATE#WEREWOLF##Retro#3_Game6.json,run_2,stochastic,Youtube,ONE#NIGHT#ULTIMATE#WEREWOLF##Retro#3,Game6,Youtube / ONE#NIGHT#ULTIMATE#WEREWOLF##Retro#3 / Game6,player_vote,Mike,Mike,False,True,Werewolf,Werewolf,"The discussion strongly suggests that Mike is the Werewolf. Multiple players, including Justin and James, accuse Mike of being the Werewolf, and Mike himself claims to have seen two werewolves. Since Team Village wins by eliminating a Werewolf, voting for Mike is the optimal strategy to achieve this goal."
C:\Users\annab\Documents\GitHub\masters_thesis_sdg\results\voting\unsloth_gemma-4-E2B-it-unsloth-bnb-4bit\prompt_v4_run_2\Youtube\ONE#NIGHT#ULTIMATE#WEREWOLF##Retro#3_Game7.json,run_2,stochastic,Youtube,ONE#NIGHT#ULTIMATE#WEREWOLF##Retro#3,Game7,Youtube / ONE#NIGHT#ULTIMATE#WEREWOLF##Retro#3 / Game7,player_vote,Mitchell,Mitchell,False,True,Werewolf,Werewolf,"The discussion focused heavily on the Tanner role and the Werewolf identity, with James repeatedly concluding that Mitchell was the Werewolf. Although there were conflicting stories regarding who started as the Tanner, the consensus reached by the end of the transcript strongly points to Mitchell being the Werewolf. Eliminating Mitchell is the best way to ensure Team Village wins by eliminating a Werewolf."
C:\Users\annab\Documents\GitHub\masters_thesis_sdg\results\voting\unsloth_gemma-4-E2B-it-unsloth-bnb-4bit\prompt_v4_run_2\Youtube\ONE#NIGHT#ULTIMATE#WEREWOLF##Retro#3_Game8.json,run_2,stochastic,Youtube,ONE#NIGHT#ULTIMATE#WEREWOLF##Retro#3,Game8,Youtube / ONE#NIGHT#ULTIMATE#WEREWOLF##Retro#3 / Game8,circle_vote,No Werewolf,,True,True,,,"The discussion transcript does not provide any concrete evidence or reliable information that allows for the identification of a Werewolf. Players are speculating about card swaps and potential roles, but no player has definitively proven themselves to be a Werewolf, nor has any clear accusation been established. Given the lack of conclusive data, assuming no Werewolf is present is the safest strategy to maximize the chance of Team Village winning."
C:\Users\annab\Documents\GitHub\masters_thesis_sdg\results\voting\unsloth_gemma-4-E2B-it-unsloth-bnb-4bit\prompt_v4_run_2\Youtube\ONE#NIGHT#ULTIMATE#WEREWOLF##Retro#4_Game10.json,run_2,stochastic,Youtube,ONE#NIGHT#ULTIMATE#WEREWOLF##Retro#4,Game10,Youtube / ONE#NIGHT#ULTIMATE#WEREWOLF##Retro#4 / Game10,circle_vote,No Werewolf,,True,False,,,"The discussion transcript focuses heavily on role confusion and identifying who swapped cards during the Night phase, rather than any concrete evidence of Werewolf actions. While some players express suspicion, there is no definitive proof linking any player to the Werewolf role. Since the game relies on identifying a Werewolf to win, and no player has been clearly implicated through actions or role abilities, I cannot confidently select a target."
C:\Users\annab\Documents\GitHub\masters_thesis_sdg\results\voting\unsloth_gemma-4-E2B-it-unsloth-bnb-4bit\prompt_v4_run_2\Youtube\ONE#NIGHT#ULTIMATE#WEREWOLF##Retro#4_Game11.json,run_2,stochastic,Youtube,ONE#NIGHT#ULTIMATE#WEREWOLF##Retro#4,Game11,Youtube / ONE#NIGHT#ULTIMATE#WEREWOLF##Retro#4 / Game11,player_vote,Mitchell,Mitchell,False,False,Insomniac,Minion,"Mitchell presented a compelling narrative during the Night phase, claiming he was a Minion who saw a Werewolf (Justin). While other players expressed doubt regarding Mike's reliability, Mitchell's story provides a direct accusation. To maximize the chance of Team Village winning, I will vote for Mitchell, assuming his accusation is true and he is the Werewolf."
C:\Users\annab\Documents\GitHub\masters_thesis_sdg\results\voting\unsloth_gemma-4-E2B-it-unsloth-bnb-4bit\prompt_v4_run_2\Youtube\ONE#NIGHT#ULTIMATE#WEREWOLF##Retro#4_Game3.json,run_2,stochastic,Youtube,ONE#NIGHT#ULTIMATE#WEREWOLF##Retro#4,Game3,Youtube / ONE#NIGHT#ULTIMATE#WEREWOLF##Retro#4 / Game3,player_vote,Mitchell,Mitchell,False,True,Werewolf,Werewolf,"The discussion centers heavily on role swapping and accusations, with Mike explicitly stating that Mitchell is the Werewolf. Justin immediately agrees with this assessment and suggests killing Mitchell, indicating a strong consensus among the players that Mitchell is the target. Given the objective is to eliminate a Werewolf, voting out the player most strongly implicated by the group is the best strategy to maximize Team Village's chances of winning."
C:\Users\annab\Documents\GitHub\masters_thesis_sdg\results\voting\unsloth_gemma-4-E2B-it-unsloth-bnb-4bit\prompt_v4_run_2\Youtube\ONE#NIGHT#ULTIMATE#WEREWOLF##Retro#4_Game4.json,run_2,stochastic,Youtube,ONE#NIGHT#ULTIMATE#WEREWOLF##Retro#4,Game4,Youtube / ONE#NIGHT#ULTIMATE#WEREWOLF##Retro#4 / Game4,player_vote,Mitchell,Mitchell,False,False,Robber,Drunk,"Multiple players, including James, Mike, and Justin, strongly suspect Mitchell is the Werewolf, culminating in James directly stating, 'He's shook. He's a werewolf.' Since Team Village wins by eliminating a Werewolf, Mitchell is the primary target to ensure victory. While the evidence is based on suspicion rather than direct proof, the consensus points toward him being the threat."
C:\Users\annab\Documents\GitHub\masters_thesis_sdg\results\voting\unsloth_gemma-4-E2B-it-unsloth-bnb-4bit\prompt_v4_run_2\Youtube\ONE#NIGHT#ULTIMATE#WEREWOLF##Retro#4_Game5.json,run_2,stochastic,Youtube,ONE#NIGHT#ULTIMATE#WEREWOLF##Retro#4,Game5,Youtube / ONE#NIGHT#ULTIMATE#WEREWOLF##Retro#4 / Game5,player_vote,Justin,Justin,False,False,Robber,Werewolf,"The transcript explicitly confirms that Justin was the Werewolf (lines 34 and 26). Since Team Village wins by eliminating a Werewolf, voting for Justin is the necessary action to achieve this goal. Although Mitchell suggests voting for James, Justin's confirmed role makes him the target for Team Village."
C:\Users\annab\Documents\GitHub\masters_thesis_sdg\results\voting\unsloth_gemma-4-E2B-it-unsloth-bnb-4bit\prompt_v4_run_2\Youtube\ONE#NIGHT#ULTIMATE#WEREWOLF##Retro#4_Game6.json,run_2,stochastic,Youtube,ONE#NIGHT#ULTIMATE#WEREWOLF##Retro#4,Game6,Youtube / ONE#NIGHT#ULTIMATE#WEREWOLF##Retro#4 / Game6,player_vote,Mitchell,Mitchell,False,False,Robber,Drunk,"The discussion heavily centers on Mitchell's role and whether he swapped into a Werewolf card, suggesting he is a prime suspect. Mitchell expressed low confidence in his status, claiming only a 60% chance of being guilty, which aligns with the typical behavior of a player trying to deflect suspicion. Since the goal is to eliminate a Werewolf to win, Mitchell is the most logical target based on the transcript's focus on role manipulation."
C:\Users\annab\Documents\GitHub\masters_thesis_sdg\results\voting\unsloth_gemma-4-E2B-it-unsloth-bnb-4bit\prompt_v4_run_2\Youtube\ONE#NIGHT#ULTIMATE#WEREWOLF##Retro#4_Game7.json,run_2,stochastic,Youtube,ONE#NIGHT#ULTIMATE#WEREWOLF##Retro#4,Game7,Youtube / ONE#NIGHT#ULTIMATE#WEREWOLF##Retro#4 / Game7,player_vote,Caitlynn,Caitlynn,False,False,Insomniac,Drunk,"The discussion strongly implies that Caitlynn is the Werewolf, based on Justin's deduction that she might be the culprit after the Minion reported seeing no Werewolves, and Caitlynn's subsequent admission that 'it's me.' Since Team Village wins by eliminating a Werewolf, voting for Caitlynn is the optimal strategy to secure a win. This action targets the most likely suspect identified through the public discussion."
C:\Users\annab\Documents\GitHub\masters_thesis_sdg\results\voting\unsloth_gemma-4-E2B-it-unsloth-bnb-4bit\prompt_v4_run_2\Youtube\ONE#NIGHT#ULTIMATE#WEREWOLF##Retro#4_Game9.json,run_2,stochastic,Youtube,ONE#NIGHT#ULTIMATE#WEREWOLF##Retro#4,Game9,Youtube / ONE#NIGHT#ULTIMATE#WEREWOLF##Retro#4 / Game9,player_vote,Justin,Justin,False,False,Minion,Minion,"The discussion has devolved into intense accusations regarding who the Werewolf is, with James directly accusing Justin. Given the high level of conflict and the immediate call for a vote, targeting the player most directly implicated by another player is the most logical move to maximize the chance of eliminating a Werewolf and securing a victory for Team Village."
C:\Users\annab\Documents\GitHub\masters_thesis_sdg\results\voting\unsloth_gemma-4-E2B-it-unsloth-bnb-4bit\prompt_v4_run_2\Youtube\ONE#NIGHT#ULTIMATE#WEREWOLF##Retro#5_Game1.json,run_2,stochastic,Youtube,ONE#NIGHT#ULTIMATE#WEREWOLF##Retro#5,Game1,Youtube / ONE#NIGHT#ULTIMATE#WEREWOLF##Retro#5 / Game1,player_vote,Mitchell,Mitchell,False,False,Villager,Seer,"The discussion centers around suspicions regarding who switched cards and who might be the Werewolf. Paul directly suspects Mitchell, and Justin also expresses doubt about Mitchell's position. Since Team Village wins by eliminating a Werewolf, and Mitchell is the primary target of suspicion, voting for him is the most strategic move to attempt to eliminate the Werewolf."
C:\Users\annab\Documents\GitHub\masters_thesis_sdg\results\voting\unsloth_gemma-4-E2B-it-unsloth-bnb-4bit\prompt_v4_run_2\Youtube\ONE#NIGHT#ULTIMATE#WEREWOLF##Retro#5_Game2.json,run_2,stochastic,Youtube,ONE#NIGHT#ULTIMATE#WEREWOLF##Retro#5,Game2,Youtube / ONE#NIGHT#ULTIMATE#WEREWOLF##Retro#5 / Game2,circle_vote,No Werewolf,,True,False,,,"The discussion transcript is highly confusing and filled with accusations and conflicting claims regarding role swaps and past identities. Justin and Mitchell argue intensely over who was the Werewolf, making it impossible to determine who is truthful or who is lying. Since I have no concrete evidence or confirmed role information, I cannot confidently identify a Werewolf."
C:\Users\annab\Documents\GitHub\masters_thesis_sdg\results\voting\unsloth_gemma-4-E2B-it-unsloth-bnb-4bit\prompt_v4_run_2\Youtube\ONE#NIGHT#ULTIMATE#WEREWOLF##Retro#5_Game3.json,run_2,stochastic,Youtube,ONE#NIGHT#ULTIMATE#WEREWOLF##Retro#5,Game3,Youtube / ONE#NIGHT#ULTIMATE#WEREWOLF##Retro#5 / Game3,circle_vote,No Werewolf,,True,False,,,"The discussion transcript is highly confusing and filled with conflicting claims regarding role identity and card swaps, making it impossible to definitively identify a Werewolf. Since I cannot confirm the presence of a Werewolf, the condition for Team Village victory is met if no Werewolves are present. Therefore, I will choose 'No Werewolf'."
C:\Users\annab\Documents\GitHub\masters_thesis_sdg\results\voting\unsloth_gemma-4-E2B-it-unsloth-bnb-4bit\prompt_v4_run_2\Youtube\ONE#NIGHT#ULTIMATE#WEREWOLF##Retro#5_Game4.json,run_2,stochastic,Youtube,ONE#NIGHT#ULTIMATE#WEREWOLF##Retro#5,Game4,Youtube / ONE#NIGHT#ULTIMATE#WEREWOLF##Retro#5 / Game4,player_vote,Paul,Paul,False,False,Robber,Robber,"The transcript shows intense role confusion and accusations, particularly regarding the Robber and Insomniac roles. Paul explicitly states, ""So we have a possible werewolf"" (43), indicating his suspicion. While the evidence is circumstantial, in the absence of concrete proof, targeting the player who raises the primary suspicion is the best strategy to maximize the chance of eliminating a Werewolf and securing a Team Village win."
C:\Users\annab\Documents\GitHub\masters_thesis_sdg\results\voting\unsloth_gemma-4-E2B-it-unsloth-bnb-4bit\prompt_v4_run_2\Youtube\ONE#NIGHT#ULTIMATE#WEREWOLF##Retro#5_Game5.json,run_2,stochastic,Youtube,ONE#NIGHT#ULTIMATE#WEREWOLF##Retro#5,Game5,Youtube / ONE#NIGHT#ULTIMATE#WEREWOLF##Retro#5 / Game5,player_vote,Justin,Justin,False,True,Werewolf,Werewolf,"The discussion strongly suggests that Justin is the Werewolf. Mitchell explicitly states, ""Justin's the werewolf,"" and Justin later admits to being the Werewolf. Paul also votes for Justin, indicating a consensus that Justin is the target. Eliminating Justin is the best way to ensure Team Village wins by eliminating a Werewolf."
C:\Users\annab\Documents\GitHub\masters_thesis_sdg\results\voting\unsloth_gemma-4-E2B-it-unsloth-bnb-4bit\prompt_v4_run_2\Youtube\ONE#NIGHT#ULTIMATE#WEREWOLF##Retro#5_Game6.json,run_2,stochastic,Youtube,ONE#NIGHT#ULTIMATE#WEREWOLF##Retro#5,Game6,Youtube / ONE#NIGHT#ULTIMATE#WEREWOLF##Retro#5 / Game6,circle_vote,No Werewolf,,True,False,,,"The discussion centers entirely on role swapping and who the Werewolf is, making it impossible to determine a definitive Werewolf based on the transcript alone. Players are contradicting each other regarding who switched roles and who currently holds the Werewolf card. Since there is no concrete evidence or confirmed action that identifies a Werewolf, I cannot confidently make a vote."
C:\Users\annab\Documents\GitHub\masters_thesis_sdg\results\voting\unsloth_gemma-4-E2B-it-unsloth-bnb-4bit\prompt_v4_run_2\Youtube\ONE#NIGHT#ULTIMATE#WEREWOLF##Retro#5_Game7.json,run_2,stochastic,Youtube,ONE#NIGHT#ULTIMATE#WEREWOLF##Retro#5,Game7,Youtube / ONE#NIGHT#ULTIMATE#WEREWOLF##Retro#5 / Game7,player_vote,Paul,Paul,False,True,Werewolf,Werewolf,"The transcript strongly suggests that Justin and Paul are Werewolves, as Justin claims they are, and Paul confirms this accusation. Mitchell later insists that both of them are werewolves, leading to a consensus among the players that two Werewolves are present. Since Team Village wins by eliminating a Werewolf, voting for either Justin or Paul will achieve the objective. I will vote for Paul."
C:\Users\annab\Documents\GitHub\masters_thesis_sdg\results\voting\unsloth_gemma-4-E2B-it-unsloth-bnb-4bit\prompt_v4_run_2\Youtube\ONE#NIGHT#ULTIMATE#WEREWOLF##Retro#5_Game8.json,run_2,stochastic,Youtube,ONE#NIGHT#ULTIMATE#WEREWOLF##Retro#5,Game8,Youtube / ONE#NIGHT#ULTIMATE#WEREWOLF##Retro#5 / Game8,player_vote,Justin,Justin,False,True,Werewolf,Werewolf,"The transcript is extremely confusing due to multiple role swaps and unverified claims about who saw what card. However, Mitchell explicitly states, ""He's a werewolf"" (82), directly accusing Justin. In the absence of concrete evidence proving otherwise, targeting the player who is directly implicated by another player is the best strategy to attempt to eliminate a Werewolf and secure a win for Team Village."
C:\Users\annab\Documents\GitHub\masters_thesis_sdg\results\voting\unsloth_gemma-4-E2B-it-unsloth-bnb-4bit\prompt_v4_run_2\Youtube\ONE#NIGHT#ULTIMATE#WEREWOLF#-#Drinking#Play#Through_Game1.json,run_2,stochastic,Youtube,ONE#NIGHT#ULTIMATE#WEREWOLF#-#Drinking#Play#Through,Game1,Youtube / ONE#NIGHT#ULTIMATE#WEREWOLF#-#Drinking#Play#Through / Game1,player_vote,Jordan1,Jordan1,False,False,Hunter,Robber,"The discussion is highly chaotic and filled with conflicting claims regarding roles, making definitive identification difficult. However, Jordan1 claimed to be the Werewolf at the beginning of the game, which aligns with the Werewolf's goal of creating immediate suspicion. While other players made claims, Jordan1's initial self-identification makes them a primary target for Team Village to eliminate and achieve the win condition."
C:\Users\annab\Documents\GitHub\masters_thesis_sdg\results\voting\unsloth_gemma-4-E2B-it-unsloth-bnb-4bit\prompt_v4_run_2\Youtube\ONE#NIGHT#ULTIMATE#WEREWOLF#-#Drinking#Play#Through_Game2.json,run_2,stochastic,Youtube,ONE#NIGHT#ULTIMATE#WEREWOLF#-#Drinking#Play#Through,Game2,Youtube / ONE#NIGHT#ULTIMATE#WEREWOLF#-#Drinking#Play#Through / Game2,player_vote,Jordan2,Jordan2,False,False,Tanner,Tanner,"The transcript is highly confusing due to multiple role swaps and conflicting claims, making definitive identification difficult. However, Jordan2 is directly accused by Sarah of being both a Werewolf and a Minion in the transcript, which is a strong indicator for elimination. Since Team Village needs to eliminate a Werewolf to win, targeting the player who is most strongly suspected of being a Werewolf is the optimal strategy."
C:\Users\annab\Documents\GitHub\masters_thesis_sdg\results\voting\unsloth_gemma-4-E2B-it-unsloth-bnb-4bit\prompt_v4_run_2\Youtube\ONE#NIGHT#ULTIMATE#WEREWOLF#1##July#5th#2016_Game2.json,run_2,stochastic,Youtube,ONE#NIGHT#ULTIMATE#WEREWOLF#1##July#5th#2016,Game2,Youtube / ONE#NIGHT#ULTIMATE#WEREWOLF#1##July#5th#2016 / Game2,player_vote,Mike,Mike,False,False,Tanner,Tanner,"The majority of the players, including James, Alban, and Mitchell, strongly suspect Mike of being the Werewolf, leading to a collective push to vote him out. While the transcript is filled with role swapping and deception, the accumulated evidence points towards Mike as the primary suspect, especially given the conflicting stories regarding the Drunk and the Revealer roles. To maximize the chances of Team Village eliminating a Werewolf, Mike is the logical target."
C:\Users\annab\Documents\GitHub\masters_thesis_sdg\results\voting\unsloth_gemma-4-E2B-it-unsloth-bnb-4bit\prompt_v4_run_2\Youtube\One#Night#Ultimate#Werewolf#1#How-To#and#Playthrough_Game1.json,run_2,stochastic,Youtube,One#Night#Ultimate#Werewolf#1#How-To#and#Playthrough,Game1,Youtube / One#Night#Ultimate#Werewolf#1#How-To#and#Playthrough / Game1,player_vote,Audrey,Audrey,False,False,Villager,Villager,"The discussion is highly confusing due to multiple role swaps and players aggressively claiming to be Villagers, which complicates identifying the Werewolf. However, in the final moments of the transcript, players explicitly suspect that Audrey and Katie are the Werewolves. Since Team Village needs to eliminate a Werewolf, targeting the players who are most strongly suspected by the group is the best strategy to increase the chances of victory."
C:\Users\annab\Documents\GitHub\masters_thesis_sdg\results\voting\unsloth_gemma-4-E2B-it-unsloth-bnb-4bit\prompt_v4_run_2\Youtube\ONE#NIGHT#ULTIMATE#WEREWOLF#10##November#6th#2016_Game1.json,run_2,stochastic,Youtube,ONE#NIGHT#ULTIMATE#WEREWOLF#10##November#6th#2016,Game1,Youtube / ONE#NIGHT#ULTIMATE#WEREWOLF#10##November#6th#2016 / Game1,circle_vote,No Werewolf,,True,True,,,"The discussion transcript focuses primarily on identifying roles (Robber, Troublemaker, Insomniac) and debating whether Mitchell is the Tanner or a Werewolf. There is no concrete evidence or successful identification of a Werewolf during the Night phase. Since Team Village wins by eliminating a Werewolf, and I cannot confirm the presence of one, the safest strategy is to assume no Werewolf is present."
C:\Users\annab\Documents\GitHub\masters_thesis_sdg\results\voting\unsloth_gemma-4-E2B-it-unsloth-bnb-4bit\prompt_v4_run_2\Youtube\ONE#NIGHT#ULTIMATE#WEREWOLF#13##July#29th#2017_Game1.json,run_2,stochastic,Youtube,ONE#NIGHT#ULTIMATE#WEREWOLF#13##July#29th#2017,Game1,Youtube / ONE#NIGHT#ULTIMATE#WEREWOLF#13##July#29th#2017 / Game1,player_vote,Justin,Justin,False,False,Seer,Drunk,"The discussion is highly confusing and contradictory, making definitive identification difficult. However, Justin is repeatedly implicated by other players, including Mitchell who initially suspected him of being the Werewolf, and Mike who suggested Justin might be the Tanner. Since Team Village needs to eliminate a Werewolf, Justin is the most logical target based on the current suspicions and conflicting role claims."
C:\Users\annab\Documents\GitHub\masters_thesis_sdg\results\voting\unsloth_gemma-4-E2B-it-unsloth-bnb-4bit\prompt_v4_run_2\Youtube\ONE#NIGHT#ULTIMATE#WEREWOLF#13##July#29th#2017_Game2.json,run_2,stochastic,Youtube,ONE#NIGHT#ULTIMATE#WEREWOLF#13##July#29th#2017,Game2,Youtube / ONE#NIGHT#ULTIMATE#WEREWOLF#13##July#29th#2017 / Game2,player_vote,Mitchell,Mitchell,False,True,Werewolf,Werewolf,"The discussion is highly confusing due to multiple role swaps, making definitive identification difficult. Mitchell made several contradictory claims, stating he was the Robber, then the Tanner, and ultimately claiming he was the Werewolf. Since Team Village needs to eliminate a Werewolf to win, Mitchell is the most suspicious player and the primary target for elimination."
C:\Users\annab\Documents\GitHub\masters_thesis_sdg\results\voting\unsloth_gemma-4-E2B-it-unsloth-bnb-4bit\prompt_v4_run_2\Youtube\ONE#NIGHT#ULTIMATE#WEREWOLF#13##July#29th#2017_Game3.json,run_2,stochastic,Youtube,ONE#NIGHT#ULTIMATE#WEREWOLF#13##July#29th#2017,Game3,Youtube / ONE#NIGHT#ULTIMATE#WEREWOLF#13##July#29th#2017 / Game3,player_vote,Justin,Justin,False,False,Troublemaker,Drunk,"Justin makes conflicting claims about his role, stating he is the Werewolf, then the Tanner, and denying being the Drunk. The discussion centers heavily on verifying card swaps and who was the Drunk, indicating high uncertainty and potential deception. Since Team Village needs to eliminate a Werewolf, and Justin is the most aggressive claimant of the Werewolf role, voting him out is the highest risk/highest reward move to eliminate a potential threat."
C:\Users\annab\Documents\GitHub\masters_thesis_sdg\results\voting\unsloth_gemma-4-E2B-it-unsloth-bnb-4bit\prompt_v4_run_2\Youtube\ONE#NIGHT#ULTIMATE#WEREWOLF#14##August#26th#2017_Game1.json,run_2,stochastic,Youtube,ONE#NIGHT#ULTIMATE#WEREWOLF#14##August#26th#2017,Game1,Youtube / ONE#NIGHT#ULTIMATE#WEREWOLF#14##August#26th#2017 / Game1,player_vote,Justin,Justin,False,False,Tanner,Tanner,"The discussion is highly confusing and involves multiple role swaps, making it difficult to definitively identify the Werewolf. However, Justin was initially accused of being the Werewolf, and Mitchell is actively voting him out, suggesting he is the primary target of suspicion. Eliminating the most suspected player increases the chance of Team Village winning by removing a Werewolf."
C:\Users\annab\Documents\GitHub\masters_thesis_sdg\results\voting\unsloth_gemma-4-E2B-it-unsloth-bnb-4bit\prompt_v4_run_2\Youtube\ONE#NIGHT#ULTIMATE#WEREWOLF#14##August#26th#2017_Game2.json,run_2,stochastic,Youtube,ONE#NIGHT#ULTIMATE#WEREWOLF#14##August#26th#2017,Game2,Youtube / ONE#NIGHT#ULTIMATE#WEREWOLF#14##August#26th#2017 / Game2,player_vote,Justin,Justin,False,True,Werewolf,Werewolf,"The transcript shows significant confusion and self-identification, particularly from Justin, who repeatedly claims to be a Werewolf and asserts he was the only one. In a game where Team Village needs to eliminate a Werewolf to win, targeting the player who explicitly claims to be the Werewolf is the most direct path to victory. Given the high level of suspicion and the chaotic nature of the discussion, Justin is the primary target."
C:\Users\annab\Documents\GitHub\masters_thesis_sdg\results\voting\unsloth_gemma-4-E2B-it-unsloth-bnb-4bit\prompt_v4_run_2\Youtube\ONE#NIGHT#ULTIMATE#WEREWOLF#18##September#30th#2017_Game1.json,run_2,stochastic,Youtube,ONE#NIGHT#ULTIMATE#WEREWOLF#18##September#30th#2017,Game1,Youtube / ONE#NIGHT#ULTIMATE#WEREWOLF#18##September#30th#2017 / Game1,player_vote,Paul,Paul,False,False,Robber,Werewolf,"The transcript contains conflicting claims regarding roles, but Mitchell explicitly votes for Paul as a Werewolf (75), and Paul himself claims to have been a solo Werewolf (68). Given the objective is to eliminate a Werewolf to win, voting for Paul is the most direct path to achieving Team Village's victory. Although other players accuse each other of being the Tanner or Robber, Paul remains the primary suspect for the Werewolf role."
C:\Users\annab\Documents\GitHub\masters_thesis_sdg\results\voting\unsloth_gemma-4-E2B-it-unsloth-bnb-4bit\prompt_v4_run_2\Youtube\One#Night#Ultimate#Werewolf#2#The#Drunk_Game1.json,run_2,stochastic,Youtube,One#Night#Ultimate#Werewolf#2#The#Drunk,Game1,Youtube / One#Night#Ultimate#Werewolf#2#The#Drunk / Game1,player_vote,Audrey,Audrey,False,False,Villager,Villager,"The discussion is highly contentious, with players speculating about who the Werewolf is, leading to accusations and role swaps. However, the final voting shows Dan and Katie both voting for Audrey, and Dan also voting for himself. Since the goal is to eliminate a Werewolf to win, and the discussion heavily suggested Audrey might be the Werewolf (especially after the role swaps and conflicting statements), voting for her is the most aligned move with Team Village's objective. Given the uncertainty, targeting the most accused player is strategic."
C:\Users\annab\Documents\GitHub\masters_thesis_sdg\results\voting\unsloth_gemma-4-E2B-it-unsloth-bnb-4bit\prompt_v4_run_2\Youtube\ONE#NIGHT#ULTIMATE#WEREWOLF#26##January#20th#2018_Game2.json,run_2,stochastic,Youtube,ONE#NIGHT#ULTIMATE#WEREWOLF#26##January#20th#2018,Game2,Youtube / ONE#NIGHT#ULTIMATE#WEREWOLF#26##January#20th#2018 / Game2,player_vote,Meghan,Meghan,False,True,Werewolf,Robber,"Meghan is the most aggressive player, claiming to be the Werewolf, which aligns with the goal of Team Village to eliminate a Werewolf. Although her claims are contradicted by other players regarding role swaps and sightings of the Tanner, her self-identification makes her the primary suspect. Eliminating her maximizes the chance of Team Village winning by removing a Werewolf."
C:\Users\annab\Documents\GitHub\masters_thesis_sdg\results\voting\unsloth_gemma-4-E2B-it-unsloth-bnb-4bit\prompt_v4_run_2\Youtube\ONE#NIGHT#ULTIMATE#WEREWOLF#26##January#20th#2018_Game3.json,run_2,stochastic,Youtube,ONE#NIGHT#ULTIMATE#WEREWOLF#26##January#20th#2018,Game3,Youtube / ONE#NIGHT#ULTIMATE#WEREWOLF#26##January#20th#2018 / Game3,player_vote,Meghan,Meghan,False,True,Werewolf,Tanner,"Mitchell explicitly stated that he saw a werewolf in the center and that the player Meghan took was the Drunk. This observation, supported by Paul, provides the strongest evidence that a Werewolf was present and acting during the Night phase. Since Team Village wins by eliminating a Werewolf, voting out Meghan is the most logical move based on the discussion."
C:\Users\annab\Documents\GitHub\masters_thesis_sdg\results\voting\unsloth_gemma-4-E2B-it-unsloth-bnb-4bit\prompt_v4_run_2\Youtube\ONE#NIGHT#ULTIMATE#WEREWOLF#28##February#17th#2018_Game1.json,run_2,stochastic,Youtube,ONE#NIGHT#ULTIMATE#WEREWOLF#28##February#17th#2018,Game1,Youtube / ONE#NIGHT#ULTIMATE#WEREWOLF#28##February#17th#2018 / Game1,player_vote,Mitchell,Mitchell,False,True,Werewolf,Drunk,"Multiple players, including Alysha and Mitchell, strongly imply or state that Mitchell is the Werewolf. Mitchell explicitly claims to be a Werewolf, and Alysha suggests this suspicion. Since Team Village wins by eliminating a Werewolf, voting for Mitchell is the most strategic move based on the gathered accusations."
C:\Users\annab\Documents\GitHub\masters_thesis_sdg\results\voting\unsloth_gemma-4-E2B-it-unsloth-bnb-4bit\prompt_v4_run_2\Youtube\ONE#NIGHT#ULTIMATE#WEREWOLF#28##February#17th#2018_Game2.json,run_2,stochastic,Youtube,ONE#NIGHT#ULTIMATE#WEREWOLF#28##February#17th#2018,Game2,Youtube / ONE#NIGHT#ULTIMATE#WEREWOLF#28##February#17th#2018 / Game2,player_vote,Mike,Mike,False,False,Seer,Drunk,"Multiple players, including Alysha, Justin, and Mitchell, explicitly accuse Mike of being the Werewolf. While the transcript is highly confusing due to role swaps, the accumulated accusations suggest Mike is the primary target. Eliminating Mike increases the chances of Team Village winning by removing a Werewolf."
C:\Users\annab\Documents\GitHub\masters_thesis_sdg\results\voting\unsloth_gemma-4-E2B-it-unsloth-bnb-4bit\prompt_v4_run_2\Youtube\ONE#NIGHT#ULTIMATE#WEREWOLF#28##February#17th#2018_Game3.json,run_2,stochastic,Youtube,ONE#NIGHT#ULTIMATE#WEREWOLF#28##February#17th#2018,Game3,Youtube / ONE#NIGHT#ULTIMATE#WEREWOLF#28##February#17th#2018 / Game3,player_vote,Justin,Justin,False,False,Robber,Werewolf,"Alysha, who claims to be the Seer, directly accused Justin of being the Werewolf, suggesting he might have swapped cards. While the transcript is filled with confusing claims about card swaps and identities, Justin is the central figure in the suspicion surrounding the Werewolf role. Eliminating him is the best strategy to increase the chances of Team Village winning by removing a potential Werewolf."
C:\Users\annab\Documents\GitHub\masters_thesis_sdg\results\voting\unsloth_gemma-4-E2B-it-unsloth-bnb-4bit\prompt_v4_run_2\Youtube\One#Night#Ultimate#Werewolf#3#Insomniac_Game1.json,run_2,stochastic,Youtube,One#Night#Ultimate#Werewolf#3#Insomniac,Game1,Youtube / One#Night#Ultimate#Werewolf#3#Insomniac / Game1,player_vote,Brett,Brett,False,True,Werewolf,Werewolf,"The discussion is highly confusing due to multiple card swaps and conflicting role claims, making definitive identification of the Werewolf impossible. However, the players, particularly Audrey and Katie, converge on Brett as a primary suspect, believing he might be the Mason or a Werewolf, which would result in a loss for Team Village. Since the objective is to eliminate a Werewolf, and Brett is the focus of suspicion, he is the most strategic target to ensure Team Village has a chance to win."
C:\Users\annab\Documents\GitHub\masters_thesis_sdg\results\voting\unsloth_gemma-4-E2B-it-unsloth-bnb-4bit\prompt_v4_run_2\Youtube\ONE#NIGHT#ULTIMATE#WEREWOLF#30##February#17th#2018_Game2.json,run_2,stochastic,Youtube,ONE#NIGHT#ULTIMATE#WEREWOLF#30##February#17th#2018,Game2,Youtube / ONE#NIGHT#ULTIMATE#WEREWOLF#30##February#17th#2018 / Game2,failed_parse,,,False,,,,
C:\Users\annab\Documents\GitHub\masters_thesis_sdg\results\voting\unsloth_gemma-4-E2B-it-unsloth-bnb-4bit\prompt_v4_run_2\Youtube\ONE#NIGHT#ULTIMATE#WEREWOLF#30##February#17th#2018_Game4.json,run_2,stochastic,Youtube,ONE#NIGHT#ULTIMATE#WEREWOLF#30##February#17th#2018,Game4,Youtube / ONE#NIGHT#ULTIMATE#WEREWOLF#30##February#17th#2018 / Game4,player_vote,Alysha,Alysha,False,False,Tanner,Tanner,"The discussion heavily focuses on Alysha, who is strongly implied to be the Tanner role, an independent team. While the transcript does not definitively confirm a Werewolf, Paul and Mitchell both suggest that Alysha's hesitation when grabbing the Troublemaker was a werewolf move. Since Team Village needs to eliminate a Werewolf to win, voting out Alysha is the most aggressive move to eliminate a potential threat."
C:\Users\annab\Documents\GitHub\masters_thesis_sdg\results\voting\unsloth_gemma-4-E2B-it-unsloth-bnb-4bit\prompt_v4_run_2\Youtube\ONE#NIGHT#ULTIMATE#WEREWOLF#34##March#24th#2018_Game2.json,run_2,stochastic,Youtube,ONE#NIGHT#ULTIMATE#WEREWOLF#34##March#24th#2018,Game2,Youtube / ONE#NIGHT#ULTIMATE#WEREWOLF#34##March#24th#2018 / Game2,player_vote,Mitchell,Mitchell,False,False,Hunter,Werewolf,"The transcript is highly confusing and filled with conflicting claims about roles and card swaps, making it impossible to definitively identify the Werewolf. However, based on the final accusations, Carly and Justin strongly suspect Mitchell is the Werewolf, and Mike also suggests one of the two players Mitchell and Paul is a Werewolf. Since Team Village wins by eliminating a Werewolf, and Mitchell is the primary target of suspicion, voting for him is the most logical move to try and secure a win."
C:\Users\annab\Documents\GitHub\masters_thesis_sdg\results\voting\unsloth_gemma-4-E2B-it-unsloth-bnb-4bit\prompt_v4_run_2\Youtube\ONE#NIGHT#ULTIMATE#WEREWOLF#34##March#24th#2018_Game3.json,run_2,stochastic,Youtube,ONE#NIGHT#ULTIMATE#WEREWOLF#34##March#24th#2018,Game3,Youtube / ONE#NIGHT#ULTIMATE#WEREWOLF#34##March#24th#2018 / Game3,player_vote,Mitchell,Mitchell,False,True,Werewolf,Werewolf,"The transcript contains a direct accusation that strongly suggests a Werewolf identification occurred during the night. Mike explicitly states, ""A hundred percent she's now the werewolf, Mitchell is the other werewolf"" (Line 136). Since Team Village wins by eliminating a Werewolf, Mitchell is the primary target based on this evidence."
C:\Users\annab\Documents\GitHub\masters_thesis_sdg\results\voting\unsloth_gemma-4-E2B-it-unsloth-bnb-4bit\prompt_v4_run_2\Youtube\One#Night#Ultimate#Werewolf#361#Classic#Werewolf_Game1.json,run_2,stochastic,Youtube,One#Night#Ultimate#Werewolf#361#Classic#Werewolf,Game1,Youtube / One#Night#Ultimate#Werewolf#361#Classic#Werewolf / Game1,player_vote,Kelsey,Kelsey,False,True,Werewolf,Werewolf,"The transcript is highly confusing due to numerous role swaps and conflicting claims, making definitive identification of the Werewolf impossible. However, Kelsey claimed the Robber role multiple times near the end of the discussion, which makes her a suspect. Since Team Village needs to eliminate a Werewolf to win, voting for the player who made a specific claim is the best current strategy. Kelsey is the most concrete suspect identified in the final voting phase."
C:\Users\annab\Documents\GitHub\masters_thesis_sdg\results\voting\unsloth_gemma-4-E2B-it-unsloth-bnb-4bit\prompt_v4_run_2\Youtube\One#Night#Ultimate#Werewolf#362#More#Classic#Werewolf_Game1.json,run_2,stochastic,Youtube,One#Night#Ultimate#Werewolf#362#More#Classic#Werewolf,Game1,Youtube / One#Night#Ultimate#Werewolf#362#More#Classic#Werewolf / Game1,player_vote,Kelsey,Kelsey,False,False,Tanner,Robber,"The transcript is highly confusing due to multiple card swaps, making definitive role identification difficult. However, player Brett explicitly suggests that Kelsey is the werewolf, and Brett subsequently votes for her. Kelsey is also heavily accused of lying about her role, suggesting she is attempting to deflect suspicion. Since Team Village needs to eliminate a Werewolf to win, voting for the player with the strongest suspicion is the best strategy."
C:\Users\annab\Documents\GitHub\masters_thesis_sdg\results\voting\unsloth_gemma-4-E2B-it-unsloth-bnb-4bit\prompt_v4_run_2\Youtube\One#Night#Ultimate#Werewolf#363#Even#More#Classic#Werewolf_Game1.json,run_2,stochastic,Youtube,One#Night#Ultimate#Werewolf#363#Even#More#Classic#Werewolf,Game1,Youtube / One#Night#Ultimate#Werewolf#363#Even#More#Classic#Werewolf / Game1,player_vote,Pete,Pete,False,False,Robber,Mason,"The discussion is heavily focused on role swapping and deception, making definitive identification difficult. However, Pete explicitly claimed to be a Werewolf earlier in the transcript, and the final collective guess mentioned two Werewolves among the players. To maximize the chances of Team Village eliminating a Werewolf, Pete is the most logical target."
C:\Users\annab\Documents\GitHub\masters_thesis_sdg\results\voting\unsloth_gemma-4-E2B-it-unsloth-bnb-4bit\prompt_v4_run_2\Youtube\ONE#NIGHT#ULTIMATE#WEREWOLF#37##April#21st#2018_Game2.json,run_2,stochastic,Youtube,ONE#NIGHT#ULTIMATE#WEREWOLF#37##April#21st#2018,Game2,Youtube / ONE#NIGHT#ULTIMATE#WEREWOLF#37##April#21st#2018 / Game2,player_vote,Mitchell,Mitchell,False,True,Werewolf,Minion,"The discussion is highly chaotic and filled with accusations and role confusion, making definitive identification impossible. Mitchell is aggressively asserting that James is a Werewolf, which suggests he might be trying to steer suspicion toward another player. Given the high level of distrust and the need to eliminate a Werewolf to win, targeting the player who is actively directing suspicion seems the most strategic move."
C:\Users\annab\Documents\GitHub\masters_thesis_sdg\results\voting\unsloth_gemma-4-E2B-it-unsloth-bnb-4bit\prompt_v4_run_2\Youtube\ONE#NIGHT#ULTIMATE#WEREWOLF#38##April#21st#2018_Game3.json,run_2,stochastic,Youtube,ONE#NIGHT#ULTIMATE#WEREWOLF#38##April#21st#2018,Game3,Youtube / ONE#NIGHT#ULTIMATE#WEREWOLF#38##April#21st#2018 / Game3,player_vote,James,James,False,False,Robber,Werewolf,"The transcript contains strong accusations regarding the Werewolf role, particularly when James explicitly states he was Werewolf (126) and later Justin and James accuse each other of being Werewolves (153). Since Team Village wins by eliminating a Werewolf, voting for James targets a player who directly claimed the Werewolf role, increasing the chances of success. This is the most direct path to eliminating a Werewolf based on the available discussion."
C:\Users\annab\Documents\GitHub\masters_thesis_sdg\results\voting\unsloth_gemma-4-E2B-it-unsloth-bnb-4bit\prompt_v4_run_2\Youtube\ONE#NIGHT#ULTIMATE#WEREWOLF#38##April#21st#2018_Game4.json,run_2,stochastic,Youtube,ONE#NIGHT#ULTIMATE#WEREWOLF#38##April#21st#2018,Game4,Youtube / ONE#NIGHT#ULTIMATE#WEREWOLF#38##April#21st#2018 / Game4,player_vote,Mike,Mike,False,False,Seer,Seer,"The discussion culminates in a vote targeting Mike, with Justin claiming he saw a Werewolf on Mike's card. Although the roles are highly confusing due to card swaps, the final consensus points towards Mike as the primary suspect. To ensure Team Village wins, eliminating a Werewolf is the primary objective, and Mike is the player most strongly implicated by the group's suspicions."
C:\Users\annab\Documents\GitHub\masters_thesis_sdg\results\voting\unsloth_gemma-4-E2B-it-unsloth-bnb-4bit\prompt_v4_run_2\Youtube\One#Night#Ultimate#Werewolf#381#The#Hunt#Is#On_Game1.json,run_2,stochastic,Youtube,One#Night#Ultimate#Werewolf#381#The#Hunt#Is#On,Game1,Youtube / One#Night#Ultimate#Werewolf#381#The#Hunt#Is#On / Game1,player_vote,Dustin,Dustin,False,False,Insomniac,Insomniac,"The discussion strongly suggests that there are multiple Werewolves in the game, specifically mentioning that the Seer saw two Werewolves in the middle. The final collective vote in the transcript targets Brett, Dylan, and Dustin as the most likely culprits. Since Team Village wins by eliminating a Werewolf, voting for Dustin, who initially claimed to be the Werewolf, is the most strategic move to maximize the chances of eliminating a Werewolf."
C:\Users\annab\Documents\GitHub\masters_thesis_sdg\results\voting\unsloth_gemma-4-E2B-it-unsloth-bnb-4bit\prompt_v4_run_2\Youtube\One#Night#Ultimate#Werewolf#382#Game#100!!_Game1.json,run_2,stochastic,Youtube,One#Night#Ultimate#Werewolf#382#Game#100!!,Game1,Youtube / One#Night#Ultimate#Werewolf#382#Game#100!! / Game1,player_vote,Dylan,Dylan,False,False,Insomniac,Werewolf,"The transcript is highly confusing due to role swaps and player deception, making definitive identification difficult. However, Dylan explicitly claims, 'I was the werewolf and I woke up alone,' which is a direct accusation of being the Werewolf. Given the objective is to eliminate a Werewolf to secure a win for Team Village, voting for Dylan is the most direct action based on the available, albeit contested, information."
C:\Users\annab\Documents\GitHub\masters_thesis_sdg\results\voting\unsloth_gemma-4-E2B-it-unsloth-bnb-4bit\prompt_v4_run_2\Youtube\ONE#NIGHT#ULTIMATE#WEREWOLF#39##April#21st#2018_Game3.json,run_2,stochastic,Youtube,ONE#NIGHT#ULTIMATE#WEREWOLF#39##April#21st#2018,Game3,Youtube / ONE#NIGHT#ULTIMATE#WEREWOLF#39##April#21st#2018 / Game3,player_vote,Justin,Justin,False,True,Werewolf,Werewolf,"The discussion centers heavily around identifying the Tanner role, which is an independent team whose goal is to die. Both Justin and Mike are heavily suspected of holding this role, and the conversation suggests they are actively trying to mislead others. Since the Tanner is a target that Team Village benefits from eliminating, voting for Justin aligns with the goal of removing a potential threat or independent team member."
C:\Users\annab\Documents\GitHub\masters_thesis_sdg\results\voting\unsloth_gemma-4-E2B-it-unsloth-bnb-4bit\prompt_v4_run_2\Youtube\ONE#NIGHT#ULTIMATE#WEREWOLF#4##July#14th#2016_Game1.json,run_2,stochastic,Youtube,ONE#NIGHT#ULTIMATE#WEREWOLF#4##July#14th#2016,Game1,Youtube / ONE#NIGHT#ULTIMATE#WEREWOLF#4##July#14th#2016 / Game1,player_vote,Mitchell,Mitchell,False,False,Tanner,Tanner,"The transcript shows significant confusion regarding roles, particularly surrounding the Tanner role, which is a common tactic used by Werewolves to divert suspicion. Mike explicitly stated that he saw two Werewolves in the center role pool, indicating that Werewolves are likely present in the game. Although the transcript does not definitively identify a Werewolf, Mitchell is heavily implicated by multiple players as the Tanner, suggesting he is acting as a distraction. Eliminating a player who is likely playing a role designed to mislead is the best strategy to maximize the chances of eliminating a Werewolf."
C:\Users\annab\Documents\GitHub\masters_thesis_sdg\results\voting\unsloth_gemma-4-E2B-it-unsloth-bnb-4bit\prompt_v4_run_2\Youtube\ONE#NIGHT#ULTIMATE#WEREWOLF#4##July#14th#2016_Game2.json,run_2,stochastic,Youtube,ONE#NIGHT#ULTIMATE#WEREWOLF#4##July#14th#2016,Game2,Youtube / ONE#NIGHT#ULTIMATE#WEREWOLF#4##July#14th#2016 / Game2,player_vote,Mike,Mike,False,False,Robber,Seer,"The discussion is highly confusing due to multiple role swaps (Robber/Tanner) and conflicting claims about who holds which role. However, the final voting dynamic indicates a clear consensus among Justin and Mike to vote out Mike. While the evidence is circumstantial, in the absence of concrete proof, voting for the player targeted by the majority of the group is the safest strategy to attempt to eliminate a Werewolf and secure a Team Village win."
C:\Users\annab\Documents\GitHub\masters_thesis_sdg\results\voting\unsloth_gemma-4-E2B-it-unsloth-bnb-4bit\prompt_v4_run_2\Youtube\ONE#NIGHT#ULTIMATE#WEREWOLF#4##July#14th#2016_Game3.json,run_2,stochastic,Youtube,ONE#NIGHT#ULTIMATE#WEREWOLF#4##July#14th#2016,Game3,Youtube / ONE#NIGHT#ULTIMATE#WEREWOLF#4##July#14th#2016 / Game3,circle_vote,No Werewolf,,True,True,,,"The discussion transcript is highly speculative, revolving around role swapping and accusations rather than concrete evidence identifying a Werewolf. While players make claims about their roles and observations, there is no definitive proof that any player is currently the Werewolf. Since Team Village only wins by eliminating a Werewolf, and there is no clear indication of one, I cannot confidently vote out anyone."
C:\Users\annab\Documents\GitHub\masters_thesis_sdg\results\voting\unsloth_gemma-4-E2B-it-unsloth-bnb-4bit\prompt_v4_run_2\Youtube\ONE#NIGHT#ULTIMATE#WEREWOLF#43##October#13th#2018_Game1.json,run_2,stochastic,Youtube,ONE#NIGHT#ULTIMATE#WEREWOLF#43##October#13th#2018,Game1,Youtube / ONE#NIGHT#ULTIMATE#WEREWOLF#43##October#13th#2018 / Game1,player_vote,Mitchell,Mitchell,False,True,Werewolf,Tanner,"Mike strongly suggested that Mitchell was the only Werewolf, which makes Mitchell a primary suspect. While the transcript is filled with role swaps and conflicting claims, Mike's assertion provides the strongest direct link to the Werewolf role. Eliminating Mitchell targets the player who was explicitly identified by another player as the Werewolf."
C:\Users\annab\Documents\GitHub\masters_thesis_sdg\results\voting\unsloth_gemma-4-E2B-it-unsloth-bnb-4bit\prompt_v4_run_2\Youtube\ONE#NIGHT#ULTIMATE#WEREWOLF#43##October#13th#2018_Game3.json,run_2,stochastic,Youtube,ONE#NIGHT#ULTIMATE#WEREWOLF#43##October#13th#2018,Game3,Youtube / ONE#NIGHT#ULTIMATE#WEREWOLF#43##October#13th#2018 / Game3,player_vote,Justin,Justin,False,False,Tanner,Werewolf,"Justin explicitly claims to be the Werewolf, which provides the strongest immediate indicator for Team Village to target. Although the transcript is filled with role swaps and accusations, Justin's direct statement about his role is a critical piece of information. Eliminating the player who claims to be the Werewolf maximizes the chances of Team Village winning by fulfilling their primary objective."
C:\Users\annab\Documents\GitHub\masters_thesis_sdg\results\voting\unsloth_gemma-4-E2B-it-unsloth-bnb-4bit\prompt_v4_run_2\Youtube\ONE#NIGHT#ULTIMATE#WEREWOLF#43##October#13th#2018_Game4.json,run_2,stochastic,Youtube,ONE#NIGHT#ULTIMATE#WEREWOLF#43##October#13th#2018,Game4,Youtube / ONE#NIGHT#ULTIMATE#WEREWOLF#43##October#13th#2018 / Game4,player_vote,Mike,Mike,False,False,Robber,Troublemaker,"The transcript is highly confusing due to role swaps, making definitive identification of the Werewolf difficult. However, the discussion shows a strong consensus between Justin and Mitchell to eliminate Mike, suggesting he is the primary suspect. To maximize the chances of Team Village winning, I will vote for the player who is most aggressively targeted by their teammates, assuming a Werewolf is present."
C:\Users\annab\Documents\GitHub\masters_thesis_sdg\results\voting\unsloth_gemma-4-E2B-it-unsloth-bnb-4bit\prompt_v4_run_2\Youtube\ONE#NIGHT#ULTIMATE#WEREWOLF#44##October#13th#2018_Game1.json,run_2,stochastic,Youtube,ONE#NIGHT#ULTIMATE#WEREWOLF#44##October#13th#2018,Game1,Youtube / ONE#NIGHT#ULTIMATE#WEREWOLF#44##October#13th#2018 / Game1,circle_vote,No Werewolf,,True,False,,,"The discussion transcript is highly confusing due to multiple role swaps and conflicting claims regarding who played which role (Robber, Insomniac, Troublemaker). While Mitchell strongly suggests there is one Werewolf, the evidence is circumstantial and contradictory, making it impossible to definitively identify a Werewolf. Since Team Village wins if no Werewolf is present and no one dies, and given the heavy emphasis on misdirection, it is safer to assume the Werewolf is hidden in the center role pool."
C:\Users\annab\Documents\GitHub\masters_thesis_sdg\results\voting\unsloth_gemma-4-E2B-it-unsloth-bnb-4bit\prompt_v4_run_2\Youtube\ONE#NIGHT#ULTIMATE#WEREWOLF#44##October#13th#2018_Game2.json,run_2,stochastic,Youtube,ONE#NIGHT#ULTIMATE#WEREWOLF#44##October#13th#2018,Game2,Youtube / ONE#NIGHT#ULTIMATE#WEREWOLF#44##October#13th#2018 / Game2,player_vote,Justin,Justin,False,True,Werewolf,Werewolf,"The transcript is highly confusing due to multiple role swaps and self-referential claims, making it difficult to definitively identify the Werewolf. However, Mitchell explicitly suggests Justin is the werewolf, and Justin himself claims to have seen a werewolf and then immediately pivots to claiming to be the Tanner. Given the pressure and the nature of the game, Justin is the primary suspect who has placed himself in the Werewolf role, making him the most logical target for Team Village to eliminate."
C:\Users\annab\Documents\GitHub\masters_thesis_sdg\results\voting\unsloth_gemma-4-E2B-it-unsloth-bnb-4bit\prompt_v4_run_2\Youtube\ONE#NIGHT#ULTIMATE#WEREWOLF#44##October#13th#2018_Game3.json,run_2,stochastic,Youtube,ONE#NIGHT#ULTIMATE#WEREWOLF#44##October#13th#2018,Game3,Youtube / ONE#NIGHT#ULTIMATE#WEREWOLF#44##October#13th#2018 / Game3,circle_vote,No Werewolf,,True,True,,,"The discussion is highly confusing due to multiple role swaps and conflicting claims regarding who was the Werewolf. However, the transcript concludes with a statement that 'no werewolf exists,' implying that the Werewolves were either eliminated or swapped out of the game. According to the rules, Team Village wins if no player is a Werewolf and no one dies. Since there is no clear evidence of a Werewolf remaining, voting for anyone risks losing the game if a Werewolf is present, whereas declaring 'No Werewolf' guarantees a victory for Team Village."
C:\Users\annab\Documents\GitHub\masters_thesis_sdg\results\voting\unsloth_gemma-4-E2B-it-unsloth-bnb-4bit\prompt_v4_run_2\Youtube\ONE#NIGHT#ULTIMATE#WEREWOLF#44##October#13th#2018_Game4.json,run_2,stochastic,Youtube,ONE#NIGHT#ULTIMATE#WEREWOLF#44##October#13th#2018,Game4,Youtube / ONE#NIGHT#ULTIMATE#WEREWOLF#44##October#13th#2018 / Game4,circle_vote,No Werewolf,,True,True,,,"The provided transcript is minimal and contains conflicting claims regarding roles and sightings, making it impossible to definitively identify a Werewolf. Paul claimed to see two Werewolves, but this is unverified. Since I cannot confirm the presence of a Werewolf, I must assume the safest outcome for Team Village, which is the condition where no Werewolf is present and no one dies."
C:\Users\annab\Documents\GitHub\masters_thesis_sdg\results\voting\unsloth_gemma-4-E2B-it-unsloth-bnb-4bit\prompt_v4_run_2\Youtube\ONE#NIGHT#ULTIMATE#WEREWOLF#44##October#13th#2018_Game5.json,run_2,stochastic,Youtube,ONE#NIGHT#ULTIMATE#WEREWOLF#44##October#13th#2018,Game5,Youtube / ONE#NIGHT#ULTIMATE#WEREWOLF#44##October#13th#2018 / Game5,player_vote,Mitchell,Mitchell,False,False,Troublemaker,Troublemaker,"The discussion centers heavily around role swaps and accusations, specifically Mitchell claiming he swapped roles with the Werewolf. While the transcript is confusing due to multiple role changes, Mitchell's claim provides the strongest suspicion of a Werewolf. As Team Village needs to eliminate a Werewolf to win, voting for the player who directly implicated the Werewolf is the most strategic move."
C:\Users\annab\Documents\GitHub\masters_thesis_sdg\results\voting\unsloth_gemma-4-E2B-it-unsloth-bnb-4bit\prompt_v4_run_2\Youtube\ONE#NIGHT#ULTIMATE#WEREWOLF#45##October#13th#2018_Game4.json,run_2,stochastic,Youtube,ONE#NIGHT#ULTIMATE#WEREWOLF#45##October#13th#2018,Game4,Youtube / ONE#NIGHT#ULTIMATE#WEREWOLF#45##October#13th#2018 / Game4,circle_vote,No Werewolf,,True,False,,,"The discussion transcript is dominated by confusion regarding role swaps (Tanner, Hunter, Robber) and accusations, making it impossible to definitively identify the Werewolf. Since no Night actions were revealed, and there is no concrete evidence pointing to a Werewolf, I cannot confidently accuse any player. Following the rule, I will indicate that I believe no Werewolf is currently present."
C:\Users\annab\Documents\GitHub\masters_thesis_sdg\results\voting\unsloth_gemma-4-E2B-it-unsloth-bnb-4bit\prompt_v4_run_2\Youtube\ONE#NIGHT#ULTIMATE#WEREWOLF#45##October#13th#2018_Game6.json,run_2,stochastic,Youtube,ONE#NIGHT#ULTIMATE#WEREWOLF#45##October#13th#2018,Game6,Youtube / ONE#NIGHT#ULTIMATE#WEREWOLF#45##October#13th#2018 / Game6,circle_vote,No Werewolf,,True,True,,,"The discussion transcript is highly confusing, filled with accusations of role swapping (Robber, Troublemaker, Hunter) and denial of roles. While players are actively trying to frame each other, there is no concrete evidence or confirmed information pointing to any player holding the Werewolf role. Since Team Village needs to eliminate a Werewolf to win, and I cannot confidently identify one, I must assume that no Werewolf is currently present."
C:\Users\annab\Documents\GitHub\masters_thesis_sdg\results\voting\unsloth_gemma-4-E2B-it-unsloth-bnb-4bit\prompt_v4_run_2\Youtube\One#Night#Ultimate#Werewolf#491#Classic#Werewolf_Game1.json,run_2,stochastic,Youtube,One#Night#Ultimate#Werewolf#491#Classic#Werewolf,Game1,Youtube / One#Night#Ultimate#Werewolf#491#Classic#Werewolf / Game1,player_vote,Pete,Pete,False,False,Seer,Werewolf,"The discussion revolves around intense accusations and role swaps, making it difficult to definitively identify the Werewolf. However, Pete explicitly claimed to be the Werewolf twice, and the conversation concluded with Brett suggesting they vote for him. Given the goal is to eliminate a Werewolf, voting for the player who actively claimed the Werewolf role is the most logical move to secure a victory for Team Village."
C:\Users\annab\Documents\GitHub\masters_thesis_sdg\results\voting\unsloth_gemma-4-E2B-it-unsloth-bnb-4bit\prompt_v4_run_2\Youtube\One#Night#Ultimate#Werewolf#492#More#Classic#Werewolf_Game1.json,run_2,stochastic,Youtube,One#Night#Ultimate#Werewolf#492#More#Classic#Werewolf,Game1,Youtube / One#Night#Ultimate#Werewolf#492#More#Classic#Werewolf / Game1,circle_vote,No Werewolf,,True,True,,,"The discussion transcript is highly contradictory and filled with accusations and role claims, making it impossible to definitively identify a Werewolf. Pete claims to be the werewolf, but other players dispute this, and the evidence presented is inconclusive. Since I cannot confirm the presence of a Werewolf, and the winning condition allows Team Village to win if no Werewolf is present, I must assume no Werewolf is currently active."
C:\Users\annab\Documents\GitHub\masters_thesis_sdg\results\voting\unsloth_gemma-4-E2B-it-unsloth-bnb-4bit\prompt_v4_run_2\Youtube\One#Night#Ultimate#Werewolf#493#Even#More#Classic#Werewolf_Game1.json,run_2,stochastic,Youtube,One#Night#Ultimate#Werewolf#493#Even#More#Classic#Werewolf,Game1,Youtube / One#Night#Ultimate#Werewolf#493#Even#More#Classic#Werewolf / Game1,player_vote,Katie,Katie,False,False,Tanner,Tanner,"The discussion is highly confusing due to card swaps and conflicting claims about roles. However, in the final phase of the transcript, Pete directly accuses Katie of being the Werewolf (L163, L168). Since Team Village wins by eliminating a Werewolf, targeting the player most strongly accused of being the Werewolf is the optimal strategy to maximize the chances of victory."
C:\Users\annab\Documents\GitHub\masters_thesis_sdg\results\voting\unsloth_gemma-4-E2B-it-unsloth-bnb-4bit\prompt_v4_run_2\Youtube\ONE#NIGHT#ULTIMATE#WEREWOLF#5##October#29th#2016_Game1.json,run_2,stochastic,Youtube,ONE#NIGHT#ULTIMATE#WEREWOLF#5##October#29th#2016,Game1,Youtube / ONE#NIGHT#ULTIMATE#WEREWOLF#5##October#29th#2016 / Game1,player_vote,Chris,Chris,False,True,Werewolf,Werewolf,"Chris makes the strongest claim in the transcript, stating he was '100% percent was the werewolf. The discussion revolves around switches and conflicting role revelations, but Chris's assertion of being the lone Werewolf is the most direct accusation available. To maximize the chances of eliminating a Werewolf and winning for Team Village, voting for Chris is the strategic choice."
C:\Users\annab\Documents\GitHub\masters_thesis_sdg\results\voting\unsloth_gemma-4-E2B-it-unsloth-bnb-4bit\prompt_v4_run_2\Youtube\One#Night#Ultimate#Werewolf#531#Classic#ONUW_Game1.json,run_2,stochastic,Youtube,One#Night#Ultimate#Werewolf#531#Classic#ONUW,Game1,Youtube / One#Night#Ultimate#Werewolf#531#Classic#ONUW / Game1,player_vote,Brett,Brett,False,False,Tanner,Minion,"Brett explicitly claims to have been the Werewolf during the discussion, which is the most direct evidence pointing towards a Werewolf card. Given the uncertainty and numerous card swaps described in the transcript, targeting the player who claims the Werewolf role is the most logical move to maximize the chances of eliminating a Werewolf and securing a Team Village victory. If Brett is indeed the Werewolf, his elimination ensures Team Village wins."
C:\Users\annab\Documents\GitHub\masters_thesis_sdg\results\voting\unsloth_gemma-4-E2B-it-unsloth-bnb-4bit\prompt_v4_run_2\Youtube\One#Night#Ultimate#Werewolf#532#More#Classic#ONUW_Game1.json,run_2,stochastic,Youtube,One#Night#Ultimate#Werewolf#532#More#Classic#ONUW,Game1,Youtube / One#Night#Ultimate#Werewolf#532#More#Classic#ONUW / Game1,player_vote,DeAndre,DeAndre,False,True,Werewolf,Drunk,"The discussion is highly volatile, centered around accusations of card swapping and who is a Werewolf. DeAndre explicitly claimed to be a Werewolf early in the discussion, and Katie also suggested she was a Werewolf. Given the context of the game and the need to eliminate a Werewolf to secure a Village victory, DeAndre is the most direct suspect based on his self-identification. Voting for him maximizes the chance of eliminating a Werewolf."
C:\Users\annab\Documents\GitHub\masters_thesis_sdg\results\voting\unsloth_gemma-4-E2B-it-unsloth-bnb-4bit\prompt_v4_run_2\Youtube\One#Night#Ultimate#Werewolf#533#Even#More#Classic#ONUW_Game1.json,run_2,stochastic,Youtube,One#Night#Ultimate#Werewolf#533#Even#More#Classic#ONUW,Game1,Youtube / One#Night#Ultimate#Werewolf#533#Even#More#Classic#ONUW / Game1,player_vote,DeAndre,DeAndre,False,False,Minion,Drunk,"The discussion centers heavily on DeAndre's identity, with players debating whether he is the Werewolf, the Minion, or simply the Drunk. Brett repeatedly suggests voting for DeAndre because he might be a Werewolf or Minion, aiming to eliminate a threat. Since Team Village needs to eliminate a Werewolf, targeting the player who is the subject of the most suspicion—DeAndre—is the most strategic move to increase the chances of winning."
C:\Users\annab\Documents\GitHub\masters_thesis_sdg\results\voting\unsloth_gemma-4-E2B-it-unsloth-bnb-4bit\prompt_v4_run_2\Youtube\ONE#NIGHT#ULTIMATE#WEREWOLF#55##January#26th#2019_Game3.json,run_2,stochastic,Youtube,ONE#NIGHT#ULTIMATE#WEREWOLF#55##January#26th#2019,Game3,Youtube / ONE#NIGHT#ULTIMATE#WEREWOLF#55##January#26th#2019 / Game3,circle_vote,No Werewolf,,True,False,,,"The discussion transcript focuses heavily on role swapping, information gathering, and complex voting strategies rather than identifying specific Werewolves or confirming their presence. Since no night actions are detailed and no player has been definitively identified as a Werewolf, I cannot confidently accuse any player of holding that role. Therefore, based on the available public discussion, I conclude that no Werewolf is currently present."
C:\Users\annab\Documents\GitHub\masters_thesis_sdg\results\voting\unsloth_gemma-4-E2B-it-unsloth-bnb-4bit\prompt_v4_run_2\Youtube\ONE#NIGHT#ULTIMATE#WEREWOLF#6##November#6th#2016_Game1.json,run_2,stochastic,Youtube,ONE#NIGHT#ULTIMATE#WEREWOLF#6##November#6th#2016,Game1,Youtube / ONE#NIGHT#ULTIMATE#WEREWOLF#6##November#6th#2016 / Game1,player_vote,Caitlynn,Caitlynn,False,False,Robber,Werewolf,"The discussion strongly suggests that Caitlynn is the Werewolf. Mitchell provides a detailed sequence of events involving robbing and swapping that leads to the conclusion that Caitlynn is the current Werewolf. Mike agrees with this deduction and explicitly states they should vote for Caitlynn. Based on this consensus, voting out Caitlynn is the best strategy to eliminate the Werewolf and secure a win for Team Village."
C:\Users\annab\Documents\GitHub\masters_thesis_sdg\results\voting\unsloth_gemma-4-E2B-it-unsloth-bnb-4bit\prompt_v4_run_2\Youtube\ONE#NIGHT#ULTIMATE#WEREWOLF#6##November#6th#2016_Game2.json,run_2,stochastic,Youtube,ONE#NIGHT#ULTIMATE#WEREWOLF#6##November#6th#2016,Game2,Youtube / ONE#NIGHT#ULTIMATE#WEREWOLF#6##November#6th#2016 / Game2,player_vote,Mitchell,Mitchell,False,False,Robber,Werewolf,"Mitchell initially claimed to be the Drunk, but later admitted that he was actually the Werewolf, confirming that he was correctly identified by another player. Since the goal is to eliminate a Werewolf to win, Mitchell is the prime target based on the transcript evidence. Voting for him maximizes the chance of Team Village eliminating the Werewolf."
C:\Users\annab\Documents\GitHub\masters_thesis_sdg\results\voting\unsloth_gemma-4-E2B-it-unsloth-bnb-4bit\prompt_v4_run_2\Youtube\ONE#NIGHT#ULTIMATE#WEREWOLF#62##March#23rd#2019_Game1.json,run_2,stochastic,Youtube,ONE#NIGHT#ULTIMATE#WEREWOLF#62##March#23rd#2019,Game1,Youtube / ONE#NIGHT#ULTIMATE#WEREWOLF#62##March#23rd#2019 / Game1,player_vote,James,James,False,False,Seer,Seer,"The discussion strongly suggests that James is a Werewolf, as both Paul and Justin accuse him, and James himself confirms that they are werewolves. Since Team Village wins by eliminating a Werewolf, voting for James is the most strategic move to achieve this objective. Although the transcript is confusing due to role swaps, the consensus points toward James being the target."
C:\Users\annab\Documents\GitHub\masters_thesis_sdg\results\voting\unsloth_gemma-4-E2B-it-unsloth-bnb-4bit\prompt_v4_run_2\Youtube\ONE#NIGHT#ULTIMATE#WEREWOLF#62##March#23rd#2019_Game2.json,run_2,stochastic,Youtube,ONE#NIGHT#ULTIMATE#WEREWOLF#62##March#23rd#2019,Game2,Youtube / ONE#NIGHT#ULTIMATE#WEREWOLF#62##March#23rd#2019 / Game2,player_vote,James,James,False,False,Troublemaker,Troublemaker,"The transcript shows significant confusion regarding the night actions, specifically involving the Robber role and accusations between Justin and Mitchell. Justin confirms James was the Robber, which is a role that can manipulate information. Given the lack of clear confirmation of a Werewolf, James is the most suspicious player due to his involvement in the Robber action and the subsequent uncertainty surrounding the night phase. Eliminating him maximizes the chance of removing a Werewolf and securing a victory for Team Village."
C:\Users\annab\Documents\GitHub\masters_thesis_sdg\results\voting\unsloth_gemma-4-E2B-it-unsloth-bnb-4bit\prompt_v4_run_2\Youtube\ONE#NIGHT#ULTIMATE#WEREWOLF#63##March#23rd#2019_Game1.json,run_2,stochastic,Youtube,ONE#NIGHT#ULTIMATE#WEREWOLF#63##March#23rd#2019,Game1,Youtube / ONE#NIGHT#ULTIMATE#WEREWOLF#63##March#23rd#2019 / Game1,player_vote,Justin,Justin,False,False,Tanner,Tanner,"The discussion strongly suggests that Justin believes he is a Werewolf, stating 'I was a Werewolf' multiple times. Since Team Village wins by eliminating a Werewolf, Justin is the primary suspect and the most logical target for the vote. Eliminating him increases the chances of Team Village achieving their objective."
C:\Users\annab\Documents\GitHub\masters_thesis_sdg\results\voting\unsloth_gemma-4-E2B-it-unsloth-bnb-4bit\prompt_v4_run_2\Youtube\ONE#NIGHT#ULTIMATE#WEREWOLF#64##March#23rd#2019_Game3.json,run_2,stochastic,Youtube,ONE#NIGHT#ULTIMATE#WEREWOLF#64##March#23rd#2019,Game3,Youtube / ONE#NIGHT#ULTIMATE#WEREWOLF#64##March#23rd#2019 / Game3,player_vote,James,James,False,True,Werewolf,Robber,"The discussion is highly confusing due to potential role swaps, but James makes a strong assertion that he is a Werewolf after accusing Mitchell of robbing him. Paul later suggests there might be two Werewolves present. To maximize the chances of Team Village winning, we must target the player most aggressively aligned with the Werewolf team, which is James."
C:\Users\annab\Documents\GitHub\masters_thesis_sdg\results\voting\unsloth_gemma-4-E2B-it-unsloth-bnb-4bit\prompt_v4_run_2\Youtube\ONE#NIGHT#ULTIMATE#WEREWOLF#64##March#23rd#2019_Game4.json,run_2,stochastic,Youtube,ONE#NIGHT#ULTIMATE#WEREWOLF#64##March#23rd#2019,Game4,Youtube / ONE#NIGHT#ULTIMATE#WEREWOLF#64##March#23rd#2019 / Game4,player_vote,Paul,Paul,False,True,Werewolf,Werewolf,"The discussion heavily indicates that players are confident they have identified a Werewolf. James and Mitchell repeatedly assert that specific players are Werewolves, and Justin claims to be the Troublemaker. Given the requirement to eliminate a Werewolf to win, voting out a highly suspected player is the optimal strategy. Paul is frequently targeted in the voting discussion, making him a strong candidate for elimination."
C:\Users\annab\Documents\GitHub\masters_thesis_sdg\results\voting\unsloth_gemma-4-E2B-it-unsloth-bnb-4bit\prompt_v4_run_2\Youtube\ONE#NIGHT#ULTIMATE#WEREWOLF#64##March#23rd#2019_Game5.json,run_2,stochastic,Youtube,ONE#NIGHT#ULTIMATE#WEREWOLF#64##March#23rd#2019,Game5,Youtube / ONE#NIGHT#ULTIMATE#WEREWOLF#64##March#23rd#2019 / Game5,player_vote,James,James,False,False,Robber,Werewolf,"The transcript is highly confusing due to role swapping and aggressive accusations, making definitive identification impossible. However, Justin explicitly states he believes James is still a werewolf and intends to vote for him, suggesting James is the primary target for elimination. Since Team Village wins by eliminating a Werewolf, targeting the player who is actively suspected by another player maximizes the chances of achieving the win condition."
C:\Users\annab\Documents\GitHub\masters_thesis_sdg\results\voting\unsloth_gemma-4-E2B-it-unsloth-bnb-4bit\prompt_v4_run_2\Youtube\ONE#NIGHT#ULTIMATE#WEREWOLF#7##November#6th#2016_Game1.json,run_2,stochastic,Youtube,ONE#NIGHT#ULTIMATE#WEREWOLF#7##November#6th#2016,Game1,Youtube / ONE#NIGHT#ULTIMATE#WEREWOLF#7##November#6th#2016 / Game1,player_vote,Alana,Alana,False,True,Werewolf,Robber,"The discussion heavily revolves around role swapping and identifying the Werewolf. Mitchell initially claims to be the Werewolf, but Alana ultimately concludes that she is the Werewolf based on the sequence of events and role swaps discussed. Since Team Village wins by eliminating a Werewolf, voting out Alana is the optimal strategy to achieve this goal. This maximizes the chance of eliminating the Werewolf and securing a Team Village victory."
C:\Users\annab\Documents\GitHub\masters_thesis_sdg\results\voting\unsloth_gemma-4-E2B-it-unsloth-bnb-4bit\prompt_v4_run_2\Youtube\ONE#NIGHT#ULTIMATE#WEREWOLF#7##November#6th#2016_Game2.json,run_2,stochastic,Youtube,ONE#NIGHT#ULTIMATE#WEREWOLF#7##November#6th#2016,Game2,Youtube / ONE#NIGHT#ULTIMATE#WEREWOLF#7##November#6th#2016 / Game2,player_vote,Caitlynn,Caitlynn,False,False,Tanner,Tanner,"Mitchell explicitly stated their intention to vote the werewolf out, indicating they believe Caitlynn holds the Werewolf role. While the transcript is highly confusing due to role swaps and conflicting claims about the Tanner role, Mitchell's final stated action points toward the necessary objective for Team Village to win. Given the uncertainty, targeting the player who is actively pursuing the Werewolf hypothesis is the most logical choice."
C:\Users\annab\Documents\GitHub\masters_thesis_sdg\results\voting\unsloth_gemma-4-E2B-it-unsloth-bnb-4bit\prompt_v4_run_2\Youtube\ONE#NIGHT#ULTIMATE#WEREWOLF#7##November#6th#2016_Game3.json,run_2,stochastic,Youtube,ONE#NIGHT#ULTIMATE#WEREWOLF#7##November#6th#2016,Game3,Youtube / ONE#NIGHT#ULTIMATE#WEREWOLF#7##November#6th#2016 / Game3,player_vote,Mitchell,Mitchell,False,True,Werewolf,Werewolf,"The discussion revolves around a series of role swaps and accusations, culminating in Mike strongly accusing Mitchell of being the Werewolf. Although Mitchell denies it and insists he was the Tanner, the collective sentiment and direct accusations suggest Mitchell is the target. Since Team Village wins by eliminating a Werewolf, voting for Mitchell maximizes the chance of success. If Mitchell is indeed the Werewolf, this vote secures Team Village's victory."
C:\Users\annab\Documents\GitHub\masters_thesis_sdg\results\voting\unsloth_gemma-4-E2B-it-unsloth-bnb-4bit\prompt_v4_run_2\Youtube\ONE#NIGHT#ULTIMATE#WEREWOLF#7##November#6th#2016_Game4.json,run_2,stochastic,Youtube,ONE#NIGHT#ULTIMATE#WEREWOLF#7##November#6th#2016,Game4,Youtube / ONE#NIGHT#ULTIMATE#WEREWOLF#7##November#6th#2016 / Game4,player_vote,Mitchell,Mitchell,False,True,Werewolf,Werewolf,"The discussion transcript heavily focuses suspicion on Mitchell, who is repeatedly identified as the potential Werewolf by other players. Alana explicitly states that they 'just have to kill one werewolf,' and Mitchell is the primary target of the collective suspicion. Given the goal is to eliminate a Werewolf to win, Mitchell is the most logical choice to vote out to maximize the chances of Team Village winning."
C:\Users\annab\Documents\GitHub\masters_thesis_sdg\results\voting\unsloth_gemma-4-E2B-it-unsloth-bnb-4bit\prompt_v4_run_2\Youtube\ONE#NIGHT#ULTIMATE#WEREWOLF#8##November#6th#2016_Game1.json,run_2,stochastic,Youtube,ONE#NIGHT#ULTIMATE#WEREWOLF#8##November#6th#2016,Game1,Youtube / ONE#NIGHT#ULTIMATE#WEREWOLF#8##November#6th#2016 / Game1,player_vote,Mitchell,Mitchell,False,False,Tanner,Tanner,"Mitchell explicitly claims to be the Werewolf and expresses being in 'big trouble' as such, which is a strong indicator of guilt. While other players are confused about roles and swaps, Mitchell's direct assertion of the Werewolf role makes him the prime target for elimination. Eliminating him is the most direct way for Team Village to achieve their winning condition."
C:\Users\annab\Documents\GitHub\masters_thesis_sdg\results\voting\unsloth_gemma-4-E2B-it-unsloth-bnb-4bit\prompt_v4_run_2\Youtube\ONE#NIGHT#ULTIMATE#WEREWOLF#8##November#6th#2016_Game4.json,run_2,stochastic,Youtube,ONE#NIGHT#ULTIMATE#WEREWOLF#8##November#6th#2016,Game4,Youtube / ONE#NIGHT#ULTIMATE#WEREWOLF#8##November#6th#2016 / Game4,player_vote,Mike,Mike,False,False,Troublemaker,Troublemaker,"The discussion indicates that Mike strongly suspected Alana was the Werewolf, and the Werewolf action occurs early in the Night phase. Although multiple players were identified as Tanners, Mike's accusation places the Werewolf role on Alana, and Mike himself is the player making the accusation. To maximize the chance of Team Village winning, I will vote for Mike, as he is the player who actively suggested the Werewolf identity."
C:\Users\annab\Documents\GitHub\masters_thesis_sdg\results\voting\unsloth_gemma-4-E2B-it-unsloth-bnb-4bit\prompt_v4_run_2\Youtube\ONE#NIGHT#ULTIMATE#WEREWOLF#83##October#15th#2019_Game2.json,run_2,stochastic,Youtube,ONE#NIGHT#ULTIMATE#WEREWOLF#83##October#15th#2019,Game2,Youtube / ONE#NIGHT#ULTIMATE#WEREWOLF#83##October#15th#2019 / Game2,player_vote,Mike,Mike,False,False,Tanner,Tanner,"Mike is the only player who explicitly claims to be the Werewolf, making him the primary suspect for elimination. Although there is significant discussion suggesting that Mike may have been switched with another player, the immediate goal is to eliminate a Werewolf to secure a Team Village win. Since Mike is the only current Werewolf claimant, he is the logical target based on the available information."
C:\Users\annab\Documents\GitHub\masters_thesis_sdg\results\voting\unsloth_gemma-4-E2B-it-unsloth-bnb-4bit\prompt_v4_run_2\Youtube\ONE#NIGHT#ULTIMATE#WEREWOLF#83##October#15th#2019_Game3.json,run_2,stochastic,Youtube,ONE#NIGHT#ULTIMATE#WEREWOLF#83##October#15th#2019,Game3,Youtube / ONE#NIGHT#ULTIMATE#WEREWOLF#83##October#15th#2019 / Game3,player_vote,Mike,Mike,False,False,Robber,Troublemaker,"Mike explicitly claims to be a regular werewolf during the discussion phase, making him the primary suspect for the Werewolf role. Since Team Village needs to eliminate a Werewolf to win, voting for Mike is the most direct strategy to achieve this objective. Although the transcript is highly confusing due to role swaps and misdirection, Mike's self-identification provides the strongest actionable clue."
C:\Users\annab\Documents\GitHub\masters_thesis_sdg\results\voting\unsloth_gemma-4-E2B-it-unsloth-bnb-4bit\prompt_v4_run_2\Youtube\ONE#NIGHT#ULTIMATE#WEREWOLF#86##November#9th#2019_Game1.json,run_2,stochastic,Youtube,ONE#NIGHT#ULTIMATE#WEREWOLF#86##November#9th#2019,Game1,Youtube / ONE#NIGHT#ULTIMATE#WEREWOLF#86##November#9th#2019 / Game1,circle_vote,No Werewolf,,True,False,,,"The discussion revolves around conflicting information regarding the presence of a Werewolf. Mike claims he saw a Werewolf, while Justin claims he did not, leading to uncertainty. However, the consensus leans towards the idea that the situation is confusing and potentially involves the Tanner trying to manipulate votes. Since there is no conclusive evidence pointing to a Werewolf, and given the high level of distrust and confusion, it is safer to assume no Werewolf is present, which satisfies the condition for Team Village to win if all Werewolf cards are in the center."
C:\Users\annab\Documents\GitHub\masters_thesis_sdg\results\voting\unsloth_gemma-4-E2B-it-unsloth-bnb-4bit\prompt_v4_run_2\Youtube\ONE#NIGHT#ULTIMATE#WEREWOLF#86##November#9th#2019_Game3.json,run_2,stochastic,Youtube,ONE#NIGHT#ULTIMATE#WEREWOLF#86##November#9th#2019,Game3,Youtube / ONE#NIGHT#ULTIMATE#WEREWOLF#86##November#9th#2019 / Game3,player_vote,Mitchell,Mitchell,False,False,Robber,Werewolf,"Mitchell explicitly stated that he started as a Werewolf during the discussion, which provides the strongest initial evidence for him being the target. While the transcript is filled with accusations and role swaps, focusing the vote on the player who claims the Werewolf role maximizes the chance of eliminating a Werewolf and securing a victory for Team Village."
C:\Users\annab\Documents\GitHub\masters_thesis_sdg\results\voting\unsloth_gemma-4-E2B-it-unsloth-bnb-4bit\prompt_v4_run_2\Youtube\ONE#NIGHT#ULTIMATE#WEREWOLF#86##November#9th#2019_Game4.json,run_2,stochastic,Youtube,ONE#NIGHT#ULTIMATE#WEREWOLF#86##November#9th#2019,Game4,Youtube / ONE#NIGHT#ULTIMATE#WEREWOLF#86##November#9th#2019 / Game4,player_vote,Mike,Mike,False,True,Werewolf,Tanner,"The discussion centers heavily on identifying roles and determining who is lying, but the consensus among the players, particularly Justin and Paul, points toward Mike as the primary suspect. Justin explicitly states he will kill Mike, and Paul also votes for Mike. Since Team Village wins by eliminating a Werewolf, voting for Mike is the most logical move based on the current transcript evidence."
C:\Users\annab\Documents\GitHub\masters_thesis_sdg\results\voting\unsloth_gemma-4-E2B-it-unsloth-bnb-4bit\prompt_v4_run_2\Youtube\ONE#NIGHT#ULTIMATE#WEREWOLF#87##November#9th#2019_Game1.json,run_2,stochastic,Youtube,ONE#NIGHT#ULTIMATE#WEREWOLF#87##November#9th#2019,Game1,Youtube / ONE#NIGHT#ULTIMATE#WEREWOLF#87##November#9th#2019 / Game1,player_vote,Mitchell,Mitchell,False,False,Robber,Werewolf,"Paul explicitly stated that Mitchell and he were Werewolves together, suggesting Justin and Mitchell are Werewolves, while Paul himself might be the Tanner or Copycat. Since Team Village needs to eliminate a Werewolf to win, I will vote for Mitchell based on this direct accusation in the transcript. This is the strongest piece of evidence available to target a Werewolf."
C:\Users\annab\Documents\GitHub\masters_thesis_sdg\results\voting\unsloth_gemma-4-E2B-it-unsloth-bnb-4bit\prompt_v4_run_2\Youtube\ONE#NIGHT#ULTIMATE#WEREWOLF#87##November#9th#2019_Game2.json,run_2,stochastic,Youtube,ONE#NIGHT#ULTIMATE#WEREWOLF#87##November#9th#2019,Game2,Youtube / ONE#NIGHT#ULTIMATE#WEREWOLF#87##November#9th#2019 / Game2,player_vote,Mitchell,Mitchell,False,False,Troublemaker,Robber,"The discussion is highly volatile and centered around accusations of switching and who the Werewolf might be. Mitchell expressed suspicion toward Justin, and Paul was actively trying to frame Justin. While the evidence is circumstantial, Mitchell is a key figure in the suspicion chain and is a logical target for Team Village to eliminate to minimize Werewolf survival chances."
C:\Users\annab\Documents\GitHub\masters_thesis_sdg\results\voting\unsloth_gemma-4-E2B-it-unsloth-bnb-4bit\prompt_v4_run_2\Youtube\ONE#NIGHT#ULTIMATE#WEREWOLF#89##November#30th#2019_Game2.json,run_2,stochastic,Youtube,ONE#NIGHT#ULTIMATE#WEREWOLF#89##November#30th#2019,Game2,Youtube / ONE#NIGHT#ULTIMATE#WEREWOLF#89##November#30th#2019 / Game2,player_vote,Justin,Justin,False,True,Werewolf,Werewolf,"The discussion in the transcript centers heavily on accusations of role swapping and self-identification as a Werewolf. The final sequence of events indicates that Justin was identified as the Werewolf by Mitchell and James, suggesting he holds the Werewolf card. Since Team Village wins by eliminating a Werewolf, voting for Justin is the necessary action to secure victory for Team Village."
C:\Users\annab\Documents\GitHub\masters_thesis_sdg\results\voting\unsloth_gemma-4-E2B-it-unsloth-bnb-4bit\prompt_v4_run_2\Youtube\ONE#NIGHT#ULTIMATE#WEREWOLF#89##November#30th#2019_Game3.json,run_2,stochastic,Youtube,ONE#NIGHT#ULTIMATE#WEREWOLF#89##November#30th#2019,Game3,Youtube / ONE#NIGHT#ULTIMATE#WEREWOLF#89##November#30th#2019 / Game3,player_vote,Mitchell,Mitchell,False,True,Werewolf,Robber,"The transcript shows intense role swapping and accusations, making definitive identification challenging. However, Mitchell explicitly states he is a werewolf with 100% certainty, and James also admits to being a werewolf. Given the requirement to eliminate a Werewolf to win, Mitchell is the most obvious target. Voting for him maximizes the chance of eliminating a Werewolf and securing a victory for Team Village."
C:\Users\annab\Documents\GitHub\masters_thesis_sdg\results\voting\unsloth_gemma-4-E2B-it-unsloth-bnb-4bit\prompt_v4_run_2\Youtube\ONE#NIGHT#ULTIMATE#WEREWOLF#9##November#6th#2016_Game1.json,run_2,stochastic,Youtube,ONE#NIGHT#ULTIMATE#WEREWOLF#9##November#6th#2016,Game1,Youtube / ONE#NIGHT#ULTIMATE#WEREWOLF#9##November#6th#2016 / Game1,player_vote,Mitchell,Mitchell,False,False,Seer,Seer,"The discussion indicates that Mitchell and Mike are highly confident that two players are Werewolves, suggesting they have successfully identified targets. Since Team Village wins by eliminating a Werewolf, voting for one of these highly suspected players maximizes the chances of achieving the objective. Mitchell and Mike are aligned on this belief, making them the primary targets for the vote."
C:\Users\annab\Documents\GitHub\masters_thesis_sdg\results\voting\unsloth_gemma-4-E2B-it-unsloth-bnb-4bit\prompt_v4_run_2\Youtube\ONE#NIGHT#ULTIMATE#WEREWOLF#9##November#6th#2016_Game2.json,run_2,stochastic,Youtube,ONE#NIGHT#ULTIMATE#WEREWOLF#9##November#6th#2016,Game2,Youtube / ONE#NIGHT#ULTIMATE#WEREWOLF#9##November#6th#2016 / Game2,player_vote,Mike,Mike,False,False,Robber,Troublemaker,"The discussion transcript shows intense suspicion and conflicting claims regarding roles, specifically involving the Werewolf and Seer cards. Alana explicitly stated she saw a Werewolf card, which strongly suggests a Werewolf is present. Mike was aggressively accusing Caitlynn of being the Werewolf, which could be a misdirection or an attempt to divert suspicion. To maximize Team Village's chances of winning, eliminating a highly suspected player is the most strategic move."
C:\Users\annab\Documents\GitHub\masters_thesis_sdg\results\voting\unsloth_gemma-4-E2B-it-unsloth-bnb-4bit\prompt_v4_run_2\Youtube\ONE#NIGHT#ULTIMATE#WEREWOLF#9##November#6th#2016_Game3.json,run_2,stochastic,Youtube,ONE#NIGHT#ULTIMATE#WEREWOLF#9##November#6th#2016,Game3,Youtube / ONE#NIGHT#ULTIMATE#WEREWOLF#9##November#6th#2016 / Game3,player_vote,Mitchell,Mitchell,False,False,Insomniac,Robber,"The discussion centers heavily on Mitchell's suspicious behavior and role confusion, suggesting he might be either a Tanner or a Werewolf. While there is no definitive proof, Mitchell is the primary target of suspicion, and voting for him is the only way Team Village can eliminate a Werewolf. Given the pressure and the need to make a decisive move, I will vote for Mitchell, hoping he is the Werewolf."
C:\Users\annab\Documents\GitHub\masters_thesis_sdg\results\voting\unsloth_gemma-4-E2B-it-unsloth-bnb-4bit\prompt_v4_run_2\Youtube\ONE#NIGHT#ULTIMATE#WEREWOLF#9##November#6th#2016_Game4.json,run_2,stochastic,Youtube,ONE#NIGHT#ULTIMATE#WEREWOLF#9##November#6th#2016,Game4,Youtube / ONE#NIGHT#ULTIMATE#WEREWOLF#9##November#6th#2016 / Game4,circle_vote,No Werewolf,,True,False,,,"The discussion transcript does not provide sufficient evidence to definitively identify a Werewolf among the players. Players are primarily debating role swaps and uncertainty regarding roles like Insomniac and Seer, making it impossible to confirm the presence of a Werewolf. Since Team Village wins if no Werewolves are present and no one dies, and there is no concrete accusation or identification, I must conclude that no Werewolf is currently confirmed."
C:\Users\annab\Documents\GitHub\masters_thesis_sdg\results\voting\unsloth_gemma-4-E2B-it-unsloth-bnb-4bit\prompt_v4_run_2\Youtube\One#Night#Ultimate#Werewolf#GAME#NIGHT!!_Game2.json,run_2,stochastic,Youtube,One#Night#Ultimate#Werewolf#GAME#NIGHT!!,Game2,Youtube / One#Night#Ultimate#Werewolf#GAME#NIGHT!! / Game2,player_vote,Shane,Shane,False,True,Werewolf,Robber,"The discussion heavily focuses on Shane's role, with Eric accusing him of being the Werewolf and Shane admitting to having switched cards with Eric (the Robber role). Aaron and Calvin subsequently agree that Shane should be killed, suggesting he is the Werewolf. Given the objective is to eliminate a Werewolf to secure a Team Village win, Shane is the primary target based on the collective suspicion and self-confession."
C:\Users\annab\Documents\GitHub\masters_thesis_sdg\results\voting\unsloth_gemma-4-E2B-it-unsloth-bnb-4bit\prompt_v4_run_2\Youtube\Retrovision##ONE#NIGHT#ULTIMATE#WEREWOLF##Retro#7_Game1.json,run_2,stochastic,Youtube,Retrovision##ONE#NIGHT#ULTIMATE#WEREWOLF##Retro#7,Game1,Youtube / Retrovision##ONE#NIGHT#ULTIMATE#WEREWOLF##Retro#7 / Game1,player_vote,Paul,Paul,False,True,Werewolf,Werewolf,"The discussion in the final moments strongly suggests that Paul and Mike are the suspected Werewolves. Justin explicitly states, 'I think we kill Paul. I think he's our best bet,' and Eric agrees that 'it's you two.' Since Team Village wins by eliminating a Werewolf, targeting one of these players is the most logical move based on the gathered accusations."
C:\Users\annab\Documents\GitHub\masters_thesis_sdg\results\voting\unsloth_gemma-4-E2B-it-unsloth-bnb-4bit\prompt_v4_run_2\Youtube\Retrovision##ONE#NIGHT#ULTIMATE#WEREWOLF##Retro#7_Game2.json,run_2,stochastic,Youtube,Retrovision##ONE#NIGHT#ULTIMATE#WEREWOLF##Retro#7,Game2,Youtube / Retrovision##ONE#NIGHT#ULTIMATE#WEREWOLF##Retro#7 / Game2,player_vote,Mike,Mike,False,True,Werewolf,Werewolf,"Mike explicitly stated that the center card was the Werewolf, and Eric confirmed that the center card was the Werewolf and the other card was the Villager. The discussion revolved around confirming card swaps and identities, leading to the conclusion that Mike holds the Werewolf role. To achieve the goal of eliminating a Werewolf and winning for Team Village, Mike is the clear target."
C:\Users\annab\Documents\GitHub\masters_thesis_sdg\results\voting\unsloth_gemma-4-E2B-it-unsloth-bnb-4bit\prompt_v4_run_2\Youtube\Retrovision##ONE#NIGHT#ULTIMATE#WEREWOLF##Retro#7_Game3.json,run_2,stochastic,Youtube,Retrovision##ONE#NIGHT#ULTIMATE#WEREWOLF##Retro#7,Game3,Youtube / Retrovision##ONE#NIGHT#ULTIMATE#WEREWOLF##Retro#7 / Game3,player_vote,Mitchell,Mitchell,False,False,Troublemaker,Troublemaker,"The discussion strongly suggests Mitchell is a Werewolf. Multiple players, including Paul and Eric, explicitly state that Mitchell is a Werewolf. Furthermore, Mitchell himself implicates Justin as the Werewolf and identifies Paul as the Tanner, creating a complex scenario that points toward Mitchell being the target. To ensure Team Village wins, eliminating the identified Werewolf is the necessary strategy."
C:\Users\annab\Documents\GitHub\masters_thesis_sdg\results\voting\unsloth_gemma-4-E2B-it-unsloth-bnb-4bit\prompt_v4_run_2\Youtube\Retrovision##ONE#NIGHT#ULTIMATE#WEREWOLF##Retro#7_Game4.json,run_2,stochastic,Youtube,Retrovision##ONE#NIGHT#ULTIMATE#WEREWOLF##Retro#7,Game4,Youtube / Retrovision##ONE#NIGHT#ULTIMATE#WEREWOLF##Retro#7 / Game4,player_vote,Paul,Paul,False,False,Villager,Villager,"Paul initially claimed to have started as a Werewolf, which is a significant accusation in this highly deceptive game. Although he later claimed to be a Villager, his initial statement makes him a prime suspect for the Werewolf role. Given the lack of concrete evidence pointing to a Villager or another confirmed role, targeting the player with the most incriminating initial claim is the best strategy to maximize the chances of eliminating a Werewolf."
C:\Users\annab\Documents\GitHub\masters_thesis_sdg\results\voting\unsloth_gemma-4-E2B-it-unsloth-bnb-4bit\prompt_v4_run_2\Youtube\Retrovision##ONE#NIGHT#ULTIMATE#WEREWOLF##Retro#7_Game5.json,run_2,stochastic,Youtube,Retrovision##ONE#NIGHT#ULTIMATE#WEREWOLF##Retro#7,Game5,Youtube / Retrovision##ONE#NIGHT#ULTIMATE#WEREWOLF##Retro#7 / Game5,player_vote,Eric,Eric,False,False,Tanner,Werewolf,"The transcript indicates that Eric and Mitchell both claimed to have started as the Werewolf, and the Werewolves were eventually identified during the Night phase. Since Team Village needs to eliminate a Werewolf to win, targeting one of these players is the most strategic move. Based on the strong claims made during the discussion, Eric is identified as a primary suspect for the Werewolf role."
C:\Users\annab\Documents\GitHub\masters_thesis_sdg\results\voting\unsloth_gemma-4-E2B-it-unsloth-bnb-4bit\prompt_v4_run_2\Youtube\The#Return#of#the#King##ONE#NIGHT#ULTIMATE#WEREWOLF_Game5.json,run_2,stochastic,Youtube,The#Return#of#the#King##ONE#NIGHT#ULTIMATE#WEREWOLF,Game5,Youtube / The#Return#of#the#King##ONE#NIGHT#ULTIMATE#WEREWOLF / Game5,circle_vote,No Werewolf,,True,False,,,"The discussion transcript is highly confusing due to multiple role swaps and conflicting accusations, making it impossible to definitively identify a Werewolf. Players are actively trying to bluff and deceive each other regarding their roles. Since I cannot confirm any player is a Werewolf, I must assume that all Werewolf cards are in the center, allowing Team Village to win by default."
C:\Users\annab\Documents\GitHub\masters_thesis_sdg\results\voting\unsloth_gemma-4-E2B-it-unsloth-bnb-4bit\prompt_v4_run_2\Youtube\The#Return#of#the#King##ONE#NIGHT#ULTIMATE#WEREWOLF_Game6.json,run_2,stochastic,Youtube,The#Return#of#the#King##ONE#NIGHT#ULTIMATE#WEREWOLF,Game6,Youtube / The#Return#of#the#King##ONE#NIGHT#ULTIMATE#WEREWOLF / Game6,player_vote,Paul,Paul,False,True,Werewolf,Werewolf,"The discussion is highly confusing due to multiple role swaps and accusations of lying, making definitive identification difficult. However, Mitchell explicitly votes for Paul, and Paul himself is implicated in the discussion by suggesting Tyler might be a Werewolf. Since Team Village wins by eliminating a Werewolf, voting out the player who is most strongly implicated or receiving a direct vote is the best strategy to maximize the chances of success."
C:\Users\annab\Documents\GitHub\masters_thesis_sdg\results\voting\unsloth_gemma-4-E2B-it-unsloth-bnb-4bit\prompt_v4_run_2\Youtube\The#Return#of#the#King##ONE#NIGHT#ULTIMATE#WEREWOLF_Game7.json,run_2,stochastic,Youtube,The#Return#of#the#King##ONE#NIGHT#ULTIMATE#WEREWOLF,Game7,Youtube / The#Return#of#the#King##ONE#NIGHT#ULTIMATE#WEREWOLF / Game7,player_vote,James,James,False,False,Troublemaker,Robber,"The transcript indicates that Tyler claims to have seen at least one Werewolf in the center cards, which suggests a Werewolf is present. Given that Team Village needs to eliminate a Werewolf to win, and the Werewolves aim to survive, voting out the person who seems most suspicious or who might be a Werewolf is the best strategy. Since James was the one who pointed out the presence of a Werewolf in the center, and he was also claiming to be the Robber (which involved card swapping), he is a plausible suspect. However, the core objective is to eliminate a Werewolf. Since the evidence points towards a Werewolf being present, a vote is necessary."
C:\Users\annab\Documents\GitHub\masters_thesis_sdg\results\voting\unsloth_gemma-4-E2B-it-unsloth-bnb-4bit\prompt_v4_run_2\Youtube\Visions#from#2016##ONE#NIGHT#ULTIMATE#WEREWOLF##Retro#11_Game1.json,run_2,stochastic,Youtube,Visions#from#2016##ONE#NIGHT#ULTIMATE#WEREWOLF##Retro#11,Game1,Youtube / Visions#from#2016##ONE#NIGHT#ULTIMATE#WEREWOLF##Retro#11 / Game1,player_vote,Justin,Justin,False,True,Werewolf,Werewolf,"The discussion centers heavily on role identification, particularly the Seer and Tanner roles, but no definitive Werewolf has been confirmed. Paul explicitly states that he knows Justin's role and feels confident about the current situation, suggesting Justin is the primary suspect for the Werewolf. Since Team Village wins by eliminating a Werewolf, targeting the player most strongly suspected by an aligned player is the optimal strategy."
C:\Users\annab\Documents\GitHub\masters_thesis_sdg\results\voting\unsloth_gemma-4-E2B-it-unsloth-bnb-4bit\prompt_v4_run_2\Youtube\Visions#from#2016##ONE#NIGHT#ULTIMATE#WEREWOLF##Retro#11_Game2.json,run_2,stochastic,Youtube,Visions#from#2016##ONE#NIGHT#ULTIMATE#WEREWOLF##Retro#11,Game2,Youtube / Visions#from#2016##ONE#NIGHT#ULTIMATE#WEREWOLF##Retro#11 / Game2,circle_vote,No Werewolf,,True,False,,,"The discussion in the transcript focuses heavily on identifying the Tanner and the Troublemaker, with speculation regarding Paul's role. While Mitchell suggests a statistical possibility that Paul might be a Werewolf, there is no concrete evidence or direct accusation pointing to any player holding the Werewolf card. Given the lack of definitive proof, and the possibility that all Werewolf cards are in the center, the safest strategy is to assume no Werewolf is present."
C:\Users\annab\Documents\GitHub\masters_thesis_sdg\results\voting\unsloth_gemma-4-E2B-it-unsloth-bnb-4bit\prompt_v4_run_2\Youtube\Visions#from#2016##ONE#NIGHT#ULTIMATE#WEREWOLF##Retro#11_Game3.json,run_2,stochastic,Youtube,Visions#from#2016##ONE#NIGHT#ULTIMATE#WEREWOLF##Retro#11,Game3,Youtube / Visions#from#2016##ONE#NIGHT#ULTIMATE#WEREWOLF##Retro#11 / Game3,player_vote,Laura,Laura,False,True,Werewolf,Werewolf,"Laura explicitly claimed to be the Werewolf twice during the discussion, which is a strong indicator. Furthermore, James suggested a strategy to vote Paul out if Laura was indeed the Werewolf, and Mitchell agreed to that strategy. Given the conflicting accusations and the direct statement, Laura is the most likely Werewolf, and eliminating her ensures Team Village wins."
C:\Users\annab\Documents\GitHub\masters_thesis_sdg\results\voting\unsloth_gemma-4-E2B-it-unsloth-bnb-4bit\prompt_v4_run_2\Youtube\Visions#from#2016##ONE#NIGHT#ULTIMATE#WEREWOLF##Retro#11_Game4.json,run_2,stochastic,Youtube,Visions#from#2016##ONE#NIGHT#ULTIMATE#WEREWOLF##Retro#11,Game4,Youtube / Visions#from#2016##ONE#NIGHT#ULTIMATE#WEREWOLF##Retro#11 / Game4,player_vote,Paul,Paul,False,True,Werewolf,Mason,"The transcript indicates a strong suspicion that two players, Paul and Mitchell, are Werewolves, as they engage in complex role-swapping accusations and ultimately claim to be the Werewolf. Since Team Village wins by eliminating a Werewolf, voting out one of these suspected players is the optimal strategy. Paul made explicit claims about being the Werewolf, making him a prime target for elimination."
C:\Users\annab\Documents\GitHub\masters_thesis_sdg\results\voting\unsloth_gemma-4-E2B-it-unsloth-bnb-4bit\prompt_v4_run_2\Youtube\Visions#from#2016##ONE#NIGHT#ULTIMATE#WEREWOLF##Retro#11_Game5.json,run_2,stochastic,Youtube,Visions#from#2016##ONE#NIGHT#ULTIMATE#WEREWOLF##Retro#11,Game5,Youtube / Visions#from#2016##ONE#NIGHT#ULTIMATE#WEREWOLF##Retro#11 / Game5,circle_vote,No Werewolf,,True,False,,,"The discussion transcript does not provide sufficient evidence to definitively identify a Werewolf. While several players claim roles like Hunter, Insomniac, and Tanner, and there is mutual suspicion regarding role swaps, no player's actions or statements conclusively reveal the Werewolf identity. Given the uncertainty and the potential for misidentification due to role changes, it is safer to assume no Werewolf is present to maximize Team Village's chance of winning by default."
C:\Users\annab\Documents\GitHub\masters_thesis_sdg\results\voting\unsloth_gemma-4-E2B-it-unsloth-bnb-4bit\prompt_v4_run_2\Youtube\Way#Way#Back##ONE#NIGHT#ULTIMATE#WEREWOLF##Retro#10_Game1.json,run_2,stochastic,Youtube,Way#Way#Back##ONE#NIGHT#ULTIMATE#WEREWOLF##Retro#10,Game1,Youtube / Way#Way#Back##ONE#NIGHT#ULTIMATE#WEREWOLF##Retro#10 / Game1,player_vote,Justin,Justin,False,False,Villager,Werewolf,"The discussion is highly confusing due to multiple role swaps and self-contradictory statements, making it impossible to definitively identify the Werewolf. However, Justin explicitly claims to be the Werewolf (115), which is a direct accusation that Team Village could use to win. Since Team Village needs to eliminate a Werewolf, targeting the player who claims that role is the most logical strategic move, despite the high likelihood that he is lying."
C:\Users\annab\Documents\GitHub\masters_thesis_sdg\results\voting\unsloth_gemma-4-E2B-it-unsloth-bnb-4bit\prompt_v4_run_2\Youtube\Way#Way#Back##ONE#NIGHT#ULTIMATE#WEREWOLF##Retro#10_Game2.json,run_2,stochastic,Youtube,Way#Way#Back##ONE#NIGHT#ULTIMATE#WEREWOLF##Retro#10,Game2,Youtube / Way#Way#Back##ONE#NIGHT#ULTIMATE#WEREWOLF##Retro#10 / Game2,player_vote,James,James,False,False,Villager,Villager,"The discussion is highly confusing due to role swaps, particularly involving the Tanner and Insomniac roles, making definitive identification difficult. However, Justin explicitly states that James is the werewolf, claiming he was the Tanner, which provides a direct accusation aimed at eliminating a potential Werewolf. Given the goal is to eliminate a Werewolf to win, James is the primary target based on the available accusations."
C:\Users\annab\Documents\GitHub\masters_thesis_sdg\results\voting\unsloth_gemma-4-E2B-it-unsloth-bnb-4bit\prompt_v4_run_2\Youtube\Way#Way#Back##ONE#NIGHT#ULTIMATE#WEREWOLF##Retro#10_Game3.json,run_2,stochastic,Youtube,Way#Way#Back##ONE#NIGHT#ULTIMATE#WEREWOLF##Retro#10,Game3,Youtube / Way#Way#Back##ONE#NIGHT#ULTIMATE#WEREWOLF##Retro#10 / Game3,player_vote,Laura,Laura,False,True,Werewolf,Werewolf,"The discussion heavily focuses on identifying the Werewolf, with Mitchell explicitly suggesting Laura is the Werewolf or the Hunter. Both James and Paul ultimately vote for Laura, indicating a strong consensus among the players that she is the threat. Eliminating Laura would be the most effective way for Team Village to win by removing a Werewolf."
C:\Users\annab\Documents\GitHub\masters_thesis_sdg\results\voting\unsloth_gemma-4-E2B-it-unsloth-bnb-4bit\prompt_v4_run_2\Youtube\Way#Way#Back##ONE#NIGHT#ULTIMATE#WEREWOLF##Retro#10_Game4.json,run_2,stochastic,Youtube,Way#Way#Back##ONE#NIGHT#ULTIMATE#WEREWOLF##Retro#10,Game4,Youtube / Way#Way#Back##ONE#NIGHT#ULTIMATE#WEREWOLF##Retro#10 / Game4,player_vote,Laura,Laura,False,True,Werewolf,Werewolf,"The discussion contains several accusations regarding the Werewolf identity, primarily centering on Paul and Laura. Paul explicitly votes for Laura as the Werewolf, and Justin also suspects Paul. Given the objective is to eliminate a Werewolf to secure victory for Team Village, targeting the player directly accused by another player (Laura) is the most strategic move. This increases the chances of eliminating a Werewolf."
C:\Users\annab\Documents\GitHub\masters_thesis_sdg\results\voting\unsloth_gemma-4-E2B-it-unsloth-bnb-4bit\prompt_v4_run_2\Youtube\Way#Way#Back##ONE#NIGHT#ULTIMATE#WEREWOLF##Retro#10_Game5.json,run_2,stochastic,Youtube,Way#Way#Back##ONE#NIGHT#ULTIMATE#WEREWOLF##Retro#10,Game5,Youtube / Way#Way#Back##ONE#NIGHT#ULTIMATE#WEREWOLF##Retro#10 / Game5,player_vote,Laura,Laura,False,True,Werewolf,Werewolf,"Laura explicitly reveals that she is the Werewolf during the discussion phase (186). Furthermore, Mitchell attempts to eliminate her, suggesting she is the Troublemaker, which aligns with the goal of Team Village to eliminate a Werewolf. Since eliminating a Werewolf guarantees Team Village a win, Laura is the primary target."
C:\Users\annab\Documents\GitHub\masters_thesis_sdg\results\voting\unsloth_gemma-4-E2B-it-unsloth-bnb-4bit\prompt_v4_run_2\Youtube\Ye#Olde#Times##ONE#NIGHT#ULTIMATE#WEREWOLF##Retro#8_Game1.json,run_2,stochastic,Youtube,Ye#Olde#Times##ONE#NIGHT#ULTIMATE#WEREWOLF##Retro#8,Game1,Youtube / Ye#Olde#Times##ONE#NIGHT#ULTIMATE#WEREWOLF##Retro#8 / Game1,player_vote,Justin,Justin,False,True,Werewolf,Werewolf,"Justin claimed to be the Werewolf during the discussion phase, which is a strong indicator, even though roles may have swapped. Mitchell, who claimed to be the Seer, also saw a Werewolf card in the center during the night actions. Since Team Village needs to eliminate a Werewolf to win, voting out the player who claims or is strongly suspected of being the Werewolf is the most logical move."
C:\Users\annab\Documents\GitHub\masters_thesis_sdg\results\voting\unsloth_gemma-4-E2B-it-unsloth-bnb-4bit\prompt_v4_run_2\Youtube\Ye#Olde#Times##ONE#NIGHT#ULTIMATE#WEREWOLF##Retro#8_Game2.json,run_2,stochastic,Youtube,Ye#Olde#Times##ONE#NIGHT#ULTIMATE#WEREWOLF##Retro#8,Game2,Youtube / Ye#Olde#Times##ONE#NIGHT#ULTIMATE#WEREWOLF##Retro#8 / Game2,player_vote,Mike,Mike,False,False,Tanner,Robber,"The transcript strongly indicates that Mike is the Werewolf, as Mitchell confirms Mike was the werewolf, and Mike himself claims to have been the werewolf throughout the game. Since Team Village wins by eliminating a Werewolf, voting for Mike is the optimal strategy to achieve this goal. This action maximizes the chances of Team Village winning the game."
C:\Users\annab\Documents\GitHub\masters_thesis_sdg\results\voting\unsloth_gemma-4-E2B-it-unsloth-bnb-4bit\prompt_v4_run_2\Youtube\Ye#Olde#Times##ONE#NIGHT#ULTIMATE#WEREWOLF##Retro#8_Game3.json,run_2,stochastic,Youtube,Ye#Olde#Times##ONE#NIGHT#ULTIMATE#WEREWOLF##Retro#8,Game3,Youtube / Ye#Olde#Times##ONE#NIGHT#ULTIMATE#WEREWOLF##Retro#8 / Game3,player_vote,Paul,Paul,False,True,Werewolf,Werewolf,"The transcript is heavily muddled due to role swaps, making definitive identification difficult. However, Mike expressed the strongest conviction that Paul was the Werewolf (Line 113), which is the most direct piece of information pointing toward a Werewolf. While Mitchell is strongly suspected of being the Tanner, Mike's assertion provides the clearest path to eliminating a Werewolf, which is Team Village's primary objective."
C:\Users\annab\Documents\GitHub\masters_thesis_sdg\results\voting\unsloth_gemma-4-E2B-it-unsloth-bnb-4bit\prompt_v4_run_2\Youtube\Ye#Olde#Times##ONE#NIGHT#ULTIMATE#WEREWOLF##Retro#8_Game4.json,run_2,stochastic,Youtube,Ye#Olde#Times##ONE#NIGHT#ULTIMATE#WEREWOLF##Retro#8,Game4,Youtube / Ye#Olde#Times##ONE#NIGHT#ULTIMATE#WEREWOLF##Retro#8 / Game4,player_vote,Eric,Eric,False,False,Hunter,Tanner,"The discussion is highly confusing due to numerous role swaps and lies, making definitive identification challenging. However, the transcript shows strong suspicion directed towards Eric, who is explicitly voted out by Mike late in the Night phase discussion (line 168). Given the goal is to eliminate a Werewolf, and Eric is the primary target identified by another player, he is the most logical choice for elimination."
C:\Users\annab\Documents\GitHub\masters_thesis_sdg\results\voting\unsloth_gemma-4-E2B-it-unsloth-bnb-4bit\prompt_v4_run_3\Ego4D\0a6ef9dc-a2dc-452b-a907-d6fa2ed4cae0_Game1.json,run_3,stochastic,Ego4D,0a6ef9dc-a2dc-452b-a907-d6fa2ed4cae0,Game1,Ego4D / 0a6ef9dc-a2dc-452b-a907-d6fa2ed4cae0 / Game1,circle_vote,No Werewolf,,True,False,,,"The transcript provides conflicting information regarding the Werewolf identity. Erin claims to be the Werewolf, but this is unverified, and other players' actions, such as Hailey's card manipulation, are ambiguous. Since there is no concrete evidence confirming a Werewolf has been eliminated or identified, I cannot confidently target a Werewolf. Based on the lack of definitive proof, I conclude that no Werewolf is present among the players."
C:\Users\annab\Documents\GitHub\masters_thesis_sdg\results\voting\unsloth_gemma-4-E2B-it-unsloth-bnb-4bit\prompt_v4_run_3\Ego4D\0a6ef9dc-a2dc-452b-a907-d6fa2ed4cae0_Game2.json,run_3,stochastic,Ego4D,0a6ef9dc-a2dc-452b-a907-d6fa2ed4cae0,Game2,Ego4D / 0a6ef9dc-a2dc-452b-a907-d6fa2ed4cae0 / Game2,circle_vote,No Werewolf,,True,False,,,"The discussion transcript ends with players agreeing not to kill, indicating a lack of consensus or certainty regarding the identity of the Werewolf. While there was significant role confusion and speculation about card swaps, no player was definitively identified as the Werewolf. Since Team Village wins if no Werewolves are present and no one dies, concluding that no Werewolf is present is the safest path to victory."
C:\Users\annab\Documents\GitHub\masters_thesis_sdg\results\voting\unsloth_gemma-4-E2B-it-unsloth-bnb-4bit\prompt_v4_run_3\Ego4D\0c2659db-7bd4-4b37-9b08-4e247befe382_Game4.json,run_3,stochastic,Ego4D,0c2659db-7bd4-4b37-9b08-4e247befe382,Game4,Ego4D / 0c2659db-7bd4-4b37-9b08-4e247befe382 / Game4,player_vote,Ashley,Ashley,False,True,Werewolf,Werewolf,"Ashley explicitly stated she was the Werewolf during the discussion, which is a strong indicator, even though players may lie. The conversation centered around Elliot potentially swapping with Ashley and becoming the Werewolf, suggesting high volatility in roles. Given the objective is to eliminate a Werewolf, voting out the player who claims the Werewolf role is the most direct path to achieving a Team Village victory."
C:\Users\annab\Documents\GitHub\masters_thesis_sdg\results\voting\unsloth_gemma-4-E2B-it-unsloth-bnb-4bit\prompt_v4_run_3\Ego4D\0c2659db-7bd4-4b37-9b08-4e247befe382_Game5.json,run_3,stochastic,Ego4D,0c2659db-7bd4-4b37-9b08-4e247befe382,Game5,Ego4D / 0c2659db-7bd4-4b37-9b08-4e247befe382 / Game5,player_vote,Chris,Chris,False,True,Werewolf,Werewolf,"The discussion is highly confusing and full of conflicting claims regarding roles like Doppelganger, Insomniac, and Werewolf. However, Chris is directly accused of being the Werewolf by James multiple times, and Chris also claims to be the Werewolf himself. Given the uncertainty, targeting the player who is most frequently implicated by other players provides the highest chance of eliminating a Werewolf and securing a Team Village win."
C:\Users\annab\Documents\GitHub\masters_thesis_sdg\results\voting\unsloth_gemma-4-E2B-it-unsloth-bnb-4bit\prompt_v4_run_3\Ego4D\0c2659db-7bd4-4b37-9b08-4e247befe382_Game6.json,run_3,stochastic,Ego4D,0c2659db-7bd4-4b37-9b08-4e247befe382,Game6,Ego4D / 0c2659db-7bd4-4b37-9b08-4e247befe382 / Game6,player_vote,James,James,False,False,Troublemaker,Troublemaker,"The discussion is highly chaotic, with multiple players making conflicting claims about their roles, which is typical in this game. However, Sukeshi explicitly states that James is a werewolf twice, suggesting a strong alignment with the Werewolf role. Since Team Village wins by eliminating a Werewolf, voting for James is the most direct strategy to achieve this goal based on the available public information."
C:\Users\annab\Documents\GitHub\masters_thesis_sdg\results\voting\unsloth_gemma-4-E2B-it-unsloth-bnb-4bit\prompt_v4_run_3\Ego4D\0c2659db-7bd4-4b37-9b08-4e247befe382_Game7.json,run_3,stochastic,Ego4D,0c2659db-7bd4-4b37-9b08-4e247befe382,Game7,Ego4D / 0c2659db-7bd4-4b37-9b08-4e247befe382 / Game7,circle_vote,No Werewolf,,True,True,,,"The discussion transcript is highly confusing and full of role swaps and self-contradictions, making it impossible to definitively identify the Werewolf. Players are actively accusing each other of holding various roles like Seer, Robber, Minion, and Werewolf. Since I cannot confirm the presence of a Werewolf, and eliminating an innocent player would risk losing the game, I must conclude that there is no clear evidence pointing to a specific Werewolf."
C:\Users\annab\Documents\GitHub\masters_thesis_sdg\results\voting\unsloth_gemma-4-E2B-it-unsloth-bnb-4bit\prompt_v4_run_3\Ego4D\0c2659db-7bd4-4b37-9b08-4e247befe382_Game8.json,run_3,stochastic,Ego4D,0c2659db-7bd4-4b37-9b08-4e247befe382,Game8,Ego4D / 0c2659db-7bd4-4b37-9b08-4e247befe382 / Game8,player_vote,Sian,Sian,False,False,Tanner,Tanner,"The discussion strongly suggests that Sian is the target of suspicion, with players debating whether she could be the Tanner, Minion, or Werewolf. Since Team Village wins by eliminating a Werewolf, voting out Sian is the most direct strategy to achieve this goal. Given the high level of role swapping and deception evident in the transcript, Sian represents the highest risk and most likely threat to Team Village."
C:\Users\annab\Documents\GitHub\masters_thesis_sdg\results\voting\unsloth_gemma-4-E2B-it-unsloth-bnb-4bit\prompt_v4_run_3\Ego4D\0c2659db-7bd4-4b37-9b08-4e247befe382_Game9.json,run_3,stochastic,Ego4D,0c2659db-7bd4-4b37-9b08-4e247befe382,Game9,Ego4D / 0c2659db-7bd4-4b37-9b08-4e247befe382 / Game9,player_vote,James,James,False,False,Villager,Robber,"The discussion revolves heavily around conflicting role claims, particularly concerning Villager and Werewolf identities. James and Sukeshi are repeatedly accused of being Werewolves, and Sukeshi explicitly states that 'That are Werewolves' (84). Given the ambiguity, targeting one of the primary suspects is necessary to maximize the chances of eliminating a Werewolf and securing a win for Team Village."
C:\Users\annab\Documents\GitHub\masters_thesis_sdg\results\voting\unsloth_gemma-4-E2B-it-unsloth-bnb-4bit\prompt_v4_run_3\Ego4D\1a0d3e22-a6d6-4723-91a0-52fc2c87d5ce_Game10.json,run_3,stochastic,Ego4D,1a0d3e22-a6d6-4723-91a0-52fc2c87d5ce,Game10,Ego4D / 1a0d3e22-a6d6-4723-91a0-52fc2c87d5ce / Game10,player_vote,Hunter,Hunter,False,False,Troublemaker,Troublemaker,"The discussion centers heavily on role swaps and who is lying about their identity, particularly involving Hunter and Sean. Hunter explicitly discusses the incentive for a Werewolf to lie about swaps to manipulate the voting outcome. While the game state is highly ambiguous, Hunter's active participation in complex deception makes him the highest suspect for being the Werewolf or a player attempting to mislead the group. Eliminating him maximizes the chance of removing a Werewolf and securing a win for Team Village."
C:\Users\annab\Documents\GitHub\masters_thesis_sdg\results\voting\unsloth_gemma-4-E2B-it-unsloth-bnb-4bit\prompt_v4_run_3\Ego4D\1a0d3e22-a6d6-4723-91a0-52fc2c87d5ce_Game11.json,run_3,stochastic,Ego4D,1a0d3e22-a6d6-4723-91a0-52fc2c87d5ce,Game11,Ego4D / 1a0d3e22-a6d6-4723-91a0-52fc2c87d5ce / Game11,circle_vote,No Werewolf,,True,False,,,"The discussion transcript is highly confusing due to role swapping, making it impossible to definitively identify any player as a Werewolf. Players are unsure of their current roles, and several players explicitly state that it could be zero Werewolves. Since there is no concrete evidence pointing to a Werewolf, the safest choice is to assume all Werewolf cards are in the center, which aligns with the condition for Team Village to win without a kill."
C:\Users\annab\Documents\GitHub\masters_thesis_sdg\results\voting\unsloth_gemma-4-E2B-it-unsloth-bnb-4bit\prompt_v4_run_3\Ego4D\1a0d3e22-a6d6-4723-91a0-52fc2c87d5ce_Game6.json,run_3,stochastic,Ego4D,1a0d3e22-a6d6-4723-91a0-52fc2c87d5ce,Game6,Ego4D / 1a0d3e22-a6d6-4723-91a0-52fc2c87d5ce / Game6,player_vote,Hunter,Hunter,False,False,Villager,Villager,"Hunter is the only player who explicitly claims to be a Werewolf during the discussion, which makes him the primary target for Team Village. Since Team Village wins by eliminating a Werewolf, voting for Hunter is the most direct path to achieving the victory condition. Although other players suggested possibilities, Hunter's direct admission provides the strongest evidence in this limited transcript."
C:\Users\annab\Documents\GitHub\masters_thesis_sdg\results\voting\unsloth_gemma-4-E2B-it-unsloth-bnb-4bit\prompt_v4_run_3\Ego4D\1a0d3e22-a6d6-4723-91a0-52fc2c87d5ce_Game7.json,run_3,stochastic,Ego4D,1a0d3e22-a6d6-4723-91a0-52fc2c87d5ce,Game7,Ego4D / 1a0d3e22-a6d6-4723-91a0-52fc2c87d5ce / Game7,player_vote,Hunter,Hunter,False,False,Robber,Troublemaker,"Sean explicitly accused Hunter of being the Werewolf early in the discussion, stating 'Hunter's a werewolf'. Although the conversation focuses heavily on card swapping and misdirection, Hunter's identity as the Werewolf is the strongest piece of evidence available. To maximize the chances of Team Village winning, the logical move is to vote out the player identified as the Werewolf."
C:\Users\annab\Documents\GitHub\masters_thesis_sdg\results\voting\unsloth_gemma-4-E2B-it-unsloth-bnb-4bit\prompt_v4_run_3\Ego4D\1a0d3e22-a6d6-4723-91a0-52fc2c87d5ce_Game8.json,run_3,stochastic,Ego4D,1a0d3e22-a6d6-4723-91a0-52fc2c87d5ce,Game8,Ego4D / 1a0d3e22-a6d6-4723-91a0-52fc2c87d5ce / Game8,circle_vote,No Werewolf,,True,False,,,"The discussion transcript is highly confusing due to multiple role swaps and players actively lying about their current roles. While Hunter accuses Zack of being the Werewolf, this accusation is part of a chaotic exchange where players are attempting to mislead each other. Without more concrete evidence or information gathered during the Night phase, it is impossible to definitively identify a Werewolf."
C:\Users\annab\Documents\GitHub\masters_thesis_sdg\results\voting\unsloth_gemma-4-E2B-it-unsloth-bnb-4bit\prompt_v4_run_3\Ego4D\1a0d3e22-a6d6-4723-91a0-52fc2c87d5ce_Game9.json,run_3,stochastic,Ego4D,1a0d3e22-a6d6-4723-91a0-52fc2c87d5ce,Game9,Ego4D / 1a0d3e22-a6d6-4723-91a0-52fc2c87d5ce / Game9,player_vote,Zack,Zack,False,True,Werewolf,Werewolf,"The discussion heavily suggests that Zack is the Werewolf, as Jacob initially deduced this possibility and later questioned Zack about whether he was the only Werewolf. While roles are highly unstable due to potential swaps (Robber/Werewolf), Zack remains the primary suspect. Since Team Village wins by eliminating a Werewolf, voting for Zack is the most logical strategy based on the available public discussion."
C:\Users\annab\Documents\GitHub\masters_thesis_sdg\results\voting\unsloth_gemma-4-E2B-it-unsloth-bnb-4bit\prompt_v4_run_3\Ego4D\2ba4023c-a8bf-43ad-ad5a-80ba222ce990_Game10.json,run_3,stochastic,Ego4D,2ba4023c-a8bf-43ad-ad5a-80ba222ce990,Game10,Ego4D / 2ba4023c-a8bf-43ad-ad5a-80ba222ce990 / Game10,player_vote,Tyler,Tyler,False,True,Werewolf,Werewolf,"The discussion heavily centers on role swapping and double-bluffs, suggesting high levels of deception among the players. Tyler actively attempts to deflect suspicion onto Margaret while simultaneously suggesting he is the Werewolf, which is a suspicious tactic. Given the complexity and the strong implication that multiple players might be Werewolves, voting out Tyler targets the player who is aggressively trying to manipulate the narrative and create confusion."
C:\Users\annab\Documents\GitHub\masters_thesis_sdg\results\voting\unsloth_gemma-4-E2B-it-unsloth-bnb-4bit\prompt_v4_run_3\Ego4D\2ba4023c-a8bf-43ad-ad5a-80ba222ce990_Game6.json,run_3,stochastic,Ego4D,2ba4023c-a8bf-43ad-ad5a-80ba222ce990,Game6,Ego4D / 2ba4023c-a8bf-43ad-ad5a-80ba222ce990 / Game6,circle_vote,No Werewolf,,True,False,,,"The discussion revolves heavily around role swapping and accusations, making it difficult to definitively identify the Werewolf. Players are debating whether Clint or Erin is the Werewolf based on hypothetical scenarios involving the Seer and the Robber/Troublemaker roles. Since there is no concrete evidence or confirmed actions that point to a specific player being the Werewolf, I cannot confidently make an accusation."
C:\Users\annab\Documents\GitHub\masters_thesis_sdg\results\voting\unsloth_gemma-4-E2B-it-unsloth-bnb-4bit\prompt_v4_run_3\Ego4D\2ba4023c-a8bf-43ad-ad5a-80ba222ce990_Game7.json,run_3,stochastic,Ego4D,2ba4023c-a8bf-43ad-ad5a-80ba222ce990,Game7,Ego4D / 2ba4023c-a8bf-43ad-ad5a-80ba222ce990 / Game7,player_vote,Erin,Erin,False,False,Hunter,Drunk,"The discussion centers heavily on complex role swaps and accusations, ultimately leading Margaret and Clint to suspect Erin of being the Werewolf. Although the transcript does not provide conclusive evidence, the collective suspicion points strongly toward Erin as the threat. Eliminating her maximizes the chances of Team Village successfully removing a Werewolf, which is their primary winning condition."
C:\Users\annab\Documents\GitHub\masters_thesis_sdg\results\voting\unsloth_gemma-4-E2B-it-unsloth-bnb-4bit\prompt_v4_run_3\Ego4D\2ba4023c-a8bf-43ad-ad5a-80ba222ce990_Game8.json,run_3,stochastic,Ego4D,2ba4023c-a8bf-43ad-ad5a-80ba222ce990,Game8,Ego4D / 2ba4023c-a8bf-43ad-ad5a-80ba222ce990 / Game8,player_vote,Erin,Erin,False,False,Troublemaker,Drunk,"The discussion is highly chaotic, with players claiming various roles and accusing each other of being Werewolves. Clint directly accuses Erin of being the Werewolf (82), and Tyler also strongly suspects Erin (116). Although the evidence is circumstantial, targeting the most frequently accused player is the best strategy to attempt to eliminate a Werewolf and secure a Team Village victory."
C:\Users\annab\Documents\GitHub\masters_thesis_sdg\results\voting\unsloth_gemma-4-E2B-it-unsloth-bnb-4bit\prompt_v4_run_3\Ego4D\2ba4023c-a8bf-43ad-ad5a-80ba222ce990_Game9.json,run_3,stochastic,Ego4D,2ba4023c-a8bf-43ad-ad5a-80ba222ce990,Game9,Ego4D / 2ba4023c-a8bf-43ad-ad5a-80ba222ce990 / Game9,player_vote,Erin,Erin,False,False,Insomniac,Insomniac,"The discussion is highly volatile and filled with role swaps, making definitive identification difficult. However, Erin is directly accused by Margaret and claimed by Clint as the Werewolf, suggesting she is a primary target for suspicion. Since Team Village needs to eliminate a Werewolf to win, voting for Erin maximizes the chance of achieving this goal based on the current accusations."
C:\Users\annab\Documents\GitHub\masters_thesis_sdg\results\voting\unsloth_gemma-4-E2B-it-unsloth-bnb-4bit\prompt_v4_run_3\Ego4D\324bccd2-adff-4e9a-8ff4-03491e144ac3_Game1.json,run_3,stochastic,Ego4D,324bccd2-adff-4e9a-8ff4-03491e144ac3,Game1,Ego4D / 324bccd2-adff-4e9a-8ff4-03491e144ac3 / Game1,circle_vote,No Werewolf,,True,False,,,"The discussion transcript is inconclusive, focusing heavily on role identification and speculation about who is lying rather than confirming any specific night actions or identifying a Werewolf. Since there is no concrete evidence pointing to a Werewolf, and the rules state that Team Village wins if no Werewolves are present and no one dies, the safest and most logical choice is to assume no Werewolf is currently active."
C:\Users\annab\Documents\GitHub\masters_thesis_sdg\results\voting\unsloth_gemma-4-E2B-it-unsloth-bnb-4bit\prompt_v4_run_3\Ego4D\324bccd2-adff-4e9a-8ff4-03491e144ac3_Game2.json,run_3,stochastic,Ego4D,324bccd2-adff-4e9a-8ff4-03491e144ac3,Game2,Ego4D / 324bccd2-adff-4e9a-8ff4-03491e144ac3 / Game2,circle_vote,No Werewolf,,True,False,,,"The discussion revolves around complex card swaps and conflicting claims regarding who the Werewolf is. Sean, claiming to be the Seer, stated he saw the Werewolf on a card, while Hunter claimed to be the Werewolf himself. The evidence is highly ambiguous due to the role swapping actions described by Jacob, making it impossible to definitively confirm a Werewolf. Since there is no conclusive proof presented in the transcript, I cannot confidently accuse any player of being the Werewolf."
C:\Users\annab\Documents\GitHub\masters_thesis_sdg\results\voting\unsloth_gemma-4-E2B-it-unsloth-bnb-4bit\prompt_v4_run_3\Ego4D\324bccd2-adff-4e9a-8ff4-03491e144ac3_Game3.json,run_3,stochastic,Ego4D,324bccd2-adff-4e9a-8ff4-03491e144ac3,Game3,Ego4D / 324bccd2-adff-4e9a-8ff4-03491e144ac3 / Game3,circle_vote,No Werewolf,,True,False,,,"The discussion primarily focuses on role swapping and confusion regarding who holds which role, specifically involving the Villager, Seer, Robber, and Troublemaker roles. There is no concrete evidence or action from a Werewolf during the Night phase, nor is there any definitive identification of the Werewolf role. Since I cannot confirm the presence of a Werewolf, I must assume the safest condition for Team Village to win."
C:\Users\annab\Documents\GitHub\masters_thesis_sdg\results\voting\unsloth_gemma-4-E2B-it-unsloth-bnb-4bit\prompt_v4_run_3\Ego4D\324bccd2-adff-4e9a-8ff4-03491e144ac3_Game4.json,run_3,stochastic,Ego4D,324bccd2-adff-4e9a-8ff4-03491e144ac3,Game4,Ego4D / 324bccd2-adff-4e9a-8ff4-03491e144ac3 / Game4,circle_vote,No Werewolf,,True,False,,,"The discussion transcript is highly focused on role swapping confusion and uncertainty regarding who holds which card, leaving no definitive evidence of a Werewolf's identity. While Zack expresses a lean towards being a Werewolf, the rest of the players remain highly uncertain about their roles. Since Team Village wins if no Werewolves are present and no one dies, and there is no concrete evidence to accuse any player, the safest choice is to assume no Werewolf is currently active."
C:\Users\annab\Documents\GitHub\masters_thesis_sdg\results\voting\unsloth_gemma-4-E2B-it-unsloth-bnb-4bit\prompt_v4_run_3\Ego4D\324bccd2-adff-4e9a-8ff4-03491e144ac3_Game5.json,run_3,stochastic,Ego4D,324bccd2-adff-4e9a-8ff4-03491e144ac3,Game5,Ego4D / 324bccd2-adff-4e9a-8ff4-03491e144ac3 / Game5,player_vote,Sean,Sean,False,True,Werewolf,Werewolf,"The transcript shows significant confusion regarding role swaps, making definitive identification difficult. However, Hunter directly accuses Sean of being the Werewolf, stating that Sean is lying and is the werewolf. Given the pressure and the need to eliminate a Werewolf to secure a Team Village win, Sean is the most suspicious player based on the available discussion."
C:\Users\annab\Documents\GitHub\masters_thesis_sdg\results\voting\unsloth_gemma-4-E2B-it-unsloth-bnb-4bit\prompt_v4_run_3\Ego4D\3ba069be-60fa-47fc-bd7b-f85bf649a5bd_Game1.json,run_3,stochastic,Ego4D,3ba069be-60fa-47fc-bd7b-f85bf649a5bd,Game1,Ego4D / 3ba069be-60fa-47fc-bd7b-f85bf649a5bd / Game1,circle_vote,No Werewolf,,True,False,,,"The discussion focuses heavily on role swaps and the uncertainty of where the Werewolf card is located (player vs. center). There is no direct evidence or accusation that definitively points to any single player as the Werewolf. Since the information gathered is inconclusive, the safest strategy is to assume no Werewolf is present, which ensures Team Village wins under the condition that no one dies."
C:\Users\annab\Documents\GitHub\masters_thesis_sdg\results\voting\unsloth_gemma-4-E2B-it-unsloth-bnb-4bit\prompt_v4_run_3\Ego4D\3ba069be-60fa-47fc-bd7b-f85bf649a5bd_Game2.json,run_3,stochastic,Ego4D,3ba069be-60fa-47fc-bd7b-f85bf649a5bd,Game2,Ego4D / 3ba069be-60fa-47fc-bd7b-f85bf649a5bd / Game2,player_vote,Kaelan,Kaelan,False,False,Minion,Robber,"Kaelan is confirmed to be the Minion, which is a role aligned with Team Werewolf. Since Team Village wins by eliminating a Werewolf, Kaelan is the primary target for the vote. Eliminating Kaelan increases the chances of Team Village winning the game."
C:\Users\annab\Documents\GitHub\masters_thesis_sdg\results\voting\unsloth_gemma-4-E2B-it-unsloth-bnb-4bit\prompt_v4_run_3\Ego4D\3ba069be-60fa-47fc-bd7b-f85bf649a5bd_Game3.json,run_3,stochastic,Ego4D,3ba069be-60fa-47fc-bd7b-f85bf649a5bd,Game3,Ego4D / 3ba069be-60fa-47fc-bd7b-f85bf649a5bd / Game3,player_vote,Jessica,Jessica,False,True,Werewolf,Doppelganger,"Daniel, who claimed to be the Seer, explicitly accused Jessica of being the Werewolf, stating that he saw a Werewolf card during his action. Since Team Village needs to eliminate a Werewolf to win, Jessica is the primary target based on this direct accusation. Voting out Jessica maximizes the chances of Team Village achieving its objective."
C:\Users\annab\Documents\GitHub\masters_thesis_sdg\results\voting\unsloth_gemma-4-E2B-it-unsloth-bnb-4bit\prompt_v4_run_3\Ego4D\3ba069be-60fa-47fc-bd7b-f85bf649a5bd_Game4.json,run_3,stochastic,Ego4D,3ba069be-60fa-47fc-bd7b-f85bf649a5bd,Game4,Ego4D / 3ba069be-60fa-47fc-bd7b-f85bf649a5bd / Game4,player_vote,Daniel,Daniel,False,False,Robber,Minion,"The transcript strongly indicates that Daniel is the Werewolf. Kaelan repeatedly identifies Daniel as the Minion, and the discussion suggests that the Minion role is linked to the Werewolf role, especially when Kaelan states, 'So that means she's the Minion again, that's the werewolf.' Since Team Village wins by eliminating a Werewolf, voting out Daniel is the necessary move to ensure victory."
C:\Users\annab\Documents\GitHub\masters_thesis_sdg\results\voting\unsloth_gemma-4-E2B-it-unsloth-bnb-4bit\prompt_v4_run_3\Ego4D\3ba069be-60fa-47fc-bd7b-f85bf649a5bd_Game5.json,run_3,stochastic,Ego4D,3ba069be-60fa-47fc-bd7b-f85bf649a5bd,Game5,Ego4D / 3ba069be-60fa-47fc-bd7b-f85bf649a5bd / Game5,player_vote,Daniel,Daniel,False,False,Tanner,Robber,"The transcript shows significant role swapping and high levels of deception, which is common in this game type. Kaelan directly accuses Daniel of being the Werewolf, suggesting Daniel is the primary suspect. Given the objective is to eliminate a Werewolf, voting Daniel out is the most strategic move to ensure Team Village has a chance to win. His deceptive behavior and the focus of suspicion make him the highest probability target."
C:\Users\annab\Documents\GitHub\masters_thesis_sdg\results\voting\unsloth_gemma-4-E2B-it-unsloth-bnb-4bit\prompt_v4_run_3\Ego4D\3ba069be-60fa-47fc-bd7b-f85bf649a5bd_Game6.json,run_3,stochastic,Ego4D,3ba069be-60fa-47fc-bd7b-f85bf649a5bd,Game6,Ego4D / 3ba069be-60fa-47fc-bd7b-f85bf649a5bd / Game6,circle_vote,No Werewolf,,True,True,,,"The discussion transcript focuses entirely on role identification and card swapping, leading to confusion among the players regarding their current roles. While several roles like Doppelganger, Drunk, Tanner, and Robber were discussed, there is no conclusive evidence or accusation pointing to a Werewolf. Since I cannot identify a Werewolf, I must assume the possibility that all Werewolf cards are in the center, fulfilling the condition for Team Village to win without a specific vote."
C:\Users\annab\Documents\GitHub\masters_thesis_sdg\results\voting\unsloth_gemma-4-E2B-it-unsloth-bnb-4bit\prompt_v4_run_3\Ego4D\62c4bc58-3776-4791-ac30-4c9ca5619503_Game10.json,run_3,stochastic,Ego4D,62c4bc58-3776-4791-ac30-4c9ca5619503,Game10,Ego4D / 62c4bc58-3776-4791-ac30-4c9ca5619503 / Game10,circle_vote,No Werewolf,,True,False,,,"The transcript provides very little concrete information regarding the players' roles or actions, making it impossible to definitively identify a Werewolf. While Kaelan and Jessica suggest they might be Villagers, and Daniel mentions the Tanner role, there is no strong evidence pointing toward a Werewolf. Since Team Village wins if no Werewolves are present, and I cannot confirm the presence of a Werewolf, I must conclude that no Werewolf is currently identified."
C:\Users\annab\Documents\GitHub\masters_thesis_sdg\results\voting\unsloth_gemma-4-E2B-it-unsloth-bnb-4bit\prompt_v4_run_3\Ego4D\62c4bc58-3776-4791-ac30-4c9ca5619503_Game11.json,run_3,stochastic,Ego4D,62c4bc58-3776-4791-ac30-4c9ca5619503,Game11,Ego4D / 62c4bc58-3776-4791-ac30-4c9ca5619503 / Game11,player_vote,Kaelan,Kaelan,False,False,Villager,Villager,"Kaelan explicitly claims to be the Minion during the discussion, which is a role aligned with Team Werewolf. Since Team Village needs to eliminate a Werewolf to win, Kaelan is the most likely candidate to be a Werewolf or a Werewolf teammate. Eliminating Kaelan maximizes the chance of success for Team Village."
C:\Users\annab\Documents\GitHub\masters_thesis_sdg\results\voting\unsloth_gemma-4-E2B-it-unsloth-bnb-4bit\prompt_v4_run_3\Ego4D\62c4bc58-3776-4791-ac30-4c9ca5619503_Game12.json,run_3,stochastic,Ego4D,62c4bc58-3776-4791-ac30-4c9ca5619503,Game12,Ego4D / 62c4bc58-3776-4791-ac30-4c9ca5619503 / Game12,circle_vote,No Werewolf,,True,True,,,"The discussion primarily focuses on role confusion, specifically involving Masons and Drunks, and checking for the Tanner role. While Daniel concludes that 'Werewolves win,' this is a general statement and not concrete evidence of a Werewolf's presence or action. There are no explicit accusations or confirmed Werewolf actions in the transcript, making it impossible to definitively identify a target."
C:\Users\annab\Documents\GitHub\masters_thesis_sdg\results\voting\unsloth_gemma-4-E2B-it-unsloth-bnb-4bit\prompt_v4_run_3\Ego4D\62c4bc58-3776-4791-ac30-4c9ca5619503_Game7.json,run_3,stochastic,Ego4D,62c4bc58-3776-4791-ac30-4c9ca5619503,Game7,Ego4D / 62c4bc58-3776-4791-ac30-4c9ca5619503 / Game7,player_vote,Jessica,Jessica,False,True,Werewolf,Werewolf,"The discussion centers around identifying roles like Drunk and Robber, and suspicion is directed primarily toward Jessica, whom Kaelan explicitly states is 'sus.' Since the game rules indicate that Team Village wins by eliminating a Werewolf, and the transcript suggests Werewolves are present (Kevin claimed Werewolf/Minion/Seer), voting out the most suspected player is the best strategic move to increase the chances of eliminating a Werewolf."
C:\Users\annab\Documents\GitHub\masters_thesis_sdg\results\voting\unsloth_gemma-4-E2B-it-unsloth-bnb-4bit\prompt_v4_run_3\Ego4D\62c4bc58-3776-4791-ac30-4c9ca5619503_Game8.json,run_3,stochastic,Ego4D,62c4bc58-3776-4791-ac30-4c9ca5619503,Game8,Ego4D / 62c4bc58-3776-4791-ac30-4c9ca5619503 / Game8,circle_vote,No Werewolf,,True,True,,,"The discussion revolves around players attempting to identify each other's roles, leading to conflicting claims and role swaps. While players are speculating about Kevin being the Werewolf, the transcript does not provide any concrete evidence or direct confirmation of a Werewolf's identity. The debate concludes with a tie vote, suggesting uncertainty about the Werewolf's location. Since the winning condition for Team Village is met if no Werewolf is present (i.e., all Werewolf cards are in the center), I cannot confidently accuse any player."
C:\Users\annab\Documents\GitHub\masters_thesis_sdg\results\voting\unsloth_gemma-4-E2B-it-unsloth-bnb-4bit\prompt_v4_run_3\Ego4D\62c4bc58-3776-4791-ac30-4c9ca5619503_Game9.json,run_3,stochastic,Ego4D,62c4bc58-3776-4791-ac30-4c9ca5619503,Game9,Ego4D / 62c4bc58-3776-4791-ac30-4c9ca5619503 / Game9,circle_vote,No Werewolf,,True,False,,,"The discussion revolves entirely around role swapping and card locations, specifically involving the Doppelganger, Robber, and Troublemaker roles. While the intensity of the conversation suggests deception, the transcript does not provide definitive evidence linking any player to the Werewolf role. Since Team Village wins if no Werewolves are present, and there is no concrete identification of a Werewolf, the safest choice is to assume no Werewolf is present."
C:\Users\annab\Documents\GitHub\masters_thesis_sdg\results\voting\unsloth_gemma-4-E2B-it-unsloth-bnb-4bit\prompt_v4_run_3\Ego4D\64076f60-f3fc-4ee6-93e1-3489d8ec7b12_Game3.json,run_3,stochastic,Ego4D,64076f60-f3fc-4ee6-93e1-3489d8ec7b12,Game3,Ego4D / 64076f60-f3fc-4ee6-93e1-3489d8ec7b12 / Game3,circle_vote,No Werewolf,,True,False,,,"The discussion revolves around complex card swapping and conflicting claims about who the Werewolf is, leading to significant confusion and ultimately a tie in the voting phase. Jack claimed to have started as the Werewolf, while other players made conflicting statements about who swapped cards with whom. Since the voting resulted in a tie and no player was eliminated, Team Village failed to achieve its primary goal of eliminating a Werewolf. Given the lack of conclusive evidence, I cannot confidently identify a Werewolf."
C:\Users\annab\Documents\GitHub\masters_thesis_sdg\results\voting\unsloth_gemma-4-E2B-it-unsloth-bnb-4bit\prompt_v4_run_3\Ego4D\698f6bbe-4347-4a06-bd5d-3482f5e4fbbe_Game1.json,run_3,stochastic,Ego4D,698f6bbe-4347-4a06-bd5d-3482f5e4fbbe,Game1,Ego4D / 698f6bbe-4347-4a06-bd5d-3482f5e4fbbe / Game1,player_vote,Elliot,Elliot,False,True,Werewolf,Robber,"James directly accuses Elliot of being the Werewolf based on a previous role swap, which provides a strong lead for Team Village. While the transcript is full of role confusion, this accusation, coupled with the general suspicion surrounding Elliot's identity and the Tanner role, makes him the primary target. Eliminating a Werewolf is the main path to victory for Team Village."
C:\Users\annab\Documents\GitHub\masters_thesis_sdg\results\voting\unsloth_gemma-4-E2B-it-unsloth-bnb-4bit\prompt_v4_run_3\Ego4D\698f6bbe-4347-4a06-bd5d-3482f5e4fbbe_Game2.json,run_3,stochastic,Ego4D,698f6bbe-4347-4a06-bd5d-3482f5e4fbbe,Game2,Ego4D / 698f6bbe-4347-4a06-bd5d-3482f5e4fbbe / Game2,player_vote,Sukeshi,Sukeshi,False,True,Werewolf,Werewolf,"The discussion heavily focuses suspicion on Sukeshi, who is repeatedly suggested to be either the Werewolf or the Tanner. Ashley explicitly states she believes Sukeshi is the Werewolf, while others suggest she might be the Tanner due to her quiet demeanor and the conflicting theories regarding role swaps. Since Team Village wins by eliminating a Werewolf, targeting the player with the highest collective suspicion is the optimal strategy."
C:\Users\annab\Documents\GitHub\masters_thesis_sdg\results\voting\unsloth_gemma-4-E2B-it-unsloth-bnb-4bit\prompt_v4_run_3\Ego4D\698f6bbe-4347-4a06-bd5d-3482f5e4fbbe_Game3.json,run_3,stochastic,Ego4D,698f6bbe-4347-4a06-bd5d-3482f5e4fbbe,Game3,Ego4D / 698f6bbe-4347-4a06-bd5d-3482f5e4fbbe / Game3,player_vote,James,James,False,True,Werewolf,Drunk,"The Seer, Sukeshi, explicitly stated that the two cards in the center were Werewolves, indicating a Werewolf is present. Although the transcript does not definitively name the Werewolf, the discussion centers around identifying the threat. To maximize the chances of Team Village winning, a vote must be cast to eliminate a suspected Werewolf."
C:\Users\annab\Documents\GitHub\masters_thesis_sdg\results\voting\unsloth_gemma-4-E2B-it-unsloth-bnb-4bit\prompt_v4_run_3\Youtube\Flashback##ONE#NIGHT#ULTIMATE#WEREWOLF##Retro#9_Game1.json,run_3,stochastic,Youtube,Flashback##ONE#NIGHT#ULTIMATE#WEREWOLF##Retro#9,Game1,Youtube / Flashback##ONE#NIGHT#ULTIMATE#WEREWOLF##Retro#9 / Game1,player_vote,Mitchell,Mitchell,False,False,Insomniac,Insomniac,"The discussion focuses heavily on Mitchell's claims during the Night phase, particularly his quick revelation of being the Insomniac role. Paul expresses suspicion toward Mitchell, suggesting he might be lying, and two players (James and Paul) vote for him. In a Werewolf game, players who reveal roles too quickly might be attempting to deflect suspicion or establish an alibi. Given the pressure and the collective suspicion, Mitchell is the most likely candidate to be the Werewolf, and eliminating him is necessary to secure a win for Team Village."
C:\Users\annab\Documents\GitHub\masters_thesis_sdg\results\voting\unsloth_gemma-4-E2B-it-unsloth-bnb-4bit\prompt_v4_run_3\Youtube\Flashback##ONE#NIGHT#ULTIMATE#WEREWOLF##Retro#9_Game2.json,run_3,stochastic,Youtube,Flashback##ONE#NIGHT#ULTIMATE#WEREWOLF##Retro#9,Game2,Youtube / Flashback##ONE#NIGHT#ULTIMATE#WEREWOLF##Retro#9 / Game2,player_vote,Paul,Paul,False,False,Seer,Villager,"Paul explicitly claimed at the beginning of the game that he was a Werewolf, a claim that is heavily contested by other players. While the transcript is filled with confusion regarding role swaps and accusations, Paul's direct self-identification makes him a primary target. Eliminating him maximizes the chance of removing a Werewolf and shifting suspicion away from other players."
C:\Users\annab\Documents\GitHub\masters_thesis_sdg\results\voting\unsloth_gemma-4-E2B-it-unsloth-bnb-4bit\prompt_v4_run_3\Youtube\Flashback##ONE#NIGHT#ULTIMATE#WEREWOLF##Retro#9_Game3.json,run_3,stochastic,Youtube,Flashback##ONE#NIGHT#ULTIMATE#WEREWOLF##Retro#9,Game3,Youtube / Flashback##ONE#NIGHT#ULTIMATE#WEREWOLF##Retro#9 / Game3,player_vote,Mitchell,Mitchell,False,True,Werewolf,Robber,"The discussion centers on the possibility of Werewolves being present, with Mitchell being directly questioned about his identity and being targeted by Justin. While the roles are confusingly swapped during the night, the players are actively trying to identify threats. Mitchell's silence and direct questioning make him a strong suspect, and eliminating him maximizes the chance of eliminating a Werewolf and securing a victory for Team Village."
C:\Users\annab\Documents\GitHub\masters_thesis_sdg\results\voting\unsloth_gemma-4-E2B-it-unsloth-bnb-4bit\prompt_v4_run_3\Youtube\Flashback##ONE#NIGHT#ULTIMATE#WEREWOLF##Retro#9_Game4.json,run_3,stochastic,Youtube,Flashback##ONE#NIGHT#ULTIMATE#WEREWOLF##Retro#9,Game4,Youtube / Flashback##ONE#NIGHT#ULTIMATE#WEREWOLF##Retro#9 / Game4,circle_vote,No Werewolf,,True,True,,,"The discussion transcript reveals significant confusion and conflicting claims regarding roles, with players actively lying or changing their stories. However, there is no concrete evidence or accusation that definitively points to any single player holding the Werewolf card. Since the goal is to eliminate a Werewolf to win, and no player has been convincingly exposed, I cannot confidently identify a target."
C:\Users\annab\Documents\GitHub\masters_thesis_sdg\results\voting\unsloth_gemma-4-E2B-it-unsloth-bnb-4bit\prompt_v4_run_3\Youtube\Flashback##ONE#NIGHT#ULTIMATE#WEREWOLF##Retro#9_Game5.json,run_3,stochastic,Youtube,Flashback##ONE#NIGHT#ULTIMATE#WEREWOLF##Retro#9,Game5,Youtube / Flashback##ONE#NIGHT#ULTIMATE#WEREWOLF##Retro#9 / Game5,player_vote,Mitchell,Mitchell,False,False,Villager,Villager,"Mitchell explicitly states that he is a Werewolf and expresses fear, suggesting he is actively attempting to mislead the group. While Laura also claims to be a werewolf, Mitchell's self-identification and subsequent involvement in the discussion strongly suggest he is a member of Team Werewolf. Eliminating him is the best way to secure a Werewolf kill and ensure Team Village wins."
C:\Users\annab\Documents\GitHub\masters_thesis_sdg\results\voting\unsloth_gemma-4-E2B-it-unsloth-bnb-4bit\prompt_v4_run_3\Youtube\One#Night#Ultimate#Love#Letter##ONE#NIGHT#ULTIMATE#WEREWOLF_Game2.json,run_3,stochastic,Youtube,One#Night#Ultimate#Love#Letter##ONE#NIGHT#ULTIMATE#WEREWOLF,Game2,Youtube / One#Night#Ultimate#Love#Letter##ONE#NIGHT#ULTIMATE#WEREWOLF / Game2,player_vote,Mitchell,Mitchell,False,True,Werewolf,Werewolf,"Mitchell explicitly claims, ""I was the werewolf,"" which is a direct accusation, even if he is lying. While the voting results in a tie between Mitchell and Justin, Mitchell's statement provides the strongest direct evidence pointing towards a Werewolf. Eliminating him maximizes the chance of Team Village winning by removing a Werewolf."
C:\Users\annab\Documents\GitHub\masters_thesis_sdg\results\voting\unsloth_gemma-4-E2B-it-unsloth-bnb-4bit\prompt_v4_run_3\Youtube\One#Night#Ultimate#Love#Letter##ONE#NIGHT#ULTIMATE#WEREWOLF_Game3.json,run_3,stochastic,Youtube,One#Night#Ultimate#Love#Letter##ONE#NIGHT#ULTIMATE#WEREWOLF,Game3,Youtube / One#Night#Ultimate#Love#Letter##ONE#NIGHT#ULTIMATE#WEREWOLF / Game3,player_vote,Tyler,Tyler,False,True,Werewolf,Werewolf,"Tyler's card was explicitly identified as Werewolf by Tyler himself during the discussion, making him the primary suspect for the Werewolf role. While there is significant confusion regarding role swaps (Justin claiming to be a Werewolf and Paul claiming to have switched two Werewolves), voting for Tyler maximizes the chances of eliminating a Werewolf and achieving the Team Village win condition. Since the goal is to eliminate a Werewolf, Tyler is the most logical target."
C:\Users\annab\Documents\GitHub\masters_thesis_sdg\results\voting\unsloth_gemma-4-E2B-it-unsloth-bnb-4bit\prompt_v4_run_3\Youtube\One#Night#Ultimate#Love#Letter##ONE#NIGHT#ULTIMATE#WEREWOLF_Game7.json,run_3,stochastic,Youtube,One#Night#Ultimate#Love#Letter##ONE#NIGHT#ULTIMATE#WEREWOLF,Game7,Youtube / One#Night#Ultimate#Love#Letter##ONE#NIGHT#ULTIMATE#WEREWOLF / Game7,player_vote,Paul,Paul,False,False,Troublemaker,Troublemaker,"The transcript is highly confusing due to role swapping and mutual accusations, making definitive identification difficult. However, Paul explicitly accused someone of being a Werewolf early in the discussion, suggesting a potential Werewolf is present. Since Team Village needs to eliminate a Werewolf to win, voting for the player who made the direct accusation is the most strategic move to attempt to secure a win."
C:\Users\annab\Documents\GitHub\masters_thesis_sdg\results\voting\unsloth_gemma-4-E2B-it-unsloth-bnb-4bit\prompt_v4_run_3\Youtube\ONE#NIGHT#ULTIMATE#WEREWOLF##Retro#1_Game1.json,run_3,stochastic,Youtube,ONE#NIGHT#ULTIMATE#WEREWOLF##Retro#1,Game1,Youtube / ONE#NIGHT#ULTIMATE#WEREWOLF##Retro#1 / Game1,player_vote,Mitchell,Mitchell,False,True,Werewolf,Werewolf,"The discussion centers heavily on accusations, particularly involving Mitchell, who is implicated by both Justin and James. James explicitly states, 'I think Mitchell is the werewolf because he's saying that,' and subsequently commits to voting for him. While the roles are uncertain due to card swaps, Mitchell is the main target of suspicion, making him the most logical choice to eliminate a Werewolf and secure a win for Team Village."
C:\Users\annab\Documents\GitHub\masters_thesis_sdg\results\voting\unsloth_gemma-4-E2B-it-unsloth-bnb-4bit\prompt_v4_run_3\Youtube\ONE#NIGHT#ULTIMATE#WEREWOLF##Retro#1_Game10.json,run_3,stochastic,Youtube,ONE#NIGHT#ULTIMATE#WEREWOLF##Retro#1,Game10,Youtube / ONE#NIGHT#ULTIMATE#WEREWOLF##Retro#1 / Game10,player_vote,Mitchell,Mitchell,False,True,Werewolf,Robber,"The discussion is highly speculative, with multiple players accusing each other of holding roles like Werewolf, Robber, and Tanner. Mitchell is specifically mentioned by James and Alvin as being highly suspicious, and Mitchell himself suggests there are two werewolves. To maximize the chance of Team Village winning, targeting the player who is most heavily implicated by the group's confusion is the best strategic move."
C:\Users\annab\Documents\GitHub\masters_thesis_sdg\results\voting\unsloth_gemma-4-E2B-it-unsloth-bnb-4bit\prompt_v4_run_3\Youtube\ONE#NIGHT#ULTIMATE#WEREWOLF##Retro#1_Game2.json,run_3,stochastic,Youtube,ONE#NIGHT#ULTIMATE#WEREWOLF##Retro#1,Game2,Youtube / ONE#NIGHT#ULTIMATE#WEREWOLF##Retro#1 / Game2,player_vote,James,James,False,False,Robber,Villager,"The discussion is highly chaotic due to role swapping, making definitive identification difficult. However, Mitchell explicitly suggests voting for James, and James himself aggressively votes for himself. Given the pressure and the need to eliminate a Werewolf to secure the win for Team Village, James is the most immediate target of suspicion and the most likely candidate to be the Werewolf."
C:\Users\annab\Documents\GitHub\masters_thesis_sdg\results\voting\unsloth_gemma-4-E2B-it-unsloth-bnb-4bit\prompt_v4_run_3\Youtube\ONE#NIGHT#ULTIMATE#WEREWOLF##Retro#1_Game3.json,run_3,stochastic,Youtube,ONE#NIGHT#ULTIMATE#WEREWOLF##Retro#1,Game3,Youtube / ONE#NIGHT#ULTIMATE#WEREWOLF##Retro#1 / Game3,circle_vote,No Werewolf,,True,False,,,"The discussion centers on conflicting claims regarding who the Werewolf is, with Alvin claiming to have seen the Werewolf card in Justin's hand. However, the conversation is highly speculative, involving potential card swaps and multiple players casting suspicion on each other. Since there is no definitive evidence or confirmation of a Werewolf's identity, I cannot confidently eliminate a player."
C:\Users\annab\Documents\GitHub\masters_thesis_sdg\results\voting\unsloth_gemma-4-E2B-it-unsloth-bnb-4bit\prompt_v4_run_3\Youtube\ONE#NIGHT#ULTIMATE#WEREWOLF##Retro#1_Game4.json,run_3,stochastic,Youtube,ONE#NIGHT#ULTIMATE#WEREWOLF##Retro#1,Game4,Youtube / ONE#NIGHT#ULTIMATE#WEREWOLF##Retro#1 / Game4,player_vote,James,James,False,False,Villager,Villager,"The transcript is highly contentious, with players accusing each other of being the Werewolf, and conflicting information regarding card swaps and role identities. Mitchell claims Justin is the Werewolf, while Justin claims Alvin is the Werewolf. James, however, claims to be the Seer and saw a Werewolf and a Troublemaker in the center cards, which lends some weight to his potential involvement. Given the lack of definitive proof, James is chosen as the vote target due to the conflicting claims and his role as the Seer, making him a central point of suspicion."
C:\Users\annab\Documents\GitHub\masters_thesis_sdg\results\voting\unsloth_gemma-4-E2B-it-unsloth-bnb-4bit\prompt_v4_run_3\Youtube\ONE#NIGHT#ULTIMATE#WEREWOLF##Retro#1_Game5.json,run_3,stochastic,Youtube,ONE#NIGHT#ULTIMATE#WEREWOLF##Retro#1,Game5,Youtube / ONE#NIGHT#ULTIMATE#WEREWOLF##Retro#1 / Game5,player_vote,Mitchell,Mitchell,False,True,Werewolf,Robber,"The discussion overwhelmingly points to Mitchell as the Werewolf. Multiple players, including James and Justin, express strong suspicion, and Mitchell himself makes a compelling claim that he saw the Werewolf. Since Team Village wins by eliminating a Werewolf, voting for Mitchell is the optimal strategy to achieve the win condition."
C:\Users\annab\Documents\GitHub\masters_thesis_sdg\results\voting\unsloth_gemma-4-E2B-it-unsloth-bnb-4bit\prompt_v4_run_3\Youtube\ONE#NIGHT#ULTIMATE#WEREWOLF##Retro#1_Game6.json,run_3,stochastic,Youtube,ONE#NIGHT#ULTIMATE#WEREWOLF##Retro#1,Game6,Youtube / ONE#NIGHT#ULTIMATE#WEREWOLF##Retro#1 / Game6,player_vote,Justin,Justin,False,True,Werewolf,Robber,"The discussion centered heavily on verifying roles and identifying the Werewolf, with Alvin specifically suggesting Justin is the Werewolf multiple times. Although the evidence is circumstantial, Alvin's confidence in his suspicion, coupled with Mitchell's acknowledgment that Justin is the primary suspect, makes him the logical target. Eliminating Justin increases the chances of Team Village eliminating a Werewolf and securing victory."
C:\Users\annab\Documents\GitHub\masters_thesis_sdg\results\voting\unsloth_gemma-4-E2B-it-unsloth-bnb-4bit\prompt_v4_run_3\Youtube\ONE#NIGHT#ULTIMATE#WEREWOLF##Retro#1_Game7.json,run_3,stochastic,Youtube,ONE#NIGHT#ULTIMATE#WEREWOLF##Retro#1,Game7,Youtube / ONE#NIGHT#ULTIMATE#WEREWOLF##Retro#1 / Game7,player_vote,James,James,False,True,Werewolf,Werewolf,"The transcript strongly suggests that James holds the Werewolf card, as Justin confirms looking at James's card revealed it was a Werewolf. Since Team Village wins by eliminating a Werewolf, voting for James is the most direct path to achieving this goal. Although the discussion involves complex scenarios about multiple Werewolves, eliminating the confirmed Werewolf is the primary objective for Team Village."
C:\Users\annab\Documents\GitHub\masters_thesis_sdg\results\voting\unsloth_gemma-4-E2B-it-unsloth-bnb-4bit\prompt_v4_run_3\Youtube\ONE#NIGHT#ULTIMATE#WEREWOLF##Retro#1_Game8.json,run_3,stochastic,Youtube,ONE#NIGHT#ULTIMATE#WEREWOLF##Retro#1,Game8,Youtube / ONE#NIGHT#ULTIMATE#WEREWOLF##Retro#1 / Game8,player_vote,Mitchell,Mitchell,False,True,Werewolf,Werewolf,"The discussion is highly confusing, with players contradicting their starting roles and accusing each other of role swapping. Mitchell claimed to be the Drunk, a Village role, but Justin and James strongly suspect he is a Werewolf. Given the goal is to eliminate a Werewolf, Mitchell is the most heavily suspected player, making him the primary target for Team Village to eliminate. This is a high-risk move, but necessary given the lack of concrete evidence pointing to a Werewolf."
C:\Users\annab\Documents\GitHub\masters_thesis_sdg\results\voting\unsloth_gemma-4-E2B-it-unsloth-bnb-4bit\prompt_v4_run_3\Youtube\ONE#NIGHT#ULTIMATE#WEREWOLF##Retro#1_Game9.json,run_3,stochastic,Youtube,ONE#NIGHT#ULTIMATE#WEREWOLF##Retro#1,Game9,Youtube / ONE#NIGHT#ULTIMATE#WEREWOLF##Retro#1 / Game9,player_vote,Mitchell,Mitchell,False,True,Werewolf,Werewolf,"The discussion heavily revolves around identifying the Werewolf and the Tanner, with Justin accusing Mitchell of being the Tanner and then implying Mitchell is the Werewolf. Mitchell counters by suggesting Justin is misusing the Seer role to gain suspicion. Given the intense suspicion and the focus on Mitchell being the primary target of accusations, I will vote for him, betting that he is the Werewolf."
C:\Users\annab\Documents\GitHub\masters_thesis_sdg\results\voting\unsloth_gemma-4-E2B-it-unsloth-bnb-4bit\prompt_v4_run_3\Youtube\ONE#NIGHT#ULTIMATE#WEREWOLF##Retro#2_Game1.json,run_3,stochastic,Youtube,ONE#NIGHT#ULTIMATE#WEREWOLF##Retro#2,Game1,Youtube / ONE#NIGHT#ULTIMATE#WEREWOLF##Retro#2 / Game1,player_vote,Caitlynn,Caitlynn,False,True,Werewolf,Villager,"The discussion centers heavily on card swapping and the identity of the Werewolf. Dan explicitly states that he switched Caitlynn's and Justin's cards and suggests that Caitlynn is the Werewolf because she took a Villager card. While there is uncertainty regarding the exact number of Werewolves, targeting Caitlynn is the most direct strategy to eliminate a Werewolf and secure a victory for Team Village. If Caitlynn is indeed the Werewolf, her elimination guarantees Team Village wins."
C:\Users\annab\Documents\GitHub\masters_thesis_sdg\results\voting\unsloth_gemma-4-E2B-it-unsloth-bnb-4bit\prompt_v4_run_3\Youtube\ONE#NIGHT#ULTIMATE#WEREWOLF##Retro#2_Game2.json,run_3,stochastic,Youtube,ONE#NIGHT#ULTIMATE#WEREWOLF##Retro#2,Game2,Youtube / ONE#NIGHT#ULTIMATE#WEREWOLF##Retro#2 / Game2,circle_vote,No Werewolf,,True,True,,,"The transcript primarily focuses on role confusion and card swapping, making it difficult to definitively identify the Werewolf. While players are discussing alibis and potential deception, no player explicitly claims or is confirmed to be the Werewolf. Since I cannot confirm the presence of a Werewolf, I must adhere to the rule that allows me to indicate 'No Werewolf' if I am confident none are present."
C:\Users\annab\Documents\GitHub\masters_thesis_sdg\results\voting\unsloth_gemma-4-E2B-it-unsloth-bnb-4bit\prompt_v4_run_3\Youtube\ONE#NIGHT#ULTIMATE#WEREWOLF##Retro#2_Game3.json,run_3,stochastic,Youtube,ONE#NIGHT#ULTIMATE#WEREWOLF##Retro#2,Game3,Youtube / ONE#NIGHT#ULTIMATE#WEREWOLF##Retro#2 / Game3,player_vote,Justin,Justin,False,True,Werewolf,Werewolf,"The transcript suggests a significant role swap occurred, specifically involving Justin and Mitchell, who were questioned about robbing each other. Mitchell explicitly states that Justin is a werewolf, and Justin agrees. Given the goal is to eliminate a Werewolf to win, voting for Justin is the most logical move based on the direct accusation and subsequent agreement."
C:\Users\annab\Documents\GitHub\masters_thesis_sdg\results\voting\unsloth_gemma-4-E2B-it-unsloth-bnb-4bit\prompt_v4_run_3\Youtube\ONE#NIGHT#ULTIMATE#WEREWOLF##Retro#2_Game4.json,run_3,stochastic,Youtube,ONE#NIGHT#ULTIMATE#WEREWOLF##Retro#2,Game4,Youtube / ONE#NIGHT#ULTIMATE#WEREWOLF##Retro#2 / Game4,player_vote,Mike,Mike,False,True,Werewolf,Werewolf,"Dan directly accused Mike of being the Werewolf, which is the strongest piece of evidence available in the transcript. While the discussion is highly confusing due to potential role swaps (Robber, Troublemaker), Mike remains the primary suspect. Eliminating him maximizes the chance of Team Village eliminating a Werewolf."
C:\Users\annab\Documents\GitHub\masters_thesis_sdg\results\voting\unsloth_gemma-4-E2B-it-unsloth-bnb-4bit\prompt_v4_run_3\Youtube\ONE#NIGHT#ULTIMATE#WEREWOLF##Retro#2_Game5.json,run_3,stochastic,Youtube,ONE#NIGHT#ULTIMATE#WEREWOLF##Retro#2,Game5,Youtube / ONE#NIGHT#ULTIMATE#WEREWOLF##Retro#2 / Game5,player_vote,Justin,Justin,False,False,Robber,Seer,"Caitlynn repeatedly confirms that Justin is the Werewolf throughout the discussion, specifically stating this multiple times after questioning about role swaps. As Team Village's objective is to eliminate a Werewolf, voting out Justin is the most direct path to victory based on the available public information."
C:\Users\annab\Documents\GitHub\masters_thesis_sdg\results\voting\unsloth_gemma-4-E2B-it-unsloth-bnb-4bit\prompt_v4_run_3\Youtube\ONE#NIGHT#ULTIMATE#WEREWOLF##Retro#2_Game6.json,run_3,stochastic,Youtube,ONE#NIGHT#ULTIMATE#WEREWOLF##Retro#2,Game6,Youtube / ONE#NIGHT#ULTIMATE#WEREWOLF##Retro#2 / Game6,player_vote,Mitchell,Mitchell,False,False,Tanner,Werewolf,"Despite the confusion caused by role swaps and conflicting statements, the discussion ultimately points toward Mitchell being the Werewolf. Caitlynn directly accuses Mitchell, and other players, including Mike, express strong belief that Mitchell is the Werewolf. Since Team Village wins by eliminating a Werewolf, voting for Mitchell is the most strategic move to achieve the desired outcome."
C:\Users\annab\Documents\GitHub\masters_thesis_sdg\results\voting\unsloth_gemma-4-E2B-it-unsloth-bnb-4bit\prompt_v4_run_3\Youtube\ONE#NIGHT#ULTIMATE#WEREWOLF##Retro#2_Game7.json,run_3,stochastic,Youtube,ONE#NIGHT#ULTIMATE#WEREWOLF##Retro#2,Game7,Youtube / ONE#NIGHT#ULTIMATE#WEREWOLF##Retro#2 / Game7,player_vote,Caitlynn,Caitlynn,False,True,Werewolf,Werewolf,"The discussion strongly indicates that Caitlynn is suspected to be a Werewolf. Mike repeatedly states that there are two werewolves and concludes that Caitlin is one of them. Since Team Village wins by eliminating a Werewolf, voting for Caitlynn is the most strategic move based on the available transcript evidence."
C:\Users\annab\Documents\GitHub\masters_thesis_sdg\results\voting\unsloth_gemma-4-E2B-it-unsloth-bnb-4bit\prompt_v4_run_3\Youtube\ONE#NIGHT#ULTIMATE#WEREWOLF##Retro#2_Game8.json,run_3,stochastic,Youtube,ONE#NIGHT#ULTIMATE#WEREWOLF##Retro#2,Game8,Youtube / ONE#NIGHT#ULTIMATE#WEREWOLF##Retro#2 / Game8,player_vote,Justin,Justin,False,False,Seer,Drunk,"The discussion is highly ambiguous and filled with accusations, making definitive identification difficult. However, Justin is the primary target of suspicion, being accused by both Caitlynn and Mitchell of potentially being the Werewolf or the Drunk. Since Team Village wins by eliminating a Werewolf, voting out the most suspected player maximizes the chance of achieving this goal. This is a calculated risk based on the strongest available evidence."
C:\Users\annab\Documents\GitHub\masters_thesis_sdg\results\voting\unsloth_gemma-4-E2B-it-unsloth-bnb-4bit\prompt_v4_run_3\Youtube\ONE#NIGHT#ULTIMATE#WEREWOLF##Retro#3_Game2.json,run_3,stochastic,Youtube,ONE#NIGHT#ULTIMATE#WEREWOLF##Retro#3,Game2,Youtube / ONE#NIGHT#ULTIMATE#WEREWOLF##Retro#3 / Game2,player_vote,Mike,Mike,False,False,Villager,Villager,"The transcript is highly confusing due to role swaps and conflicting claims about player identities. However, Mike is the subject of multiple direct accusations from Justin and James suggesting he is the Werewolf. Since Team Village needs to eliminate a Werewolf to win, targeting the most suspected player is the best strategy to maximize the chance of victory."
C:\Users\annab\Documents\GitHub\masters_thesis_sdg\results\voting\unsloth_gemma-4-E2B-it-unsloth-bnb-4bit\prompt_v4_run_3\Youtube\ONE#NIGHT#ULTIMATE#WEREWOLF##Retro#3_Game3.json,run_3,stochastic,Youtube,ONE#NIGHT#ULTIMATE#WEREWOLF##Retro#3,Game3,Youtube / ONE#NIGHT#ULTIMATE#WEREWOLF##Retro#3 / Game3,failed_parse,,,False,,,,
C:\Users\annab\Documents\GitHub\masters_thesis_sdg\results\voting\unsloth_gemma-4-E2B-it-unsloth-bnb-4bit\prompt_v4_run_3\Youtube\ONE#NIGHT#ULTIMATE#WEREWOLF##Retro#3_Game4.json,run_3,stochastic,Youtube,ONE#NIGHT#ULTIMATE#WEREWOLF##Retro#3,Game4,Youtube / ONE#NIGHT#ULTIMATE#WEREWOLF##Retro#3 / Game4,player_vote,Mike,Mike,False,True,Werewolf,Werewolf,"James explicitly states his intention to vote out Mike, citing that Mike is talkative and manipulative, which aligns with the general suspicion being cast. Although other players also express suspicion regarding Mitchell, James's direct accusation provides the strongest immediate target based on the public discussion."
C:\Users\annab\Documents\GitHub\masters_thesis_sdg\results\voting\unsloth_gemma-4-E2B-it-unsloth-bnb-4bit\prompt_v4_run_3\Youtube\ONE#NIGHT#ULTIMATE#WEREWOLF##Retro#3_Game5.json,run_3,stochastic,Youtube,ONE#NIGHT#ULTIMATE#WEREWOLF##Retro#3,Game5,Youtube / ONE#NIGHT#ULTIMATE#WEREWOLF##Retro#3 / Game5,player_vote,Mitchell,Mitchell,False,False,Insomniac,Tanner,"The discussion strongly suggests Mitchell is the Werewolf, as multiple players (Justin and James) explicitly state or imply that Mitchell started as the Werewolf and is currently the Werewolf. Although Mitchell later claims to be a Tanner, this shift in story increases suspicion. Since Team Village wins by eliminating a Werewolf, voting for Mitchell is the necessary action to secure a victory if he is indeed the Werewolf."
C:\Users\annab\Documents\GitHub\masters_thesis_sdg\results\voting\unsloth_gemma-4-E2B-it-unsloth-bnb-4bit\prompt_v4_run_3\Youtube\ONE#NIGHT#ULTIMATE#WEREWOLF##Retro#3_Game6.json,run_3,stochastic,Youtube,ONE#NIGHT#ULTIMATE#WEREWOLF##Retro#3,Game6,Youtube / ONE#NIGHT#ULTIMATE#WEREWOLF##Retro#3 / Game6,player_vote,Mike,Mike,False,True,Werewolf,Werewolf,"The discussion strongly indicates that Mike is the Werewolf, as multiple players (Justin, Mitchell, and James) explicitly state this. Justin and Mitchell are identified as the Tanner, suggesting they are independent of the Werewolf/Village dynamic. Since Team Village wins by eliminating a Werewolf, voting for Mike is the optimal strategy to achieve victory."
C:\Users\annab\Documents\GitHub\masters_thesis_sdg\results\voting\unsloth_gemma-4-E2B-it-unsloth-bnb-4bit\prompt_v4_run_3\Youtube\ONE#NIGHT#ULTIMATE#WEREWOLF##Retro#3_Game7.json,run_3,stochastic,Youtube,ONE#NIGHT#ULTIMATE#WEREWOLF##Retro#3,Game7,Youtube / ONE#NIGHT#ULTIMATE#WEREWOLF##Retro#3 / Game7,player_vote,Mitchell,Mitchell,False,True,Werewolf,Werewolf,"The discussion heavily focuses on conflicting role claims, particularly regarding the Tanner role and who switched cards. James strongly accuses Mitchell of being the Werewolf, and Mitchell's subsequent distress over losing his Tanner story reinforces suspicion. Given the strong consensus in the discussion that Mitchell is the Werewolf, eliminating him is the best way for Team Village to win."
C:\Users\annab\Documents\GitHub\masters_thesis_sdg\results\voting\unsloth_gemma-4-E2B-it-unsloth-bnb-4bit\prompt_v4_run_3\Youtube\ONE#NIGHT#ULTIMATE#WEREWOLF##Retro#3_Game8.json,run_3,stochastic,Youtube,ONE#NIGHT#ULTIMATE#WEREWOLF##Retro#3,Game8,Youtube / ONE#NIGHT#ULTIMATE#WEREWOLF##Retro#3 / Game8,circle_vote,No Werewolf,,True,True,,,"The discussion transcript does not provide any concrete evidence or reliable information that points to a specific player being the Werewolf. Players are speculating about card swaps and potential roles, but no one has successfully proven another player's identity or demonstrated malicious intent. Given the lack of actionable information, the safest and most logical choice is to assume that all Werewolf cards remain in the center, which satisfies the Team Village winning condition if no one dies."
C:\Users\annab\Documents\GitHub\masters_thesis_sdg\results\voting\unsloth_gemma-4-E2B-it-unsloth-bnb-4bit\prompt_v4_run_3\Youtube\ONE#NIGHT#ULTIMATE#WEREWOLF##Retro#4_Game10.json,run_3,stochastic,Youtube,ONE#NIGHT#ULTIMATE#WEREWOLF##Retro#4,Game10,Youtube / ONE#NIGHT#ULTIMATE#WEREWOLF##Retro#4 / Game10,circle_vote,No Werewolf,,True,False,,,"The discussion primarily revolves around role swapping and confirming identities (Seer, Robber, Troublemaker, Insomniac). While Mitchell is heavily suspected and targeted for voting, there is no definitive evidence presented in the transcript that confirms any player holds the Werewolf role. Since Team Village wins if they eliminate a Werewolf, and if no Werewolf is present, they win by default, I cannot confidently accuse anyone of being the Werewolf."
C:\Users\annab\Documents\GitHub\masters_thesis_sdg\results\voting\unsloth_gemma-4-E2B-it-unsloth-bnb-4bit\prompt_v4_run_3\Youtube\ONE#NIGHT#ULTIMATE#WEREWOLF##Retro#4_Game11.json,run_3,stochastic,Youtube,ONE#NIGHT#ULTIMATE#WEREWOLF##Retro#4,Game11,Youtube / ONE#NIGHT#ULTIMATE#WEREWOLF##Retro#4 / Game11,player_vote,Justin,Justin,False,True,Werewolf,Werewolf,"Mitchell provided a detailed narrative where he claimed to be a Minion who saw a Werewolf, swapped cards, and claimed the Robber role, specifically stating that Justin was the Werewolf. Justin corroborated this story, confirming that Mitchell robbed him. While Mike also claimed to be the Werewolf, Mitchell's account is internally consistent and supported by Justin's testimony, making Justin the prime suspect for the Werewolf role."
C:\Users\annab\Documents\GitHub\masters_thesis_sdg\results\voting\unsloth_gemma-4-E2B-it-unsloth-bnb-4bit\prompt_v4_run_3\Youtube\ONE#NIGHT#ULTIMATE#WEREWOLF##Retro#4_Game3.json,run_3,stochastic,Youtube,ONE#NIGHT#ULTIMATE#WEREWOLF##Retro#4,Game3,Youtube / ONE#NIGHT#ULTIMATE#WEREWOLF##Retro#4 / Game3,player_vote,Mitchell,Mitchell,False,True,Werewolf,Werewolf,"The discussion heavily focuses suspicion on Mitchell, with Mike and Justin both asserting that Mitchell is the Werewolf. While the transcript does not provide concrete evidence, the collective belief among the players strongly points toward Mitchell as the target. To maximize the chances of Team Village winning, I will vote for the player who is most strongly suspected of being the Werewolf."
C:\Users\annab\Documents\GitHub\masters_thesis_sdg\results\voting\unsloth_gemma-4-E2B-it-unsloth-bnb-4bit\prompt_v4_run_3\Youtube\ONE#NIGHT#ULTIMATE#WEREWOLF##Retro#4_Game4.json,run_3,stochastic,Youtube,ONE#NIGHT#ULTIMATE#WEREWOLF##Retro#4,Game4,Youtube / ONE#NIGHT#ULTIMATE#WEREWOLF##Retro#4 / Game4,player_vote,Mitchell,Mitchell,False,False,Robber,Drunk,"The discussion in the transcript heavily focuses on Mitchell, who is repeatedly suggested as the Werewolf. Multiple players, including James and Mike, explicitly suggest killing him, and Mitchell himself attempts to manipulate the situation by claiming his card ensures a win for the group if they kill another player. Given the pressure and the collective suspicion, Mitchell is the most likely candidate for elimination to maximize the chances of Team Village eliminating a Werewolf."
C:\Users\annab\Documents\GitHub\masters_thesis_sdg\results\voting\unsloth_gemma-4-E2B-it-unsloth-bnb-4bit\prompt_v4_run_3\Youtube\ONE#NIGHT#ULTIMATE#WEREWOLF##Retro#4_Game5.json,run_3,stochastic,Youtube,ONE#NIGHT#ULTIMATE#WEREWOLF##Retro#4,Game5,Youtube / ONE#NIGHT#ULTIMATE#WEREWOLF##Retro#4 / Game5,player_vote,Justin,Justin,False,False,Robber,Werewolf,"The transcript contains strong evidence that Justin is a Werewolf. Justin explicitly states, ""I was a werewolf,"" and Mike confirms this finding. Since Team Village wins by eliminating a Werewolf, voting Justin out is the necessary action to secure a victory. Although other players' roles are unknown, Justin is the confirmed threat."
C:\Users\annab\Documents\GitHub\masters_thesis_sdg\results\voting\unsloth_gemma-4-E2B-it-unsloth-bnb-4bit\prompt_v4_run_3\Youtube\ONE#NIGHT#ULTIMATE#WEREWOLF##Retro#4_Game6.json,run_3,stochastic,Youtube,ONE#NIGHT#ULTIMATE#WEREWOLF##Retro#4,Game6,Youtube / ONE#NIGHT#ULTIMATE#WEREWOLF##Retro#4 / Game6,circle_vote,No Werewolf,,True,True,,,"The transcript does not contain any direct evidence or successful identification of a Werewolf during the Night phase. While Mitchell expressed significant uncertainty regarding his role, this uncertainty could be a misdirection. Since Team Village needs to eliminate a Werewolf to win, and there is no concrete proof of a Werewolf's presence or action, I cannot confidently accuse any player."
C:\Users\annab\Documents\GitHub\masters_thesis_sdg\results\voting\unsloth_gemma-4-E2B-it-unsloth-bnb-4bit\prompt_v4_run_3\Youtube\ONE#NIGHT#ULTIMATE#WEREWOLF##Retro#4_Game7.json,run_3,stochastic,Youtube,ONE#NIGHT#ULTIMATE#WEREWOLF##Retro#4,Game7,Youtube / ONE#NIGHT#ULTIMATE#WEREWOLF##Retro#4 / Game7,player_vote,Caitlynn,Caitlynn,False,False,Insomniac,Drunk,"The discussion suggests that the Minion (James) found no Werewolves, and Justin concluded that there were none, noting that two Werewolf cards were in the center. This strongly supports the condition that no Werewolves are present in the game. Since Team Village wins if no Werewolves are present and no one dies, eliminating a suspected player like Caitlynn is the safest route to securing the victory."
C:\Users\annab\Documents\GitHub\masters_thesis_sdg\results\voting\unsloth_gemma-4-E2B-it-unsloth-bnb-4bit\prompt_v4_run_3\Youtube\ONE#NIGHT#ULTIMATE#WEREWOLF##Retro#4_Game9.json,run_3,stochastic,Youtube,ONE#NIGHT#ULTIMATE#WEREWOLF##Retro#4,Game9,Youtube / ONE#NIGHT#ULTIMATE#WEREWOLF##Retro#4 / Game9,player_vote,Justin,Justin,False,False,Minion,Minion,"Based on the transcript, James and Mike both directly accuse Justin of being the Werewolf, which is the critical condition for Team Village to win. While the discussion is highly confusing due to role swaps, the final accusations point strongly toward Justin being the Werewolf. Eliminating him maximizes the chance of Team Village achieving its goal of surviving the night."
C:\Users\annab\Documents\GitHub\masters_thesis_sdg\results\voting\unsloth_gemma-4-E2B-it-unsloth-bnb-4bit\prompt_v4_run_3\Youtube\ONE#NIGHT#ULTIMATE#WEREWOLF##Retro#5_Game1.json,run_3,stochastic,Youtube,ONE#NIGHT#ULTIMATE#WEREWOLF##Retro#5,Game1,Youtube / ONE#NIGHT#ULTIMATE#WEREWOLF##Retro#5 / Game1,player_vote,Mitchell,Mitchell,False,False,Villager,Seer,"The discussion revolves heavily around card swapping and accusations regarding who the Werewolf is, with Mitchell being the primary focus of suspicion from both Justin and Paul. While the transcript does not provide concrete proof of a Werewolf action, Mitchell is the player most frequently implicated in the suspicions. To maximize the chances of Team Village winning, the logical move is to vote out the player who appears to be the Werewolf."
C:\Users\annab\Documents\GitHub\masters_thesis_sdg\results\voting\unsloth_gemma-4-E2B-it-unsloth-bnb-4bit\prompt_v4_run_3\Youtube\ONE#NIGHT#ULTIMATE#WEREWOLF##Retro#5_Game2.json,run_3,stochastic,Youtube,ONE#NIGHT#ULTIMATE#WEREWOLF##Retro#5,Game2,Youtube / ONE#NIGHT#ULTIMATE#WEREWOLF##Retro#5 / Game2,circle_vote,No Werewolf,,True,False,,,"The discussion is highly confusing and filled with contradictory claims regarding who held which role, suggesting potential role swaps or misdirection. Justin and Mitchell accuse each other of being the Werewolf, while Mitchell also claims to have been a Villager. Since there is no concrete evidence or confirmation of a Werewolf's presence through night actions or definitive role identification, I cannot confidently identify a target. To maximize the chances of Team Village winning, I will assume no Werewolf is present."
C:\Users\annab\Documents\GitHub\masters_thesis_sdg\results\voting\unsloth_gemma-4-E2B-it-unsloth-bnb-4bit\prompt_v4_run_3\Youtube\ONE#NIGHT#ULTIMATE#WEREWOLF##Retro#5_Game3.json,run_3,stochastic,Youtube,ONE#NIGHT#ULTIMATE#WEREWOLF##Retro#5,Game3,Youtube / ONE#NIGHT#ULTIMATE#WEREWOLF##Retro#5 / Game3,player_vote,Paul,Paul,False,True,Werewolf,Werewolf,"The discussion is highly confusing and filled with accusations and role swaps, making it difficult to definitively identify the Werewolf. However, Paul is the most consistent player in asserting that he is the Werewolf (e.g., lines 67, 94, 98). Since Team Village wins by eliminating a Werewolf, voting out the player who most strongly claims the Werewolf role is the most direct path to victory. This is a calculated risk based on the strongest available claim."
C:\Users\annab\Documents\GitHub\masters_thesis_sdg\results\voting\unsloth_gemma-4-E2B-it-unsloth-bnb-4bit\prompt_v4_run_3\Youtube\ONE#NIGHT#ULTIMATE#WEREWOLF##Retro#5_Game4.json,run_3,stochastic,Youtube,ONE#NIGHT#ULTIMATE#WEREWOLF##Retro#5,Game4,Youtube / ONE#NIGHT#ULTIMATE#WEREWOLF##Retro#5 / Game4,circle_vote,No Werewolf,,True,True,,,"The discussion transcript is primarily focused on identifying roles through card swapping and conflicting narratives between Justin, Paul, and Mitchell. While the players are debating who is the Robber, Insomniac, or Troublemaker, there is no conclusive evidence pointing to any single player holding the Werewolf role. Since Team Village wins by eliminating a Werewolf, and I cannot confidently identify one, I must assume that no Werewolf is present based on the available information."
C:\Users\annab\Documents\GitHub\masters_thesis_sdg\results\voting\unsloth_gemma-4-E2B-it-unsloth-bnb-4bit\prompt_v4_run_3\Youtube\ONE#NIGHT#ULTIMATE#WEREWOLF##Retro#5_Game5.json,run_3,stochastic,Youtube,ONE#NIGHT#ULTIMATE#WEREWOLF##Retro#5,Game5,Youtube / ONE#NIGHT#ULTIMATE#WEREWOLF##Retro#5 / Game5,player_vote,Mitchell,Mitchell,False,False,Insomniac,Insomniac,"The discussion revolves entirely around identifying the Werewolf, with both Justin and Mitchell admitting they started with the Werewolf role. Mitchell explicitly states he woke up as himself and is scared because both players are werewolves, suggesting a high level of self-incrimination. Since Team Village wins by eliminating a Werewolf, and the evidence points strongly to one of these players holding the Werewolf card, a vote is necessary to eliminate them."
C:\Users\annab\Documents\GitHub\masters_thesis_sdg\results\voting\unsloth_gemma-4-E2B-it-unsloth-bnb-4bit\prompt_v4_run_3\Youtube\ONE#NIGHT#ULTIMATE#WEREWOLF##Retro#5_Game6.json,run_3,stochastic,Youtube,ONE#NIGHT#ULTIMATE#WEREWOLF##Retro#5,Game6,Youtube / ONE#NIGHT#ULTIMATE#WEREWOLF##Retro#5 / Game6,circle_vote,No Werewolf,,True,False,,,"The discussion revolves entirely around role swapping and identifying who is who, making it impossible to determine the actual roles or the outcome of the night actions. Paul attempts to claim he was a Werewolf, and Justin claims he switched roles, but there is no concrete evidence confirming any Werewolf role was present or eliminated. Since Team Village wins if they eliminate a Werewolf, and I cannot confirm a Werewolf is present, I must assume the safest option."
C:\Users\annab\Documents\GitHub\masters_thesis_sdg\results\voting\unsloth_gemma-4-E2B-it-unsloth-bnb-4bit\prompt_v4_run_3\Youtube\ONE#NIGHT#ULTIMATE#WEREWOLF##Retro#5_Game7.json,run_3,stochastic,Youtube,ONE#NIGHT#ULTIMATE#WEREWOLF##Retro#5,Game7,Youtube / ONE#NIGHT#ULTIMATE#WEREWOLF##Retro#5 / Game7,player_vote,Justin,Justin,False,False,Insomniac,Insomniac,"The transcript strongly indicates that Justin, Paul, and Mitchell are all Werewolves, based on their mutual accusations and confirmations. Since Team Village wins by eliminating a Werewolf, and the evidence suggests all players might be Werewolves, voting out any player is the only way to achieve the win condition. I will vote out Justin, as he was central to the identification of the Werewolf status."
C:\Users\annab\Documents\GitHub\masters_thesis_sdg\results\voting\unsloth_gemma-4-E2B-it-unsloth-bnb-4bit\prompt_v4_run_3\Youtube\ONE#NIGHT#ULTIMATE#WEREWOLF##Retro#5_Game8.json,run_3,stochastic,Youtube,ONE#NIGHT#ULTIMATE#WEREWOLF##Retro#5,Game8,Youtube / ONE#NIGHT#ULTIMATE#WEREWOLF##Retro#5 / Game8,player_vote,Mitchell,Mitchell,False,False,Tanner,Tanner,"Mitchell is the primary target for elimination based on the discussion transcript. Multiple players, including Paul and Justin, express suspicion towards Mitchell, and Mitchell himself directly accuses Paul of being the Werewolf. Given the goal is to eliminate a Werewolf to secure a Village win, Mitchell is the most plausible candidate."
C:\Users\annab\Documents\GitHub\masters_thesis_sdg\results\voting\unsloth_gemma-4-E2B-it-unsloth-bnb-4bit\prompt_v4_run_3\Youtube\ONE#NIGHT#ULTIMATE#WEREWOLF#-#Drinking#Play#Through_Game1.json,run_3,stochastic,Youtube,ONE#NIGHT#ULTIMATE#WEREWOLF#-#Drinking#Play#Through,Game1,Youtube / ONE#NIGHT#ULTIMATE#WEREWOLF#-#Drinking#Play#Through / Game1,player_vote,Jordan2,Jordan2,False,False,Tanner,Tanner,"The transcript is highly confusing and filled with conflicting claims regarding roles, especially between Sarah, Jordan1, Jordan2, and Meryl. Jordan2 explicitly claimed to be the Werewolf, and although many other roles are contested, this direct claim makes them a primary target for Team Village. Since the goal is to eliminate a Werewolf, voting for the player who self-identified as the Werewolf is the most logical move given the lack of concrete evidence otherwise."
C:\Users\annab\Documents\GitHub\masters_thesis_sdg\results\voting\unsloth_gemma-4-E2B-it-unsloth-bnb-4bit\prompt_v4_run_3\Youtube\ONE#NIGHT#ULTIMATE#WEREWOLF#-#Drinking#Play#Through_Game2.json,run_3,stochastic,Youtube,ONE#NIGHT#ULTIMATE#WEREWOLF#-#Drinking#Play#Through,Game2,Youtube / ONE#NIGHT#ULTIMATE#WEREWOLF#-#Drinking#Play#Through / Game2,circle_vote,No Werewolf,,True,False,,,"The discussion transcript is highly confusing and filled with conflicting claims about roles, making it impossible to definitively identify a Werewolf. Players are accusing each other of lying and swapping roles, which prevents reliable deduction. Since there is no conclusive evidence pointing to a specific Werewolf, and the game relies on identifying them to win, I must conclude that I cannot confidently name a target."
C:\Users\annab\Documents\GitHub\masters_thesis_sdg\results\voting\unsloth_gemma-4-E2B-it-unsloth-bnb-4bit\prompt_v4_run_3\Youtube\ONE#NIGHT#ULTIMATE#WEREWOLF#1##July#5th#2016_Game2.json,run_3,stochastic,Youtube,ONE#NIGHT#ULTIMATE#WEREWOLF#1##July#5th#2016,Game2,Youtube / ONE#NIGHT#ULTIMATE#WEREWOLF#1##July#5th#2016 / Game2,player_vote,Mike,Mike,False,False,Tanner,Tanner,"The discussion heavily focuses on identifying the Werewolf, with Justin and James strongly suspecting Mike. The complexity of the role swaps (Drunk to Revealer) and conflicting stories suggest high deception, which is characteristic of a Werewolf attempting to mislead the group. Since Team Village wins by eliminating a Werewolf, voting out Mike is the most strategic move based on the current suspicions."
C:\Users\annab\Documents\GitHub\masters_thesis_sdg\results\voting\unsloth_gemma-4-E2B-it-unsloth-bnb-4bit\prompt_v4_run_3\Youtube\One#Night#Ultimate#Werewolf#1#How-To#and#Playthrough_Game1.json,run_3,stochastic,Youtube,One#Night#Ultimate#Werewolf#1#How-To#and#Playthrough,Game1,Youtube / One#Night#Ultimate#Werewolf#1#How-To#and#Playthrough / Game1,player_vote,Brett,Brett,False,False,Villager,Villager,"The discussion is highly chaotic due to role swapping and conflicting claims of identity, making definitive identification difficult. However, the pressure is clearly mounting on Brett, who is heavily accused by multiple players in the final voting phase. Given the requirement to eliminate a Werewolf to win, Brett is the most suspicious player based on the collective accusations and the immediate consensus to vote against him."
C:\Users\annab\Documents\GitHub\masters_thesis_sdg\results\voting\unsloth_gemma-4-E2B-it-unsloth-bnb-4bit\prompt_v4_run_3\Youtube\ONE#NIGHT#ULTIMATE#WEREWOLF#10##November#6th#2016_Game1.json,run_3,stochastic,Youtube,ONE#NIGHT#ULTIMATE#WEREWOLF#10##November#6th#2016,Game1,Youtube / ONE#NIGHT#ULTIMATE#WEREWOLF#10##November#6th#2016 / Game1,player_vote,Mitchell,Mitchell,False,False,Troublemaker,Troublemaker,"The discussion in the transcript strongly focuses on Mitchell, who is aggressively targeted by teammates who request his elimination. While the transcript does not definitively confirm Mitchell's role, the collective agreement to vote for him suggests a high probability that he is the Werewolf, which would secure a victory for Team Village. Given the objective is to eliminate a Werewolf, voting for the player most heavily targeted by the group is the optimal strategy."
C:\Users\annab\Documents\GitHub\masters_thesis_sdg\results\voting\unsloth_gemma-4-E2B-it-unsloth-bnb-4bit\prompt_v4_run_3\Youtube\ONE#NIGHT#ULTIMATE#WEREWOLF#13##July#29th#2017_Game1.json,run_3,stochastic,Youtube,ONE#NIGHT#ULTIMATE#WEREWOLF#13##July#29th#2017,Game1,Youtube / ONE#NIGHT#ULTIMATE#WEREWOLF#13##July#29th#2017 / Game1,player_vote,Mike,Mike,False,True,Werewolf,Werewolf,"The discussion revolves heavily around role swapping and deception, particularly concerning the Tanner and the Drunk roles. Mike claims to be the Robber, the Drunk, and eventually the Tanner, indicating he is actively manipulating the information flow. Mitchell, claiming to be the Troublemaker, also engaged in card swapping. Given the high level of deception and shifting identities, Mike is the most suspicious player and a strong candidate for the Werewolf role, which Team Village must eliminate to win."
C:\Users\annab\Documents\GitHub\masters_thesis_sdg\results\voting\unsloth_gemma-4-E2B-it-unsloth-bnb-4bit\prompt_v4_run_3\Youtube\ONE#NIGHT#ULTIMATE#WEREWOLF#13##July#29th#2017_Game2.json,run_3,stochastic,Youtube,ONE#NIGHT#ULTIMATE#WEREWOLF#13##July#29th#2017,Game2,Youtube / ONE#NIGHT#ULTIMATE#WEREWOLF#13##July#29th#2017 / Game2,circle_vote,No Werewolf,,True,False,,,"The discussion transcript is highly confusing due to multiple role swaps and contradictory claims regarding who holds which role. Players are actively lying and debating their identities, making it impossible to definitively confirm which player is the Werewolf. Since Team Village only wins by eliminating a Werewolf, and there is no concrete evidence pointing to a Werewolf, I must assume that no Werewolf is present."
C:\Users\annab\Documents\GitHub\masters_thesis_sdg\results\voting\unsloth_gemma-4-E2B-it-unsloth-bnb-4bit\prompt_v4_run_3\Youtube\ONE#NIGHT#ULTIMATE#WEREWOLF#13##July#29th#2017_Game3.json,run_3,stochastic,Youtube,ONE#NIGHT#ULTIMATE#WEREWOLF#13##July#29th#2017,Game3,Youtube / ONE#NIGHT#ULTIMATE#WEREWOLF#13##July#29th#2017 / Game3,player_vote,Justin,Justin,False,False,Troublemaker,Drunk,"Justin explicitly claimed to be the Werewolf early in the discussion, although he later tried to confuse the situation by claiming other roles like the Tanner and the Drunk. The subsequent discussion focused on verifying role swaps, which suggests high uncertainty and potential deception. Given the high probability mentioned by Mike, and Justin's initial declaration, he is the primary suspect for the Werewolf role. Eliminating him is the best chance for Team Village to secure a win."
C:\Users\annab\Documents\GitHub\masters_thesis_sdg\results\voting\unsloth_gemma-4-E2B-it-unsloth-bnb-4bit\prompt_v4_run_3\Youtube\ONE#NIGHT#ULTIMATE#WEREWOLF#14##August#26th#2017_Game1.json,run_3,stochastic,Youtube,ONE#NIGHT#ULTIMATE#WEREWOLF#14##August#26th#2017,Game1,Youtube / ONE#NIGHT#ULTIMATE#WEREWOLF#14##August#26th#2017 / Game1,player_vote,Caitlynn,Caitlynn,False,True,Werewolf,Werewolf,"Caitlynn directly claimed to be the Werewolf, which is a strong indicator, although this claim is immediately countered by Justin, who attempts to frame her as a Tanner. Given the high level of accusation and conflicting information, Caitlynn is the primary suspect for the Werewolf role. Eliminating her maximizes the chances of Team Village winning by removing a Werewolf."
C:\Users\annab\Documents\GitHub\masters_thesis_sdg\results\voting\unsloth_gemma-4-E2B-it-unsloth-bnb-4bit\prompt_v4_run_3\Youtube\ONE#NIGHT#ULTIMATE#WEREWOLF#14##August#26th#2017_Game2.json,run_3,stochastic,Youtube,ONE#NIGHT#ULTIMATE#WEREWOLF#14##August#26th#2017,Game2,Youtube / ONE#NIGHT#ULTIMATE#WEREWOLF#14##August#26th#2017 / Game2,player_vote,Justin,Justin,False,True,Werewolf,Werewolf,"The transcript contains conflicting claims regarding the Werewolf role, with both Justin and Mitchell asserting they are Werewolves. Since Team Village wins by eliminating a Werewolf, voting for one of the players who claims this role is the most direct path to victory. Justin explicitly states, ""I'm a werewolf,"" which provides a direct target for Team Village."
C:\Users\annab\Documents\GitHub\masters_thesis_sdg\results\voting\unsloth_gemma-4-E2B-it-unsloth-bnb-4bit\prompt_v4_run_3\Youtube\ONE#NIGHT#ULTIMATE#WEREWOLF#18##September#30th#2017_Game1.json,run_3,stochastic,Youtube,ONE#NIGHT#ULTIMATE#WEREWOLF#18##September#30th#2017,Game1,Youtube / ONE#NIGHT#ULTIMATE#WEREWOLF#18##September#30th#2017 / Game1,circle_vote,No Werewolf,,True,False,,,"The discussion transcript is highly confusing and filled with conflicting claims regarding who played which role (Tanner, Robber, Drunk, Revealer). There is no definitive evidence or consensus that identifies a Werewolf. Since the goal is to eliminate a Werewolf to win, and I cannot confirm any player holds the Werewolf card, I must assume that no Werewolf is present, based on the available information."
C:\Users\annab\Documents\GitHub\masters_thesis_sdg\results\voting\unsloth_gemma-4-E2B-it-unsloth-bnb-4bit\prompt_v4_run_3\Youtube\One#Night#Ultimate#Werewolf#2#The#Drunk_Game1.json,run_3,stochastic,Youtube,One#Night#Ultimate#Werewolf#2#The#Drunk,Game1,Youtube / One#Night#Ultimate#Werewolf#2#The#Drunk / Game1,failed_parse,,,False,,,,
C:\Users\annab\Documents\GitHub\masters_thesis_sdg\results\voting\unsloth_gemma-4-E2B-it-unsloth-bnb-4bit\prompt_v4_run_3\Youtube\ONE#NIGHT#ULTIMATE#WEREWOLF#26##January#20th#2018_Game2.json,run_3,stochastic,Youtube,ONE#NIGHT#ULTIMATE#WEREWOLF#26##January#20th#2018,Game2,Youtube / ONE#NIGHT#ULTIMATE#WEREWOLF#26##January#20th#2018 / Game2,player_vote,Meghan,Meghan,False,True,Werewolf,Robber,"Mike explicitly stated that he looked at Meghan's card and concluded she was the Werewolf, which is a strong accusation. While deception is possible, focusing the vote on the player most directly implicated by another player's observation increases the chance of eliminating a Werewolf. If Meghan is indeed the Werewolf, eliminating her ensures Team Village wins."
C:\Users\annab\Documents\GitHub\masters_thesis_sdg\results\voting\unsloth_gemma-4-E2B-it-unsloth-bnb-4bit\prompt_v4_run_3\Youtube\ONE#NIGHT#ULTIMATE#WEREWOLF#26##January#20th#2018_Game3.json,run_3,stochastic,Youtube,ONE#NIGHT#ULTIMATE#WEREWOLF#26##January#20th#2018,Game3,Youtube / ONE#NIGHT#ULTIMATE#WEREWOLF#26##January#20th#2018 / Game3,player_vote,Meghan,Meghan,False,True,Werewolf,Tanner,"Mitchell and Mike strongly suggest that Meghan is a Werewolf, claiming they saw a werewolf card taken by her, which they identified as the Drunk role. While this is circumstantial evidence, it provides the strongest indication of a Werewolf presence in the discussion. Eliminating Meghan is the best way to achieve the objective of Team Village eliminating a Werewolf."
C:\Users\annab\Documents\GitHub\masters_thesis_sdg\results\voting\unsloth_gemma-4-E2B-it-unsloth-bnb-4bit\prompt_v4_run_3\Youtube\ONE#NIGHT#ULTIMATE#WEREWOLF#28##February#17th#2018_Game1.json,run_3,stochastic,Youtube,ONE#NIGHT#ULTIMATE#WEREWOLF#28##February#17th#2018,Game1,Youtube / ONE#NIGHT#ULTIMATE#WEREWOLF#28##February#17th#2018 / Game1,player_vote,Mitchell,Mitchell,False,True,Werewolf,Drunk,"Mitchell explicitly states he is a werewolf and wants to win, which is a strong indicator. Furthermore, other players, like Alysha, have expressed suspicion regarding his role. Since Team Village needs to eliminate a Werewolf to win, Mitchell is the most logical target to vote out based on his self-declaration and surrounding suspicion."
C:\Users\annab\Documents\GitHub\masters_thesis_sdg\results\voting\unsloth_gemma-4-E2B-it-unsloth-bnb-4bit\prompt_v4_run_3\Youtube\ONE#NIGHT#ULTIMATE#WEREWOLF#28##February#17th#2018_Game2.json,run_3,stochastic,Youtube,ONE#NIGHT#ULTIMATE#WEREWOLF#28##February#17th#2018,Game2,Youtube / ONE#NIGHT#ULTIMATE#WEREWOLF#28##February#17th#2018 / Game2,player_vote,Mike,Mike,False,False,Seer,Drunk,"Multiple players, including Alysha and Caitlynn, directly claim that Mike is the Werewolf, despite his attempts to claim the Drunk role. Given the constraints of the game, it is strategically necessary to eliminate a Werewolf to secure a victory for Team Village. Mike's role is the primary target based on the gathered evidence from the transcript."
C:\Users\annab\Documents\GitHub\masters_thesis_sdg\results\voting\unsloth_gemma-4-E2B-it-unsloth-bnb-4bit\prompt_v4_run_3\Youtube\ONE#NIGHT#ULTIMATE#WEREWOLF#28##February#17th#2018_Game3.json,run_3,stochastic,Youtube,ONE#NIGHT#ULTIMATE#WEREWOLF#28##February#17th#2018,Game3,Youtube / ONE#NIGHT#ULTIMATE#WEREWOLF#28##February#17th#2018 / Game3,player_vote,Justin,Justin,False,False,Robber,Werewolf,"Alysha strongly suggests that Justin was the Werewolf, claiming she saw his card and believed he was the Werewolf, even considering the possibility of a card swap. Given the high level of confusion and role swapping in the transcript, this direct accusation is the strongest piece of evidence pointing towards a Werewolf. Eliminating Justin would directly achieve Team Village's goal of removing a Werewolf."
C:\Users\annab\Documents\GitHub\masters_thesis_sdg\results\voting\unsloth_gemma-4-E2B-it-unsloth-bnb-4bit\prompt_v4_run_3\Youtube\One#Night#Ultimate#Werewolf#3#Insomniac_Game1.json,run_3,stochastic,Youtube,One#Night#Ultimate#Werewolf#3#Insomniac,Game1,Youtube / One#Night#Ultimate#Werewolf#3#Insomniac / Game1,player_vote,Brett,Brett,False,True,Werewolf,Werewolf,"The discussion centers heavily on identifying the Werewolf, with players debating the likelihood of Brett holding the role. Several players suggest that if Brett is either the Werewolf or a Mason, Team Village will lose. Since the goal is to eliminate a Werewolf to win, voting Brett is the most direct way to pursue the win condition. While the evidence is circumstantial, the collective suspicion points toward him as the primary threat."
C:\Users\annab\Documents\GitHub\masters_thesis_sdg\results\voting\unsloth_gemma-4-E2B-it-unsloth-bnb-4bit\prompt_v4_run_3\Youtube\ONE#NIGHT#ULTIMATE#WEREWOLF#30##February#17th#2018_Game2.json,run_3,stochastic,Youtube,ONE#NIGHT#ULTIMATE#WEREWOLF#30##February#17th#2018,Game2,Youtube / ONE#NIGHT#ULTIMATE#WEREWOLF#30##February#17th#2018 / Game2,player_vote,Mike,Mike,False,False,Tanner,Robber,"The transcript is highly confusing due to multiple role swaps and conflicting claims, making it difficult to definitively identify the Werewolves. However, Paul explicitly states, ""I was a werewolf"" (83), and later suggests Mike is another werewolf (105). Furthermore, Mike claims to be the Minion (115), which is a Werewolf teammate role. Given the high level of confusion and the need to eliminate a Werewolf to win, voting for Mike is the most logical choice based on the explicit claim and subsequent speculation."
C:\Users\annab\Documents\GitHub\masters_thesis_sdg\results\voting\unsloth_gemma-4-E2B-it-unsloth-bnb-4bit\prompt_v4_run_3\Youtube\ONE#NIGHT#ULTIMATE#WEREWOLF#30##February#17th#2018_Game4.json,run_3,stochastic,Youtube,ONE#NIGHT#ULTIMATE#WEREWOLF#30##February#17th#2018,Game4,Youtube / ONE#NIGHT#ULTIMATE#WEREWOLF#30##February#17th#2018 / Game4,circle_vote,No Werewolf,,True,False,,,"The discussion centers heavily on identifying the Tanner and Troublemaker, with multiple players, including Justin and Mitchell, strongly suspecting Alysha of holding the Tanner role. While there is suspicion regarding Mike and Mitchell being Werewolves, the transcript does not provide conclusive evidence that a Werewolf has been identified or eliminated. Since the goal is to eliminate a Werewolf, and the evidence points toward Alysha being a non-Werewolf role, I cannot confidently confirm the presence of a Werewolf."
C:\Users\annab\Documents\GitHub\masters_thesis_sdg\results\voting\unsloth_gemma-4-E2B-it-unsloth-bnb-4bit\prompt_v4_run_3\Youtube\ONE#NIGHT#ULTIMATE#WEREWOLF#34##March#24th#2018_Game2.json,run_3,stochastic,Youtube,ONE#NIGHT#ULTIMATE#WEREWOLF#34##March#24th#2018,Game2,Youtube / ONE#NIGHT#ULTIMATE#WEREWOLF#34##March#24th#2018 / Game2,player_vote,Mitchell,Mitchell,False,False,Hunter,Werewolf,"The discussion heavily focuses on identifying the Werewolf and the Tanner. Mike explicitly states that one of the two players (Mitchell and Paul) is the Werewolf and the other is the Tanner. Carly also strongly suggests Mitchell is the Werewolf. Since Team Village wins by eliminating a Werewolf, Mitchell is the primary target for the vote."
C:\Users\annab\Documents\GitHub\masters_thesis_sdg\results\voting\unsloth_gemma-4-E2B-it-unsloth-bnb-4bit\prompt_v4_run_3\Youtube\ONE#NIGHT#ULTIMATE#WEREWOLF#34##March#24th#2018_Game3.json,run_3,stochastic,Youtube,ONE#NIGHT#ULTIMATE#WEREWOLF#34##March#24th#2018,Game3,Youtube / ONE#NIGHT#ULTIMATE#WEREWOLF#34##March#24th#2018 / Game3,circle_vote,No Werewolf,,True,False,,,"The discussion transcript is highly confusing and revolves around accusations and role swaps (Tanner, Troublemaker, Seer). There is no definitive evidence or consensus that identifies a Werewolf. Since I cannot confirm the presence of a Werewolf, I must assume that all Werewolf cards are in the center, allowing Team Village to win by default."
C:\Users\annab\Documents\GitHub\masters_thesis_sdg\results\voting\unsloth_gemma-4-E2B-it-unsloth-bnb-4bit\prompt_v4_run_3\Youtube\One#Night#Ultimate#Werewolf#361#Classic#Werewolf_Game1.json,run_3,stochastic,Youtube,One#Night#Ultimate#Werewolf#361#Classic#Werewolf,Game1,Youtube / One#Night#Ultimate#Werewolf#361#Classic#Werewolf / Game1,circle_vote,No Werewolf,,True,False,,,"The discussion transcript is saturated with role claims, accusations, and deliberate misdirection, making it impossible to definitively identify the Werewolf. Players are actively lying about their roles and actions, which is standard behavior in this game. Since there is no concrete evidence pointing to a Werewolf, and the Werewolves' primary goal is survival, I conclude that no Werewolf is currently identifiable."
C:\Users\annab\Documents\GitHub\masters_thesis_sdg\results\voting\unsloth_gemma-4-E2B-it-unsloth-bnb-4bit\prompt_v4_run_3\Youtube\One#Night#Ultimate#Werewolf#362#More#Classic#Werewolf_Game1.json,run_3,stochastic,Youtube,One#Night#Ultimate#Werewolf#362#More#Classic#Werewolf,Game1,Youtube / One#Night#Ultimate#Werewolf#362#More#Classic#Werewolf / Game1,player_vote,Kelsey,Kelsey,False,False,Tanner,Robber,"The discussion reveals significant confusion regarding roles and card swaps, but the suspicion is heavily focused on Kelsey. She admitted to lying about being a Robber, and multiple players, including Brett and George, strongly suspect her of being the Werewolf. Since Team Village wins by eliminating a Werewolf, voting for Kelsey is the best strategy to try and achieve this objective."
C:\Users\annab\Documents\GitHub\masters_thesis_sdg\results\voting\unsloth_gemma-4-E2B-it-unsloth-bnb-4bit\prompt_v4_run_3\Youtube\One#Night#Ultimate#Werewolf#363#Even#More#Classic#Werewolf_Game1.json,run_3,stochastic,Youtube,One#Night#Ultimate#Werewolf#363#Even#More#Classic#Werewolf,Game1,Youtube / One#Night#Ultimate#Werewolf#363#Even#More#Classic#Werewolf / Game1,player_vote,Katie,Katie,False,True,Werewolf,Werewolf,"The discussion becomes highly confusing due to card swaps, but the final accusation in the transcript suggests that Pete is the Tanner, while Katie and Brett are the Werewolves. Since Team Village wins by eliminating a Werewolf, voting for either Katie or Brett is the necessary action to secure victory. Given the final stated roles, Katie is the most likely target."
C:\Users\annab\Documents\GitHub\masters_thesis_sdg\results\voting\unsloth_gemma-4-E2B-it-unsloth-bnb-4bit\prompt_v4_run_3\Youtube\ONE#NIGHT#ULTIMATE#WEREWOLF#37##April#21st#2018_Game2.json,run_3,stochastic,Youtube,ONE#NIGHT#ULTIMATE#WEREWOLF#37##April#21st#2018,Game2,Youtube / ONE#NIGHT#ULTIMATE#WEREWOLF#37##April#21st#2018 / Game2,player_vote,Mike,Mike,False,False,Troublemaker,Troublemaker,"Mike is the primary focus of suspicion due to his conflicting claims regarding his role (claiming to be the Troublemaker) and his actions (claiming to switch Justin and Mitchell). Mitchell strongly suspects Mike, and Mike's denials of being a Werewolf are immediately challenged by the ensuing debate. In a game where information is intentionally manipulated, the player who attempts to control the narrative and deflect suspicion is often the Werewolf."
C:\Users\annab\Documents\GitHub\masters_thesis_sdg\results\voting\unsloth_gemma-4-E2B-it-unsloth-bnb-4bit\prompt_v4_run_3\Youtube\ONE#NIGHT#ULTIMATE#WEREWOLF#38##April#21st#2018_Game3.json,run_3,stochastic,Youtube,ONE#NIGHT#ULTIMATE#WEREWOLF#38##April#21st#2018,Game3,Youtube / ONE#NIGHT#ULTIMATE#WEREWOLF#38##April#21st#2018 / Game3,player_vote,Mike,Mike,False,True,Werewolf,Werewolf,"The transcript contains a direct claim from James stating, ""Me and Mike are werewolves"" (153). Since Team Village wins by eliminating a Werewolf, and this is the only explicit declaration of a Werewolf role, I will target Mike, who is accused alongside James. This is the most direct path to achieving the win condition based on the available information."
C:\Users\annab\Documents\GitHub\masters_thesis_sdg\results\voting\unsloth_gemma-4-E2B-it-unsloth-bnb-4bit\prompt_v4_run_3\Youtube\ONE#NIGHT#ULTIMATE#WEREWOLF#38##April#21st#2018_Game4.json,run_3,stochastic,Youtube,ONE#NIGHT#ULTIMATE#WEREWOLF#38##April#21st#2018,Game4,Youtube / ONE#NIGHT#ULTIMATE#WEREWOLF#38##April#21st#2018 / Game4,player_vote,Mike,Mike,False,False,Seer,Seer,"The discussion is highly confusing due to role swaps and conflicting accounts of what was seen during the night phase. However, in the final voting phase, Justin and Mitchell vote for Mike, suggesting a consensus that Mike is the most likely Werewolf. Given the requirement for Team Village to eliminate a Werewolf to win, voting for Mike is the necessary action to attempt victory."
C:\Users\annab\Documents\GitHub\masters_thesis_sdg\results\voting\unsloth_gemma-4-E2B-it-unsloth-bnb-4bit\prompt_v4_run_3\Youtube\One#Night#Ultimate#Werewolf#381#The#Hunt#Is#On_Game1.json,run_3,stochastic,Youtube,One#Night#Ultimate#Werewolf#381#The#Hunt#Is#On,Game1,Youtube / One#Night#Ultimate#Werewolf#381#The#Hunt#Is#On / Game1,player_vote,Dustin,Dustin,False,False,Insomniac,Insomniac,"Dustin explicitly claimed to be the Werewolf during the Night phase, which makes him the primary suspect. Although the transcript is filled with role swaps and conflicting claims, focusing the vote on the player who claimed the Werewolf role is the most direct strategy to eliminate a threat and attempt to win the game. Since Team Village needs to eliminate a Werewolf to win, Dustin is the most logical target."
C:\Users\annab\Documents\GitHub\masters_thesis_sdg\results\voting\unsloth_gemma-4-E2B-it-unsloth-bnb-4bit\prompt_v4_run_3\Youtube\One#Night#Ultimate#Werewolf#382#Game#100!!_Game1.json,run_3,stochastic,Youtube,One#Night#Ultimate#Werewolf#382#Game#100!!,Game1,Youtube / One#Night#Ultimate#Werewolf#382#Game#100!! / Game1,player_vote,Dylan,Dylan,False,False,Insomniac,Werewolf,"Katie explicitly stated she saw two Werewolves in the center cards, which strongly suggests a Werewolf is present. Dylan initially claimed to be the Werewolf, although he later contradicted himself. Since Team Village wins by eliminating a Werewolf, voting for Dylan targets the most direct suspect based on the observed information."
C:\Users\annab\Documents\GitHub\masters_thesis_sdg\results\voting\unsloth_gemma-4-E2B-it-unsloth-bnb-4bit\prompt_v4_run_3\Youtube\ONE#NIGHT#ULTIMATE#WEREWOLF#39##April#21st#2018_Game3.json,run_3,stochastic,Youtube,ONE#NIGHT#ULTIMATE#WEREWOLF#39##April#21st#2018,Game3,Youtube / ONE#NIGHT#ULTIMATE#WEREWOLF#39##April#21st#2018 / Game3,circle_vote,No Werewolf,,True,False,,,"The discussion transcript is primarily focused on misidentifying roles (Seer, Drunk, Tanner) rather than confirming Werewolf actions or identities. There is no concrete evidence presented that any player has successfully identified or eliminated a Werewolf. Since the win condition for Team Village requires eliminating a Werewolf, and no such evidence is present, I cannot confidently accuse any player of being the Werewolf."
C:\Users\annab\Documents\GitHub\masters_thesis_sdg\results\voting\unsloth_gemma-4-E2B-it-unsloth-bnb-4bit\prompt_v4_run_3\Youtube\ONE#NIGHT#ULTIMATE#WEREWOLF#4##July#14th#2016_Game1.json,run_3,stochastic,Youtube,ONE#NIGHT#ULTIMATE#WEREWOLF#4##July#14th#2016,Game1,Youtube / ONE#NIGHT#ULTIMATE#WEREWOLF#4##July#14th#2016 / Game1,player_vote,Justin,Justin,False,True,Werewolf,Drunk,"The transcript strongly suggests that Justin is the Werewolf, as he explicitly states he is 'probably a Werewolf' and is highly suspected by other players. Mitchell has been identified by Paul as the Tanner, a role that is independent and whose death does not directly help Team Village's primary objective of eliminating a Werewolf. Therefore, voting for Justin is the most strategic move to eliminate the Werewolf and secure a win for Team Village."
C:\Users\annab\Documents\GitHub\masters_thesis_sdg\results\voting\unsloth_gemma-4-E2B-it-unsloth-bnb-4bit\prompt_v4_run_3\Youtube\ONE#NIGHT#ULTIMATE#WEREWOLF#4##July#14th#2016_Game2.json,run_3,stochastic,Youtube,ONE#NIGHT#ULTIMATE#WEREWOLF#4##July#14th#2016,Game2,Youtube / ONE#NIGHT#ULTIMATE#WEREWOLF#4##July#14th#2016 / Game2,player_vote,Paul,Paul,False,False,Seer,Robber,"Paul repeatedly claimed to be the Werewolf during the discussion phase, which is a strong indicator of suspicion, even if he is lying. Given the high level of uncertainty and conflicting accusations among the players, targeting the player who directly claims the Werewolf role is the most logical move for Team Village to attempt to eliminate a Werewolf."
C:\Users\annab\Documents\GitHub\masters_thesis_sdg\results\voting\unsloth_gemma-4-E2B-it-unsloth-bnb-4bit\prompt_v4_run_3\Youtube\ONE#NIGHT#ULTIMATE#WEREWOLF#4##July#14th#2016_Game3.json,run_3,stochastic,Youtube,ONE#NIGHT#ULTIMATE#WEREWOLF#4##July#14th#2016,Game3,Youtube / ONE#NIGHT#ULTIMATE#WEREWOLF#4##July#14th#2016 / Game3,player_vote,Mitchell,Mitchell,False,False,Drunk,Seer,"Mitchell, claiming to be the Seer, explicitly stated in the transcript that he saw a Werewolf during the night actions. This direct accusation provides the strongest piece of evidence pointing toward a Werewolf. Since Team Village wins by eliminating a Werewolf, voting out the player who claims to have seen one is the most logical strategy to secure the victory."
C:\Users\annab\Documents\GitHub\masters_thesis_sdg\results\voting\unsloth_gemma-4-E2B-it-unsloth-bnb-4bit\prompt_v4_run_3\Youtube\ONE#NIGHT#ULTIMATE#WEREWOLF#43##October#13th#2018_Game1.json,run_3,stochastic,Youtube,ONE#NIGHT#ULTIMATE#WEREWOLF#43##October#13th#2018,Game1,Youtube / ONE#NIGHT#ULTIMATE#WEREWOLF#43##October#13th#2018 / Game1,player_vote,Mitchell,Mitchell,False,True,Werewolf,Tanner,"Multiple players, including Mike and Paul, strongly suggest that Mitchell is a Werewolf. Mike explicitly states he revealed Mitchell's card and found it to be a Werewolf, and Paul claims he revealed two Werewolves and switched one. Since Team Village wins by eliminating a Werewolf, Mitchell is the prime target based on the gathered information."
C:\Users\annab\Documents\GitHub\masters_thesis_sdg\results\voting\unsloth_gemma-4-E2B-it-unsloth-bnb-4bit\prompt_v4_run_3\Youtube\ONE#NIGHT#ULTIMATE#WEREWOLF#43##October#13th#2018_Game3.json,run_3,stochastic,Youtube,ONE#NIGHT#ULTIMATE#WEREWOLF#43##October#13th#2018,Game3,Youtube / ONE#NIGHT#ULTIMATE#WEREWOLF#43##October#13th#2018 / Game3,player_vote,Justin,Justin,False,False,Tanner,Werewolf,"Justin made the most direct claim of being a Werewolf, stating 'I was a werewolf, so there's a werewolf in here.' While the transcript is full of role swaps and accusations, targeting the player who explicitly identifies as a Werewolf maximizes the chances of eliminating a threat and securing a victory for Team Village. Given the high degree of uncertainty, this is the most aggressive move to fulfill the winning condition."
C:\Users\annab\Documents\GitHub\masters_thesis_sdg\results\voting\unsloth_gemma-4-E2B-it-unsloth-bnb-4bit\prompt_v4_run_3\Youtube\ONE#NIGHT#ULTIMATE#WEREWOLF#43##October#13th#2018_Game4.json,run_3,stochastic,Youtube,ONE#NIGHT#ULTIMATE#WEREWOLF#43##October#13th#2018,Game4,Youtube / ONE#NIGHT#ULTIMATE#WEREWOLF#43##October#13th#2018 / Game4,player_vote,Paul,Paul,False,True,Werewolf,Werewolf,"The discussion strongly suggests that Paul is the target of the collective suspicion from Justin and Mike, who explicitly state they need to kill him to achieve Team Village victory. Since Team Village wins by eliminating a Werewolf, voting for Paul is the necessary action to achieve this goal. Given the high level of uncertainty regarding roles due to card swaps, targeting the player receiving the most direct accusation is the highest probability move."
C:\Users\annab\Documents\GitHub\masters_thesis_sdg\results\voting\unsloth_gemma-4-E2B-it-unsloth-bnb-4bit\prompt_v4_run_3\Youtube\ONE#NIGHT#ULTIMATE#WEREWOLF#44##October#13th#2018_Game1.json,run_3,stochastic,Youtube,ONE#NIGHT#ULTIMATE#WEREWOLF#44##October#13th#2018,Game1,Youtube / ONE#NIGHT#ULTIMATE#WEREWOLF#44##October#13th#2018 / Game1,player_vote,Mitchell,Mitchell,False,False,Seer,Seer,"The discussion is highly chaotic due to role swaps and conflicting claims about who is the Robber, Insomniac, and Tanner. Mitchell explicitly states he saw a Werewolf in the middle, suggesting a Werewolf is present. Since Team Village wins by eliminating a Werewolf, I must target a player implicated in the confusion. Mitchell is the player who directly pointed to the existence of a Werewolf, making him a strong suspect."
C:\Users\annab\Documents\GitHub\masters_thesis_sdg\results\voting\unsloth_gemma-4-E2B-it-unsloth-bnb-4bit\prompt_v4_run_3\Youtube\ONE#NIGHT#ULTIMATE#WEREWOLF#44##October#13th#2018_Game2.json,run_3,stochastic,Youtube,ONE#NIGHT#ULTIMATE#WEREWOLF#44##October#13th#2018,Game2,Youtube / ONE#NIGHT#ULTIMATE#WEREWOLF#44##October#13th#2018 / Game2,player_vote,Justin,Justin,False,True,Werewolf,Werewolf,"The discussion is highly convoluted due to role swaps, making definitive identification impossible. However, Justin explicitly states he saw a werewolf and theorizes that Mike might be the werewolf because Mike was 'happy that we're not killing him.' To ensure Team Village wins, we must eliminate a Werewolf. Based on the transcript's internal logic, Justin is the player who most strongly implies the presence of a Werewolf."
C:\Users\annab\Documents\GitHub\masters_thesis_sdg\results\voting\unsloth_gemma-4-E2B-it-unsloth-bnb-4bit\prompt_v4_run_3\Youtube\ONE#NIGHT#ULTIMATE#WEREWOLF#44##October#13th#2018_Game3.json,run_3,stochastic,Youtube,ONE#NIGHT#ULTIMATE#WEREWOLF#44##October#13th#2018,Game3,Youtube / ONE#NIGHT#ULTIMATE#WEREWOLF#44##October#13th#2018 / Game3,player_vote,Mitchell,Mitchell,False,False,Robber,Robber,"The transcript is highly confusing due to multiple role swaps, but several players strongly implicate Mitchell as the Werewolf. Paul explicitly states he robbed from Justin who was the Werewolf, and later claims that if Mitchell was switched, he became the Werewolf. Furthermore, Mike admits to switching Justin and Mitchell, making Mitchell the prime suspect. Given the goal is to eliminate a Werewolf, Mitchell is the most logical target for the vote."
C:\Users\annab\Documents\GitHub\masters_thesis_sdg\results\voting\unsloth_gemma-4-E2B-it-unsloth-bnb-4bit\prompt_v4_run_3\Youtube\ONE#NIGHT#ULTIMATE#WEREWOLF#44##October#13th#2018_Game4.json,run_3,stochastic,Youtube,ONE#NIGHT#ULTIMATE#WEREWOLF#44##October#13th#2018,Game4,Youtube / ONE#NIGHT#ULTIMATE#WEREWOLF#44##October#13th#2018 / Game4,circle_vote,No Werewolf,,True,True,,,"The provided transcript is highly ambiguous and filled with conflicting claims regarding roles and actions, making it impossible to definitively identify a Werewolf. Paul makes a strong claim about seeing two werewolves, while Justin claims to be the Insomniac and then denies being a Werewolf. Since there is no concrete evidence proving a Werewolf was eliminated or is currently present, and given the high level of deception suggested by the dialogue, the safest strategy is to assume no Werewolf is present to ensure Team Village wins by default."
C:\Users\annab\Documents\GitHub\masters_thesis_sdg\results\voting\unsloth_gemma-4-E2B-it-unsloth-bnb-4bit\prompt_v4_run_3\Youtube\ONE#NIGHT#ULTIMATE#WEREWOLF#44##October#13th#2018_Game5.json,run_3,stochastic,Youtube,ONE#NIGHT#ULTIMATE#WEREWOLF#44##October#13th#2018,Game5,Youtube / ONE#NIGHT#ULTIMATE#WEREWOLF#44##October#13th#2018 / Game5,player_vote,Mitchell,Mitchell,False,False,Troublemaker,Troublemaker,"The discussion is highly confusing due to multiple role swaps and conflicting claims regarding who started as which role. Mitchell aggressively claims he swapped roles and accuses Justin, which is a strong indicator of potential deception. Since Team Village needs to eliminate a Werewolf to win, Mitchell is the most suspicious player, as his statements are designed to sow doubt and shift blame. Voting for Mitchell increases the chances of eliminating a Werewolf."
C:\Users\annab\Documents\GitHub\masters_thesis_sdg\results\voting\unsloth_gemma-4-E2B-it-unsloth-bnb-4bit\prompt_v4_run_3\Youtube\ONE#NIGHT#ULTIMATE#WEREWOLF#45##October#13th#2018_Game4.json,run_3,stochastic,Youtube,ONE#NIGHT#ULTIMATE#WEREWOLF#45##October#13th#2018,Game4,Youtube / ONE#NIGHT#ULTIMATE#WEREWOLF#45##October#13th#2018 / Game4,player_vote,Justin,Justin,False,False,Tanner,Tanner,"The discussion transcript strongly suggests that Justin is the Werewolf, as Paul explicitly states, ""Justin's still the werewolf."" Since Team Village wins by eliminating a Werewolf, voting for Justin is the most direct path to victory. Although the transcript is highly confusing due to role swaps, the direct accusation of the Werewolf role provides sufficient evidence to target the threat."
C:\Users\annab\Documents\GitHub\masters_thesis_sdg\results\voting\unsloth_gemma-4-E2B-it-unsloth-bnb-4bit\prompt_v4_run_3\Youtube\ONE#NIGHT#ULTIMATE#WEREWOLF#45##October#13th#2018_Game6.json,run_3,stochastic,Youtube,ONE#NIGHT#ULTIMATE#WEREWOLF#45##October#13th#2018,Game6,Youtube / ONE#NIGHT#ULTIMATE#WEREWOLF#45##October#13th#2018 / Game6,circle_vote,No Werewolf,,True,True,,,"The discussion transcript is heavily focused on role swapping and mutual accusations, making it extremely difficult to definitively identify a Werewolf. While players like Mike claim to be the Hunter or Werewolf, and Justin suggests Mitchell was the Werewolf, there is no concrete evidence or confirmed action that proves a Werewolf is present. Since Team Village wins if they eliminate a Werewolf, and we cannot confirm a Werewolf, we must assume the worst-case scenario where the Werewolves are hiding."
C:\Users\annab\Documents\GitHub\masters_thesis_sdg\results\voting\unsloth_gemma-4-E2B-it-unsloth-bnb-4bit\prompt_v4_run_3\Youtube\One#Night#Ultimate#Werewolf#491#Classic#Werewolf_Game1.json,run_3,stochastic,Youtube,One#Night#Ultimate#Werewolf#491#Classic#Werewolf,Game1,Youtube / One#Night#Ultimate#Werewolf#491#Classic#Werewolf / Game1,player_vote,Pete,Pete,False,False,Seer,Werewolf,"The discussion is highly chaotic and filled with conflicting claims regarding who the Werewolf is and who performed role swaps. Pete repeatedly claims to be the Werewolf, and other players accuse him of lying. While the evidence is inconclusive, in a game where deception is rampant, targeting the player making the strongest claim is a viable strategy to eliminate a potential Werewolf."
C:\Users\annab\Documents\GitHub\masters_thesis_sdg\results\voting\unsloth_gemma-4-E2B-it-unsloth-bnb-4bit\prompt_v4_run_3\Youtube\One#Night#Ultimate#Werewolf#492#More#Classic#Werewolf_Game1.json,run_3,stochastic,Youtube,One#Night#Ultimate#Werewolf#492#More#Classic#Werewolf,Game1,Youtube / One#Night#Ultimate#Werewolf#492#More#Classic#Werewolf / Game1,player_vote,Pete,Pete,False,False,Tanner,Tanner,"Dustin, who claimed to be the Seer, reported seeing two Werewolves, providing direct evidence against Pete's claim that he is the Werewolf. Although other players suggested Pete might be the Tanner, the direct accusation from the Seer is strong evidence pointing towards Pete being the Werewolf. Eliminating Pete is the best way to secure a win for Team Village by removing a potential Werewolf."
C:\Users\annab\Documents\GitHub\masters_thesis_sdg\results\voting\unsloth_gemma-4-E2B-it-unsloth-bnb-4bit\prompt_v4_run_3\Youtube\One#Night#Ultimate#Werewolf#493#Even#More#Classic#Werewolf_Game1.json,run_3,stochastic,Youtube,One#Night#Ultimate#Werewolf#493#Even#More#Classic#Werewolf,Game1,Youtube / One#Night#Ultimate#Werewolf#493#Even#More#Classic#Werewolf / Game1,circle_vote,No Werewolf,,True,False,,,"The discussion transcript is highly confusing and filled with contradictory claims regarding roles and card swaps, making it impossible to definitively identify the Werewolf. Players accuse each other of being the Werewolf, and multiple players claim to be the Tanner. Without concrete evidence or a clear chain of events, selecting a target would be pure speculation. Therefore, based solely on the provided information, I cannot confirm the presence of a Werewolf."
C:\Users\annab\Documents\GitHub\masters_thesis_sdg\results\voting\unsloth_gemma-4-E2B-it-unsloth-bnb-4bit\prompt_v4_run_3\Youtube\ONE#NIGHT#ULTIMATE#WEREWOLF#5##October#29th#2016_Game1.json,run_3,stochastic,Youtube,ONE#NIGHT#ULTIMATE#WEREWOLF#5##October#29th#2016,Game1,Youtube / ONE#NIGHT#ULTIMATE#WEREWOLF#5##October#29th#2016 / Game1,player_vote,Chris,Chris,False,True,Werewolf,Werewolf,"The discussion is highly confusing due to role swaps, but Chris makes a very strong assertion that he was the lone Werewolf (80). Since Team Village needs to eliminate a Werewolf to win, targeting the player who claims this role is the most direct path to victory. Although other players contradict this, we must proceed based on the strongest self-identification to maximize the chance of eliminating the threat."
C:\Users\annab\Documents\GitHub\masters_thesis_sdg\results\voting\unsloth_gemma-4-E2B-it-unsloth-bnb-4bit\prompt_v4_run_3\Youtube\One#Night#Ultimate#Werewolf#531#Classic#ONUW_Game1.json,run_3,stochastic,Youtube,One#Night#Ultimate#Werewolf#531#Classic#ONUW,Game1,Youtube / One#Night#Ultimate#Werewolf#531#Classic#ONUW / Game1,player_vote,Brett,Brett,False,False,Tanner,Minion,"The transcript strongly indicates that Brett claimed to be the Werewolf, and this claim is confirmed by other players. Since Team Village's goal is to eliminate a Werewolf, voting for Brett is the necessary action to ensure Team Village wins. Although the discussion is filled with role swaps and lies, Brett's direct admission of being the Werewolf makes him the primary target."
C:\Users\annab\Documents\GitHub\masters_thesis_sdg\results\voting\unsloth_gemma-4-E2B-it-unsloth-bnb-4bit\prompt_v4_run_3\Youtube\One#Night#Ultimate#Werewolf#532#More#Classic#ONUW_Game1.json,run_3,stochastic,Youtube,One#Night#Ultimate#Werewolf#532#More#Classic#ONUW,Game1,Youtube / One#Night#Ultimate#Werewolf#532#More#Classic#ONUW / Game1,player_vote,DeAndre,DeAndre,False,True,Werewolf,Drunk,"DeAndre is the only player who explicitly stated they were a Werewolf during the discussion, making them the primary suspect for the Werewolf role. While the transcript is filled with card swaps and conflicting accusations regarding roles like Robber and Troublemaker, DeAndre's direct claim provides the strongest evidence for Team Village to target. Eliminating a potential Werewolf is the highest priority for Team Village to win."
C:\Users\annab\Documents\GitHub\masters_thesis_sdg\results\voting\unsloth_gemma-4-E2B-it-unsloth-bnb-4bit\prompt_v4_run_3\Youtube\One#Night#Ultimate#Werewolf#533#Even#More#Classic#ONUW_Game1.json,run_3,stochastic,Youtube,One#Night#Ultimate#Werewolf#533#Even#More#Classic#ONUW,Game1,Youtube / One#Night#Ultimate#Werewolf#533#Even#More#Classic#ONUW / Game1,player_vote,DeAndre,DeAndre,False,False,Minion,Drunk,"The discussion centers on identifying DeAndre's role, with Brett suggesting DeAndre is either a Werewolf or a Minion. Since Team Village wins by eliminating a Werewolf, voting for DeAndre is the most logical move based on the current suspicions. If DeAndre is indeed a Werewolf, this vote secures a win for Team Village."
C:\Users\annab\Documents\GitHub\masters_thesis_sdg\results\voting\unsloth_gemma-4-E2B-it-unsloth-bnb-4bit\prompt_v4_run_3\Youtube\ONE#NIGHT#ULTIMATE#WEREWOLF#55##January#26th#2019_Game3.json,run_3,stochastic,Youtube,ONE#NIGHT#ULTIMATE#WEREWOLF#55##January#26th#2019,Game3,Youtube / ONE#NIGHT#ULTIMATE#WEREWOLF#55##January#26th#2019 / Game3,circle_vote,No Werewolf,,True,False,,,"The public discussion transcript does not provide sufficient information to definitively identify which player holds the Werewolf role. While players discussed card possibilities and suspicions, no player has made a confirmed accusation or revealed their role. Since the objective is to eliminate a Werewolf, and I cannot confirm their presence, I must default to the condition where no Werewolves are present."
C:\Users\annab\Documents\GitHub\masters_thesis_sdg\results\voting\unsloth_gemma-4-E2B-it-unsloth-bnb-4bit\prompt_v4_run_3\Youtube\ONE#NIGHT#ULTIMATE#WEREWOLF#6##November#6th#2016_Game1.json,run_3,stochastic,Youtube,ONE#NIGHT#ULTIMATE#WEREWOLF#6##November#6th#2016,Game1,Youtube / ONE#NIGHT#ULTIMATE#WEREWOLF#6##November#6th#2016 / Game1,player_vote,Mitchell,Mitchell,False,True,Werewolf,Robber,"The discussion centers heavily on role swaps and accusations between Mitchell and Caitlynn, with Mitchell claiming he became the Werewolf after robbing Caitlynn, and Caitlynn confirming she was a werewolf. This indicates a strong possibility that a Werewolf card is present and that the game involves deception. Mitchell is the player who actively attempts to frame Caitlynn, making him the primary suspect for the Werewolf role."
C:\Users\annab\Documents\GitHub\masters_thesis_sdg\results\voting\unsloth_gemma-4-E2B-it-unsloth-bnb-4bit\prompt_v4_run_3\Youtube\ONE#NIGHT#ULTIMATE#WEREWOLF#6##November#6th#2016_Game2.json,run_3,stochastic,Youtube,ONE#NIGHT#ULTIMATE#WEREWOLF#6##November#6th#2016,Game2,Youtube / ONE#NIGHT#ULTIMATE#WEREWOLF#6##November#6th#2016 / Game2,player_vote,Mitchell,Mitchell,False,False,Robber,Werewolf,"The transcript strongly indicates that Mitchell is the Werewolf, as he explicitly states, 'I actually was a werewolf to begin with,' and Caitlynn confirms this, stating, 'So I'm the werewolf, fucking kill me.' Eliminating the Werewolf is the only way for Team Village to win. Therefore, Mitchell is the target for the vote."
C:\Users\annab\Documents\GitHub\masters_thesis_sdg\results\voting\unsloth_gemma-4-E2B-it-unsloth-bnb-4bit\prompt_v4_run_3\Youtube\ONE#NIGHT#ULTIMATE#WEREWOLF#62##March#23rd#2019_Game1.json,run_3,stochastic,Youtube,ONE#NIGHT#ULTIMATE#WEREWOLF#62##March#23rd#2019,Game1,Youtube / ONE#NIGHT#ULTIMATE#WEREWOLF#62##March#23rd#2019 / Game1,player_vote,Mitchell,Mitchell,False,False,Troublemaker,Troublemaker,"The discussion centers around intense suspicion regarding Justin and Paul potentially being the Werewolf, with Paul directly accusing Justin of being one. Mitchell was also targeted by Justin early in the discussion. Since the players ultimately decided to vote 'left' in the transcript, Mitchell is the player being targeted by the team's collective suspicion."
C:\Users\annab\Documents\GitHub\masters_thesis_sdg\results\voting\unsloth_gemma-4-E2B-it-unsloth-bnb-4bit\prompt_v4_run_3\Youtube\ONE#NIGHT#ULTIMATE#WEREWOLF#62##March#23rd#2019_Game2.json,run_3,stochastic,Youtube,ONE#NIGHT#ULTIMATE#WEREWOLF#62##March#23rd#2019,Game2,Youtube / ONE#NIGHT#ULTIMATE#WEREWOLF#62##March#23rd#2019 / Game2,circle_vote,No Werewolf,,True,False,,,"The discussion transcript is highly confusing and filled with contradictory claims regarding who performed which role action (Robber, Troublemaker) and who might be the Werewolf. While players are making accusations, there is no definitive, confirmed evidence that a Werewolf is present. Since Team Village wins if no Werewolves are present and no one dies, and I cannot confidently identify a Werewolf, the safest strategy is to assume no Werewolf is active."
C:\Users\annab\Documents\GitHub\masters_thesis_sdg\results\voting\unsloth_gemma-4-E2B-it-unsloth-bnb-4bit\prompt_v4_run_3\Youtube\ONE#NIGHT#ULTIMATE#WEREWOLF#63##March#23rd#2019_Game1.json,run_3,stochastic,Youtube,ONE#NIGHT#ULTIMATE#WEREWOLF#63##March#23rd#2019,Game1,Youtube / ONE#NIGHT#ULTIMATE#WEREWOLF#63##March#23rd#2019 / Game1,player_vote,Justin,Justin,False,False,Tanner,Tanner,"The transcript is highly confusing due to role swapping and multiple self-declarations, but Justin explicitly states, ""I was a Werewolf"" (73). In the context of the game rules, this declaration makes him the primary suspect for the Werewolf role. As Team Village needs to eliminate a Werewolf to win, voting for the player who claims this role is the most direct strategy to achieve victory."
C:\Users\annab\Documents\GitHub\masters_thesis_sdg\results\voting\unsloth_gemma-4-E2B-it-unsloth-bnb-4bit\prompt_v4_run_3\Youtube\ONE#NIGHT#ULTIMATE#WEREWOLF#64##March#23rd#2019_Game3.json,run_3,stochastic,Youtube,ONE#NIGHT#ULTIMATE#WEREWOLF#64##March#23rd#2019,Game3,Youtube / ONE#NIGHT#ULTIMATE#WEREWOLF#64##March#23rd#2019 / Game3,player_vote,James,James,False,True,Werewolf,Robber,"The discussion centers heavily on role swaps, specifically James claiming he robbed Mitchell, who was a Werewolf, resulting in James becoming a Werewolf. While other players make conflicting claims about roles (Justin claiming to be a Werewolf, Mitchell claiming to be the Seer), James's aggressive self-identification and accusation make him the most immediate suspect. Voting out James maximizes the chance of eliminating a Werewolf and securing a win for Team Village."
C:\Users\annab\Documents\GitHub\masters_thesis_sdg\results\voting\unsloth_gemma-4-E2B-it-unsloth-bnb-4bit\prompt_v4_run_3\Youtube\ONE#NIGHT#ULTIMATE#WEREWOLF#64##March#23rd#2019_Game4.json,run_3,stochastic,Youtube,ONE#NIGHT#ULTIMATE#WEREWOLF#64##March#23rd#2019,Game4,Youtube / ONE#NIGHT#ULTIMATE#WEREWOLF#64##March#23rd#2019 / Game4,player_vote,Paul,Paul,False,True,Werewolf,Werewolf,"The discussion transcript shows strong suspicion directed at James and Justin regarding the identity of the Werewolves. James repeatedly asserts that two players are Werewolves, and Justin claims to be the Troublemaker. Since the goal is to eliminate a Werewolf, and the players have reached a point of high suspicion, voting out a player who is being accused is the most logical move to attempt to win Team Village. Paul is a viable target based on the flow of the accusations."
C:\Users\annab\Documents\GitHub\masters_thesis_sdg\results\voting\unsloth_gemma-4-E2B-it-unsloth-bnb-4bit\prompt_v4_run_3\Youtube\ONE#NIGHT#ULTIMATE#WEREWOLF#64##March#23rd#2019_Game5.json,run_3,stochastic,Youtube,ONE#NIGHT#ULTIMATE#WEREWOLF#64##March#23rd#2019,Game5,Youtube / ONE#NIGHT#ULTIMATE#WEREWOLF#64##March#23rd#2019 / Game5,circle_vote,No Werewolf,,True,False,,,"The discussion transcript is highly confusing and filled with conflicting accusations regarding role swaps and the identity of the Werewolf. While players speculate about who might be the Werewolf or the Tanner, there is no definitive evidence or consensus that confirms a Werewolf is present. Since Team Village wins if no Werewolf is present and no one dies, the safest strategic move is to assume no Werewolf is active."
C:\Users\annab\Documents\GitHub\masters_thesis_sdg\results\voting\unsloth_gemma-4-E2B-it-unsloth-bnb-4bit\prompt_v4_run_3\Youtube\ONE#NIGHT#ULTIMATE#WEREWOLF#7##November#6th#2016_Game1.json,run_3,stochastic,Youtube,ONE#NIGHT#ULTIMATE#WEREWOLF#7##November#6th#2016,Game1,Youtube / ONE#NIGHT#ULTIMATE#WEREWOLF#7##November#6th#2016 / Game1,player_vote,Mitchell,Mitchell,False,False,Robber,Troublemaker,"The transcript strongly suggests that Mitchell has claimed the Werewolf role, stating clearly that he is the Werewolf after a series of role swaps and discussions. Since Team Village wins by eliminating a Werewolf, Mitchell is the prime target. While the conversation is confusing due to role swaps, Mitchell's direct assertion of the Werewolf identity makes him the most logical suspect for elimination."
C:\Users\annab\Documents\GitHub\masters_thesis_sdg\results\voting\unsloth_gemma-4-E2B-it-unsloth-bnb-4bit\prompt_v4_run_3\Youtube\ONE#NIGHT#ULTIMATE#WEREWOLF#7##November#6th#2016_Game2.json,run_3,stochastic,Youtube,ONE#NIGHT#ULTIMATE#WEREWOLF#7##November#6th#2016,Game2,Youtube / ONE#NIGHT#ULTIMATE#WEREWOLF#7##November#6th#2016 / Game2,player_vote,Caitlynn,Caitlynn,False,False,Tanner,Tanner,"The discussion centers on identifying the Werewolf and the Tanner between Caitlynn and Alana. Mitchell ultimately concludes that Caitlynn is the Werewolf and Alana is the Tanner, leading him to vote Caitlynn out. Since Team Village wins by eliminating a Werewolf, targeting Caitlynn based on the consensus reached in the transcript is the optimal move to pursue the win condition."
C:\Users\annab\Documents\GitHub\masters_thesis_sdg\results\voting\unsloth_gemma-4-E2B-it-unsloth-bnb-4bit\prompt_v4_run_3\Youtube\ONE#NIGHT#ULTIMATE#WEREWOLF#7##November#6th#2016_Game3.json,run_3,stochastic,Youtube,ONE#NIGHT#ULTIMATE#WEREWOLF#7##November#6th#2016,Game3,Youtube / ONE#NIGHT#ULTIMATE#WEREWOLF#7##November#6th#2016 / Game3,circle_vote,No Werewolf,,True,False,,,"The discussion in the transcript is highly chaotic, involving multiple role swaps and intense accusations between Mitchell and Mike regarding who the Werewolf is. While there is significant conflict and players attempting to lie or deflect blame, there is no concrete evidence or logical deduction that definitively identifies a Werewolf. Since the roles are constantly changing and players are actively deceiving each other, I cannot confidently determine who the Werewolf is."
C:\Users\annab\Documents\GitHub\masters_thesis_sdg\results\voting\unsloth_gemma-4-E2B-it-unsloth-bnb-4bit\prompt_v4_run_3\Youtube\ONE#NIGHT#ULTIMATE#WEREWOLF#7##November#6th#2016_Game4.json,run_3,stochastic,Youtube,ONE#NIGHT#ULTIMATE#WEREWOLF#7##November#6th#2016,Game4,Youtube / ONE#NIGHT#ULTIMATE#WEREWOLF#7##November#6th#2016 / Game4,player_vote,Mitchell,Mitchell,False,True,Werewolf,Werewolf,"The discussion transcript indicates high suspicion among the players regarding who the Werewolf might be, particularly focusing on Mitchell and Caitlynn. Alana explicitly states that they 'just have to kill one werewolf,' suggesting a strong Village alignment goal. Mitchell is repeatedly accused of being the Werewolf by Mike and Alana, and the general atmosphere suggests intense conflict and deception. Based on the concentrated suspicion directed at Mitchell, he is the most logical target to eliminate to support Team Village's win condition."
C:\Users\annab\Documents\GitHub\masters_thesis_sdg\results\voting\unsloth_gemma-4-E2B-it-unsloth-bnb-4bit\prompt_v4_run_3\Youtube\ONE#NIGHT#ULTIMATE#WEREWOLF#8##November#6th#2016_Game1.json,run_3,stochastic,Youtube,ONE#NIGHT#ULTIMATE#WEREWOLF#8##November#6th#2016,Game1,Youtube / ONE#NIGHT#ULTIMATE#WEREWOLF#8##November#6th#2016 / Game1,player_vote,Mitchell,Mitchell,False,False,Tanner,Tanner,"Mitchell explicitly claims to be the Werewolf multiple times during the discussion phase, stating, ""I was the werewolf"" and expressing concern about being targeted. Since Team Village wins by eliminating a Werewolf, voting for Mitchell is the necessary action based on this direct accusation. Given the lack of contradictory evidence, he is the primary suspect."
C:\Users\annab\Documents\GitHub\masters_thesis_sdg\results\voting\unsloth_gemma-4-E2B-it-unsloth-bnb-4bit\prompt_v4_run_3\Youtube\ONE#NIGHT#ULTIMATE#WEREWOLF#8##November#6th#2016_Game4.json,run_3,stochastic,Youtube,ONE#NIGHT#ULTIMATE#WEREWOLF#8##November#6th#2016,Game4,Youtube / ONE#NIGHT#ULTIMATE#WEREWOLF#8##November#6th#2016 / Game4,player_vote,Mike,Mike,False,False,Troublemaker,Troublemaker,"The transcript strongly suggests that Mike is the Werewolf, as he is directly accused of it by Alana during the night phase discussion. Although roles are highly unstable due to swaps, targeting the player most strongly implicated maximizes the chance of eliminating a Werewolf and securing a win for Team Village. Given the pressure and the need to eliminate a threat, Mike is the primary target."
C:\Users\annab\Documents\GitHub\masters_thesis_sdg\results\voting\unsloth_gemma-4-E2B-it-unsloth-bnb-4bit\prompt_v4_run_3\Youtube\ONE#NIGHT#ULTIMATE#WEREWOLF#83##October#15th#2019_Game2.json,run_3,stochastic,Youtube,ONE#NIGHT#ULTIMATE#WEREWOLF#83##October#15th#2019,Game2,Youtube / ONE#NIGHT#ULTIMATE#WEREWOLF#83##October#15th#2019 / Game2,player_vote,Mike,Mike,False,False,Tanner,Tanner,"Mike is the only player who directly claims to be the Werewolf multiple times in the discussion, suggesting he is either telling the truth or attempting to deflect suspicion. While Caitlynn suggests Mike might hold the Tanner role, Mike's insistence on his identity makes him the primary suspect for the Werewolf role. Eliminating him maximizes the chance of Team Village succeeding."
C:\Users\annab\Documents\GitHub\masters_thesis_sdg\results\voting\unsloth_gemma-4-E2B-it-unsloth-bnb-4bit\prompt_v4_run_3\Youtube\ONE#NIGHT#ULTIMATE#WEREWOLF#83##October#15th#2019_Game3.json,run_3,stochastic,Youtube,ONE#NIGHT#ULTIMATE#WEREWOLF#83##October#15th#2019,Game3,Youtube / ONE#NIGHT#ULTIMATE#WEREWOLF#83##October#15th#2019 / Game3,player_vote,Mike,Mike,False,False,Robber,Troublemaker,"Mike explicitly claims he was a Werewolf during the discussion phase. Since Team Village wins by eliminating a Werewolf, Mike is the primary target for elimination based on this self-identification. Although the transcript is filled with role swaps and accusations, Mike's direct statement provides the most immediate suspect for the Werewolf role."
C:\Users\annab\Documents\GitHub\masters_thesis_sdg\results\voting\unsloth_gemma-4-E2B-it-unsloth-bnb-4bit\prompt_v4_run_3\Youtube\ONE#NIGHT#ULTIMATE#WEREWOLF#86##November#9th#2019_Game1.json,run_3,stochastic,Youtube,ONE#NIGHT#ULTIMATE#WEREWOLF#86##November#9th#2019,Game1,Youtube / ONE#NIGHT#ULTIMATE#WEREWOLF#86##November#9th#2019 / Game1,circle_vote,No Werewolf,,True,False,,,"The discussion is highly speculative and revolves around who is the Robber and who the Werewolf might be. Mike claims he saw no Werewolf, while Justin claims he did, creating a conflict. However, the evidence is weak, and players are primarily trying to deflect suspicion. Given the lack of concrete evidence pointing to a specific Werewolf, and the high uncertainty regarding roles due to card swaps, it is safest to assume no Werewolf is present, which leads to a potential Team Village win condition."
C:\Users\annab\Documents\GitHub\masters_thesis_sdg\results\voting\unsloth_gemma-4-E2B-it-unsloth-bnb-4bit\prompt_v4_run_3\Youtube\ONE#NIGHT#ULTIMATE#WEREWOLF#86##November#9th#2019_Game3.json,run_3,stochastic,Youtube,ONE#NIGHT#ULTIMATE#WEREWOLF#86##November#9th#2019,Game3,Youtube / ONE#NIGHT#ULTIMATE#WEREWOLF#86##November#9th#2019 / Game3,player_vote,Mitchell,Mitchell,False,False,Robber,Werewolf,"The transcript contains several confusing role swaps and accusations, making definitive identification difficult. However, Mitchell explicitly states 'Correct' when asked if he started as a Werewolf, strongly indicating he is currently playing that role. Since Team Village wins by eliminating a Werewolf, Mitchell is the prime target to ensure Team Village achieves its objective."
C:\Users\annab\Documents\GitHub\masters_thesis_sdg\results\voting\unsloth_gemma-4-E2B-it-unsloth-bnb-4bit\prompt_v4_run_3\Youtube\ONE#NIGHT#ULTIMATE#WEREWOLF#86##November#9th#2019_Game4.json,run_3,stochastic,Youtube,ONE#NIGHT#ULTIMATE#WEREWOLF#86##November#9th#2019,Game4,Youtube / ONE#NIGHT#ULTIMATE#WEREWOLF#86##November#9th#2019 / Game4,player_vote,Mike,Mike,False,True,Werewolf,Tanner,"The discussion strongly centers on identifying a Werewolf, with several players suggesting Mike might be involved, including Justin and Paul. Paul explicitly votes for Mike, and the general consensus points toward Mike being the target. Since Team Village wins by eliminating a Werewolf, voting for Mike is the best strategy to attempt to achieve this goal."
C:\Users\annab\Documents\GitHub\masters_thesis_sdg\results\voting\unsloth_gemma-4-E2B-it-unsloth-bnb-4bit\prompt_v4_run_3\Youtube\ONE#NIGHT#ULTIMATE#WEREWOLF#87##November#9th#2019_Game1.json,run_3,stochastic,Youtube,ONE#NIGHT#ULTIMATE#WEREWOLF#87##November#9th#2019,Game1,Youtube / ONE#NIGHT#ULTIMATE#WEREWOLF#87##November#9th#2019 / Game1,player_vote,Mitchell,Mitchell,False,False,Robber,Werewolf,"The discussion transcript is highly confusing due to numerous role swaps and conflicting claims, making it impossible to definitively identify a Werewolf. However, Mitchell was explicitly identified by Paul as the Robber, a role that involves card manipulation and deception. Given the objective is to eliminate a Werewolf, targeting a player who is strongly implicated by others is a reasonable strategy to maximize the chances of Team Village winning."
C:\Users\annab\Documents\GitHub\masters_thesis_sdg\results\voting\unsloth_gemma-4-E2B-it-unsloth-bnb-4bit\prompt_v4_run_3\Youtube\ONE#NIGHT#ULTIMATE#WEREWOLF#87##November#9th#2019_Game2.json,run_3,stochastic,Youtube,ONE#NIGHT#ULTIMATE#WEREWOLF#87##November#9th#2019,Game2,Youtube / ONE#NIGHT#ULTIMATE#WEREWOLF#87##November#9th#2019 / Game2,circle_vote,No Werewolf,,True,False,,,"The discussion transcript is highly confusing and revolves around accusations of card switching, making it impossible to definitively identify the Werewolf. While Justin is heavily suspected, the evidence is circumstantial and contradictory. Since I cannot confirm the presence of a Werewolf, I must default to the condition where all Werewolf cards are in the center, which results in a Team Village win."
C:\Users\annab\Documents\GitHub\masters_thesis_sdg\results\voting\unsloth_gemma-4-E2B-it-unsloth-bnb-4bit\prompt_v4_run_3\Youtube\ONE#NIGHT#ULTIMATE#WEREWOLF#89##November#30th#2019_Game2.json,run_3,stochastic,Youtube,ONE#NIGHT#ULTIMATE#WEREWOLF#89##November#30th#2019,Game2,Youtube / ONE#NIGHT#ULTIMATE#WEREWOLF#89##November#30th#2019 / Game2,player_vote,Justin,Justin,False,True,Werewolf,Werewolf,"The transcript culminates with Mitchell and James identifying Justin as the Werewolf. Since Team Village wins by eliminating a Werewolf, voting out Justin is the optimal move to secure the victory for Team Village."
C:\Users\annab\Documents\GitHub\masters_thesis_sdg\results\voting\unsloth_gemma-4-E2B-it-unsloth-bnb-4bit\prompt_v4_run_3\Youtube\ONE#NIGHT#ULTIMATE#WEREWOLF#89##November#30th#2019_Game3.json,run_3,stochastic,Youtube,ONE#NIGHT#ULTIMATE#WEREWOLF#89##November#30th#2019,Game3,Youtube / ONE#NIGHT#ULTIMATE#WEREWOLF#89##November#30th#2019 / Game3,player_vote,Mitchell,Mitchell,False,True,Werewolf,Robber,"Mitchell makes a strong, explicit claim of being a Werewolf, stating he is '100% sure.' James also claims to be a Werewolf and is implicated in manipulating Justin's role. Given the goal is to eliminate a Werewolf to secure a Team Village win, Mitchell is the most direct target based on the public discussion."
C:\Users\annab\Documents\GitHub\masters_thesis_sdg\results\voting\unsloth_gemma-4-E2B-it-unsloth-bnb-4bit\prompt_v4_run_3\Youtube\ONE#NIGHT#ULTIMATE#WEREWOLF#9##November#6th#2016_Game1.json,run_3,stochastic,Youtube,ONE#NIGHT#ULTIMATE#WEREWOLF#9##November#6th#2016,Game1,Youtube / ONE#NIGHT#ULTIMATE#WEREWOLF#9##November#6th#2016 / Game1,player_vote,Mitchell,Mitchell,False,False,Seer,Seer,"The transcript indicates that Mitchell and Mike concluded that the two cards observed by the Seer were Werewolves, leading them to agree on a vote between Mitchell and Caitlynn. Since Team Village wins by eliminating a Werewolf, voting for Mitchell aligns with the strongest piece of evidence presented during the discussion. Mitchell was the player who claimed to have seen the Werewolf cards, making him a primary suspect."
C:\Users\annab\Documents\GitHub\masters_thesis_sdg\results\voting\unsloth_gemma-4-E2B-it-unsloth-bnb-4bit\prompt_v4_run_3\Youtube\ONE#NIGHT#ULTIMATE#WEREWOLF#9##November#6th#2016_Game2.json,run_3,stochastic,Youtube,ONE#NIGHT#ULTIMATE#WEREWOLF#9##November#6th#2016,Game2,Youtube / ONE#NIGHT#ULTIMATE#WEREWOLF#9##November#6th#2016 / Game2,player_vote,Mike,Mike,False,False,Robber,Troublemaker,"The discussion transcript shows intense suspicion and accusations regarding the Werewolf role, with Mike directly claiming Caitlynn is the Werewolf and Alana and Caitlynn confirming that Werewolf cards were seen. Since Team Village wins by eliminating a Werewolf, targeting the primary accuser, Mike, is a strategic move to eliminate a potential Werewolf. This maximizes the chance of Team Village achieving its victory condition."
C:\Users\annab\Documents\GitHub\masters_thesis_sdg\results\voting\unsloth_gemma-4-E2B-it-unsloth-bnb-4bit\prompt_v4_run_3\Youtube\ONE#NIGHT#ULTIMATE#WEREWOLF#9##November#6th#2016_Game3.json,run_3,stochastic,Youtube,ONE#NIGHT#ULTIMATE#WEREWOLF#9##November#6th#2016,Game3,Youtube / ONE#NIGHT#ULTIMATE#WEREWOLF#9##November#6th#2016 / Game3,player_vote,Mitchell,Mitchell,False,False,Insomniac,Robber,"The discussion heavily focuses on Mitchell's identity, suggesting he is either the Tanner or the Werewolf. Caitlynn explicitly votes for Mitchell, and Alana suggests he might be the Tanner based on his behavior (anxious, quick speech). Given that Team Village needs to eliminate a Werewolf to win, Mitchell is the primary suspect and the most logical target to vote out."
C:\Users\annab\Documents\GitHub\masters_thesis_sdg\results\voting\unsloth_gemma-4-E2B-it-unsloth-bnb-4bit\prompt_v4_run_3\Youtube\ONE#NIGHT#ULTIMATE#WEREWOLF#9##November#6th#2016_Game4.json,run_3,stochastic,Youtube,ONE#NIGHT#ULTIMATE#WEREWOLF#9##November#6th#2016,Game4,Youtube / ONE#NIGHT#ULTIMATE#WEREWOLF#9##November#6th#2016 / Game4,player_vote,Alana,Alana,False,True,Werewolf,Seer,"Alana expressed the most suspicious intent by stating that if she wanted to be a werewolf, she would want to stay alive, suggesting a possible alignment with the Werewolf team's goal. Given the high volatility of roles and potential swaps discussed in the transcript, Alana's comments about being a 'wild card' and her desire to survive make her a prime target for elimination to protect Team Village."
C:\Users\annab\Documents\GitHub\masters_thesis_sdg\results\voting\unsloth_gemma-4-E2B-it-unsloth-bnb-4bit\prompt_v4_run_3\Youtube\One#Night#Ultimate#Werewolf#GAME#NIGHT!!_Game2.json,run_3,stochastic,Youtube,One#Night#Ultimate#Werewolf#GAME#NIGHT!!,Game2,Youtube / One#Night#Ultimate#Werewolf#GAME#NIGHT!! / Game2,player_vote,Shane,Shane,False,True,Werewolf,Robber,"The discussion centered around the Robber role and card swapping, which led to Shane admitting to switching cards with Eric and claiming to be the Werewolf. Shane's final statement confirms he is playing the role of the Werewolf and wants to die, making him the primary target for elimination. Eliminating Shane is the best way to ensure Team Village eliminates a Werewolf."
C:\Users\annab\Documents\GitHub\masters_thesis_sdg\results\voting\unsloth_gemma-4-E2B-it-unsloth-bnb-4bit\prompt_v4_run_3\Youtube\Retrovision##ONE#NIGHT#ULTIMATE#WEREWOLF##Retro#7_Game1.json,run_3,stochastic,Youtube,Retrovision##ONE#NIGHT#ULTIMATE#WEREWOLF##Retro#7,Game1,Youtube / Retrovision##ONE#NIGHT#ULTIMATE#WEREWOLF##Retro#7 / Game1,player_vote,Mike,Mike,False,False,Villager,Villager,"Justin made several strong accusations, including claiming to be the Seer and seeing a Robber hiding under a Werewolf, and later suggesting that Mike and Eric are both Werewolves. Eric confirmed being the Robber, which aligns with Justin's suspicions. Since Team Village needs to eliminate a Werewolf, targeting Mike, who was explicitly accused by Justin, is the most logical move to increase the chances of victory."
C:\Users\annab\Documents\GitHub\masters_thesis_sdg\results\voting\unsloth_gemma-4-E2B-it-unsloth-bnb-4bit\prompt_v4_run_3\Youtube\Retrovision##ONE#NIGHT#ULTIMATE#WEREWOLF##Retro#7_Game2.json,run_3,stochastic,Youtube,Retrovision##ONE#NIGHT#ULTIMATE#WEREWOLF##Retro#7,Game2,Youtube / Retrovision##ONE#NIGHT#ULTIMATE#WEREWOLF##Retro#7 / Game2,player_vote,Mike,Mike,False,True,Werewolf,Werewolf,"Mike explicitly accuses another player of being the Werewolf and later reveals that the center card was the Werewolf. Although other players like Mitchell are strongly identified as the Villager, Mike's claim and the revealed card provide the strongest evidence pointing toward a Werewolf. Eliminating Mike maximizes the chance of eliminating the Werewolf and securing a victory for Team Village."
C:\Users\annab\Documents\GitHub\masters_thesis_sdg\results\voting\unsloth_gemma-4-E2B-it-unsloth-bnb-4bit\prompt_v4_run_3\Youtube\Retrovision##ONE#NIGHT#ULTIMATE#WEREWOLF##Retro#7_Game3.json,run_3,stochastic,Youtube,Retrovision##ONE#NIGHT#ULTIMATE#WEREWOLF##Retro#7,Game3,Youtube / Retrovision##ONE#NIGHT#ULTIMATE#WEREWOLF##Retro#7 / Game3,player_vote,Mitchell,Mitchell,False,False,Troublemaker,Troublemaker,"The discussion heavily suggests that Mitchell is a Werewolf, as Paul explicitly states, ""Mitchell is for sure a werewolf."" Eliminating a Werewolf is the primary condition for Team Village to win. Mitchell is a central figure in the role confusion, making him a high-priority target for the Village to eliminate."
C:\Users\annab\Documents\GitHub\masters_thesis_sdg\results\voting\unsloth_gemma-4-E2B-it-unsloth-bnb-4bit\prompt_v4_run_3\Youtube\Retrovision##ONE#NIGHT#ULTIMATE#WEREWOLF##Retro#7_Game4.json,run_3,stochastic,Youtube,Retrovision##ONE#NIGHT#ULTIMATE#WEREWOLF##Retro#7,Game4,Youtube / Retrovision##ONE#NIGHT#ULTIMATE#WEREWOLF##Retro#7 / Game4,circle_vote,No Werewolf,,True,False,,,"The discussion transcript is highly confusing due to multiple role swaps and deliberate lies, making it impossible to definitively identify the Werewolf. Players are actively contradicting themselves regarding their starting roles and who they switched with. Since I cannot confirm any player holds the Werewolf card, I must assume the worst-case scenario where all Werewolf cards are in the center, allowing Team Village to win by default."
C:\Users\annab\Documents\GitHub\masters_thesis_sdg\results\voting\unsloth_gemma-4-E2B-it-unsloth-bnb-4bit\prompt_v4_run_3\Youtube\Retrovision##ONE#NIGHT#ULTIMATE#WEREWOLF##Retro#7_Game5.json,run_3,stochastic,Youtube,Retrovision##ONE#NIGHT#ULTIMATE#WEREWOLF##Retro#7,Game5,Youtube / Retrovision##ONE#NIGHT#ULTIMATE#WEREWOLF##Retro#7 / Game5,player_vote,Eric,Eric,False,False,Tanner,Werewolf,"The discussion in the transcript contains multiple accusations regarding the Werewolf role. Justin directly states, 'That there's a werewolf here,' and later accuses Eric, stating, 'So you're a werewolf.' Furthermore, Eric claims, 'I started as the werewolf,' which aligns with the suspicions raised by other players. Given the high level of conflict and direct accusations, Eric is the most likely candidate for the Werewolf, and eliminating him is necessary to secure a win for Team Village."
C:\Users\annab\Documents\GitHub\masters_thesis_sdg\results\voting\unsloth_gemma-4-E2B-it-unsloth-bnb-4bit\prompt_v4_run_3\Youtube\The#Return#of#the#King##ONE#NIGHT#ULTIMATE#WEREWOLF_Game5.json,run_3,stochastic,Youtube,The#Return#of#the#King##ONE#NIGHT#ULTIMATE#WEREWOLF,Game5,Youtube / The#Return#of#the#King##ONE#NIGHT#ULTIMATE#WEREWOLF / Game5,player_vote,Mitchell,Mitchell,False,True,Werewolf,Werewolf,"Mitchell is the primary target of suspicion throughout the discussion, with multiple players (Justin and Paul) explicitly claiming he is a Werewolf. Although the transcript is filled with role confusion and accusations, the collective belief that Mitchell is the Werewolf makes him the most logical candidate for elimination to maximize Team Village's chances of winning. Eliminating a Werewolf is the primary victory condition for Team Village."
C:\Users\annab\Documents\GitHub\masters_thesis_sdg\results\voting\unsloth_gemma-4-E2B-it-unsloth-bnb-4bit\prompt_v4_run_3\Youtube\The#Return#of#the#King##ONE#NIGHT#ULTIMATE#WEREWOLF_Game6.json,run_3,stochastic,Youtube,The#Return#of#the#King##ONE#NIGHT#ULTIMATE#WEREWOLF,Game6,Youtube / The#Return#of#the#King##ONE#NIGHT#ULTIMATE#WEREWOLF / Game6,player_vote,Paul,Paul,False,True,Werewolf,Werewolf,"The discussion is highly focused on verifying role swaps and identifying liars, suggesting significant uncertainty about who holds the Werewolf role. Tyler suggested Paul might be a Werewolf or a Tanner/Minion, and Mitchell ultimately voted Paul out. Since Team Village needs to eliminate a Werewolf to win, targeting the player who is most heavily implicated in the suspicion surrounding the game dynamics is the safest strategy."
C:\Users\annab\Documents\GitHub\masters_thesis_sdg\results\voting\unsloth_gemma-4-E2B-it-unsloth-bnb-4bit\prompt_v4_run_3\Youtube\The#Return#of#the#King##ONE#NIGHT#ULTIMATE#WEREWOLF_Game7.json,run_3,stochastic,Youtube,The#Return#of#the#King##ONE#NIGHT#ULTIMATE#WEREWOLF,Game7,Youtube / The#Return#of#the#King##ONE#NIGHT#ULTIMATE#WEREWOLF / Game7,player_vote,Tyler,Tyler,False,False,Tanner,Werewolf,"The transcript indicates that Tyler claimed to see a Werewolf in the center cards, which is a crucial piece of information. While this information could be a lie, it points towards a potential Werewolf presence. Given the general atmosphere of uncertainty and the fact that the game is nearing the voting phase, voting out a player who seems to be making strong claims or who might be a Werewolf is the best strategy for Team Village."
C:\Users\annab\Documents\GitHub\masters_thesis_sdg\results\voting\unsloth_gemma-4-E2B-it-unsloth-bnb-4bit\prompt_v4_run_3\Youtube\Visions#from#2016##ONE#NIGHT#ULTIMATE#WEREWOLF##Retro#11_Game1.json,run_3,stochastic,Youtube,Visions#from#2016##ONE#NIGHT#ULTIMATE#WEREWOLF##Retro#11,Game1,Youtube / Visions#from#2016##ONE#NIGHT#ULTIMATE#WEREWOLF##Retro#11 / Game1,circle_vote,No Werewolf,,True,False,,,"The discussion in the transcript is heavily focused on role confusion, specifically identifying the Tanner and the Seer, rather than directly accusing anyone of being the Werewolf. While players are making conflicting claims about their roles (e.g., Paul and James claiming to be the Seer, James claiming to be the Tanner), there is no concrete evidence or deduction that points definitively to a Werewolf. Since Team Village wins by eliminating a Werewolf, and I cannot confirm the presence of one, I must assume no Werewolf is present."
C:\Users\annab\Documents\GitHub\masters_thesis_sdg\results\voting\unsloth_gemma-4-E2B-it-unsloth-bnb-4bit\prompt_v4_run_3\Youtube\Visions#from#2016##ONE#NIGHT#ULTIMATE#WEREWOLF##Retro#11_Game2.json,run_3,stochastic,Youtube,Visions#from#2016##ONE#NIGHT#ULTIMATE#WEREWOLF##Retro#11,Game2,Youtube / Visions#from#2016##ONE#NIGHT#ULTIMATE#WEREWOLF##Retro#11 / Game2,circle_vote,No Werewolf,,True,False,,,"The discussion is highly speculative, revolving around role confusion (Mason, Troublemaker) and unverified suspicions about Paul and Justin potentially being Werewolves. While Mitchell suggested a 60% chance Paul is a Werewolf, there is no concrete evidence or action that confirms any player's identity. Since Team Village wins only by eliminating a Werewolf, and I lack sufficient proof to identify one, I must conclude that no Werewolf is definitively present."
C:\Users\annab\Documents\GitHub\masters_thesis_sdg\results\voting\unsloth_gemma-4-E2B-it-unsloth-bnb-4bit\prompt_v4_run_3\Youtube\Visions#from#2016##ONE#NIGHT#ULTIMATE#WEREWOLF##Retro#11_Game3.json,run_3,stochastic,Youtube,Visions#from#2016##ONE#NIGHT#ULTIMATE#WEREWOLF##Retro#11,Game3,Youtube / Visions#from#2016##ONE#NIGHT#ULTIMATE#WEREWOLF##Retro#11 / Game3,circle_vote,No Werewolf,,True,False,,,"The discussion transcript is highly ambiguous regarding the true roles of the players, with multiple conflicting claims about who is the Werewolf, Hunter, or Tanner. Laura explicitly claimed to be the Werewolf, but this claim is not corroborated, and other players are attempting to deduce roles based on circumstantial evidence and accusations. Since there is no definitive consensus or concrete proof that a Werewolf is present, I cannot confidently make an accusation."
C:\Users\annab\Documents\GitHub\masters_thesis_sdg\results\voting\unsloth_gemma-4-E2B-it-unsloth-bnb-4bit\prompt_v4_run_3\Youtube\Visions#from#2016##ONE#NIGHT#ULTIMATE#WEREWOLF##Retro#11_Game4.json,run_3,stochastic,Youtube,Visions#from#2016##ONE#NIGHT#ULTIMATE#WEREWOLF##Retro#11,Game4,Youtube / Visions#from#2016##ONE#NIGHT#ULTIMATE#WEREWOLF##Retro#11 / Game4,player_vote,Paul,Paul,False,True,Werewolf,Mason,"The discussion transcript strongly suggests that Paul and Mitchell are the Werewolves, as they explicitly state they are both Werewolves and acknowledge that Justin and James have successfully identified them. Since Team Village wins by eliminating a Werewolf, voting for Paul directly addresses the winning condition. Based on the consensus reached in the transcript, Paul is the most likely target for elimination."
C:\Users\annab\Documents\GitHub\masters_thesis_sdg\results\voting\unsloth_gemma-4-E2B-it-unsloth-bnb-4bit\prompt_v4_run_3\Youtube\Visions#from#2016##ONE#NIGHT#ULTIMATE#WEREWOLF##Retro#11_Game5.json,run_3,stochastic,Youtube,Visions#from#2016##ONE#NIGHT#ULTIMATE#WEREWOLF##Retro#11,Game5,Youtube / Visions#from#2016##ONE#NIGHT#ULTIMATE#WEREWOLF##Retro#11 / Game5,circle_vote,No Werewolf,,True,False,,,"The discussion transcript is highly confusing and filled with accusations and role claims, making it impossible to definitively identify the Werewolf. Players are debating roles like Hunter, Insomniac, and Mason, and there is significant confusion about who is lying or who has been swapped. Since there is no concrete evidence pointing to a Werewolf's actions or a clear identification of the Werewolf role, I cannot confirm their presence."
C:\Users\annab\Documents\GitHub\masters_thesis_sdg\results\voting\unsloth_gemma-4-E2B-it-unsloth-bnb-4bit\prompt_v4_run_3\Youtube\Way#Way#Back##ONE#NIGHT#ULTIMATE#WEREWOLF##Retro#10_Game1.json,run_3,stochastic,Youtube,Way#Way#Back##ONE#NIGHT#ULTIMATE#WEREWOLF##Retro#10,Game1,Youtube / Way#Way#Back##ONE#NIGHT#ULTIMATE#WEREWOLF##Retro#10 / Game1,player_vote,Justin,Justin,False,False,Villager,Werewolf,"The discussion is highly confusing due to multiple role swaps and conflicting claims regarding identities. However, Justin explicitly claims to be the Werewolf (115), which makes him the primary target for Team Village. Since the goal is to eliminate a Werewolf, targeting the player who identifies as such is the most direct path to victory, despite the lack of definitive proof."
C:\Users\annab\Documents\GitHub\masters_thesis_sdg\results\voting\unsloth_gemma-4-E2B-it-unsloth-bnb-4bit\prompt_v4_run_3\Youtube\Way#Way#Back##ONE#NIGHT#ULTIMATE#WEREWOLF##Retro#10_Game2.json,run_3,stochastic,Youtube,Way#Way#Back##ONE#NIGHT#ULTIMATE#WEREWOLF##Retro#10,Game2,Youtube / Way#Way#Back##ONE#NIGHT#ULTIMATE#WEREWOLF##Retro#10 / Game2,player_vote,James,James,False,False,Villager,Villager,"The discussion heavily points toward James being the Werewolf. Justin explicitly suggests James is the werewolf, and Mitchell claims James is a dirty werewolf. Furthermore, the confusion surrounding the Tanner role indicates that players are trying to mislead each other, suggesting that the true Werewolf is attempting to frame others or use role swaps to gain advantage. Eliminating James maximizes the chance of eliminating a Werewolf and securing a win for Team Village."
C:\Users\annab\Documents\GitHub\masters_thesis_sdg\results\voting\unsloth_gemma-4-E2B-it-unsloth-bnb-4bit\prompt_v4_run_3\Youtube\Way#Way#Back##ONE#NIGHT#ULTIMATE#WEREWOLF##Retro#10_Game3.json,run_3,stochastic,Youtube,Way#Way#Back##ONE#NIGHT#ULTIMATE#WEREWOLF##Retro#10,Game3,Youtube / Way#Way#Back##ONE#NIGHT#ULTIMATE#WEREWOLF##Retro#10 / Game3,player_vote,Laura,Laura,False,True,Werewolf,Werewolf,"Based on the transcript, there is a strong consensus among Paul and James that Laura is the Werewolf, specifically citing her reactions and behavior. Although Justin cast a vote for Mitchell, the majority of the voting activity directed suspicion toward Laura. Eliminating Laura maximizes the chance that Team Village will successfully eliminate a Werewolf, fulfilling their primary winning condition."
C:\Users\annab\Documents\GitHub\masters_thesis_sdg\results\voting\unsloth_gemma-4-E2B-it-unsloth-bnb-4bit\prompt_v4_run_3\Youtube\Way#Way#Back##ONE#NIGHT#ULTIMATE#WEREWOLF##Retro#10_Game4.json,run_3,stochastic,Youtube,Way#Way#Back##ONE#NIGHT#ULTIMATE#WEREWOLF##Retro#10,Game4,Youtube / Way#Way#Back##ONE#NIGHT#ULTIMATE#WEREWOLF##Retro#10 / Game4,circle_vote,No Werewolf,,True,False,,,"The discussion is highly confusing due to numerous role swaps and accusations. Justin suggests Paul is the Werewolf, while Paul suggests Laura is the Werewolf, and both players are actively trying to mislead others about their roles. Since there is no definitive evidence or consistent information pointing to a single Werewolf, it is safer to assume that all Werewolf cards may be in the center, which allows Team Village to win."
C:\Users\annab\Documents\GitHub\masters_thesis_sdg\results\voting\unsloth_gemma-4-E2B-it-unsloth-bnb-4bit\prompt_v4_run_3\Youtube\Way#Way#Back##ONE#NIGHT#ULTIMATE#WEREWOLF##Retro#10_Game5.json,run_3,stochastic,Youtube,Way#Way#Back##ONE#NIGHT#ULTIMATE#WEREWOLF##Retro#10,Game5,Youtube / Way#Way#Back##ONE#NIGHT#ULTIMATE#WEREWOLF##Retro#10 / Game5,player_vote,Laura,Laura,False,True,Werewolf,Werewolf,"Laura explicitly confesses to being the Werewolf during the discussion phase, making her the primary target for elimination. Since Team Village wins by eliminating a Werewolf, voting for Laura directly achieves this objective. Although there is general suspicion among other players, her self-identification provides the strongest evidence for the vote."
C:\Users\annab\Documents\GitHub\masters_thesis_sdg\results\voting\unsloth_gemma-4-E2B-it-unsloth-bnb-4bit\prompt_v4_run_3\Youtube\Ye#Olde#Times##ONE#NIGHT#ULTIMATE#WEREWOLF##Retro#8_Game1.json,run_3,stochastic,Youtube,Ye#Olde#Times##ONE#NIGHT#ULTIMATE#WEREWOLF##Retro#8,Game1,Youtube / Ye#Olde#Times##ONE#NIGHT#ULTIMATE#WEREWOLF##Retro#8 / Game1,player_vote,Justin,Justin,False,True,Werewolf,Werewolf,"Justin explicitly claimed to be the Werewolf during the Night phase, which is a critical piece of information for Team Village. Since Team Village wins if they eliminate a Werewolf, voting Justin out is the most direct path to victory. Although other players made claims, Justin's self-identification provides the strongest basis for targeting the Werewolf."
C:\Users\annab\Documents\GitHub\masters_thesis_sdg\results\voting\unsloth_gemma-4-E2B-it-unsloth-bnb-4bit\prompt_v4_run_3\Youtube\Ye#Olde#Times##ONE#NIGHT#ULTIMATE#WEREWOLF##Retro#8_Game2.json,run_3,stochastic,Youtube,Ye#Olde#Times##ONE#NIGHT#ULTIMATE#WEREWOLF##Retro#8,Game2,Youtube / Ye#Olde#Times##ONE#NIGHT#ULTIMATE#WEREWOLF##Retro#8 / Game2,player_vote,Mike,Mike,False,False,Tanner,Robber,"The discussion is highly confusing due to multiple role swaps, making definitive identification difficult. However, Mike is strongly implicated by Mitchell and Justin as the Werewolf. Since Team Village needs to eliminate a Werewolf to win, voting for Mike is the most strategic move based on the current suspicions."
C:\Users\annab\Documents\GitHub\masters_thesis_sdg\results\voting\unsloth_gemma-4-E2B-it-unsloth-bnb-4bit\prompt_v4_run_3\Youtube\Ye#Olde#Times##ONE#NIGHT#ULTIMATE#WEREWOLF##Retro#8_Game3.json,run_3,stochastic,Youtube,Ye#Olde#Times##ONE#NIGHT#ULTIMATE#WEREWOLF##Retro#8,Game3,Youtube / Ye#Olde#Times##ONE#NIGHT#ULTIMATE#WEREWOLF##Retro#8 / Game3,circle_vote,No Werewolf,,True,False,,,"The discussion strongly suggests that Paul is the Tanner, as multiple players (Mitchell and Mike) conclude he is the Tanner, and he is heavily implicated in the confusion surrounding the Werewolf role. Since the goal is to eliminate a Werewolf, and there is no concrete evidence or confirmed Werewolf identity in the transcript, I cannot definitively name a Werewolf."
C:\Users\annab\Documents\GitHub\masters_thesis_sdg\results\voting\unsloth_gemma-4-E2B-it-unsloth-bnb-4bit\prompt_v4_run_3\Youtube\Ye#Olde#Times##ONE#NIGHT#ULTIMATE#WEREWOLF##Retro#8_Game4.json,run_3,stochastic,Youtube,Ye#Olde#Times##ONE#NIGHT#ULTIMATE#WEREWOLF##Retro#8,Game4,Youtube / Ye#Olde#Times##ONE#NIGHT#ULTIMATE#WEREWOLF##Retro#8 / Game4,player_vote,Justin,Justin,False,True,Werewolf,Werewolf,"The transcript strongly suggests that Justin and Mitchell are the primary suspects for being Werewolves, as Paul explicitly states he thinks both of them are Werewolves (127), and Mitchell claims he was a werewolf (166). Since Team Village wins by eliminating a Werewolf, targeting one of these highly suspected players is the optimal strategy to achieve the objective."
C:\Users\annab\Documents\GitHub\masters_thesis_sdg\results\voting\unsloth_gemma-4-E2B-it-unsloth-bnb-4bit\prompt_v4_t0\Ego4D\0a6ef9dc-a2dc-452b-a907-d6fa2ed4cae0_Game1.json,greedy_t0,greedy,Ego4D,0a6ef9dc-a2dc-452b-a907-d6fa2ed4cae0,Game1,Ego4D / 0a6ef9dc-a2dc-452b-a907-d6fa2ed4cae0 / Game1,player_vote,Hailey,Hailey,False,False,Troublemaker,Troublemaker,"Hailey is the most suspicious player due to her actions involving card manipulation and swapping, which is characteristic of roles like the Troublemaker or Robber. While Erin claimed to be the Werewolf, Hailey's behavior during the night phase suggests she is actively trying to mislead the group about their roles and the cards in play. Eliminating her increases the chances of removing a Werewolf and securing a win for Team Village."
C:\Users\annab\Documents\GitHub\masters_thesis_sdg\results\voting\unsloth_gemma-4-E2B-it-unsloth-bnb-4bit\prompt_v4_t0\Ego4D\0a6ef9dc-a2dc-452b-a907-d6fa2ed4cae0_Game2.json,greedy_t0,greedy,Ego4D,0a6ef9dc-a2dc-452b-a907-d6fa2ed4cae0,Game2,Ego4D / 0a6ef9dc-a2dc-452b-a907-d6fa2ed4cae0 / Game2,circle_vote,No Werewolf,,True,False,,,"The discussion revolves heavily around role swaps (Robber and Villager) and attempts to determine who is lying, which is typical behavior for Werewolves trying to sow confusion. However, the transcript does not contain any definitive evidence that a Werewolf has been identified or eliminated during the Night phase. Given the high level of ambiguity and the focus on deception, I cannot confidently accuse any single player of being the Werewolf."
C:\Users\annab\Documents\GitHub\masters_thesis_sdg\results\voting\unsloth_gemma-4-E2B-it-unsloth-bnb-4bit\prompt_v4_t0\Ego4D\0c2659db-7bd4-4b37-9b08-4e247befe382_Game4.json,greedy_t0,greedy,Ego4D,0c2659db-7bd4-4b37-9b08-4e247befe382,Game4,Ego4D / 0c2659db-7bd4-4b37-9b08-4e247befe382 / Game4,player_vote,Sian,Sian,False,False,Robber,Tanner,"Sian received the highest number of votes during the voting phase, suggesting the group believes Sian is the most likely Werewolf. While Sian claimed to be the Villager, the consensus among the players points toward Sian being the target. Eliminating the player with the most votes is the optimal strategy to maximize the chances of Team Village winning by removing a Werewolf."
C:\Users\annab\Documents\GitHub\masters_thesis_sdg\results\voting\unsloth_gemma-4-E2B-it-unsloth-bnb-4bit\prompt_v4_t0\Ego4D\0c2659db-7bd4-4b37-9b08-4e247befe382_Game5.json,greedy_t0,greedy,Ego4D,0c2659db-7bd4-4b37-9b08-4e247befe382,Game5,Ego4D / 0c2659db-7bd4-4b37-9b08-4e247befe382 / Game5,player_vote,Chris,Chris,False,True,Werewolf,Werewolf,"Elliot directly accuses Chris of being the Werewolf, which is a strong piece of evidence in a highly suspicious discussion. While other accusations are contradictory and involve role swaps, this direct claim provides the strongest immediate target for Team Village to eliminate a Werewolf. Since the goal is to eliminate a Werewolf, targeting the player explicitly named by another player is the most logical strategy."
C:\Users\annab\Documents\GitHub\masters_thesis_sdg\results\voting\unsloth_gemma-4-E2B-it-unsloth-bnb-4bit\prompt_v4_t0\Ego4D\0c2659db-7bd4-4b37-9b08-4e247befe382_Game6.json,greedy_t0,greedy,Ego4D,0c2659db-7bd4-4b37-9b08-4e247befe382,Game6,Ego4D / 0c2659db-7bd4-4b37-9b08-4e247befe382 / Game6,player_vote,James,James,False,False,Troublemaker,Troublemaker,"James explicitly claims to have been a Werewolf, and Sukeshi later confirms this suspicion. While the discussion is chaotic due to role swaps, James is the most direct suspect identified as a Werewolf. Eliminating him maximizes the chances of Team Village successfully eliminating a Werewolf and winning the game."
C:\Users\annab\Documents\GitHub\masters_thesis_sdg\results\voting\unsloth_gemma-4-E2B-it-unsloth-bnb-4bit\prompt_v4_t0\Ego4D\0c2659db-7bd4-4b37-9b08-4e247befe382_Game7.json,greedy_t0,greedy,Ego4D,0c2659db-7bd4-4b37-9b08-4e247befe382,Game7,Ego4D / 0c2659db-7bd4-4b37-9b08-4e247befe382 / Game7,circle_vote,No Werewolf,,True,True,,,"The discussion transcript is highly confusing due to multiple role swaps and conflicting claims about who holds which role. While several players accuse each other of being Werewolves or other roles, there is no definitive confirmation of a Werewolf's identity. Given the uncertainty and the game rules, the safest strategy is to assume that all Werewolf cards may be in the center, which results in a Team Village victory if no Werewolf is present."
C:\Users\annab\Documents\GitHub\masters_thesis_sdg\results\voting\unsloth_gemma-4-E2B-it-unsloth-bnb-4bit\prompt_v4_t0\Ego4D\0c2659db-7bd4-4b37-9b08-4e247befe382_Game8.json,greedy_t0,greedy,Ego4D,0c2659db-7bd4-4b37-9b08-4e247befe382,Game8,Ego4D / 0c2659db-7bd4-4b37-9b08-4e247befe382 / Game8,player_vote,Sian,Sian,False,False,Tanner,Tanner,"The discussion heavily focuses on role swapping and identifying players, leading to strong suspicion directed towards Sian. Players explicitly suggest Sian could be the Tanner, Minion, or Werewolf, and multiple participants express a desire to eliminate her. Since Team Village wins by eliminating a Werewolf, targeting the player most strongly implicated by the group is the optimal strategy to maximize the chances of success."
C:\Users\annab\Documents\GitHub\masters_thesis_sdg\results\voting\unsloth_gemma-4-E2B-it-unsloth-bnb-4bit\prompt_v4_t0\Ego4D\0c2659db-7bd4-4b37-9b08-4e247befe382_Game9.json,greedy_t0,greedy,Ego4D,0c2659db-7bd4-4b37-9b08-4e247befe382,Game9,Ego4D / 0c2659db-7bd4-4b37-9b08-4e247befe382 / Game9,player_vote,Chris,Chris,False,True,Werewolf,Werewolf,"The discussion is highly confusing and filled with conflicting claims regarding roles, particularly the Villager and Werewolf identities. Chris is repeatedly accused of being a Werewolf or lying about his role, and he is also mentioned in connection with the Hunter role. While the evidence is circumstantial, targeting a player who is heavily suspected of being a Werewolf increases the chances of Team Village eliminating one, fulfilling the win condition."
C:\Users\annab\Documents\GitHub\masters_thesis_sdg\results\voting\unsloth_gemma-4-E2B-it-unsloth-bnb-4bit\prompt_v4_t0\Ego4D\1a0d3e22-a6d6-4723-91a0-52fc2c87d5ce_Game10.json,greedy_t0,greedy,Ego4D,1a0d3e22-a6d6-4723-91a0-52fc2c87d5ce,Game10,Ego4D / 1a0d3e22-a6d6-4723-91a0-52fc2c87d5ce / Game10,circle_vote,No Werewolf,,True,False,,,"The discussion transcript is heavily focused on role confusion, potential card swaps, and self-doubt among the players, making it impossible to definitively identify the Werewolf. While players like Sean and Jacob express uncertainty or make suspicious claims, there is no concrete evidence linking any specific player to the Werewolf role. Since Team Village wins if no Werewolves are present and no one dies, and given the high level of ambiguity, the safest strategic move is to assume no Werewolf is present."
C:\Users\annab\Documents\GitHub\masters_thesis_sdg\results\voting\unsloth_gemma-4-E2B-it-unsloth-bnb-4bit\prompt_v4_t0\Ego4D\1a0d3e22-a6d6-4723-91a0-52fc2c87d5ce_Game11.json,greedy_t0,greedy,Ego4D,1a0d3e22-a6d6-4723-91a0-52fc2c87d5ce,Game11,Ego4D / 1a0d3e22-a6d6-4723-91a0-52fc2c87d5ce / Game11,circle_vote,No Werewolf,,True,False,,,"The discussion transcript is highly confusing due to multiple role swaps and uncertainty regarding player identities. While players are debating the presence of a Troublemaker and Werewolves, there is no concrete evidence or successful identification of a Werewolf. Since Team Village wins if they eliminate a Werewolf, and if no Werewolf is present, they win by default, I cannot confidently accuse any player."
C:\Users\annab\Documents\GitHub\masters_thesis_sdg\results\voting\unsloth_gemma-4-E2B-it-unsloth-bnb-4bit\prompt_v4_t0\Ego4D\1a0d3e22-a6d6-4723-91a0-52fc2c87d5ce_Game6.json,greedy_t0,greedy,Ego4D,1a0d3e22-a6d6-4723-91a0-52fc2c87d5ce,Game6,Ego4D / 1a0d3e22-a6d6-4723-91a0-52fc2c87d5ce / Game6,player_vote,Hunter,Hunter,False,False,Villager,Villager,"Hunter explicitly claims to be a Werewolf during the discussion, which is the primary target for Team Village to eliminate. Although there is significant confusion and conflicting claims regarding roles (Hunter claiming to be both a Villager and a Werewolf), targeting the player who claims the Werewolf role is the most direct path to winning the game. If Hunter is indeed the Werewolf, Team Village achieves its objective."
C:\Users\annab\Documents\GitHub\masters_thesis_sdg\results\voting\unsloth_gemma-4-E2B-it-unsloth-bnb-4bit\prompt_v4_t0\Ego4D\1a0d3e22-a6d6-4723-91a0-52fc2c87d5ce_Game7.json,greedy_t0,greedy,Ego4D,1a0d3e22-a6d6-4723-91a0-52fc2c87d5ce,Game7,Ego4D / 1a0d3e22-a6d6-4723-91a0-52fc2c87d5ce / Game7,circle_vote,No Werewolf,,True,False,,,"The discussion revolves entirely around card swapping and identifying roles (Robber, Troublemaker, Seer). While players are accusing each other of having swapped cards, no player has explicitly claimed to be the Werewolf, nor has any Werewolf action been revealed. Since I have no concrete evidence linking any player to the Werewolf role, I must assume that no Werewolf is currently active among the players."
C:\Users\annab\Documents\GitHub\masters_thesis_sdg\results\voting\unsloth_gemma-4-E2B-it-unsloth-bnb-4bit\prompt_v4_t0\Ego4D\1a0d3e22-a6d6-4723-91a0-52fc2c87d5ce_Game8.json,greedy_t0,greedy,Ego4D,1a0d3e22-a6d6-4723-91a0-52fc2c87d5ce,Game8,Ego4D / 1a0d3e22-a6d6-4723-91a0-52fc2c87d5ce / Game8,player_vote,Zack,Zack,False,True,Werewolf,Robber,"The transcript contains a direct accusation from Hunter stating, ""I hate to tell you chief, but you're now the werewolf."" While the role swaps make identifying the current role difficult, this statement strongly points to Zack being the Werewolf. Since Team Village wins by eliminating a Werewolf, voting for Zack is the necessary action to achieve this goal."
C:\Users\annab\Documents\GitHub\masters_thesis_sdg\results\voting\unsloth_gemma-4-E2B-it-unsloth-bnb-4bit\prompt_v4_t0\Ego4D\1a0d3e22-a6d6-4723-91a0-52fc2c87d5ce_Game9.json,greedy_t0,greedy,Ego4D,1a0d3e22-a6d6-4723-91a0-52fc2c87d5ce,Game9,Ego4D / 1a0d3e22-a6d6-4723-91a0-52fc2c87d5ce / Game9,player_vote,Zack,Zack,False,True,Werewolf,Werewolf,"The discussion strongly suggests that Zack is the Werewolf due to Jacob's deduction that the Robber switched cards with Zack, and Zack's subsequent attempt to cover up. Jacob explicitly states he is confident that Sean was the Robber and Zack is the Werewolf. Eliminating Zack is the best way to ensure Team Village eliminates a Werewolf and secures the win condition."
C:\Users\annab\Documents\GitHub\masters_thesis_sdg\results\voting\unsloth_gemma-4-E2B-it-unsloth-bnb-4bit\prompt_v4_t0\Ego4D\2ba4023c-a8bf-43ad-ad5a-80ba222ce990_Game10.json,greedy_t0,greedy,Ego4D,2ba4023c-a8bf-43ad-ad5a-80ba222ce990,Game10,Ego4D / 2ba4023c-a8bf-43ad-ad5a-80ba222ce990 / Game10,player_vote,Tyler,Tyler,False,True,Werewolf,Werewolf,"The discussion is highly confusing due to multiple role swaps and self-referential claims, making definitive identification difficult. Tyler is actively trying to deflect suspicion onto Margaret by suggesting she is a Werewolf, which aligns with the Werewolf goal of diverting attention. Given the high level of deception and the complexity of the role swaps, Tyler is the most likely candidate to be a Werewolf attempting to manipulate the voting process."
C:\Users\annab\Documents\GitHub\masters_thesis_sdg\results\voting\unsloth_gemma-4-E2B-it-unsloth-bnb-4bit\prompt_v4_t0\Ego4D\2ba4023c-a8bf-43ad-ad5a-80ba222ce990_Game6.json,greedy_t0,greedy,Ego4D,2ba4023c-a8bf-43ad-ad5a-80ba222ce990,Game6,Ego4D / 2ba4023c-a8bf-43ad-ad5a-80ba222ce990 / Game6,player_vote,Clint,Clint,False,True,Werewolf,Werewolf,"The discussion centers heavily on identifying the Werewolf, with Margaret and Tyler strongly suspecting Clint. Erin attempts to deflect suspicion by claiming roles and arguing that they were not the Werewolf. Given that the game rules state Team Village wins by eliminating a Werewolf, and the conversation points toward Clint being the primary target of suspicion, voting for him is the most logical move to attempt to eliminate a Werewolf."
C:\Users\annab\Documents\GitHub\masters_thesis_sdg\results\voting\unsloth_gemma-4-E2B-it-unsloth-bnb-4bit\prompt_v4_t0\Ego4D\2ba4023c-a8bf-43ad-ad5a-80ba222ce990_Game7.json,greedy_t0,greedy,Ego4D,2ba4023c-a8bf-43ad-ad5a-80ba222ce990,Game7,Ego4D / 2ba4023c-a8bf-43ad-ad5a-80ba222ce990 / Game7,player_vote,Erin,Erin,False,False,Hunter,Drunk,"The discussion is highly speculative, revolving around complex role swaps and accusations. However, multiple players, including Margaret, Tyler, and Clint, converge on the belief that Erin is the Werewolf, suggesting she is the target of suspicion. Since Team Village needs to eliminate a Werewolf to win, voting for Erin is the best strategic move based on the current consensus, despite the lack of definitive proof."
C:\Users\annab\Documents\GitHub\masters_thesis_sdg\results\voting\unsloth_gemma-4-E2B-it-unsloth-bnb-4bit\prompt_v4_t0\Ego4D\2ba4023c-a8bf-43ad-ad5a-80ba222ce990_Game8.json,greedy_t0,greedy,Ego4D,2ba4023c-a8bf-43ad-ad5a-80ba222ce990,Game8,Ego4D / 2ba4023c-a8bf-43ad-ad5a-80ba222ce990 / Game8,player_vote,Erin,Erin,False,False,Troublemaker,Drunk,"The discussion heavily focuses on identifying who is lying and who holds which role, leading to strong suspicions about Erin's identity. Tyler explicitly states he believes Erin is the Werewolf, and Clint ultimately votes for Erin's elimination. Given the context of the game and the accumulated suspicion, targeting Erin is the best strategy to eliminate a potential Werewolf and secure a win for Team Village."
C:\Users\annab\Documents\GitHub\masters_thesis_sdg\results\voting\unsloth_gemma-4-E2B-it-unsloth-bnb-4bit\prompt_v4_t0\Ego4D\2ba4023c-a8bf-43ad-ad5a-80ba222ce990_Game9.json,greedy_t0,greedy,Ego4D,2ba4023c-a8bf-43ad-ad5a-80ba222ce990,Game9,Ego4D / 2ba4023c-a8bf-43ad-ad5a-80ba222ce990 / Game9,player_vote,Clint,Clint,False,False,Robber,Hunter,"The discussion is highly confusing due to role swaps and conflicting claims, making definitive identification difficult. However, Clint explicitly claims to be the Werewolf multiple times, and the general consensus in the final voting phase points towards Tyler being the target. To maximize the chances of Team Village winning, I will vote out the player who is most aggressively claiming the Werewolf role, as this is the highest probability target."
C:\Users\annab\Documents\GitHub\masters_thesis_sdg\results\voting\unsloth_gemma-4-E2B-it-unsloth-bnb-4bit\prompt_v4_t0\Ego4D\324bccd2-adff-4e9a-8ff4-03491e144ac3_Game1.json,greedy_t0,greedy,Ego4D,324bccd2-adff-4e9a-8ff4-03491e144ac3,Game1,Ego4D / 324bccd2-adff-4e9a-8ff4-03491e144ac3 / Game1,circle_vote,No Werewolf,,True,False,,,"The discussion transcript is highly ambiguous regarding the actual roles and the presence of Werewolves, with players debating whether one or two Werewolves are present. Since no player has been definitively identified as a Werewolf, and the game rules state that Team Village wins if no Werewolves are present and no one dies, the safest strategic move is to assume that all Werewolf cards are in the center. This maximizes the chance of a Team Village victory."
C:\Users\annab\Documents\GitHub\masters_thesis_sdg\results\voting\unsloth_gemma-4-E2B-it-unsloth-bnb-4bit\prompt_v4_t0\Ego4D\324bccd2-adff-4e9a-8ff4-03491e144ac3_Game2.json,greedy_t0,greedy,Ego4D,324bccd2-adff-4e9a-8ff4-03491e144ac3,Game2,Ego4D / 324bccd2-adff-4e9a-8ff4-03491e144ac3 / Game2,player_vote,Hunter,Hunter,False,False,Seer,Werewolf,"Hunter explicitly stated in the transcript that he was the Werewolf, which is the strongest indicator of a Werewolf being present. Although the discussion is complicated by claims of card swaps involving the Robber and Seer roles, Hunter's direct admission must be considered. To maximize the chances of Team Village winning, voting out the player who claims to be the Werewolf is the most logical strategy."
C:\Users\annab\Documents\GitHub\masters_thesis_sdg\results\voting\unsloth_gemma-4-E2B-it-unsloth-bnb-4bit\prompt_v4_t0\Ego4D\324bccd2-adff-4e9a-8ff4-03491e144ac3_Game3.json,greedy_t0,greedy,Ego4D,324bccd2-adff-4e9a-8ff4-03491e144ac3,Game3,Ego4D / 324bccd2-adff-4e9a-8ff4-03491e144ac3 / Game3,circle_vote,No Werewolf,,True,False,,,"The discussion transcript focuses heavily on confusion regarding role swaps and card identities rather than any confirmed Werewolf activity or identification. While several Village roles (Seer, Villager, Robber, Troublemaker) are discussed, there is no evidence presented that a Werewolf is currently active or present among the players. Since Team Village wins if they eliminate a Werewolf, and if no Werewolf is present, they win if no one dies, I conclude that no Werewolf is present."
C:\Users\annab\Documents\GitHub\masters_thesis_sdg\results\voting\unsloth_gemma-4-E2B-it-unsloth-bnb-4bit\prompt_v4_t0\Ego4D\324bccd2-adff-4e9a-8ff4-03491e144ac3_Game4.json,greedy_t0,greedy,Ego4D,324bccd2-adff-4e9a-8ff4-03491e144ac3,Game4,Ego4D / 324bccd2-adff-4e9a-8ff4-03491e144ac3 / Game4,circle_vote,No Werewolf,,True,False,,,"The discussion transcript is highly confusing due to role swaps and uncertainty regarding who holds which role card. While Zack claimed to be the Seer and guaranteed the presence of a Werewolf, the evidence is circumstantial and heavily debated. Since there is no definitive identification of a Werewolf, and the game rules state that Team Village wins if no player is a Werewolf and no one dies, I cannot confidently accuse anyone."
C:\Users\annab\Documents\GitHub\masters_thesis_sdg\results\voting\unsloth_gemma-4-E2B-it-unsloth-bnb-4bit\prompt_v4_t0\Ego4D\324bccd2-adff-4e9a-8ff4-03491e144ac3_Game5.json,greedy_t0,greedy,Ego4D,324bccd2-adff-4e9a-8ff4-03491e144ac3,Game5,Ego4D / 324bccd2-adff-4e9a-8ff4-03491e144ac3 / Game5,player_vote,Jacob,Jacob,False,True,Werewolf,Werewolf,"The discussion centers heavily on role swapping and deception, particularly involving Jacob and Sean. Hunter explicitly states that Jacob is still the werewolf, which provides the strongest lead for identifying a target. Since Team Village wins by eliminating a Werewolf, voting out Jacob is the most direct path to victory based on the current information. Although the evidence is circumstantial due to the role swaps, Hunter's assertion makes Jacob the primary suspect."
C:\Users\annab\Documents\GitHub\masters_thesis_sdg\results\voting\unsloth_gemma-4-E2B-it-unsloth-bnb-4bit\prompt_v4_t0\Ego4D\3ba069be-60fa-47fc-bd7b-f85bf649a5bd_Game1.json,greedy_t0,greedy,Ego4D,3ba069be-60fa-47fc-bd7b-f85bf649a5bd,Game1,Ego4D / 3ba069be-60fa-47fc-bd7b-f85bf649a5bd / Game1,circle_vote,No Werewolf,,True,False,,,"The discussion transcript is highly confusing due to multiple role swaps and self-referential statements, making it impossible to definitively identify the Werewolf. Players are accusing each other of deception, but no player has provided concrete evidence or confirmed their role as the Werewolf. Since the evidence is inconclusive and the game rules allow for a win condition if all Werewolf cards are in the center, I cannot confidently accuse any player."
C:\Users\annab\Documents\GitHub\masters_thesis_sdg\results\voting\unsloth_gemma-4-E2B-it-unsloth-bnb-4bit\prompt_v4_t0\Ego4D\3ba069be-60fa-47fc-bd7b-f85bf649a5bd_Game2.json,greedy_t0,greedy,Ego4D,3ba069be-60fa-47fc-bd7b-f85bf649a5bd,Game2,Ego4D / 3ba069be-60fa-47fc-bd7b-f85bf649a5bd / Game2,circle_vote,No Werewolf,,True,True,,,"The discussion primarily revolves around role swapping and confusion regarding identities, making it impossible to definitively identify a Werewolf. No player has claimed the Werewolf role, and there is no evidence presented in the transcript to suggest a Werewolf is present. Following the rule that if no Werewolf is believed to be present, Team Village wins if no one dies, I conclude that no Werewolf is currently active."
C:\Users\annab\Documents\GitHub\masters_thesis_sdg\results\voting\unsloth_gemma-4-E2B-it-unsloth-bnb-4bit\prompt_v4_t0\Ego4D\3ba069be-60fa-47fc-bd7b-f85bf649a5bd_Game3.json,greedy_t0,greedy,Ego4D,3ba069be-60fa-47fc-bd7b-f85bf649a5bd,Game3,Ego4D / 3ba069be-60fa-47fc-bd7b-f85bf649a5bd / Game3,player_vote,Jessica,Jessica,False,True,Werewolf,Doppelganger,"The transcript explicitly states that Daniel identified Jessica as the Werewolf in line [41]. Since Team Village wins by eliminating a Werewolf, voting out Jessica is the necessary action to secure victory for Team Village."
C:\Users\annab\Documents\GitHub\masters_thesis_sdg\results\voting\unsloth_gemma-4-E2B-it-unsloth-bnb-4bit\prompt_v4_t0\Ego4D\3ba069be-60fa-47fc-bd7b-f85bf649a5bd_Game4.json,greedy_t0,greedy,Ego4D,3ba069be-60fa-47fc-bd7b-f85bf649a5bd,Game4,Ego4D / 3ba069be-60fa-47fc-bd7b-f85bf649a5bd / Game4,player_vote,Daniel,Daniel,False,False,Robber,Minion,"Daniel, who is identified as the Minion, explicitly stated in the transcript that 'that's the werewolf,' suggesting he has identified the Werewolf during the night. Although role swaps make the information unreliable, this direct accusation is the strongest piece of evidence available to Team Village. Eliminating the player who claims to have identified the Werewolf maximizes the chance of winning."
C:\Users\annab\Documents\GitHub\masters_thesis_sdg\results\voting\unsloth_gemma-4-E2B-it-unsloth-bnb-4bit\prompt_v4_t0\Ego4D\3ba069be-60fa-47fc-bd7b-f85bf649a5bd_Game5.json,greedy_t0,greedy,Ego4D,3ba069be-60fa-47fc-bd7b-f85bf649a5bd,Game5,Ego4D / 3ba069be-60fa-47fc-bd7b-f85bf649a5bd / Game5,player_vote,Daniel,Daniel,False,False,Tanner,Robber,"The discussion revolves heavily around role swapping and deception, with Daniel being explicitly called out by Kaelan as being 'very good at convincing people of things' and potentially being the Doppelganger. Since the Werewolf aims to survive and divert suspicion, Daniel is the most suspicious player based on the transcript. Voting for Daniel maximizes the chance of eliminating a Werewolf and securing a win for Team Village."
C:\Users\annab\Documents\GitHub\masters_thesis_sdg\results\voting\unsloth_gemma-4-E2B-it-unsloth-bnb-4bit\prompt_v4_t0\Ego4D\3ba069be-60fa-47fc-bd7b-f85bf649a5bd_Game6.json,greedy_t0,greedy,Ego4D,3ba069be-60fa-47fc-bd7b-f85bf649a5bd,Game6,Ego4D / 3ba069be-60fa-47fc-bd7b-f85bf649a5bd / Game6,circle_vote,No Werewolf,,True,True,,,"The transcript primarily details role swaps and the identification of several Team Village roles (Drunk, Insomniac, Robber, Doppelganger). There is no direct evidence or accusation pointing toward a Werewolf role being held by any player. Since Team Village wins if no Werewolf is present and no one dies, and I cannot confirm the presence of a Werewolf, the safest strategy is to assume no Werewolf is currently active."
C:\Users\annab\Documents\GitHub\masters_thesis_sdg\results\voting\unsloth_gemma-4-E2B-it-unsloth-bnb-4bit\prompt_v4_t0\Ego4D\62c4bc58-3776-4791-ac30-4c9ca5619503_Game10.json,greedy_t0,greedy,Ego4D,62c4bc58-3776-4791-ac30-4c9ca5619503,Game10,Ego4D / 62c4bc58-3776-4791-ac30-4c9ca5619503 / Game10,circle_vote,No Werewolf,,True,False,,,"The provided transcript is extremely sparse and speculative, containing only brief mentions of potential roles like Villager and Tanner, and vague guesses about the Werewolf. There is no concrete evidence or strong accusation that allows me to confidently identify a Werewolf. Since Team Village wins if no Werewolf is present, and I cannot confirm the presence of a Werewolf, the safest strategy is to assume no Werewolf is present."
C:\Users\annab\Documents\GitHub\masters_thesis_sdg\results\voting\unsloth_gemma-4-E2B-it-unsloth-bnb-4bit\prompt_v4_t0\Ego4D\62c4bc58-3776-4791-ac30-4c9ca5619503_Game11.json,greedy_t0,greedy,Ego4D,62c4bc58-3776-4791-ac30-4c9ca5619503,Game11,Ego4D / 62c4bc58-3776-4791-ac30-4c9ca5619503 / Game11,circle_vote,No Werewolf,,True,False,,,"The discussion primarily revolves around identifying the Tanner and Villager roles, with players speculating about deception and double plays. There is no concrete evidence or accusation pointing toward a Werewolf performing night actions or being identified as such. Since I lack sufficient information to confirm the presence of a Werewolf, I must conclude that I cannot confidently identify one."
C:\Users\annab\Documents\GitHub\masters_thesis_sdg\results\voting\unsloth_gemma-4-E2B-it-unsloth-bnb-4bit\prompt_v4_t0\Ego4D\62c4bc58-3776-4791-ac30-4c9ca5619503_Game12.json,greedy_t0,greedy,Ego4D,62c4bc58-3776-4791-ac30-4c9ca5619503,Game12,Ego4D / 62c4bc58-3776-4791-ac30-4c9ca5619503 / Game12,circle_vote,No Werewolf,,True,True,,,"The discussion primarily revolves around role confusion, specifically Masons and the Troublemaker, and Drunk mechanics. There is no concrete evidence or action taken during the Night phase that points to a Werewolf. Since the transcript provides no reliable information to identify a Werewolf, I cannot confidently vote out a player. Following the rule, I will indicate that I believe no Werewolf is currently present."
C:\Users\annab\Documents\GitHub\masters_thesis_sdg\results\voting\unsloth_gemma-4-E2B-it-unsloth-bnb-4bit\prompt_v4_t0\Ego4D\62c4bc58-3776-4791-ac30-4c9ca5619503_Game7.json,greedy_t0,greedy,Ego4D,62c4bc58-3776-4791-ac30-4c9ca5619503,Game7,Ego4D / 62c4bc58-3776-4791-ac30-4c9ca5619503 / Game7,player_vote,Kevin,Kevin,False,False,Seer,Seer,"Kevin explicitly claimed to be the Werewolf and Minion, and the Announcer confirmed these roles were present. Since Team Village wins by eliminating a Werewolf, Kevin is the primary suspect and the logical target for elimination. Although the transcript is confusing due to role swaps, his direct claim provides the strongest evidence for targeting a member of Team Werewolf."
C:\Users\annab\Documents\GitHub\masters_thesis_sdg\results\voting\unsloth_gemma-4-E2B-it-unsloth-bnb-4bit\prompt_v4_t0\Ego4D\62c4bc58-3776-4791-ac30-4c9ca5619503_Game8.json,greedy_t0,greedy,Ego4D,62c4bc58-3776-4791-ac30-4c9ca5619503,Game8,Ego4D / 62c4bc58-3776-4791-ac30-4c9ca5619503 / Game8,circle_vote,No Werewolf,,True,True,,,"The discussion in the transcript indicates significant confusion regarding roles and suspicions, culminating in a tie vote where no one is eliminated. According to the game rules, if there is no clear Werewolf and all Werewolf cards are in the center, Team Village wins. Since the voting resulted in a tie, it is highly probable that the Werewolf is in the center, fulfilling the condition for Team Village to win without eliminating anyone."
C:\Users\annab\Documents\GitHub\masters_thesis_sdg\results\voting\unsloth_gemma-4-E2B-it-unsloth-bnb-4bit\prompt_v4_t0\Ego4D\62c4bc58-3776-4791-ac30-4c9ca5619503_Game9.json,greedy_t0,greedy,Ego4D,62c4bc58-3776-4791-ac30-4c9ca5619503,Game9,Ego4D / 62c4bc58-3776-4791-ac30-4c9ca5619503 / Game9,circle_vote,No Werewolf,,True,False,,,"The discussion primarily revolves around role swapping (Doppelganger, Robber, Troublemaker, Drunk) and uncertainty regarding current roles. There is no explicit evidence or accusation pointing toward a Werewolf's actions or identity. Since I have no information confirming the presence of a Werewolf, I cannot make an informed accusation."
C:\Users\annab\Documents\GitHub\masters_thesis_sdg\results\voting\unsloth_gemma-4-E2B-it-unsloth-bnb-4bit\prompt_v4_t0\Ego4D\64076f60-f3fc-4ee6-93e1-3489d8ec7b12_Game3.json,greedy_t0,greedy,Ego4D,64076f60-f3fc-4ee6-93e1-3489d8ec7b12,Game3,Ego4D / 64076f60-f3fc-4ee6-93e1-3489d8ec7b12 / Game3,player_vote,Jack,Jack,False,False,Robber,Werewolf,"Jack repeatedly claimed to have been the Werewolf and later confirmed he started with that role, despite the confusion caused by multiple card swaps during the game. While the transcript is highly convoluted, Jack's direct admission makes him the primary suspect for the Werewolf card. Eliminating him is the best chance for Team Village to win."
C:\Users\annab\Documents\GitHub\masters_thesis_sdg\results\voting\unsloth_gemma-4-E2B-it-unsloth-bnb-4bit\prompt_v4_t0\Ego4D\698f6bbe-4347-4a06-bd5d-3482f5e4fbbe_Game1.json,greedy_t0,greedy,Ego4D,698f6bbe-4347-4a06-bd5d-3482f5e4fbbe,Game1,Ego4D / 698f6bbe-4347-4a06-bd5d-3482f5e4fbbe / Game1,player_vote,Elliot,Elliot,False,True,Werewolf,Robber,"James explicitly stated he was a Werewolf and suggested that Elliot switched with him, making Elliot the Werewolf. Although this is a claim, it is the strongest indicator of a Werewolf role in the discussion. Since Team Village wins by eliminating a Werewolf, voting for Elliot is the most direct path to victory based on the current information."
C:\Users\annab\Documents\GitHub\masters_thesis_sdg\results\voting\unsloth_gemma-4-E2B-it-unsloth-bnb-4bit\prompt_v4_t0\Ego4D\698f6bbe-4347-4a06-bd5d-3482f5e4fbbe_Game2.json,greedy_t0,greedy,Ego4D,698f6bbe-4347-4a06-bd5d-3482f5e4fbbe,Game2,Ego4D / 698f6bbe-4347-4a06-bd5d-3482f5e4fbbe / Game2,player_vote,Sukeshi,Sukeshi,False,True,Werewolf,Werewolf,"The discussion strongly focuses suspicion on Sukeshi, who is described as quiet and suspicious. Multiple players, including Ashley and Elliot, explicitly state they believe she is the Werewolf. While there is uncertainty regarding the Tanner role, the collective belief that Sukeshi is the Werewolf provides the best chance for Team Village to win by eliminating a Werewolf."
C:\Users\annab\Documents\GitHub\masters_thesis_sdg\results\voting\unsloth_gemma-4-E2B-it-unsloth-bnb-4bit\prompt_v4_t0\Ego4D\698f6bbe-4347-4a06-bd5d-3482f5e4fbbe_Game3.json,greedy_t0,greedy,Ego4D,698f6bbe-4347-4a06-bd5d-3482f5e4fbbe,Game3,Ego4D / 698f6bbe-4347-4a06-bd5d-3482f5e4fbbe / Game3,circle_vote,No Werewolf,,True,False,,,"The discussion is highly speculative, and while Sukeshi claimed to have identified a Werewolf using the Seer ability, the evidence is not conclusive and could be misleading. Since I cannot definitively confirm the presence of a Werewolf or identify a specific player as the Werewolf, voting risks eliminating a Village member. To maximize the chance of Team Village winning, I will assume no Werewolf is confirmed."
C:\Users\annab\Documents\GitHub\masters_thesis_sdg\results\voting\unsloth_gemma-4-E2B-it-unsloth-bnb-4bit\prompt_v4_t0\Youtube\Flashback##ONE#NIGHT#ULTIMATE#WEREWOLF##Retro#9_Game1.json,greedy_t0,greedy,Youtube,Flashback##ONE#NIGHT#ULTIMATE#WEREWOLF##Retro#9,Game1,Youtube / Flashback##ONE#NIGHT#ULTIMATE#WEREWOLF##Retro#9 / Game1,player_vote,Mitchell,Mitchell,False,False,Insomniac,Insomniac,"The discussion heavily focuses on Mitchell's identity, with Paul expressing suspicion that Mitchell is playing too safe and suggesting he might be the Insomniac, which Paul views as a 'sweet story.' Although Mitchell denies being a Werewolf, the collective suspicion directed at him makes him the primary target for elimination. Since there is no concrete evidence pointing to another player, voting out the most suspected individual is the best strategy to maximize the chance of eliminating a Werewolf and securing a Team Village victory."
C:\Users\annab\Documents\GitHub\masters_thesis_sdg\results\voting\unsloth_gemma-4-E2B-it-unsloth-bnb-4bit\prompt_v4_t0\Youtube\Flashback##ONE#NIGHT#ULTIMATE#WEREWOLF##Retro#9_Game2.json,greedy_t0,greedy,Youtube,Flashback##ONE#NIGHT#ULTIMATE#WEREWOLF##Retro#9,Game2,Youtube / Flashback##ONE#NIGHT#ULTIMATE#WEREWOLF##Retro#9 / Game2,player_vote,Mitchell,Mitchell,False,False,Villager,Seer,"The discussion centers around identifying the Werewolf through role swapping and accusations. Justin eventually deduces that Mitchell is currently the Werewolf, stating this because of a switch involving Paul. James immediately follows up by accusing Mitchell, suggesting Mitchell is the target. Given the collective focus and the final deduction made by Justin, Mitchell is the most likely candidate to be eliminated to ensure Team Village wins."
C:\Users\annab\Documents\GitHub\masters_thesis_sdg\results\voting\unsloth_gemma-4-E2B-it-unsloth-bnb-4bit\prompt_v4_t0\Youtube\Flashback##ONE#NIGHT#ULTIMATE#WEREWOLF##Retro#9_Game3.json,greedy_t0,greedy,Youtube,Flashback##ONE#NIGHT#ULTIMATE#WEREWOLF##Retro#9,Game3,Youtube / Flashback##ONE#NIGHT#ULTIMATE#WEREWOLF##Retro#9 / Game3,player_vote,Mitchell,Mitchell,False,True,Werewolf,Robber,"The discussion indicates significant suspicion among the players, particularly Mitchell who questions Justin's role and suggests there might be two werewolves present. Justin explicitly states that if a Werewolf exists, they will win, suggesting a collective belief that elimination is necessary. Given the high level of distrust and the explicit suggestion that Werewolves are active, Mitchell is a strong candidate for elimination to secure a win for Team Village."
C:\Users\annab\Documents\GitHub\masters_thesis_sdg\results\voting\unsloth_gemma-4-E2B-it-unsloth-bnb-4bit\prompt_v4_t0\Youtube\Flashback##ONE#NIGHT#ULTIMATE#WEREWOLF##Retro#9_Game4.json,greedy_t0,greedy,Youtube,Flashback##ONE#NIGHT#ULTIMATE#WEREWOLF##Retro#9,Game4,Youtube / Flashback##ONE#NIGHT#ULTIMATE#WEREWOLF##Retro#9 / Game4,player_vote,Laura,Laura,False,False,Villager,Villager,"The transcript provides conflicting information regarding roles and suspicions, making it difficult to definitively identify a Werewolf. Paul and Justin both express suspicion toward Laura, who denies being a Werewolf twice. Since Team Village wins only by eliminating a Werewolf, targeting the most suspected player is the best strategy to attempt to achieve the win condition. Although the evidence is circumstantial, Laura is the primary focus of suspicion in the discussion."
C:\Users\annab\Documents\GitHub\masters_thesis_sdg\results\voting\unsloth_gemma-4-E2B-it-unsloth-bnb-4bit\prompt_v4_t0\Youtube\Flashback##ONE#NIGHT#ULTIMATE#WEREWOLF##Retro#9_Game5.json,greedy_t0,greedy,Youtube,Flashback##ONE#NIGHT#ULTIMATE#WEREWOLF##Retro#9,Game5,Youtube / Flashback##ONE#NIGHT#ULTIMATE#WEREWOLF##Retro#9 / Game5,player_vote,Mitchell,Mitchell,False,False,Villager,Villager,"The transcript contains conflicting claims regarding roles, but Mitchell explicitly states, ""I'm a werewolf"" (71), and Laura claims to be a werewolf (53). Since Team Village wins by eliminating a Werewolf, targeting the player who claims to be the Werewolf is the most direct strategy. Mitchell's self-identification provides a strong basis for suspicion."
C:\Users\annab\Documents\GitHub\masters_thesis_sdg\results\voting\unsloth_gemma-4-E2B-it-unsloth-bnb-4bit\prompt_v4_t0\Youtube\One#Night#Ultimate#Love#Letter##ONE#NIGHT#ULTIMATE#WEREWOLF_Game2.json,greedy_t0,greedy,Youtube,One#Night#Ultimate#Love#Letter##ONE#NIGHT#ULTIMATE#WEREWOLF,Game2,Youtube / One#Night#Ultimate#Love#Letter##ONE#NIGHT#ULTIMATE#WEREWOLF / Game2,player_vote,Mitchell,Mitchell,False,True,Werewolf,Werewolf,"Mitchell is the only player who explicitly claims to be the Werewolf, which makes him the primary target for elimination. Furthermore, Mitchell strongly accused Justin of robbing him, suggesting a potential alignment or deception that warrants suspicion. Since Team Village wins by eliminating a Werewolf, voting for Mitchell is the most direct strategy to achieve this goal."
C:\Users\annab\Documents\GitHub\masters_thesis_sdg\results\voting\unsloth_gemma-4-E2B-it-unsloth-bnb-4bit\prompt_v4_t0\Youtube\One#Night#Ultimate#Love#Letter##ONE#NIGHT#ULTIMATE#WEREWOLF_Game3.json,greedy_t0,greedy,Youtube,One#Night#Ultimate#Love#Letter##ONE#NIGHT#ULTIMATE#WEREWOLF,Game3,Youtube / One#Night#Ultimate#Love#Letter##ONE#NIGHT#ULTIMATE#WEREWOLF / Game3,player_vote,Justin,Justin,False,True,Werewolf,Werewolf,"The discussion centers around role swapping and identity confusion, particularly involving Justin and Tyler. Tyler explicitly states that Justin is the werewolf, and this claim is reinforced by Tyler suggesting that if a switch occurred, Justin would be the only werewolf remaining. Since Team Village wins by eliminating a Werewolf, voting for Justin is the most direct path to victory based on the current information."
C:\Users\annab\Documents\GitHub\masters_thesis_sdg\results\voting\unsloth_gemma-4-E2B-it-unsloth-bnb-4bit\prompt_v4_t0\Youtube\One#Night#Ultimate#Love#Letter##ONE#NIGHT#ULTIMATE#WEREWOLF_Game7.json,greedy_t0,greedy,Youtube,One#Night#Ultimate#Love#Letter##ONE#NIGHT#ULTIMATE#WEREWOLF,Game7,Youtube / One#Night#Ultimate#Love#Letter##ONE#NIGHT#ULTIMATE#WEREWOLF / Game7,circle_vote,No Werewolf,,True,False,,,"The discussion transcript is highly confusing and filled with accusations and role swaps, making it impossible to definitively identify the Werewolf. Players are actively trying to bluff and deceive each other regarding their roles. Since I cannot confirm the presence of a Werewolf, I must assume the worst-case scenario for Team Village, which is that no Werewolf is present, allowing Team Village to win by default."
C:\Users\annab\Documents\GitHub\masters_thesis_sdg\results\voting\unsloth_gemma-4-E2B-it-unsloth-bnb-4bit\prompt_v4_t0\Youtube\ONE#NIGHT#ULTIMATE#WEREWOLF##Retro#1_Game1.json,greedy_t0,greedy,Youtube,ONE#NIGHT#ULTIMATE#WEREWOLF##Retro#1,Game1,Youtube / ONE#NIGHT#ULTIMATE#WEREWOLF##Retro#1 / Game1,player_vote,Mitchell,Mitchell,False,True,Werewolf,Werewolf,"The discussion revolves around identifying the Werewolf. James directly accuses Justin, but Alvin and James later agree that Mitchell is the Werewolf. Since Team Village wins by eliminating a Werewolf, voting for Mitchell is the most logical choice based on the current consensus in the transcript."
C:\Users\annab\Documents\GitHub\masters_thesis_sdg\results\voting\unsloth_gemma-4-E2B-it-unsloth-bnb-4bit\prompt_v4_t0\Youtube\ONE#NIGHT#ULTIMATE#WEREWOLF##Retro#1_Game10.json,greedy_t0,greedy,Youtube,ONE#NIGHT#ULTIMATE#WEREWOLF##Retro#1,Game10,Youtube / ONE#NIGHT#ULTIMATE#WEREWOLF##Retro#1 / Game10,player_vote,Mitchell,Mitchell,False,True,Werewolf,Robber,"The discussion heavily suggests Mitchell is the Werewolf, as he explicitly claims Justin is the Werewolf and that there are two Werewolves. Although the final voting resulted in a tie where Justin and Alvin died, Mitchell's strong accusation and the context of the game suggest he is the primary threat. Eliminating Mitchell maximizes the chance of Team Village winning by removing a Werewolf."
C:\Users\annab\Documents\GitHub\masters_thesis_sdg\results\voting\unsloth_gemma-4-E2B-it-unsloth-bnb-4bit\prompt_v4_t0\Youtube\ONE#NIGHT#ULTIMATE#WEREWOLF##Retro#1_Game2.json,greedy_t0,greedy,Youtube,ONE#NIGHT#ULTIMATE#WEREWOLF##Retro#1,Game2,Youtube / ONE#NIGHT#ULTIMATE#WEREWOLF##Retro#1 / Game2,circle_vote,No Werewolf,,True,False,,,"The discussion centers heavily on role swapping and accusations, making it impossible to definitively identify a Werewolf. While players accuse each other of being the Troublemaker or the Werewolf, there is no concrete evidence or confirmed action that points to a Werewolf being present. Since Team Village wins if no Werewolf is present and no one dies, and the evidence is inconclusive, I must assume no Werewolf is currently active."
C:\Users\annab\Documents\GitHub\masters_thesis_sdg\results\voting\unsloth_gemma-4-E2B-it-unsloth-bnb-4bit\prompt_v4_t0\Youtube\ONE#NIGHT#ULTIMATE#WEREWOLF##Retro#1_Game3.json,greedy_t0,greedy,Youtube,ONE#NIGHT#ULTIMATE#WEREWOLF##Retro#1,Game3,Youtube / ONE#NIGHT#ULTIMATE#WEREWOLF##Retro#1 / Game3,player_vote,Alvin,Alvin,False,False,Seer,Seer,"Alvin is the only player who directly claims Justin is the Werewolf based on looking at his card, which makes him the primary suspect. While other players express doubt, Alvin's strong assertion suggests he is attempting to deflect suspicion onto another player. Since Team Village needs to eliminate a Werewolf to win, voting out the player making the most direct accusation is the most logical move."
C:\Users\annab\Documents\GitHub\masters_thesis_sdg\results\voting\unsloth_gemma-4-E2B-it-unsloth-bnb-4bit\prompt_v4_t0\Youtube\ONE#NIGHT#ULTIMATE#WEREWOLF##Retro#1_Game4.json,greedy_t0,greedy,Youtube,ONE#NIGHT#ULTIMATE#WEREWOLF##Retro#1,Game4,Youtube / ONE#NIGHT#ULTIMATE#WEREWOLF##Retro#1 / Game4,player_vote,James,James,False,False,Villager,Villager,"The discussion heavily points toward James being the Werewolf. James claimed to be the Seer and stated that he saw a Werewolf and a Troublemaker in the center cards, which provides strong circumstantial evidence. Furthermore, multiple players, including Justin and Mitchell, ultimately converge on James as the suspect during the voting phase."
C:\Users\annab\Documents\GitHub\masters_thesis_sdg\results\voting\unsloth_gemma-4-E2B-it-unsloth-bnb-4bit\prompt_v4_t0\Youtube\ONE#NIGHT#ULTIMATE#WEREWOLF##Retro#1_Game5.json,greedy_t0,greedy,Youtube,ONE#NIGHT#ULTIMATE#WEREWOLF##Retro#1,Game5,Youtube / ONE#NIGHT#ULTIMATE#WEREWOLF##Retro#1 / Game5,player_vote,Mitchell,Mitchell,False,True,Werewolf,Robber,"The discussion heavily points suspicion toward Mitchell, who claims to have seen the Werewolf and asserts that Alvin is the Werewolf. James explicitly votes for Mitchell, suggesting he believes Mitchell is the Werewolf. Since Team Village wins by eliminating a Werewolf, voting out Mitchell is the optimal strategy based on the current public discussion."
C:\Users\annab\Documents\GitHub\masters_thesis_sdg\results\voting\unsloth_gemma-4-E2B-it-unsloth-bnb-4bit\prompt_v4_t0\Youtube\ONE#NIGHT#ULTIMATE#WEREWOLF##Retro#1_Game6.json,greedy_t0,greedy,Youtube,ONE#NIGHT#ULTIMATE#WEREWOLF##Retro#1,Game6,Youtube / ONE#NIGHT#ULTIMATE#WEREWOLF##Retro#1 / Game6,player_vote,Justin,Justin,False,True,Werewolf,Robber,"The discussion centers on identifying the Werewolf, with Alvin and Mitchell both pointing suspicion toward Justin. While the transcript is inconclusive, Justin's attempt to convince everyone they are all Villagers suggests he might be trying to mislead the group. Given that Team Village wins by eliminating a Werewolf, voting Justin is the most direct way to pursue the win condition based on the current suspicions."
C:\Users\annab\Documents\GitHub\masters_thesis_sdg\results\voting\unsloth_gemma-4-E2B-it-unsloth-bnb-4bit\prompt_v4_t0\Youtube\ONE#NIGHT#ULTIMATE#WEREWOLF##Retro#1_Game7.json,greedy_t0,greedy,Youtube,ONE#NIGHT#ULTIMATE#WEREWOLF##Retro#1,Game7,Youtube / ONE#NIGHT#ULTIMATE#WEREWOLF##Retro#1 / Game7,player_vote,James,James,False,True,Werewolf,Werewolf,"Both Justin and James explicitly claimed to have seen a Werewolf card, which strongly suggests that a Werewolf is present in the game. Since Team Village wins by eliminating a Werewolf, a vote is necessary to attempt this goal. James is the primary suspect as he directly stated he looked at his card and saw a Werewolf. Voting for him maximizes the chance of eliminating a Werewolf and securing a victory for Team Village."
C:\Users\annab\Documents\GitHub\masters_thesis_sdg\results\voting\unsloth_gemma-4-E2B-it-unsloth-bnb-4bit\prompt_v4_t0\Youtube\ONE#NIGHT#ULTIMATE#WEREWOLF##Retro#1_Game8.json,greedy_t0,greedy,Youtube,ONE#NIGHT#ULTIMATE#WEREWOLF##Retro#1,Game8,Youtube / ONE#NIGHT#ULTIMATE#WEREWOLF##Retro#1 / Game8,circle_vote,No Werewolf,,True,False,,,"The discussion revolves entirely around conflicting claims regarding who holds which role (Robber, Seer, Villager, Werewolf), making it impossible to definitively identify a Werewolf. Mitchell claimed to be the Werewolf early on, but later claimed to be the Drunk, and the accusations are mutual and highly deceptive. Since there is no concrete evidence or successful identification of a Werewolf, the safest strategy is to assume no Werewolf is present to ensure Team Village wins by default."
C:\Users\annab\Documents\GitHub\masters_thesis_sdg\results\voting\unsloth_gemma-4-E2B-it-unsloth-bnb-4bit\prompt_v4_t0\Youtube\ONE#NIGHT#ULTIMATE#WEREWOLF##Retro#1_Game9.json,greedy_t0,greedy,Youtube,ONE#NIGHT#ULTIMATE#WEREWOLF##Retro#1,Game9,Youtube / ONE#NIGHT#ULTIMATE#WEREWOLF##Retro#1 / Game9,player_vote,Mitchell,Mitchell,False,True,Werewolf,Werewolf,"Mitchell explicitly claimed to be the Werewolf during the Night phase, which is a strong indicator. Although Justin also claimed to see a Werewolf, Mitchell's self-identification, coupled with the intense suspicion directed at Justin, makes him the primary target. Eliminating Mitchell ensures Team Village eliminates a Werewolf, fulfilling the winning condition."
C:\Users\annab\Documents\GitHub\masters_thesis_sdg\results\voting\unsloth_gemma-4-E2B-it-unsloth-bnb-4bit\prompt_v4_t0\Youtube\ONE#NIGHT#ULTIMATE#WEREWOLF##Retro#2_Game1.json,greedy_t0,greedy,Youtube,ONE#NIGHT#ULTIMATE#WEREWOLF##Retro#2,Game1,Youtube / ONE#NIGHT#ULTIMATE#WEREWOLF##Retro#2 / Game1,player_vote,Caitlynn,Caitlynn,False,True,Werewolf,Villager,"The discussion heavily suggests that Caitlynn is the Werewolf, as Dan explicitly accuses her and the group discusses the possibility of two Werewolves. Since Team Village wins by eliminating a Werewolf, voting out Caitlynn is the most direct path to achieving this goal. Although the evidence is circumstantial, the collective suspicion points toward her being the target."
C:\Users\annab\Documents\GitHub\masters_thesis_sdg\results\voting\unsloth_gemma-4-E2B-it-unsloth-bnb-4bit\prompt_v4_t0\Youtube\ONE#NIGHT#ULTIMATE#WEREWOLF##Retro#2_Game2.json,greedy_t0,greedy,Youtube,ONE#NIGHT#ULTIMATE#WEREWOLF##Retro#2,Game2,Youtube / ONE#NIGHT#ULTIMATE#WEREWOLF##Retro#2 / Game2,circle_vote,No Werewolf,,True,True,,,"The discussion transcript focuses heavily on role identification and card swapping, leading to confusion about who is who. While several roles (Villager, Troublemaker) have been tentatively identified, there is no concrete evidence or action recorded that confirms the presence of a Werewolf. Since Team Village wins if no Werewolves are present and no one dies, and given the lack of clear Werewolf activity, it is safest to assume no Werewolf is currently active."
C:\Users\annab\Documents\GitHub\masters_thesis_sdg\results\voting\unsloth_gemma-4-E2B-it-unsloth-bnb-4bit\prompt_v4_t0\Youtube\ONE#NIGHT#ULTIMATE#WEREWOLF##Retro#2_Game3.json,greedy_t0,greedy,Youtube,ONE#NIGHT#ULTIMATE#WEREWOLF##Retro#2,Game3,Youtube / ONE#NIGHT#ULTIMATE#WEREWOLF##Retro#2 / Game3,player_vote,Justin,Justin,False,True,Werewolf,Werewolf,"The transcript indicates that Mitchell, who started as a Robber, switched cards with Caitlynn, who was a Villager. Later discussions suggest Justin might be the Werewolf, and Mitchell expresses suspicion about Justin's honesty. Since Team Village needs to eliminate a Werewolf to win, and there is strong suspicion pointing towards Justin, voting for him is the most strategic move to maximize the chances of winning."
C:\Users\annab\Documents\GitHub\masters_thesis_sdg\results\voting\unsloth_gemma-4-E2B-it-unsloth-bnb-4bit\prompt_v4_t0\Youtube\ONE#NIGHT#ULTIMATE#WEREWOLF##Retro#2_Game4.json,greedy_t0,greedy,Youtube,ONE#NIGHT#ULTIMATE#WEREWOLF##Retro#2,Game4,Youtube / ONE#NIGHT#ULTIMATE#WEREWOLF##Retro#2 / Game4,player_vote,Mike,Mike,False,True,Werewolf,Werewolf,"Dan directly accuses Mike of being the Werewolf, stating 'Mike is a werewolf' multiple times. Furthermore, Mike admitted to switching cards with other players, which is consistent with a role designed to mislead others. Given the direct accusation and the actions described, Mike is the most likely candidate for elimination to ensure Team Village eliminates a Werewolf."
C:\Users\annab\Documents\GitHub\masters_thesis_sdg\results\voting\unsloth_gemma-4-E2B-it-unsloth-bnb-4bit\prompt_v4_t0\Youtube\ONE#NIGHT#ULTIMATE#WEREWOLF##Retro#2_Game5.json,greedy_t0,greedy,Youtube,ONE#NIGHT#ULTIMATE#WEREWOLF##Retro#2,Game5,Youtube / ONE#NIGHT#ULTIMATE#WEREWOLF##Retro#2 / Game5,player_vote,Justin,Justin,False,False,Robber,Seer,"The discussion transcript strongly indicates that Justin is the Werewolf. Mike initially claimed to be a Werewolf, and later, Caitlynn explicitly confirmed that Justin is the Werewolf based on her observation. Since Team Village wins by eliminating a Werewolf, voting for Justin is the necessary action to achieve this goal. If Justin is indeed the Werewolf, eliminating him ensures Team Village wins the game."
C:\Users\annab\Documents\GitHub\masters_thesis_sdg\results\voting\unsloth_gemma-4-E2B-it-unsloth-bnb-4bit\prompt_v4_t0\Youtube\ONE#NIGHT#ULTIMATE#WEREWOLF##Retro#2_Game6.json,greedy_t0,greedy,Youtube,ONE#NIGHT#ULTIMATE#WEREWOLF##Retro#2,Game6,Youtube / ONE#NIGHT#ULTIMATE#WEREWOLF##Retro#2 / Game6,player_vote,Mitchell,Mitchell,False,False,Tanner,Werewolf,"The discussion is highly confusing due to role swaps, but the final voting phase indicates strong suspicion towards Mitchell. Caitlynn explicitly states that Mitchell was a werewolf, and the general sentiment points toward him being the target. Since Team Village needs to eliminate a Werewolf to win, voting out Mitchell is the most logical move based on the available transcript evidence."
C:\Users\annab\Documents\GitHub\masters_thesis_sdg\results\voting\unsloth_gemma-4-E2B-it-unsloth-bnb-4bit\prompt_v4_t0\Youtube\ONE#NIGHT#ULTIMATE#WEREWOLF##Retro#2_Game7.json,greedy_t0,greedy,Youtube,ONE#NIGHT#ULTIMATE#WEREWOLF##Retro#2,Game7,Youtube / ONE#NIGHT#ULTIMATE#WEREWOLF##Retro#2 / Game7,player_vote,Caitlynn,Caitlynn,False,True,Werewolf,Werewolf,"The discussion strongly suggests that Caitlynn is a Werewolf. Mike repeatedly asserts that there are two werewolves and specifically names Caitlynn as one of them. Although many roles were swapped and identities were confused, the final consensus points toward her being the target. Eliminating her maximizes the chance of Team Village winning by removing a Werewolf."
C:\Users\annab\Documents\GitHub\masters_thesis_sdg\results\voting\unsloth_gemma-4-E2B-it-unsloth-bnb-4bit\prompt_v4_t0\Youtube\ONE#NIGHT#ULTIMATE#WEREWOLF##Retro#2_Game8.json,greedy_t0,greedy,Youtube,ONE#NIGHT#ULTIMATE#WEREWOLF##Retro#2,Game8,Youtube / ONE#NIGHT#ULTIMATE#WEREWOLF##Retro#2 / Game8,player_vote,Justin,Justin,False,False,Seer,Drunk,"The discussion is highly confusing and filled with accusations, making it difficult to definitively identify the Werewolf. However, Caitlynn directly suspects Justin of being a Werewolf, and Mitchell also expressed doubt about Justin's honesty regarding his role. Since Team Village needs to eliminate a Werewolf to win, targeting the most suspicious player is the best strategy to maximize the chances of success."
C:\Users\annab\Documents\GitHub\masters_thesis_sdg\results\voting\unsloth_gemma-4-E2B-it-unsloth-bnb-4bit\prompt_v4_t0\Youtube\ONE#NIGHT#ULTIMATE#WEREWOLF##Retro#3_Game2.json,greedy_t0,greedy,Youtube,ONE#NIGHT#ULTIMATE#WEREWOLF##Retro#3,Game2,Youtube / ONE#NIGHT#ULTIMATE#WEREWOLF##Retro#3 / Game2,player_vote,Mike,Mike,False,False,Villager,Villager,"The discussion centers heavily on conflicting claims regarding who is the Villager and who is the Werewolf, with Mike being repeatedly accused by Justin and James. Although the transcript is confusing due to potential role swaps, Mike is the primary target of suspicion, with Justin explicitly stating, 'I think Mike might be a werewolf.' To maximize the chances of Team Village winning, eliminating the most strongly suspected Werewolf is the optimal strategy."
C:\Users\annab\Documents\GitHub\masters_thesis_sdg\results\voting\unsloth_gemma-4-E2B-it-unsloth-bnb-4bit\prompt_v4_t0\Youtube\ONE#NIGHT#ULTIMATE#WEREWOLF##Retro#3_Game3.json,greedy_t0,greedy,Youtube,ONE#NIGHT#ULTIMATE#WEREWOLF##Retro#3,Game3,Youtube / ONE#NIGHT#ULTIMATE#WEREWOLF##Retro#3 / Game3,player_vote,Mitchell,Mitchell,False,False,Robber,Seer,"The transcript shows a complex sequence of role swaps and information gathering during the Night phase. Mike claims he was the Robber and swapped cards with Mitchell, and Mitchell claims he saw two werewolves. Given the uncertainty and the potential for role swaps, it is difficult to definitively identify a Werewolf. However, Mitchell's claim of seeing two werewolves is a strong indicator, and since Team Village wins by eliminating a Werewolf, voting for Mitchell is the most strategic move to eliminate a potential threat."
C:\Users\annab\Documents\GitHub\masters_thesis_sdg\results\voting\unsloth_gemma-4-E2B-it-unsloth-bnb-4bit\prompt_v4_t0\Youtube\ONE#NIGHT#ULTIMATE#WEREWOLF##Retro#3_Game4.json,greedy_t0,greedy,Youtube,ONE#NIGHT#ULTIMATE#WEREWOLF##Retro#3,Game4,Youtube / ONE#NIGHT#ULTIMATE#WEREWOLF##Retro#3 / Game4,player_vote,Mike,Mike,False,True,Werewolf,Werewolf,"The discussion centers heavily on role confusion, specifically the Tanner role and card swapping, rather than direct Werewolf identification. James explicitly states he is voting Mike, believing Mike is the Werewolf, and Mitchell also suspects Mike. While the evidence is circumstantial, Mike is the primary target of suspicion and the player who is being actively accused by other players."
C:\Users\annab\Documents\GitHub\masters_thesis_sdg\results\voting\unsloth_gemma-4-E2B-it-unsloth-bnb-4bit\prompt_v4_t0\Youtube\ONE#NIGHT#ULTIMATE#WEREWOLF##Retro#3_Game5.json,greedy_t0,greedy,Youtube,ONE#NIGHT#ULTIMATE#WEREWOLF##Retro#3,Game5,Youtube / ONE#NIGHT#ULTIMATE#WEREWOLF##Retro#3 / Game5,player_vote,James,James,False,False,Villager,Insomniac,"The discussion centers heavily on role swaps and conflicting claims regarding who the Werewolf is. James explicitly claims to be the Werewolf near the end of the transcript, which makes him the primary suspect. Since Team Village wins by eliminating a Werewolf, voting for James is the most direct path to achieving the victory condition. Although Mitchell's story is highly inconsistent, James's direct accusation provides the strongest immediate target."
C:\Users\annab\Documents\GitHub\masters_thesis_sdg\results\voting\unsloth_gemma-4-E2B-it-unsloth-bnb-4bit\prompt_v4_t0\Youtube\ONE#NIGHT#ULTIMATE#WEREWOLF##Retro#3_Game6.json,greedy_t0,greedy,Youtube,ONE#NIGHT#ULTIMATE#WEREWOLF##Retro#3,Game6,Youtube / ONE#NIGHT#ULTIMATE#WEREWOLF##Retro#3 / Game6,player_vote,Mike,Mike,False,True,Werewolf,Werewolf,"The discussion is highly confusing due to role swaps and misdirection, but the strongest direct accusation points towards Mike being the Werewolf. James explicitly states, ""I'm a troublemaker and Mike's a werewolf,"" and Mitchell later confirms Mike's status. Since Team Village wins by eliminating a Werewolf, voting for Mike is the optimal strategy to secure victory."
C:\Users\annab\Documents\GitHub\masters_thesis_sdg\results\voting\unsloth_gemma-4-E2B-it-unsloth-bnb-4bit\prompt_v4_t0\Youtube\ONE#NIGHT#ULTIMATE#WEREWOLF##Retro#3_Game7.json,greedy_t0,greedy,Youtube,ONE#NIGHT#ULTIMATE#WEREWOLF##Retro#3,Game7,Youtube / ONE#NIGHT#ULTIMATE#WEREWOLF##Retro#3 / Game7,player_vote,Mitchell,Mitchell,False,True,Werewolf,Werewolf,"The discussion strongly suggests Mitchell is the Werewolf. James repeatedly accuses Mitchell of being the Werewolf, and Mike also suggests Mitchell as the safe bet for elimination. While roles may have swapped, the collective focus on Mitchell's identity as the Werewolf provides the strongest evidence for Team Village to win by eliminating a Werewolf."
C:\Users\annab\Documents\GitHub\masters_thesis_sdg\results\voting\unsloth_gemma-4-E2B-it-unsloth-bnb-4bit\prompt_v4_t0\Youtube\ONE#NIGHT#ULTIMATE#WEREWOLF##Retro#3_Game8.json,greedy_t0,greedy,Youtube,ONE#NIGHT#ULTIMATE#WEREWOLF##Retro#3,Game8,Youtube / ONE#NIGHT#ULTIMATE#WEREWOLF##Retro#3 / Game8,circle_vote,No Werewolf,,True,True,,,"The discussion in the transcript is highly speculative and inconclusive, revolving around who might have swapped cards or what actions were observed. Players are debating possibilities such as the presence of a Werewolf or a Tanner, but no player provides definitive proof or strong evidence linking any specific player to the Werewolf role. Since Team Village wins if no Werewolves are present, and I cannot confirm the presence of a Werewolf, I must assume the safest outcome."
C:\Users\annab\Documents\GitHub\masters_thesis_sdg\results\voting\unsloth_gemma-4-E2B-it-unsloth-bnb-4bit\prompt_v4_t0\Youtube\ONE#NIGHT#ULTIMATE#WEREWOLF##Retro#4_Game10.json,greedy_t0,greedy,Youtube,ONE#NIGHT#ULTIMATE#WEREWOLF##Retro#4,Game10,Youtube / ONE#NIGHT#ULTIMATE#WEREWOLF##Retro#4 / Game10,player_vote,Mitchell,Mitchell,False,False,Robber,Drunk,"The discussion heavily focuses on role swapping and identifying who is lying, with Mike and James specifically suggesting Mitchell might be the Werewolf. Mitchell is the primary target of suspicion, and eliminating him is the best way to secure a win for Team Village. Given the lack of concrete evidence, voting Mitchell is the most strategic move to eliminate a potential Werewolf."
C:\Users\annab\Documents\GitHub\masters_thesis_sdg\results\voting\unsloth_gemma-4-E2B-it-unsloth-bnb-4bit\prompt_v4_t0\Youtube\ONE#NIGHT#ULTIMATE#WEREWOLF##Retro#4_Game11.json,greedy_t0,greedy,Youtube,ONE#NIGHT#ULTIMATE#WEREWOLF##Retro#4,Game11,Youtube / ONE#NIGHT#ULTIMATE#WEREWOLF##Retro#4 / Game11,player_vote,Mitchell,Mitchell,False,False,Insomniac,Minion,"The transcript is highly confusing due to multiple role swaps during the Night phase, making definitive identification difficult. However, Mitchell made a strong claim that he was a Minion and saw a Werewolf, and he actively tried to manipulate the narrative by throwing Justin under the bus. This level of deception makes him a prime suspect for being the Werewolf or a Minion covering for them. Since Team Village needs to eliminate a Werewolf, Mitchell is the most logical target to test the waters."
C:\Users\annab\Documents\GitHub\masters_thesis_sdg\results\voting\unsloth_gemma-4-E2B-it-unsloth-bnb-4bit\prompt_v4_t0\Youtube\ONE#NIGHT#ULTIMATE#WEREWOLF##Retro#4_Game3.json,greedy_t0,greedy,Youtube,ONE#NIGHT#ULTIMATE#WEREWOLF##Retro#4,Game3,Youtube / ONE#NIGHT#ULTIMATE#WEREWOLF##Retro#4 / Game3,player_vote,Mitchell,Mitchell,False,True,Werewolf,Werewolf,"Mike and Justin strongly suggest that Mitchell is the Werewolf, leading Justin to conclude that they should vote him out. Since Team Village wins by eliminating a Werewolf, voting for Mitchell is the optimal strategy based on the available discussion."
C:\Users\annab\Documents\GitHub\masters_thesis_sdg\results\voting\unsloth_gemma-4-E2B-it-unsloth-bnb-4bit\prompt_v4_t0\Youtube\ONE#NIGHT#ULTIMATE#WEREWOLF##Retro#4_Game4.json,greedy_t0,greedy,Youtube,ONE#NIGHT#ULTIMATE#WEREWOLF##Retro#4,Game4,Youtube / ONE#NIGHT#ULTIMATE#WEREWOLF##Retro#4 / Game4,player_vote,Mitchell,Mitchell,False,False,Robber,Drunk,"James and Caitlynn strongly suspect Mitchell is the Werewolf, stating he is 'shook' and confirming his identity as a werewolf. Mitchell himself suggested that killing a Villager would lead to a win for him, which is a classic Werewolf bluff designed to divert suspicion. Since the objective is to eliminate a Werewolf to secure a win for Team Village, Mitchell is the primary target based on the discussion."
C:\Users\annab\Documents\GitHub\masters_thesis_sdg\results\voting\unsloth_gemma-4-E2B-it-unsloth-bnb-4bit\prompt_v4_t0\Youtube\ONE#NIGHT#ULTIMATE#WEREWOLF##Retro#4_Game5.json,greedy_t0,greedy,Youtube,ONE#NIGHT#ULTIMATE#WEREWOLF##Retro#4,Game5,Youtube / ONE#NIGHT#ULTIMATE#WEREWOLF##Retro#4 / Game5,player_vote,Justin,Justin,False,False,Robber,Werewolf,"Justin explicitly claims to be the Werewolf, and Mike confirms this identification. Since Team Village wins by eliminating a Werewolf, voting Justin out is the most direct path to victory. Although other players suggested voting James, Justin's self-identification provides strong evidence that he is the target."
C:\Users\annab\Documents\GitHub\masters_thesis_sdg\results\voting\unsloth_gemma-4-E2B-it-unsloth-bnb-4bit\prompt_v4_t0\Youtube\ONE#NIGHT#ULTIMATE#WEREWOLF##Retro#4_Game6.json,greedy_t0,greedy,Youtube,ONE#NIGHT#ULTIMATE#WEREWOLF##Retro#4,Game6,Youtube / ONE#NIGHT#ULTIMATE#WEREWOLF##Retro#4 / Game6,player_vote,Mitchell,Mitchell,False,False,Robber,Drunk,"Mitchell is the most suspicious player as he actively suggests a Werewolf and engages in complex discussions about role swaps and potential outcomes. His attempts to deflect suspicion and claim various roles (like the Drunk) suggest he is trying to mislead the group. Given the high level of uncertainty and Mitchell's aggressive questioning, he is the primary target for elimination to maximize the chances of eliminating a Werewolf."
C:\Users\annab\Documents\GitHub\masters_thesis_sdg\results\voting\unsloth_gemma-4-E2B-it-unsloth-bnb-4bit\prompt_v4_t0\Youtube\ONE#NIGHT#ULTIMATE#WEREWOLF##Retro#4_Game7.json,greedy_t0,greedy,Youtube,ONE#NIGHT#ULTIMATE#WEREWOLF##Retro#4,Game7,Youtube / ONE#NIGHT#ULTIMATE#WEREWOLF##Retro#4 / Game7,circle_vote,No Werewolf,,True,True,,,"The discussion transcript is highly confusing and inconclusive regarding the final roles and card positions after the Night phase. While players speculate about who might be the Werewolf, there is no definitive confirmation that a Werewolf was identified or that one is present. Since Team Village wins if no Werewolf is present and no one dies, and given the uncertainty, the safest strategy is to assume no Werewolf is present, which guarantees a Team Village victory."
C:\Users\annab\Documents\GitHub\masters_thesis_sdg\results\voting\unsloth_gemma-4-E2B-it-unsloth-bnb-4bit\prompt_v4_t0\Youtube\ONE#NIGHT#ULTIMATE#WEREWOLF##Retro#4_Game9.json,greedy_t0,greedy,Youtube,ONE#NIGHT#ULTIMATE#WEREWOLF##Retro#4,Game9,Youtube / ONE#NIGHT#ULTIMATE#WEREWOLF##Retro#4 / Game9,player_vote,Justin,Justin,False,False,Minion,Minion,"James explicitly accuses Justin of being the Werewolf and immediately calls for a vote against him. Although other players offer conflicting information, James's direct accusation and subsequent vote represent the strongest evidence available in the transcript for identifying a potential Werewolf."
C:\Users\annab\Documents\GitHub\masters_thesis_sdg\results\voting\unsloth_gemma-4-E2B-it-unsloth-bnb-4bit\prompt_v4_t0\Youtube\ONE#NIGHT#ULTIMATE#WEREWOLF##Retro#5_Game1.json,greedy_t0,greedy,Youtube,ONE#NIGHT#ULTIMATE#WEREWOLF##Retro#5,Game1,Youtube / ONE#NIGHT#ULTIMATE#WEREWOLF##Retro#5 / Game1,player_vote,Mitchell,Mitchell,False,False,Villager,Seer,"The discussion centers heavily on Mitchell's identity, with him claiming to be the Seer or a Werewolf and then actively trying to assure others he is safe. Paul suggests Mitchell might be a Werewolf, and Justin also suspects him. Since Team Village wins by eliminating a Werewolf, Mitchell is the most suspicious player and the logical target to eliminate to maximize the chances of winning the game."
C:\Users\annab\Documents\GitHub\masters_thesis_sdg\results\voting\unsloth_gemma-4-E2B-it-unsloth-bnb-4bit\prompt_v4_t0\Youtube\ONE#NIGHT#ULTIMATE#WEREWOLF##Retro#5_Game2.json,greedy_t0,greedy,Youtube,ONE#NIGHT#ULTIMATE#WEREWOLF##Retro#5,Game2,Youtube / ONE#NIGHT#ULTIMATE#WEREWOLF##Retro#5 / Game2,player_vote,Justin,Justin,False,False,Villager,Werewolf,"The discussion is highly confusing due to potential role swaps and conflicting claims regarding who was the Werewolf and who was the Villager. Justin aggressively claimed to have been the Werewolf and then suggested killing Mitchell, which suggests he might be attempting to deflect suspicion. Since Team Village needs to eliminate a Werewolf, targeting the player making the most aggressive and self-serving accusation is the most logical move."
C:\Users\annab\Documents\GitHub\masters_thesis_sdg\results\voting\unsloth_gemma-4-E2B-it-unsloth-bnb-4bit\prompt_v4_t0\Youtube\ONE#NIGHT#ULTIMATE#WEREWOLF##Retro#5_Game3.json,greedy_t0,greedy,Youtube,ONE#NIGHT#ULTIMATE#WEREWOLF##Retro#5,Game3,Youtube / ONE#NIGHT#ULTIMATE#WEREWOLF##Retro#5 / Game3,player_vote,Paul,Paul,False,True,Werewolf,Werewolf,"The transcript is highly confusing due to multiple role swaps and conflicting claims, making definitive role identification difficult. However, Paul repeatedly asserts he was the Werewolf and claims to have seen other werewolves, which places him as the primary suspect for the Werewolf role. Since Team Village wins by eliminating a Werewolf, voting out Paul is the most direct path to victory based on the available dialogue."
C:\Users\annab\Documents\GitHub\masters_thesis_sdg\results\voting\unsloth_gemma-4-E2B-it-unsloth-bnb-4bit\prompt_v4_t0\Youtube\ONE#NIGHT#ULTIMATE#WEREWOLF##Retro#5_Game4.json,greedy_t0,greedy,Youtube,ONE#NIGHT#ULTIMATE#WEREWOLF##Retro#5,Game4,Youtube / ONE#NIGHT#ULTIMATE#WEREWOLF##Retro#5 / Game4,circle_vote,No Werewolf,,True,True,,,"The discussion transcript is highly confusing and focuses primarily on role identification and card swaps rather than confirmed Werewolf actions or identities. While players speculate about the possibility of a Werewolf, there is no concrete evidence or accusation that definitively points to a Werewolf. Since Team Village wins by eliminating a Werewolf, and I cannot confirm the presence of one, I must assume the safest scenario based on the available information."
C:\Users\annab\Documents\GitHub\masters_thesis_sdg\results\voting\unsloth_gemma-4-E2B-it-unsloth-bnb-4bit\prompt_v4_t0\Youtube\ONE#NIGHT#ULTIMATE#WEREWOLF##Retro#5_Game5.json,greedy_t0,greedy,Youtube,ONE#NIGHT#ULTIMATE#WEREWOLF##Retro#5,Game5,Youtube / ONE#NIGHT#ULTIMATE#WEREWOLF##Retro#5 / Game5,player_vote,Justin,Justin,False,True,Werewolf,Werewolf,"The discussion strongly indicates that Justin is the Werewolf. Justin himself admits to starting with the Werewolf role, and other players, including Paul, conclude that Justin is the Werewolf. Since Team Village wins by eliminating a Werewolf, voting for Justin is the necessary action to secure victory."
C:\Users\annab\Documents\GitHub\masters_thesis_sdg\results\voting\unsloth_gemma-4-E2B-it-unsloth-bnb-4bit\prompt_v4_t0\Youtube\ONE#NIGHT#ULTIMATE#WEREWOLF##Retro#5_Game6.json,greedy_t0,greedy,Youtube,ONE#NIGHT#ULTIMATE#WEREWOLF##Retro#5,Game6,Youtube / ONE#NIGHT#ULTIMATE#WEREWOLF##Retro#5 / Game6,circle_vote,No Werewolf,,True,False,,,"The discussion transcript is highly confusing due to multiple role swaps and conflicting claims about who holds which role, making it impossible to definitively identify the Werewolf. Since Team Village wins if they eliminate a Werewolf, and if no Werewolf is present, they win by default, I must conclude that I do not have sufficient evidence to accuse any player. Assuming the Werewolf card is in the center, the condition for Team Village victory is met."
C:\Users\annab\Documents\GitHub\masters_thesis_sdg\results\voting\unsloth_gemma-4-E2B-it-unsloth-bnb-4bit\prompt_v4_t0\Youtube\ONE#NIGHT#ULTIMATE#WEREWOLF##Retro#5_Game7.json,greedy_t0,greedy,Youtube,ONE#NIGHT#ULTIMATE#WEREWOLF##Retro#5,Game7,Youtube / ONE#NIGHT#ULTIMATE#WEREWOLF##Retro#5 / Game7,player_vote,Justin,Justin,False,False,Insomniac,Insomniac,"The transcript contains strong evidence suggesting that Justin and Paul are Werewolves, as Justin explicitly states, ""Paul and I are werewolves,"" and Mitchell confirms this accusation multiple times. Since Team Village wins by eliminating a Werewolf, voting out either Justin or Paul is the correct strategy. I will vote out Justin to eliminate a confirmed Werewolf."
C:\Users\annab\Documents\GitHub\masters_thesis_sdg\results\voting\unsloth_gemma-4-E2B-it-unsloth-bnb-4bit\prompt_v4_t0\Youtube\ONE#NIGHT#ULTIMATE#WEREWOLF##Retro#5_Game8.json,greedy_t0,greedy,Youtube,ONE#NIGHT#ULTIMATE#WEREWOLF##Retro#5,Game8,Youtube / ONE#NIGHT#ULTIMATE#WEREWOLF##Retro#5 / Game8,circle_vote,No Werewolf,,True,False,,,"The discussion revolves entirely around role swapping and mutual accusations, with players claiming different roles (Seer, Robber, Insomniac, Tanner) and speculating about who might be the Werewolf. There is no concrete evidence or confirmed night action that identifies a Werewolf. Since I cannot definitively prove the presence of a Werewolf, I must assume the possibility that all Werewolf cards are in the center, which leads to a Team Village win condition."
C:\Users\annab\Documents\GitHub\masters_thesis_sdg\results\voting\unsloth_gemma-4-E2B-it-unsloth-bnb-4bit\prompt_v4_t0\Youtube\ONE#NIGHT#ULTIMATE#WEREWOLF#-#Drinking#Play#Through_Game1.json,greedy_t0,greedy,Youtube,ONE#NIGHT#ULTIMATE#WEREWOLF#-#Drinking#Play#Through,Game1,Youtube / ONE#NIGHT#ULTIMATE#WEREWOLF#-#Drinking#Play#Through / Game1,player_vote,Jordan2,Jordan2,False,False,Tanner,Tanner,"The transcript is highly confusing and filled with conflicting claims regarding roles, making definitive identification of the Werewolf impossible. Jordan2 claimed to be the Werewolf early in the discussion, and Jordan1 also claimed this role later. Since Team Village needs to eliminate a Werewolf to win, voting for a player who claims the Werewolf role is the most direct strategy, despite the lack of concrete evidence."
C:\Users\annab\Documents\GitHub\masters_thesis_sdg\results\voting\unsloth_gemma-4-E2B-it-unsloth-bnb-4bit\prompt_v4_t0\Youtube\ONE#NIGHT#ULTIMATE#WEREWOLF#-#Drinking#Play#Through_Game2.json,greedy_t0,greedy,Youtube,ONE#NIGHT#ULTIMATE#WEREWOLF#-#Drinking#Play#Through,Game2,Youtube / ONE#NIGHT#ULTIMATE#WEREWOLF#-#Drinking#Play#Through / Game2,player_vote,Jordan2,Jordan2,False,False,Tanner,Tanner,"The transcript is highly confusing due to frequent role swaps, making definitive identification difficult. However, Sarah directly accuses Jordan2 of being a Werewolf and a Minion (102). Given the objective is to eliminate a Werewolf to secure a Team Village win, targeting the player most directly accused of being a Werewolf is the most strategic move."
C:\Users\annab\Documents\GitHub\masters_thesis_sdg\results\voting\unsloth_gemma-4-E2B-it-unsloth-bnb-4bit\prompt_v4_t0\Youtube\ONE#NIGHT#ULTIMATE#WEREWOLF#1##July#5th#2016_Game2.json,greedy_t0,greedy,Youtube,ONE#NIGHT#ULTIMATE#WEREWOLF#1##July#5th#2016,Game2,Youtube / ONE#NIGHT#ULTIMATE#WEREWOLF#1##July#5th#2016 / Game2,player_vote,Mike,Mike,False,False,Tanner,Tanner,"The discussion centers heavily on conflicting role swap stories, particularly involving Justin, Mitchell, and Mike. James and Justin strongly suspect Mike of being the Werewolf, citing his behavior and the complexity of the role swaps. Although the evidence is circumstantial and highly ambiguous, Mike is the primary target of suspicion, and eliminating him is the best chance for Team Village to eliminate a Werewolf and secure a win."
C:\Users\annab\Documents\GitHub\masters_thesis_sdg\results\voting\unsloth_gemma-4-E2B-it-unsloth-bnb-4bit\prompt_v4_t0\Youtube\One#Night#Ultimate#Werewolf#1#How-To#and#Playthrough_Game1.json,greedy_t0,greedy,Youtube,One#Night#Ultimate#Werewolf#1#How-To#and#Playthrough,Game1,Youtube / One#Night#Ultimate#Werewolf#1#How-To#and#Playthrough / Game1,circle_vote,No Werewolf,,True,False,,,"The discussion transcript is highly confusing, filled with role swaps, contradictory claims about who is a Villager, and mutual accusations. There is no clear evidence pointing to a definitive Werewolf identity. Since the game relies on deception and role fluidity, relying solely on the discussion is unreliable. Given the lack of concrete proof, I cannot confidently identify a Werewolf."
C:\Users\annab\Documents\GitHub\masters_thesis_sdg\results\voting\unsloth_gemma-4-E2B-it-unsloth-bnb-4bit\prompt_v4_t0\Youtube\ONE#NIGHT#ULTIMATE#WEREWOLF#10##November#6th#2016_Game1.json,greedy_t0,greedy,Youtube,ONE#NIGHT#ULTIMATE#WEREWOLF#10##November#6th#2016,Game1,Youtube / ONE#NIGHT#ULTIMATE#WEREWOLF#10##November#6th#2016 / Game1,player_vote,Mitchell,Mitchell,False,False,Troublemaker,Troublemaker,"The discussion transcript strongly suggests that Mitchell is the primary suspect for being the Werewolf, as players debate whether he is the Tanner or the Werewolf. The consensus among the players is to vote for Mitchell, indicating a collective belief that he is the threat. Eliminating Mitchell is the best strategy to ensure Team Village wins by eliminating a Werewolf."
C:\Users\annab\Documents\GitHub\masters_thesis_sdg\results\voting\unsloth_gemma-4-E2B-it-unsloth-bnb-4bit\prompt_v4_t0\Youtube\ONE#NIGHT#ULTIMATE#WEREWOLF#13##July#29th#2017_Game1.json,greedy_t0,greedy,Youtube,ONE#NIGHT#ULTIMATE#WEREWOLF#13##July#29th#2017,Game1,Youtube / ONE#NIGHT#ULTIMATE#WEREWOLF#13##July#29th#2017 / Game1,player_vote,Julie,Julie,False,False,Tanner,Tanner,"The discussion is highly confusing due to role swaps and conflicting claims regarding who is the Tanner and the Drunk. Mitchell is actively trying to manipulate the information by claiming to have swapped cards and trying to figure out who the Tanner is. Julie claims to be the Tanner, which makes her a player from an independent team. If a Werewolf is present, targeting the Tanner increases the chances of Team Village winning by eliminating a non-Village player."
C:\Users\annab\Documents\GitHub\masters_thesis_sdg\results\voting\unsloth_gemma-4-E2B-it-unsloth-bnb-4bit\prompt_v4_t0\Youtube\ONE#NIGHT#ULTIMATE#WEREWOLF#13##July#29th#2017_Game2.json,greedy_t0,greedy,Youtube,ONE#NIGHT#ULTIMATE#WEREWOLF#13##July#29th#2017,Game2,Youtube / ONE#NIGHT#ULTIMATE#WEREWOLF#13##July#29th#2017 / Game2,player_vote,Mitchell,Mitchell,False,True,Werewolf,Werewolf,"The discussion centers heavily on role swapping and identification, making definitive role assignment difficult. However, the conversation repeatedly suggests Mitchell is either the Tanner or the Werewolf, which makes him the primary suspect for the Werewolf role. Since Team Village wins by eliminating a Werewolf, voting Mitchell out is the most strategic move to achieve the objective."
C:\Users\annab\Documents\GitHub\masters_thesis_sdg\results\voting\unsloth_gemma-4-E2B-it-unsloth-bnb-4bit\prompt_v4_t0\Youtube\ONE#NIGHT#ULTIMATE#WEREWOLF#13##July#29th#2017_Game3.json,greedy_t0,greedy,Youtube,ONE#NIGHT#ULTIMATE#WEREWOLF#13##July#29th#2017,Game3,Youtube / ONE#NIGHT#ULTIMATE#WEREWOLF#13##July#29th#2017 / Game3,player_vote,Justin,Justin,False,False,Troublemaker,Drunk,"Justin is the only player who explicitly claims to be the Werewolf, making him the primary suspect for elimination. While the transcript is filled with role swaps and conflicting stories, his direct admission carries significant weight in the context of the game. Since Team Village wins by eliminating a Werewolf, voting for Justin maximizes the chance of achieving this goal. Given the high level of uncertainty regarding the actual roles, targeting the player claiming the Werewolf role is the most strategic move."
C:\Users\annab\Documents\GitHub\masters_thesis_sdg\results\voting\unsloth_gemma-4-E2B-it-unsloth-bnb-4bit\prompt_v4_t0\Youtube\ONE#NIGHT#ULTIMATE#WEREWOLF#14##August#26th#2017_Game1.json,greedy_t0,greedy,Youtube,ONE#NIGHT#ULTIMATE#WEREWOLF#14##August#26th#2017,Game1,Youtube / ONE#NIGHT#ULTIMATE#WEREWOLF#14##August#26th#2017 / Game1,player_vote,Justin,Justin,False,False,Tanner,Tanner,"The discussion is highly contentious, with players accusing each other of being Werewolves or other roles like the Tanner or Troublemaker. Mitchell explicitly states, ""I'm going to be voting Justin,"" which indicates a direct suspicion aimed at Justin. Given the goal is to eliminate a Werewolf, voting out the player who is directly targeted by another player's suspicion is the most logical move to maximize the chances of Team Village winning."
C:\Users\annab\Documents\GitHub\masters_thesis_sdg\results\voting\unsloth_gemma-4-E2B-it-unsloth-bnb-4bit\prompt_v4_t0\Youtube\ONE#NIGHT#ULTIMATE#WEREWOLF#14##August#26th#2017_Game2.json,greedy_t0,greedy,Youtube,ONE#NIGHT#ULTIMATE#WEREWOLF#14##August#26th#2017,Game2,Youtube / ONE#NIGHT#ULTIMATE#WEREWOLF#14##August#26th#2017 / Game2,player_vote,Justin,Justin,False,True,Werewolf,Werewolf,"The discussion is highly chaotic and filled with accusations and role confusion, making it difficult to definitively identify the Werewolf. Justin explicitly claims to be a werewolf near the end of the transcript, which is a strong indicator, though he could be lying. Given the need to eliminate a Werewolf to secure a win for Team Village, targeting the player who claims the role is the most logical move to attempt to secure the win condition."
C:\Users\annab\Documents\GitHub\masters_thesis_sdg\results\voting\unsloth_gemma-4-E2B-it-unsloth-bnb-4bit\prompt_v4_t0\Youtube\ONE#NIGHT#ULTIMATE#WEREWOLF#18##September#30th#2017_Game1.json,greedy_t0,greedy,Youtube,ONE#NIGHT#ULTIMATE#WEREWOLF#18##September#30th#2017,Game1,Youtube / ONE#NIGHT#ULTIMATE#WEREWOLF#18##September#30th#2017 / Game1,player_vote,Paul,Paul,False,False,Robber,Werewolf,"Mitchell strongly suspects Paul is the Werewolf, making him the primary target for elimination. While the transcript is filled with role swaps and conflicting claims, Mitchell's repeated accusations and subsequent votes point toward Paul being the threat. Eliminating Paul maximizes the chance of Team Village surviving the night and achieving their win condition."
C:\Users\annab\Documents\GitHub\masters_thesis_sdg\results\voting\unsloth_gemma-4-E2B-it-unsloth-bnb-4bit\prompt_v4_t0\Youtube\One#Night#Ultimate#Werewolf#2#The#Drunk_Game1.json,greedy_t0,greedy,Youtube,One#Night#Ultimate#Werewolf#2#The#Drunk,Game1,Youtube / One#Night#Ultimate#Werewolf#2#The#Drunk / Game1,player_vote,Audrey,Audrey,False,False,Villager,Villager,"The transcript is highly confusing due to multiple role swaps and conflicting claims about who is the Werewolf. However, the final voting phase shows Dan and Katie both voting for Audrey, and Dan voting for himself. Given the high level of uncertainty and the fact that the game rules state Team Village wins if they eliminate a Werewolf, and Team Werewolf wins if they survive, a vote targeting the most aggressive or suspicious player is often a strategy. Since the evidence is inconclusive, voting for Audrey, who is aggressively defending herself and has been heavily implicated in the confusion, is a reasonable choice to eliminate a potential Werewolf."
C:\Users\annab\Documents\GitHub\masters_thesis_sdg\results\voting\unsloth_gemma-4-E2B-it-unsloth-bnb-4bit\prompt_v4_t0\Youtube\ONE#NIGHT#ULTIMATE#WEREWOLF#26##January#20th#2018_Game2.json,greedy_t0,greedy,Youtube,ONE#NIGHT#ULTIMATE#WEREWOLF#26##January#20th#2018,Game2,Youtube / ONE#NIGHT#ULTIMATE#WEREWOLF#26##January#20th#2018 / Game2,player_vote,Meghan,Meghan,False,True,Werewolf,Robber,"Mike explicitly stated that he looked at Meghan's card and claimed she was the Werewolf, and Meghan later admitted to being a Werewolf after a card swap. This makes her the primary suspect for the Werewolf role. Eliminating her is the best way for Team Village to achieve their goal of surviving the night and eliminating a Werewolf."
C:\Users\annab\Documents\GitHub\masters_thesis_sdg\results\voting\unsloth_gemma-4-E2B-it-unsloth-bnb-4bit\prompt_v4_t0\Youtube\ONE#NIGHT#ULTIMATE#WEREWOLF#26##January#20th#2018_Game3.json,greedy_t0,greedy,Youtube,ONE#NIGHT#ULTIMATE#WEREWOLF#26##January#20th#2018,Game3,Youtube / ONE#NIGHT#ULTIMATE#WEREWOLF#26##January#20th#2018 / Game3,player_vote,Meghan,Meghan,False,True,Werewolf,Tanner,"Mitchell explicitly stated that he saw a werewolf card in the center and that Meghan, who claimed to be the Drunk, took it. This observation led Paul and Mitchell to conclude that Meghan is the Werewolf. Given the objective is to eliminate a Werewolf to secure a Team Village win, Meghan is the most strongly indicated player."
C:\Users\annab\Documents\GitHub\masters_thesis_sdg\results\voting\unsloth_gemma-4-E2B-it-unsloth-bnb-4bit\prompt_v4_t0\Youtube\ONE#NIGHT#ULTIMATE#WEREWOLF#28##February#17th#2018_Game1.json,greedy_t0,greedy,Youtube,ONE#NIGHT#ULTIMATE#WEREWOLF#28##February#17th#2018,Game1,Youtube / ONE#NIGHT#ULTIMATE#WEREWOLF#28##February#17th#2018 / Game1,player_vote,Mitchell,Mitchell,False,True,Werewolf,Drunk,"The transcript indicates strong suspicion surrounding Mitchell, who claims to be a Werewolf and is suggested as a Tanner by Justin. Alysha also explicitly suggests Mitchell is a werewolf, and Mitchell himself declares he is one. Since Team Village wins by eliminating a Werewolf, Mitchell is the primary target for elimination."
C:\Users\annab\Documents\GitHub\masters_thesis_sdg\results\voting\unsloth_gemma-4-E2B-it-unsloth-bnb-4bit\prompt_v4_t0\Youtube\ONE#NIGHT#ULTIMATE#WEREWOLF#28##February#17th#2018_Game2.json,greedy_t0,greedy,Youtube,ONE#NIGHT#ULTIMATE#WEREWOLF#28##February#17th#2018,Game2,Youtube / ONE#NIGHT#ULTIMATE#WEREWOLF#28##February#17th#2018 / Game2,player_vote,Mike,Mike,False,False,Seer,Drunk,"Multiple players, including Alysha, Caitlynn, Justin, and Paul, explicitly stated or strongly implied that Mike is the Werewolf. Since Team Village wins by eliminating a Werewolf, voting for Mike is the strongest strategic move to achieve this goal. This consensus suggests Mike is the target."
C:\Users\annab\Documents\GitHub\masters_thesis_sdg\results\voting\unsloth_gemma-4-E2B-it-unsloth-bnb-4bit\prompt_v4_t0\Youtube\ONE#NIGHT#ULTIMATE#WEREWOLF#28##February#17th#2018_Game3.json,greedy_t0,greedy,Youtube,ONE#NIGHT#ULTIMATE#WEREWOLF#28##February#17th#2018,Game3,Youtube / ONE#NIGHT#ULTIMATE#WEREWOLF#28##February#17th#2018 / Game3,player_vote,Justin,Justin,False,False,Robber,Werewolf,"Alysha directly accused Justin of being the Werewolf, stating that Justin was the werewolf and questioning if he had traded cards. While the transcript is highly confusing due to role swaps and conflicting stories about who switched cards, this accusation provides the strongest lead for identifying a Werewolf. Given the goal is to eliminate a Werewolf, Justin is the primary target based on the available discussion."
C:\Users\annab\Documents\GitHub\masters_thesis_sdg\results\voting\unsloth_gemma-4-E2B-it-unsloth-bnb-4bit\prompt_v4_t0\Youtube\One#Night#Ultimate#Werewolf#3#Insomniac_Game1.json,greedy_t0,greedy,Youtube,One#Night#Ultimate#Werewolf#3#Insomniac,Game1,Youtube / One#Night#Ultimate#Werewolf#3#Insomniac / Game1,player_vote,Brett,Brett,False,True,Werewolf,Werewolf,"The discussion heavily focused on card swapping and identifying the Werewolves, leading to significant suspicion falling on Brett. Several players expressed doubt and suggested he might be the Werewolf, citing statistical probabilities. Since Team Village wins by eliminating a Werewolf, voting out the most suspected player is the optimal strategy to maximize the chances of victory."
C:\Users\annab\Documents\GitHub\masters_thesis_sdg\results\voting\unsloth_gemma-4-E2B-it-unsloth-bnb-4bit\prompt_v4_t0\Youtube\ONE#NIGHT#ULTIMATE#WEREWOLF#30##February#17th#2018_Game2.json,greedy_t0,greedy,Youtube,ONE#NIGHT#ULTIMATE#WEREWOLF#30##February#17th#2018,Game2,Youtube / ONE#NIGHT#ULTIMATE#WEREWOLF#30##February#17th#2018 / Game2,player_vote,Mike,Mike,False,False,Tanner,Robber,"The discussion heavily suggests that Paul and Mike are Werewolves, as Paul claims he started as a Werewolf and Mike is strongly suspected by several players, including Justin and Alysha, to be a Werewolf. The goal for Team Village is to eliminate a Werewolf. Since there are two players strongly suspected of being Werewolves, voting for one of them is the most logical strategy to maximize the chances of winning."
C:\Users\annab\Documents\GitHub\masters_thesis_sdg\results\voting\unsloth_gemma-4-E2B-it-unsloth-bnb-4bit\prompt_v4_t0\Youtube\ONE#NIGHT#ULTIMATE#WEREWOLF#30##February#17th#2018_Game4.json,greedy_t0,greedy,Youtube,ONE#NIGHT#ULTIMATE#WEREWOLF#30##February#17th#2018,Game4,Youtube / ONE#NIGHT#ULTIMATE#WEREWOLF#30##February#17th#2018 / Game4,player_vote,Alysha,Alysha,False,False,Tanner,Tanner,"The discussion heavily focuses on identifying roles, particularly the Tanner and the Troublemaker, and accusing players of lying or switching roles. Alysha is strongly implicated as the Tanner by Justin and supported by other players, and Paul specifically suggests she made a 'werewolf move' by hesitating when grabbing the Troublemaker. Since Team Village wins by eliminating a Werewolf, and Alysha is the most suspicious player, she is the primary target."
C:\Users\annab\Documents\GitHub\masters_thesis_sdg\results\voting\unsloth_gemma-4-E2B-it-unsloth-bnb-4bit\prompt_v4_t0\Youtube\ONE#NIGHT#ULTIMATE#WEREWOLF#34##March#24th#2018_Game2.json,greedy_t0,greedy,Youtube,ONE#NIGHT#ULTIMATE#WEREWOLF#34##March#24th#2018,Game2,Youtube / ONE#NIGHT#ULTIMATE#WEREWOLF#34##March#24th#2018 / Game2,player_vote,Mitchell,Mitchell,False,False,Hunter,Werewolf,"The transcript is highly confusing due to multiple role swaps and conflicting claims, making definitive identification difficult. However, the consensus points towards Mitchell being the Werewolf. Carly explicitly states, ""Mitchell is the werewolf"" (113), and later, Justin suggests voting for Mitchell (123). Furthermore, Mike and Mitchell strongly imply that one of the two players they are discussing is the Werewolf (105, 109). Given the goal is to eliminate a Werewolf to win, Mitchell is the most likely target."
C:\Users\annab\Documents\GitHub\masters_thesis_sdg\results\voting\unsloth_gemma-4-E2B-it-unsloth-bnb-4bit\prompt_v4_t0\Youtube\ONE#NIGHT#ULTIMATE#WEREWOLF#34##March#24th#2018_Game3.json,greedy_t0,greedy,Youtube,ONE#NIGHT#ULTIMATE#WEREWOLF#34##March#24th#2018,Game3,Youtube / ONE#NIGHT#ULTIMATE#WEREWOLF#34##March#24th#2018 / Game3,circle_vote,No Werewolf,,True,False,,,"The discussion transcript is highly confusing and filled with role swaps and conflicting claims regarding who holds which role (e.g., Tanner, Troublemaker, Seer). There is no definitive evidence presented that confirms any player is the Werewolf. Since Team Village wins by eliminating a Werewolf, and I cannot confidently identify one, I must assume no Werewolf is present."
C:\Users\annab\Documents\GitHub\masters_thesis_sdg\results\voting\unsloth_gemma-4-E2B-it-unsloth-bnb-4bit\prompt_v4_t0\Youtube\One#Night#Ultimate#Werewolf#361#Classic#Werewolf_Game1.json,greedy_t0,greedy,Youtube,One#Night#Ultimate#Werewolf#361#Classic#Werewolf,Game1,Youtube / One#Night#Ultimate#Werewolf#361#Classic#Werewolf / Game1,player_vote,Dylan,Dylan,False,True,Werewolf,Robber,"Dylan explicitly claimed to have been the Werewolf but immediately tried to deflect suspicion by suggesting he was robbed or troubled. While the game involves significant role swapping and deception, this statement is the most direct indication of a Werewolf attempting to mislead the group. Eliminating Dylan maximizes the chances of Team Village successfully removing a Werewolf and winning."
C:\Users\annab\Documents\GitHub\masters_thesis_sdg\results\voting\unsloth_gemma-4-E2B-it-unsloth-bnb-4bit\prompt_v4_t0\Youtube\One#Night#Ultimate#Werewolf#362#More#Classic#Werewolf_Game1.json,greedy_t0,greedy,Youtube,One#Night#Ultimate#Werewolf#362#More#Classic#Werewolf,Game1,Youtube / One#Night#Ultimate#Werewolf#362#More#Classic#Werewolf / Game1,player_vote,Kelsey,Kelsey,False,False,Tanner,Robber,"The discussion is highly confusing due to numerous role swaps and lies, making definitive identification difficult. However, Kelsey's shifting claims regarding her roles (Troublemaker, Robber, Tanner) and subsequent denials, coupled with being strongly suspected by other players (especially Brett), make her the primary suspect. Eliminating her maximizes the chance of removing a Werewolf and securing a win for Team Village."
C:\Users\annab\Documents\GitHub\masters_thesis_sdg\results\voting\unsloth_gemma-4-E2B-it-unsloth-bnb-4bit\prompt_v4_t0\Youtube\One#Night#Ultimate#Werewolf#363#Even#More#Classic#Werewolf_Game1.json,greedy_t0,greedy,Youtube,One#Night#Ultimate#Werewolf#363#Even#More#Classic#Werewolf,Game1,Youtube / One#Night#Ultimate#Werewolf#363#Even#More#Classic#Werewolf / Game1,player_vote,Pete,Pete,False,False,Robber,Mason,"The transcript is highly confusing due to numerous role swaps and players lying about their identities. However, Pete explicitly states that he believes there is a Werewolf present, claiming, ""Werewolf, one of them's a Werewolf, and one of them's a Tanner"" (303). Since Team Village wins by eliminating a Werewolf, and Pete is the only player making a direct accusation regarding the Werewolf identity, he is the target."
C:\Users\annab\Documents\GitHub\masters_thesis_sdg\results\voting\unsloth_gemma-4-E2B-it-unsloth-bnb-4bit\prompt_v4_t0\Youtube\ONE#NIGHT#ULTIMATE#WEREWOLF#37##April#21st#2018_Game2.json,greedy_t0,greedy,Youtube,ONE#NIGHT#ULTIMATE#WEREWOLF#37##April#21st#2018,Game2,Youtube / ONE#NIGHT#ULTIMATE#WEREWOLF#37##April#21st#2018 / Game2,player_vote,Mike,Mike,False,False,Troublemaker,Troublemaker,"The discussion centers heavily on card swapping and who performed the Troublemaker role, with Mike claiming to be the Troublemaker and admitting to switching cards. Mitchell strongly suspects Mike of being a Werewolf, suggesting Mike is the primary focus of suspicion. Given the high level of deception and role manipulation discussed, Mike is the most likely candidate for the Werewolf role, which Team Village needs to eliminate to win."
C:\Users\annab\Documents\GitHub\masters_thesis_sdg\results\voting\unsloth_gemma-4-E2B-it-unsloth-bnb-4bit\prompt_v4_t0\Youtube\ONE#NIGHT#ULTIMATE#WEREWOLF#38##April#21st#2018_Game3.json,greedy_t0,greedy,Youtube,ONE#NIGHT#ULTIMATE#WEREWOLF#38##April#21st#2018,Game3,Youtube / ONE#NIGHT#ULTIMATE#WEREWOLF#38##April#21st#2018 / Game3,player_vote,James,James,False,False,Robber,Werewolf,"James explicitly claims in the transcript that he and Mike are werewolves, which is the strongest indicator of a Werewolf presence. Although the discussion is highly confusing due to role swaps and conflicting claims about Robber and Seer roles, James's direct accusation provides the clearest target for Team Village to eliminate a Werewolf. Since Team Village wins by eliminating a Werewolf, voting for James is the most logical move based on the available information."
C:\Users\annab\Documents\GitHub\masters_thesis_sdg\results\voting\unsloth_gemma-4-E2B-it-unsloth-bnb-4bit\prompt_v4_t0\Youtube\ONE#NIGHT#ULTIMATE#WEREWOLF#38##April#21st#2018_Game4.json,greedy_t0,greedy,Youtube,ONE#NIGHT#ULTIMATE#WEREWOLF#38##April#21st#2018,Game4,Youtube / ONE#NIGHT#ULTIMATE#WEREWOLF#38##April#21st#2018 / Game4,player_vote,Mike,Mike,False,False,Seer,Seer,"The discussion transcript is highly confusing due to role swaps and conflicting claims regarding who the Revealer was and what they saw. However, the final voting phase centered on James and Justin accusing Mike of being a Werewolf. Although definitive proof is lacking, Mike is the primary target of the group's suspicion, making him the most likely candidate to eliminate a Werewolf and secure a win for Team Village."
C:\Users\annab\Documents\GitHub\masters_thesis_sdg\results\voting\unsloth_gemma-4-E2B-it-unsloth-bnb-4bit\prompt_v4_t0\Youtube\One#Night#Ultimate#Werewolf#381#The#Hunt#Is#On_Game1.json,greedy_t0,greedy,Youtube,One#Night#Ultimate#Werewolf#381#The#Hunt#Is#On,Game1,Youtube / One#Night#Ultimate#Werewolf#381#The#Hunt#Is#On / Game1,player_vote,Dustin,Dustin,False,False,Insomniac,Insomniac,"Dustin is the only player who explicitly claims the Werewolf role, making him the primary suspect for the Werewolf team. While other players make conflicting claims about roles and interactions, Dustin's direct accusation puts him at the center of the suspicion. Eliminating him is the best strategic move for Team Village to achieve their win condition of eliminating a Werewolf."
C:\Users\annab\Documents\GitHub\masters_thesis_sdg\results\voting\unsloth_gemma-4-E2B-it-unsloth-bnb-4bit\prompt_v4_t0\Youtube\One#Night#Ultimate#Werewolf#382#Game#100!!_Game1.json,greedy_t0,greedy,Youtube,One#Night#Ultimate#Werewolf#382#Game#100!!,Game1,Youtube / One#Night#Ultimate#Werewolf#382#Game#100!! / Game1,circle_vote,No Werewolf,,True,False,,,"The discussion transcript is highly confusing due to role swapping and players lying about their identities. While Dylan claimed to be the Werewolf, Dustin was repeatedly identified as the Tanner, which makes him less likely to be the Werewolf. Given the lack of concrete evidence confirming a Werewolf's presence, and the possibility that all Werewolf cards are in the center, it is safer to assume no Werewolf is currently active."
C:\Users\annab\Documents\GitHub\masters_thesis_sdg\results\voting\unsloth_gemma-4-E2B-it-unsloth-bnb-4bit\prompt_v4_t0\Youtube\ONE#NIGHT#ULTIMATE#WEREWOLF#39##April#21st#2018_Game3.json,greedy_t0,greedy,Youtube,ONE#NIGHT#ULTIMATE#WEREWOLF#39##April#21st#2018,Game3,Youtube / ONE#NIGHT#ULTIMATE#WEREWOLF#39##April#21st#2018 / Game3,circle_vote,No Werewolf,,True,False,,,"The discussion transcript focuses heavily on identifying non-Werewolf roles such as the Tanner and the Seer, with players accusing each other of holding these roles. There is no concrete evidence or confirmed Werewolf actions within the provided dialogue. Since Team Village wins by eliminating a Werewolf, and no Werewolf has been definitively identified or acted upon, I cannot confidently accuse any player of being the Werewolf."
C:\Users\annab\Documents\GitHub\masters_thesis_sdg\results\voting\unsloth_gemma-4-E2B-it-unsloth-bnb-4bit\prompt_v4_t0\Youtube\ONE#NIGHT#ULTIMATE#WEREWOLF#4##July#14th#2016_Game1.json,greedy_t0,greedy,Youtube,ONE#NIGHT#ULTIMATE#WEREWOLF#4##July#14th#2016,Game1,Youtube / ONE#NIGHT#ULTIMATE#WEREWOLF#4##July#14th#2016 / Game1,player_vote,Justin,Justin,False,True,Werewolf,Drunk,"Mike explicitly stated that he saw two Werewolves in the center cards, indicating that Werewolves are likely present in the game. The discussion focused heavily on identifying the Tanner role, which is often a diversionary tactic, but Justin claimed to be a Werewolf and was heavily implicated in role confusion. To maximize the chances of Team Village winning, we should target the player who appears most suspicious and aligns with the Werewolf narrative."
C:\Users\annab\Documents\GitHub\masters_thesis_sdg\results\voting\unsloth_gemma-4-E2B-it-unsloth-bnb-4bit\prompt_v4_t0\Youtube\ONE#NIGHT#ULTIMATE#WEREWOLF#4##July#14th#2016_Game2.json,greedy_t0,greedy,Youtube,ONE#NIGHT#ULTIMATE#WEREWOLF#4##July#14th#2016,Game2,Youtube / ONE#NIGHT#ULTIMATE#WEREWOLF#4##July#14th#2016 / Game2,player_vote,Mitchell,Mitchell,False,True,Werewolf,Werewolf,"The discussion transcript is highly confusing due to card swapping and conflicting claims about roles, making definitive identification difficult. However, Mitchell is repeatedly implicated in deception, specifically regarding switching cards and having an 'unconfirmed story,' which aligns with the behavior of a Werewolf trying to sow distrust. Since Team Village wins by eliminating a Werewolf, targeting the most suspicious player, Mitchell, is the best strategy to maximize the chances of success."
C:\Users\annab\Documents\GitHub\masters_thesis_sdg\results\voting\unsloth_gemma-4-E2B-it-unsloth-bnb-4bit\prompt_v4_t0\Youtube\ONE#NIGHT#ULTIMATE#WEREWOLF#4##July#14th#2016_Game3.json,greedy_t0,greedy,Youtube,ONE#NIGHT#ULTIMATE#WEREWOLF#4##July#14th#2016,Game3,Youtube / ONE#NIGHT#ULTIMATE#WEREWOLF#4##July#14th#2016 / Game3,player_vote,Mitchell,Mitchell,False,False,Drunk,Seer,"The discussion is highly speculative, revolving around role swaps and accusations. Mitchell is the only player who directly claims to have seen a Werewolf (82), which provides the strongest, albeit unverified, evidence for a Werewolf's presence. While the evidence is circumstantial, Team Village needs to eliminate a Werewolf to win. Targeting the player who made the direct accusation is the most logical move to attempt to secure a win."
C:\Users\annab\Documents\GitHub\masters_thesis_sdg\results\voting\unsloth_gemma-4-E2B-it-unsloth-bnb-4bit\prompt_v4_t0\Youtube\ONE#NIGHT#ULTIMATE#WEREWOLF#43##October#13th#2018_Game1.json,greedy_t0,greedy,Youtube,ONE#NIGHT#ULTIMATE#WEREWOLF#43##October#13th#2018,Game1,Youtube / ONE#NIGHT#ULTIMATE#WEREWOLF#43##October#13th#2018 / Game1,player_vote,Mitchell,Mitchell,False,True,Werewolf,Tanner,"Multiple players, including Mike, claimed to have identified Mitchell's card as a Werewolf, and Mitchell was also identified as a Werewolf by Mike during the final moments of the discussion. Given that Team Village wins by eliminating a Werewolf, voting for Mitchell is the strongest move based on the available evidence."
C:\Users\annab\Documents\GitHub\masters_thesis_sdg\results\voting\unsloth_gemma-4-E2B-it-unsloth-bnb-4bit\prompt_v4_t0\Youtube\ONE#NIGHT#ULTIMATE#WEREWOLF#43##October#13th#2018_Game3.json,greedy_t0,greedy,Youtube,ONE#NIGHT#ULTIMATE#WEREWOLF#43##October#13th#2018,Game3,Youtube / ONE#NIGHT#ULTIMATE#WEREWOLF#43##October#13th#2018 / Game3,player_vote,Justin,Justin,False,False,Tanner,Werewolf,"Justin explicitly stated, ""I was a werewolf, so there's a werewolf in here,"" which is a direct claim for the Werewolf role. Although the transcript is filled with role swaps and conflicting accusations, this direct statement provides the strongest initial evidence for a Werewolf. To maximize the chances of Team Village winning, eliminating the player who claims to be the Werewolf is the most strategic move."
C:\Users\annab\Documents\GitHub\masters_thesis_sdg\results\voting\unsloth_gemma-4-E2B-it-unsloth-bnb-4bit\prompt_v4_t0\Youtube\ONE#NIGHT#ULTIMATE#WEREWOLF#43##October#13th#2018_Game4.json,greedy_t0,greedy,Youtube,ONE#NIGHT#ULTIMATE#WEREWOLF#43##October#13th#2018,Game4,Youtube / ONE#NIGHT#ULTIMATE#WEREWOLF#43##October#13th#2018 / Game4,circle_vote,No Werewolf,,True,False,,,"The discussion transcript is highly confusing due to multiple role swaps and conflicting claims about who holds which role, making it impossible to definitively identify a Werewolf. Since Team Village wins if they eliminate a Werewolf, and if no Werewolf is present, they also win, I cannot confidently accuse any player. Based on the lack of clear evidence, I conclude that no Werewolf is confirmed."
C:\Users\annab\Documents\GitHub\masters_thesis_sdg\results\voting\unsloth_gemma-4-E2B-it-unsloth-bnb-4bit\prompt_v4_t0\Youtube\ONE#NIGHT#ULTIMATE#WEREWOLF#44##October#13th#2018_Game1.json,greedy_t0,greedy,Youtube,ONE#NIGHT#ULTIMATE#WEREWOLF#44##October#13th#2018,Game1,Youtube / ONE#NIGHT#ULTIMATE#WEREWOLF#44##October#13th#2018 / Game1,player_vote,Mitchell,Mitchell,False,False,Seer,Seer,"The discussion is highly confusing due to role swapping and mutual accusations of lying. However, Mitchell makes a very strong claim (Transcript 75) that they saw a werewolf in the middle, which is a direct accusation regarding the Werewolf's presence. Given the goal is to eliminate a Werewolf, Mitchell is the most likely candidate to be the Werewolf, or at least the player making the most definitive claim about the Werewolf's location."
C:\Users\annab\Documents\GitHub\masters_thesis_sdg\results\voting\unsloth_gemma-4-E2B-it-unsloth-bnb-4bit\prompt_v4_t0\Youtube\ONE#NIGHT#ULTIMATE#WEREWOLF#44##October#13th#2018_Game2.json,greedy_t0,greedy,Youtube,ONE#NIGHT#ULTIMATE#WEREWOLF#44##October#13th#2018,Game2,Youtube / ONE#NIGHT#ULTIMATE#WEREWOLF#44##October#13th#2018 / Game2,player_vote,Justin,Justin,False,True,Werewolf,Werewolf,"Justin explicitly stated that he saw a werewolf and claimed to be the werewolf, which is a strong indicator. Although the transcript is filled with role swaps and conflicting claims about who is the Tanner or Robber, Justin's self-identification as the Werewolf makes him the primary target for Team Village to eliminate. Eliminating the suspected Werewolf maximizes the chance of Team Village winning."
C:\Users\annab\Documents\GitHub\masters_thesis_sdg\results\voting\unsloth_gemma-4-E2B-it-unsloth-bnb-4bit\prompt_v4_t0\Youtube\ONE#NIGHT#ULTIMATE#WEREWOLF#44##October#13th#2018_Game3.json,greedy_t0,greedy,Youtube,ONE#NIGHT#ULTIMATE#WEREWOLF#44##October#13th#2018,Game3,Youtube / ONE#NIGHT#ULTIMATE#WEREWOLF#44##October#13th#2018 / Game3,circle_vote,No Werewolf,,True,True,,,"The discussion is highly confusing due to role swaps, but Justin explicitly states, ""Because no werewolf exists. As long as we don't kill a Tanner, we win."" Given the conflicting claims about who holds which role, the most direct interpretation of the final consensus is that the Werewolf threat has been eliminated. According to the winning conditions, Team Village wins if no Werewolves are present. Therefore, I conclude that no Werewolf is currently active."
C:\Users\annab\Documents\GitHub\masters_thesis_sdg\results\voting\unsloth_gemma-4-E2B-it-unsloth-bnb-4bit\prompt_v4_t0\Youtube\ONE#NIGHT#ULTIMATE#WEREWOLF#44##October#13th#2018_Game4.json,greedy_t0,greedy,Youtube,ONE#NIGHT#ULTIMATE#WEREWOLF#44##October#13th#2018,Game4,Youtube / ONE#NIGHT#ULTIMATE#WEREWOLF#44##October#13th#2018 / Game4,player_vote,Paul,Paul,False,False,Seer,Seer,"The transcript is extremely brief and focused on role claims rather than concrete actions. Paul makes a bold claim that he saw two werewolves, which is a strong indicator that he might be lying to deflect suspicion. Since Team Village wins by eliminating a Werewolf, targeting the player making the most aggressive accusation is the best strategy to maximize the chances of success. If Paul is indeed a Werewolf, eliminating him helps Team Village."
C:\Users\annab\Documents\GitHub\masters_thesis_sdg\results\voting\unsloth_gemma-4-E2B-it-unsloth-bnb-4bit\prompt_v4_t0\Youtube\ONE#NIGHT#ULTIMATE#WEREWOLF#44##October#13th#2018_Game5.json,greedy_t0,greedy,Youtube,ONE#NIGHT#ULTIMATE#WEREWOLF#44##October#13th#2018,Game5,Youtube / ONE#NIGHT#ULTIMATE#WEREWOLF#44##October#13th#2018 / Game5,player_vote,Mitchell,Mitchell,False,False,Troublemaker,Troublemaker,"The discussion is highly confusing due to role swaps and conflicting claims, making definitive identification difficult. However, Mitchell explicitly claims he swapped roles with a Werewolf and is actively trying to cast suspicion on others. Given the goal is to eliminate a Werewolf, Mitchell is the most suspicious player and the most likely candidate to be attempting to manipulate the vote."
C:\Users\annab\Documents\GitHub\masters_thesis_sdg\results\voting\unsloth_gemma-4-E2B-it-unsloth-bnb-4bit\prompt_v4_t0\Youtube\ONE#NIGHT#ULTIMATE#WEREWOLF#45##October#13th#2018_Game4.json,greedy_t0,greedy,Youtube,ONE#NIGHT#ULTIMATE#WEREWOLF#45##October#13th#2018,Game4,Youtube / ONE#NIGHT#ULTIMATE#WEREWOLF#45##October#13th#2018 / Game4,player_vote,Justin,Justin,False,False,Tanner,Tanner,"The discussion is extremely confusing due to multiple role swaps and conflicting claims about who holds which role. However, Paul explicitly states that Justin is the werewolf and suggests killing him, and Justin later confirms he was the Tanner, indicating high suspicion surrounding Justin's true identity. Since Team Village needs to eliminate a Werewolf to win, Justin is the primary target based on the available, albeit contradictory, evidence."
C:\Users\annab\Documents\GitHub\masters_thesis_sdg\results\voting\unsloth_gemma-4-E2B-it-unsloth-bnb-4bit\prompt_v4_t0\Youtube\ONE#NIGHT#ULTIMATE#WEREWOLF#45##October#13th#2018_Game6.json,greedy_t0,greedy,Youtube,ONE#NIGHT#ULTIMATE#WEREWOLF#45##October#13th#2018,Game6,Youtube / ONE#NIGHT#ULTIMATE#WEREWOLF#45##October#13th#2018 / Game6,circle_vote,No Werewolf,,True,True,,,"The discussion revolves heavily around role swaps (Robber, Troublemaker, Hunter) and the Tanner role, making it difficult to determine the current alignment of any player. While players are accusing each other of lying and swapping roles, there is no concrete evidence or accusation that definitively points to a Werewolf. Since Team Village only wins by eliminating a Werewolf, and no player is clearly identified as the Werewolf, I cannot make a safe accusation."
C:\Users\annab\Documents\GitHub\masters_thesis_sdg\results\voting\unsloth_gemma-4-E2B-it-unsloth-bnb-4bit\prompt_v4_t0\Youtube\One#Night#Ultimate#Werewolf#491#Classic#Werewolf_Game1.json,greedy_t0,greedy,Youtube,One#Night#Ultimate#Werewolf#491#Classic#Werewolf,Game1,Youtube / One#Night#Ultimate#Werewolf#491#Classic#Werewolf / Game1,player_vote,Brett,Brett,False,True,Werewolf,Seer,"The discussion is highly contradictory, with both Pete and Brett claiming to be the Werewolf, and numerous accusations of lying are exchanged. Brett explicitly claims he was the Werewolf, which is a strong indicator, although he is also heavily criticized for being inconsistent. Since Team Village needs to eliminate a Werewolf, targeting the player making the most direct claim is the most logical strategy to attempt a win."
C:\Users\annab\Documents\GitHub\masters_thesis_sdg\results\voting\unsloth_gemma-4-E2B-it-unsloth-bnb-4bit\prompt_v4_t0\Youtube\One#Night#Ultimate#Werewolf#492#More#Classic#Werewolf_Game1.json,greedy_t0,greedy,Youtube,One#Night#Ultimate#Werewolf#492#More#Classic#Werewolf,Game1,Youtube / One#Night#Ultimate#Werewolf#492#More#Classic#Werewolf / Game1,player_vote,Brett,Brett,False,False,Seer,Robber,"The transcript is heavily focused on role swapping and conflicting claims, making definitive identification difficult. However, Pete explicitly states that 'Those two are wolves' (183), which is a direct accusation. Given the limited information, I will target one of the players Pete accused, Brett, as he was involved in several role changes and accusations throughout the discussion."
C:\Users\annab\Documents\GitHub\masters_thesis_sdg\results\voting\unsloth_gemma-4-E2B-it-unsloth-bnb-4bit\prompt_v4_t0\Youtube\One#Night#Ultimate#Werewolf#493#Even#More#Classic#Werewolf_Game1.json,greedy_t0,greedy,Youtube,One#Night#Ultimate#Werewolf#493#Even#More#Classic#Werewolf,Game1,Youtube / One#Night#Ultimate#Werewolf#493#Even#More#Classic#Werewolf / Game1,player_vote,Katie,Katie,False,False,Tanner,Tanner,"The transcript is highly confusing due to multiple role swaps and conflicting claims, making definitive identification of the Werewolf impossible. However, in the final stages of the discussion, Pete repeatedly accuses Katie of being the Werewolf. Since Team Village needs to eliminate a Werewolf to win, voting for the player most strongly implicated by other players' claims is the best strategy to maximize the chance of success."
C:\Users\annab\Documents\GitHub\masters_thesis_sdg\results\voting\unsloth_gemma-4-E2B-it-unsloth-bnb-4bit\prompt_v4_t0\Youtube\ONE#NIGHT#ULTIMATE#WEREWOLF#5##October#29th#2016_Game1.json,greedy_t0,greedy,Youtube,ONE#NIGHT#ULTIMATE#WEREWOLF#5##October#29th#2016,Game1,Youtube / ONE#NIGHT#ULTIMATE#WEREWOLF#5##October#29th#2016 / Game1,player_vote,Chris,Chris,False,True,Werewolf,Werewolf,"The transcript shows significant confusion regarding role swaps, making definitive identification difficult. However, Chris makes the strongest assertion, stating he was '100% percent was the werewolf. The lone werewolf.' Since Team Village wins by eliminating a Werewolf, voting for Chris is the most direct path to victory based on the available evidence."
C:\Users\annab\Documents\GitHub\masters_thesis_sdg\results\voting\unsloth_gemma-4-E2B-it-unsloth-bnb-4bit\prompt_v4_t0\Youtube\One#Night#Ultimate#Werewolf#531#Classic#ONUW_Game1.json,greedy_t0,greedy,Youtube,One#Night#Ultimate#Werewolf#531#Classic#ONUW,Game1,Youtube / One#Night#Ultimate#Werewolf#531#Classic#ONUW / Game1,player_vote,Brett,Brett,False,False,Tanner,Minion,"Brett explicitly claims in the transcript that he was the Werewolf at the beginning of the game. Since Team Village wins by eliminating a Werewolf, voting for Brett is the necessary action to achieve this goal. Although the discussion is confusing due to card swaps and conflicting claims about roles like Robber and Drunk, Brett's self-identification provides the strongest evidence for targeting the Werewolf."
C:\Users\annab\Documents\GitHub\masters_thesis_sdg\results\voting\unsloth_gemma-4-E2B-it-unsloth-bnb-4bit\prompt_v4_t0\Youtube\One#Night#Ultimate#Werewolf#532#More#Classic#ONUW_Game1.json,greedy_t0,greedy,Youtube,One#Night#Ultimate#Werewolf#532#More#Classic#ONUW,Game1,Youtube / One#Night#Ultimate#Werewolf#532#More#Classic#ONUW / Game1,circle_vote,No Werewolf,,True,False,,,"The discussion revolves around players claiming to be Werewolves, specifically Katie and DeAndre, but the card swapping and conflicting statements make it impossible to confirm any player's true role. DeAndre claims to be a Werewolf, but this could be a lie, and the roles may have changed during the night. Since I cannot definitively identify a Werewolf, I must assume that all Werewolf cards might be in the center, which leads to a Team Village win condition."
C:\Users\annab\Documents\GitHub\masters_thesis_sdg\results\voting\unsloth_gemma-4-E2B-it-unsloth-bnb-4bit\prompt_v4_t0\Youtube\One#Night#Ultimate#Werewolf#533#Even#More#Classic#ONUW_Game1.json,greedy_t0,greedy,Youtube,One#Night#Ultimate#Werewolf#533#Even#More#Classic#ONUW,Game1,Youtube / One#Night#Ultimate#Werewolf#533#Even#More#Classic#ONUW / Game1,player_vote,DeAndre,DeAndre,False,False,Minion,Drunk,"The discussion strongly suggests that DeAndre is either the Werewolf or the Minion, as he claimed to be Drunk but was suspected to be Wolfing. Since Team Village needs to eliminate a Werewolf to win, voting for DeAndre is the most logical move to attempt to eliminate a Werewolf. While the roles are confusing due to swaps, DeAndre remains the primary suspect for the Werewolf role based on the collective suspicion."
C:\Users\annab\Documents\GitHub\masters_thesis_sdg\results\voting\unsloth_gemma-4-E2B-it-unsloth-bnb-4bit\prompt_v4_t0\Youtube\ONE#NIGHT#ULTIMATE#WEREWOLF#55##January#26th#2019_Game3.json,greedy_t0,greedy,Youtube,ONE#NIGHT#ULTIMATE#WEREWOLF#55##January#26th#2019,Game3,Youtube / ONE#NIGHT#ULTIMATE#WEREWOLF#55##January#26th#2019 / Game3,circle_vote,No Werewolf,,True,False,,,"The discussion transcript does not provide sufficient evidence to identify a Werewolf. Players are actively debating roles, card swaps, and who to vote out, indicating that the Werewolf identity remains uncertain. Since Team Village wins by eliminating a Werewolf, and I have no information confirming a Werewolf is present, I must conclude that no Werewolf is currently identified."
C:\Users\annab\Documents\GitHub\masters_thesis_sdg\results\voting\unsloth_gemma-4-E2B-it-unsloth-bnb-4bit\prompt_v4_t0\Youtube\ONE#NIGHT#ULTIMATE#WEREWOLF#6##November#6th#2016_Game1.json,greedy_t0,greedy,Youtube,ONE#NIGHT#ULTIMATE#WEREWOLF#6##November#6th#2016,Game1,Youtube / ONE#NIGHT#ULTIMATE#WEREWOLF#6##November#6th#2016 / Game1,player_vote,Caitlynn,Caitlynn,False,False,Robber,Werewolf,"The discussion transcript heavily suggests that Caitlynn is the Werewolf. Mitchell claims Caitlynn was a werewolf and confirms it, leading Mitchell to conclude that they should vote for her. Since Team Village wins by eliminating a Werewolf, voting for Caitlynn is the optimal strategy based on the available information."
C:\Users\annab\Documents\GitHub\masters_thesis_sdg\results\voting\unsloth_gemma-4-E2B-it-unsloth-bnb-4bit\prompt_v4_t0\Youtube\ONE#NIGHT#ULTIMATE#WEREWOLF#6##November#6th#2016_Game2.json,greedy_t0,greedy,Youtube,ONE#NIGHT#ULTIMATE#WEREWOLF#6##November#6th#2016,Game2,Youtube / ONE#NIGHT#ULTIMATE#WEREWOLF#6##November#6th#2016 / Game2,player_vote,Mitchell,Mitchell,False,False,Robber,Werewolf,"The transcript indicates a highly confusing role-swapping sequence, but the discussion culminates in Mitchell and Caitlynn claiming to be the Werewolf. Mitchell explicitly states he was the Werewolf (100, 105), and Alana confirms Caitlynn is the Werewolf (104). Since Team Village wins by eliminating a Werewolf, voting out either Mitchell or Caitlynn is necessary. I will vote out Mitchell as he made the definitive claim that led to the identification of the Werewolf."
C:\Users\annab\Documents\GitHub\masters_thesis_sdg\results\voting\unsloth_gemma-4-E2B-it-unsloth-bnb-4bit\prompt_v4_t0\Youtube\ONE#NIGHT#ULTIMATE#WEREWOLF#62##March#23rd#2019_Game1.json,greedy_t0,greedy,Youtube,ONE#NIGHT#ULTIMATE#WEREWOLF#62##March#23rd#2019,Game1,Youtube / ONE#NIGHT#ULTIMATE#WEREWOLF#62##March#23rd#2019 / Game1,circle_vote,No Werewolf,,True,False,,,"The discussion transcript is highly confusing due to role swaps and multiple layers of deception regarding who is the Robber, Tanner, or Werewolf. While several players accuse others of being Werewolves, these accusations are immediately countered by denials and further confusion about the initial roles. Since there is no definitive evidence or consensus confirming that any player holds the Werewolf card, I cannot confidently vote out a specific player."
C:\Users\annab\Documents\GitHub\masters_thesis_sdg\results\voting\unsloth_gemma-4-E2B-it-unsloth-bnb-4bit\prompt_v4_t0\Youtube\ONE#NIGHT#ULTIMATE#WEREWOLF#62##March#23rd#2019_Game2.json,greedy_t0,greedy,Youtube,ONE#NIGHT#ULTIMATE#WEREWOLF#62##March#23rd#2019,Game2,Youtube / ONE#NIGHT#ULTIMATE#WEREWOLF#62##March#23rd#2019 / Game2,player_vote,Mitchell,Mitchell,False,False,Tanner,Seer,"The discussion transcript strongly suggests that a Werewolf is present, as Mitchell explicitly states, ""I saw a Werewolf which is-"" and Justin confirms a Robber action. To secure the win for Team Village, we must eliminate a Werewolf. Mitchell's direct claim makes him the primary suspect for the Werewolf role, despite the high level of confusion during the voting phase."
C:\Users\annab\Documents\GitHub\masters_thesis_sdg\results\voting\unsloth_gemma-4-E2B-it-unsloth-bnb-4bit\prompt_v4_t0\Youtube\ONE#NIGHT#ULTIMATE#WEREWOLF#63##March#23rd#2019_Game1.json,greedy_t0,greedy,Youtube,ONE#NIGHT#ULTIMATE#WEREWOLF#63##March#23rd#2019,Game1,Youtube / ONE#NIGHT#ULTIMATE#WEREWOLF#63##March#23rd#2019 / Game1,player_vote,Justin,Justin,False,False,Tanner,Tanner,"Justin explicitly claims to be a Werewolf during the discussion, making him the primary target for Team Village to eliminate a threat. The transcript is filled with role swaps and accusations, which increases the likelihood that one of the players is indeed the Werewolf. Since Team Village wins by eliminating a Werewolf, targeting the player who self-identifies as one is the most direct strategy."
C:\Users\annab\Documents\GitHub\masters_thesis_sdg\results\voting\unsloth_gemma-4-E2B-it-unsloth-bnb-4bit\prompt_v4_t0\Youtube\ONE#NIGHT#ULTIMATE#WEREWOLF#64##March#23rd#2019_Game3.json,greedy_t0,greedy,Youtube,ONE#NIGHT#ULTIMATE#WEREWOLF#64##March#23rd#2019,Game3,Youtube / ONE#NIGHT#ULTIMATE#WEREWOLF#64##March#23rd#2019 / Game3,player_vote,James,James,False,True,Werewolf,Robber,"The discussion is highly confusing due to role swaps, but James makes a direct claim that he is a Werewolf, stating he robbed Mitchell who was a werewolf. While the evidence is circumstantial and contradictory, James is the most aggressive self-identifier of a Werewolf in the transcript. Eliminating him maximizes the chance of Team Village successfully identifying and removing a Werewolf, which is their primary winning condition."
C:\Users\annab\Documents\GitHub\masters_thesis_sdg\results\voting\unsloth_gemma-4-E2B-it-unsloth-bnb-4bit\prompt_v4_t0\Youtube\ONE#NIGHT#ULTIMATE#WEREWOLF#64##March#23rd#2019_Game4.json,greedy_t0,greedy,Youtube,ONE#NIGHT#ULTIMATE#WEREWOLF#64##March#23rd#2019,Game4,Youtube / ONE#NIGHT#ULTIMATE#WEREWOLF#64##March#23rd#2019 / Game4,player_vote,Paul,Paul,False,True,Werewolf,Werewolf,"The discussion heavily suggests that James and Mitchell believe two players are Werewolves, leading to a strong consensus that a vote should be cast. James explicitly suggests voting Paul, and Mitchell agrees, indicating that Paul is the primary target of suspicion. Since Team Village needs to eliminate a Werewolf to win, voting Paul aligns with the current collective belief and maximizes the chance of success."
C:\Users\annab\Documents\GitHub\masters_thesis_sdg\results\voting\unsloth_gemma-4-E2B-it-unsloth-bnb-4bit\prompt_v4_t0\Youtube\ONE#NIGHT#ULTIMATE#WEREWOLF#64##March#23rd#2019_Game5.json,greedy_t0,greedy,Youtube,ONE#NIGHT#ULTIMATE#WEREWOLF#64##March#23rd#2019,Game5,Youtube / ONE#NIGHT#ULTIMATE#WEREWOLF#64##March#23rd#2019 / Game5,player_vote,James,James,False,False,Robber,Werewolf,"The discussion heavily centers around role swapping and identifying the Werewolf, with James explicitly claiming he was a werewolf. Although the transcript is confusing due to potential role changes, James remains the strongest suspect for the Werewolf. To ensure Team Village wins, we must eliminate a Werewolf, and voting for James is the most direct path to achieving this goal."
C:\Users\annab\Documents\GitHub\masters_thesis_sdg\results\voting\unsloth_gemma-4-E2B-it-unsloth-bnb-4bit\prompt_v4_t0\Youtube\ONE#NIGHT#ULTIMATE#WEREWOLF#7##November#6th#2016_Game1.json,greedy_t0,greedy,Youtube,ONE#NIGHT#ULTIMATE#WEREWOLF#7##November#6th#2016,Game1,Youtube / ONE#NIGHT#ULTIMATE#WEREWOLF#7##November#6th#2016 / Game1,player_vote,Mitchell,Mitchell,False,False,Robber,Troublemaker,"Mitchell explicitly claimed the Werewolf role during the discussion, and Caitlynn confirmed this claim. Although Alana argued that neither of them were Werewolves, Mitchell's self-identification and the subsequent confirmation make him the primary suspect. Eliminating Mitchell maximizes the chance of Team Village winning by removing the Werewolf."
C:\Users\annab\Documents\GitHub\masters_thesis_sdg\results\voting\unsloth_gemma-4-E2B-it-unsloth-bnb-4bit\prompt_v4_t0\Youtube\ONE#NIGHT#ULTIMATE#WEREWOLF#7##November#6th#2016_Game2.json,greedy_t0,greedy,Youtube,ONE#NIGHT#ULTIMATE#WEREWOLF#7##November#6th#2016,Game2,Youtube / ONE#NIGHT#ULTIMATE#WEREWOLF#7##November#6th#2016 / Game2,player_vote,Caitlynn,Caitlynn,False,False,Tanner,Tanner,"The discussion strongly suggests that Caitlynn is the Werewolf, with Mitchell explicitly stating this belief and linking it to her taking a role after looking at the center cards. Since Team Village wins by eliminating a Werewolf, voting for Caitlynn is the optimal move to achieve this goal. Although the roles are uncertain due to potential swaps, the consensus points toward her being the target for elimination."
C:\Users\annab\Documents\GitHub\masters_thesis_sdg\results\voting\unsloth_gemma-4-E2B-it-unsloth-bnb-4bit\prompt_v4_t0\Youtube\ONE#NIGHT#ULTIMATE#WEREWOLF#7##November#6th#2016_Game3.json,greedy_t0,greedy,Youtube,ONE#NIGHT#ULTIMATE#WEREWOLF#7##November#6th#2016,Game3,Youtube / ONE#NIGHT#ULTIMATE#WEREWOLF#7##November#6th#2016 / Game3,player_vote,Mitchell,Mitchell,False,True,Werewolf,Werewolf,"The discussion is highly confusing due to multiple role swaps (Robber, Tanner) and conflicting claims about who the Werewolf is. However, Mike repeatedly asserts that Mitchell is the Werewolf, and Mitchell later confirms he was the Werewolf initially. Given the objective is to eliminate a Werewolf to win, Mitchell is the strongest suspect based on the internal conflict presented in the transcript."
C:\Users\annab\Documents\GitHub\masters_thesis_sdg\results\voting\unsloth_gemma-4-E2B-it-unsloth-bnb-4bit\prompt_v4_t0\Youtube\ONE#NIGHT#ULTIMATE#WEREWOLF#7##November#6th#2016_Game4.json,greedy_t0,greedy,Youtube,ONE#NIGHT#ULTIMATE#WEREWOLF#7##November#6th#2016,Game4,Youtube / ONE#NIGHT#ULTIMATE#WEREWOLF#7##November#6th#2016 / Game4,player_vote,Mitchell,Mitchell,False,True,Werewolf,Werewolf,"The discussion transcript is highly confusing and filled with conflicting claims about who holds which role, making definitive identification of the Werewolf impossible. However, Mitchell is heavily suspected by other players, including Alana and Mike, who express confidence that he is the Werewolf. Since Team Village needs to eliminate a Werewolf to win, targeting the most strongly suspected player is the best strategic move based on the available information."
C:\Users\annab\Documents\GitHub\masters_thesis_sdg\results\voting\unsloth_gemma-4-E2B-it-unsloth-bnb-4bit\prompt_v4_t0\Youtube\ONE#NIGHT#ULTIMATE#WEREWOLF#8##November#6th#2016_Game1.json,greedy_t0,greedy,Youtube,ONE#NIGHT#ULTIMATE#WEREWOLF#8##November#6th#2016,Game1,Youtube / ONE#NIGHT#ULTIMATE#WEREWOLF#8##November#6th#2016 / Game1,circle_vote,No Werewolf,,True,False,,,"The discussion transcript is highly confusing and filled with conflicting claims regarding player roles, particularly Mitchell's identity. Mitchell claims to be the Werewolf, but multiple players (Matt and Caitlynn) strongly suggest he is the Tanner. Since there is no concrete evidence or successful night actions recorded, and the roles are heavily disputed, I cannot confidently identify a Werewolf. To maximize the chances of Team Village winning, I will assume no Werewolf is present."
C:\Users\annab\Documents\GitHub\masters_thesis_sdg\results\voting\unsloth_gemma-4-E2B-it-unsloth-bnb-4bit\prompt_v4_t0\Youtube\ONE#NIGHT#ULTIMATE#WEREWOLF#8##November#6th#2016_Game4.json,greedy_t0,greedy,Youtube,ONE#NIGHT#ULTIMATE#WEREWOLF#8##November#6th#2016,Game4,Youtube / ONE#NIGHT#ULTIMATE#WEREWOLF#8##November#6th#2016 / Game4,circle_vote,No Werewolf,,True,False,,,"The discussion transcript is highly confusing due to multiple role swaps and misidentifications during the Night phase. While Mike suggests that Alana might be the Werewolf, there is no concrete evidence or reliable information to confirm this accusation. Since I cannot confidently identify a Werewolf, I must assume that all Werewolf cards are currently in the center, which allows Team Village to win if no one dies."
C:\Users\annab\Documents\GitHub\masters_thesis_sdg\results\voting\unsloth_gemma-4-E2B-it-unsloth-bnb-4bit\prompt_v4_t0\Youtube\ONE#NIGHT#ULTIMATE#WEREWOLF#83##October#15th#2019_Game2.json,greedy_t0,greedy,Youtube,ONE#NIGHT#ULTIMATE#WEREWOLF#83##October#15th#2019,Game2,Youtube / ONE#NIGHT#ULTIMATE#WEREWOLF#83##October#15th#2019 / Game2,circle_vote,No Werewolf,,True,False,,,"The discussion is highly confusing due to multiple role swaps and conflicting claims regarding who holds the Werewolf card. Mike claims to be the Werewolf, but Meghan and Caitlynn immediately suggest he might have been switched or that he is the Tanner. Since there is no definitive evidence pointing to a Werewolf, and the information is too contradictory to make a confident accusation, I cannot identify a Werewolf."
C:\Users\annab\Documents\GitHub\masters_thesis_sdg\results\voting\unsloth_gemma-4-E2B-it-unsloth-bnb-4bit\prompt_v4_t0\Youtube\ONE#NIGHT#ULTIMATE#WEREWOLF#83##October#15th#2019_Game3.json,greedy_t0,greedy,Youtube,ONE#NIGHT#ULTIMATE#WEREWOLF#83##October#15th#2019,Game3,Youtube / ONE#NIGHT#ULTIMATE#WEREWOLF#83##October#15th#2019 / Game3,player_vote,Mike,Mike,False,False,Robber,Troublemaker,"Mike explicitly states, ""I was a regular werewolf,"" which strongly suggests he holds the Werewolf role. Since Team Village wins by eliminating a Werewolf, voting Mike out is the necessary action to achieve this goal. Although the transcript is filled with role swaps and deception, Mike's direct claim provides the clearest indication of a Werewolf presence."
C:\Users\annab\Documents\GitHub\masters_thesis_sdg\results\voting\unsloth_gemma-4-E2B-it-unsloth-bnb-4bit\prompt_v4_t0\Youtube\ONE#NIGHT#ULTIMATE#WEREWOLF#86##November#9th#2019_Game1.json,greedy_t0,greedy,Youtube,ONE#NIGHT#ULTIMATE#WEREWOLF#86##November#9th#2019,Game1,Youtube / ONE#NIGHT#ULTIMATE#WEREWOLF#86##November#9th#2019 / Game1,circle_vote,No Werewolf,,True,False,,,"The discussion centers around the uncertainty of roles, particularly the Werewolf presence. Mike initially claims he saw no Werewolf, while Justin claims he did, leading to conflicting information. However, the discussion quickly devolves into accusations and attempts to determine who might be the Tanner, suggesting a potential attempt to manipulate votes. Since there is no concrete evidence pointing to a specific player as the Werewolf, and the conflicting information makes it impossible to definitively identify one, the safest choice is to assume no Werewolf is present, aligning with the winning condition where Team Village wins if no Werewolf is present."
C:\Users\annab\Documents\GitHub\masters_thesis_sdg\results\voting\unsloth_gemma-4-E2B-it-unsloth-bnb-4bit\prompt_v4_t0\Youtube\ONE#NIGHT#ULTIMATE#WEREWOLF#86##November#9th#2019_Game3.json,greedy_t0,greedy,Youtube,ONE#NIGHT#ULTIMATE#WEREWOLF#86##November#9th#2019,Game3,Youtube / ONE#NIGHT#ULTIMATE#WEREWOLF#86##November#9th#2019 / Game3,player_vote,Mitchell,Mitchell,False,False,Robber,Werewolf,"Mitchell explicitly claimed during the discussion that he started as a Werewolf, which is a strong indicator of his alignment. Given the high level of role swapping and conflicting accusations regarding who robbed whom, Mitchell remains the most suspicious player. Eliminating him maximizes the chances of Team Village successfully removing a Werewolf and winning the game."
C:\Users\annab\Documents\GitHub\masters_thesis_sdg\results\voting\unsloth_gemma-4-E2B-it-unsloth-bnb-4bit\prompt_v4_t0\Youtube\ONE#NIGHT#ULTIMATE#WEREWOLF#86##November#9th#2019_Game4.json,greedy_t0,greedy,Youtube,ONE#NIGHT#ULTIMATE#WEREWOLF#86##November#9th#2019,Game4,Youtube / ONE#NIGHT#ULTIMATE#WEREWOLF#86##November#9th#2019 / Game4,player_vote,Mike,Mike,False,True,Werewolf,Tanner,"The discussion centers heavily on role swapping and accusations, particularly involving Mike and Mitchell. Justin explicitly suggests Mike robbed him and switched roles, implying Mike is still a Werewolf. Furthermore, Mitchell himself suggests there might be more than one Werewolf. Since Team Village wins by eliminating a Werewolf, and Mike is the primary target of suspicion and the final vote, he is the most likely candidate."
C:\Users\annab\Documents\GitHub\masters_thesis_sdg\results\voting\unsloth_gemma-4-E2B-it-unsloth-bnb-4bit\prompt_v4_t0\Youtube\ONE#NIGHT#ULTIMATE#WEREWOLF#87##November#9th#2019_Game1.json,greedy_t0,greedy,Youtube,ONE#NIGHT#ULTIMATE#WEREWOLF#87##November#9th#2019,Game1,Youtube / ONE#NIGHT#ULTIMATE#WEREWOLF#87##November#9th#2019 / Game1,circle_vote,No Werewolf,,True,False,,,"The discussion transcript is highly confusing due to multiple role swaps (Robber, Troublemaker, Seer, Copycat), making it impossible to definitively assign roles or identify Werewolves. Players are focused on lying about their roles and trying to deduce others' intentions rather than directly accusing anyone of Werewolf actions. Since there is no clear evidence pointing to a Werewolf, I cannot confidently select a target."
C:\Users\annab\Documents\GitHub\masters_thesis_sdg\results\voting\unsloth_gemma-4-E2B-it-unsloth-bnb-4bit\prompt_v4_t0\Youtube\ONE#NIGHT#ULTIMATE#WEREWOLF#87##November#9th#2019_Game2.json,greedy_t0,greedy,Youtube,ONE#NIGHT#ULTIMATE#WEREWOLF#87##November#9th#2019,Game2,Youtube / ONE#NIGHT#ULTIMATE#WEREWOLF#87##November#9th#2019 / Game2,player_vote,Justin,Justin,False,False,Robber,Troublemaker,"The discussion centers heavily on Justin's actions regarding card swapping, which creates significant suspicion among the players. Justin repeatedly denies switching cards, yet other players strongly imply he did, leading to a highly volatile voting phase. As the player most actively manipulating the information flow, Justin is the primary suspect for being the Werewolf. Eliminating him maximizes the chance of Team Village winning by removing a potential Werewolf."
C:\Users\annab\Documents\GitHub\masters_thesis_sdg\results\voting\unsloth_gemma-4-E2B-it-unsloth-bnb-4bit\prompt_v4_t0\Youtube\ONE#NIGHT#ULTIMATE#WEREWOLF#89##November#30th#2019_Game2.json,greedy_t0,greedy,Youtube,ONE#NIGHT#ULTIMATE#WEREWOLF#89##November#30th#2019,Game2,Youtube / ONE#NIGHT#ULTIMATE#WEREWOLF#89##November#30th#2019 / Game2,player_vote,Justin,Justin,False,True,Werewolf,Werewolf,"The transcript concludes with Mitchell and James explicitly stating that Justin is the Werewolf. Since Team Village wins by eliminating a Werewolf, Justin is the target for elimination. Although the preceding discussion was highly confusing due to role swaps, the final consensus points to Justin holding the Werewolf role, making him the necessary vote."
C:\Users\annab\Documents\GitHub\masters_thesis_sdg\results\voting\unsloth_gemma-4-E2B-it-unsloth-bnb-4bit\prompt_v4_t0\Youtube\ONE#NIGHT#ULTIMATE#WEREWOLF#89##November#30th#2019_Game3.json,greedy_t0,greedy,Youtube,ONE#NIGHT#ULTIMATE#WEREWOLF#89##November#30th#2019,Game3,Youtube / ONE#NIGHT#ULTIMATE#WEREWOLF#89##November#30th#2019 / Game3,player_vote,Mitchell,Mitchell,False,True,Werewolf,Robber,"The discussion strongly suggests that Mitchell and James are Werewolves. Mitchell explicitly states, ""I am a werewolf. 100% sure on this,"" and James confirms Mitchell's status. Since Team Village wins by eliminating a Werewolf, voting for Mitchell is the most direct way to achieve this goal. Given the high level of accusation and self-identification, Mitchell is the primary target."
C:\Users\annab\Documents\GitHub\masters_thesis_sdg\results\voting\unsloth_gemma-4-E2B-it-unsloth-bnb-4bit\prompt_v4_t0\Youtube\ONE#NIGHT#ULTIMATE#WEREWOLF#9##November#6th#2016_Game1.json,greedy_t0,greedy,Youtube,ONE#NIGHT#ULTIMATE#WEREWOLF#9##November#6th#2016,Game1,Youtube / ONE#NIGHT#ULTIMATE#WEREWOLF#9##November#6th#2016 / Game1,player_vote,Mitchell,Mitchell,False,False,Seer,Seer,"The discussion strongly indicates that Mitchell and Mike believe the two cards seen by the Seer were Werewolves, leading them to agree on a target. Since Team Village wins by eliminating a Werewolf, voting for one of the suspected Werewolves is the correct strategy. Caitlynn suggested Mitchell, and Alana agreed, suggesting Mitchell is the primary target."
C:\Users\annab\Documents\GitHub\masters_thesis_sdg\results\voting\unsloth_gemma-4-E2B-it-unsloth-bnb-4bit\prompt_v4_t0\Youtube\ONE#NIGHT#ULTIMATE#WEREWOLF#9##November#6th#2016_Game2.json,greedy_t0,greedy,Youtube,ONE#NIGHT#ULTIMATE#WEREWOLF#9##November#6th#2016,Game2,Youtube / ONE#NIGHT#ULTIMATE#WEREWOLF#9##November#6th#2016 / Game2,circle_vote,No Werewolf,,True,False,,,"The discussion revolves heavily around card swapping and role identification, leading to several accusations, particularly from Mike, who claims Caitlynn and Alana are Werewolves. However, there is no concrete evidence or confirmation of a Werewolf's identity or action during the Night phase. Since the game state is ambiguous and no Werewolf has been definitively identified or eliminated, I cannot confidently vote out a player."
C:\Users\annab\Documents\GitHub\masters_thesis_sdg\results\voting\unsloth_gemma-4-E2B-it-unsloth-bnb-4bit\prompt_v4_t0\Youtube\ONE#NIGHT#ULTIMATE#WEREWOLF#9##November#6th#2016_Game3.json,greedy_t0,greedy,Youtube,ONE#NIGHT#ULTIMATE#WEREWOLF#9##November#6th#2016,Game3,Youtube / ONE#NIGHT#ULTIMATE#WEREWOLF#9##November#6th#2016 / Game3,player_vote,Mitchell,Mitchell,False,False,Insomniac,Robber,"The discussion centers around the possibility of Mitchell being either the Werewolf or the Tanner, based on his behavior and card swaps. While the evidence is circumstantial, the conversation strongly suggests that Mitchell is trying to play a strategic role (Tanner) to avoid elimination, or he is the Werewolf attempting to mislead the group. Since Team Village needs to eliminate a Werewolf, Mitchell is the most logical target based on the collective suspicion."
C:\Users\annab\Documents\GitHub\masters_thesis_sdg\results\voting\unsloth_gemma-4-E2B-it-unsloth-bnb-4bit\prompt_v4_t0\Youtube\ONE#NIGHT#ULTIMATE#WEREWOLF#9##November#6th#2016_Game4.json,greedy_t0,greedy,Youtube,ONE#NIGHT#ULTIMATE#WEREWOLF#9##November#6th#2016,Game4,Youtube / ONE#NIGHT#ULTIMATE#WEREWOLF#9##November#6th#2016 / Game4,circle_vote,No Werewolf,,True,False,,,"The discussion primarily revolves around role swapping and uncertainty regarding who holds which role, particularly the Insomniac and the Seer. There is no concrete evidence or accusation made during the transcript that points to a Werewolf. Since Team Village wins if no Werewolf is present and no one dies, and given the high level of ambiguity, it is safest to assume no Werewolf is currently active."
C:\Users\annab\Documents\GitHub\masters_thesis_sdg\results\voting\unsloth_gemma-4-E2B-it-unsloth-bnb-4bit\prompt_v4_t0\Youtube\One#Night#Ultimate#Werewolf#GAME#NIGHT!!_Game2.json,greedy_t0,greedy,Youtube,One#Night#Ultimate#Werewolf#GAME#NIGHT!!,Game2,Youtube / One#Night#Ultimate#Werewolf#GAME#NIGHT!! / Game2,player_vote,Shane,Shane,False,True,Werewolf,Robber,"The discussion strongly points towards Shane being the Werewolf. Eric deduced that if Shane was truthful about swapping cards, Shane would become the Werewolf, and Shane himself later admitted to being the Werewolf and wanting to die. Calvin and Aaron both explicitly suggest voting out Shane. Eliminating Shane is the best way to ensure Team Village wins by eliminating a Werewolf."
C:\Users\annab\Documents\GitHub\masters_thesis_sdg\results\voting\unsloth_gemma-4-E2B-it-unsloth-bnb-4bit\prompt_v4_t0\Youtube\Retrovision##ONE#NIGHT#ULTIMATE#WEREWOLF##Retro#7_Game1.json,greedy_t0,greedy,Youtube,Retrovision##ONE#NIGHT#ULTIMATE#WEREWOLF##Retro#7,Game1,Youtube / Retrovision##ONE#NIGHT#ULTIMATE#WEREWOLF##Retro#7 / Game1,player_vote,Paul,Paul,False,True,Werewolf,Werewolf,"Justin, who claims to be the Seer, directly accuses Paul of being a Werewolf and suggests that Paul is the best bet for elimination. While the evidence is circumstantial and the discussion is highly speculative, Paul's role as the Troublemaker and his admission of switching cards make him a strong suspect. Eliminating him maximizes the chance of removing a Werewolf and securing a victory for Team Village."
C:\Users\annab\Documents\GitHub\masters_thesis_sdg\results\voting\unsloth_gemma-4-E2B-it-unsloth-bnb-4bit\prompt_v4_t0\Youtube\Retrovision##ONE#NIGHT#ULTIMATE#WEREWOLF##Retro#7_Game2.json,greedy_t0,greedy,Youtube,Retrovision##ONE#NIGHT#ULTIMATE#WEREWOLF##Retro#7,Game2,Youtube / Retrovision##ONE#NIGHT#ULTIMATE#WEREWOLF##Retro#7 / Game2,player_vote,Mike,Mike,False,True,Werewolf,Werewolf,"Mike is the only player who explicitly claims to be the Werewolf and later reveals that the center card is indeed a Werewolf. Although other players deny involvement, Mike's consistent claims and the revelation of the Werewolf card strongly suggest he is the Werewolf. To ensure Team Village wins, we must eliminate the Werewolf to prevent Team Werewolf from winning."
C:\Users\annab\Documents\GitHub\masters_thesis_sdg\results\voting\unsloth_gemma-4-E2B-it-unsloth-bnb-4bit\prompt_v4_t0\Youtube\Retrovision##ONE#NIGHT#ULTIMATE#WEREWOLF##Retro#7_Game3.json,greedy_t0,greedy,Youtube,Retrovision##ONE#NIGHT#ULTIMATE#WEREWOLF##Retro#7,Game3,Youtube / Retrovision##ONE#NIGHT#ULTIMATE#WEREWOLF##Retro#7 / Game3,player_vote,Mitchell,Mitchell,False,False,Troublemaker,Troublemaker,"Multiple players, including Eric and Paul, strongly accuse Mitchell of being a Werewolf, and Mitchell himself later implicates Justin as the Werewolf. Given that Team Village wins by eliminating a Werewolf, voting out Mitchell is the most strategic move to secure victory. This vote targets the player most consistently identified as a threat to Team Village."
C:\Users\annab\Documents\GitHub\masters_thesis_sdg\results\voting\unsloth_gemma-4-E2B-it-unsloth-bnb-4bit\prompt_v4_t0\Youtube\Retrovision##ONE#NIGHT#ULTIMATE#WEREWOLF##Retro#7_Game4.json,greedy_t0,greedy,Youtube,Retrovision##ONE#NIGHT#ULTIMATE#WEREWOLF##Retro#7,Game4,Youtube / Retrovision##ONE#NIGHT#ULTIMATE#WEREWOLF##Retro#7 / Game4,player_vote,Paul,Paul,False,False,Villager,Villager,"The transcript is highly confusing due to multiple role swaps, making definitive identification difficult. However, Paul is the only player who explicitly claimed to have started as a Werewolf, which is a common tactic to mislead others. Since Team Village wins by eliminating a Werewolf, targeting the player with the strongest initial claim of being the Werewolf is the most logical move to maximize the chances of victory."
C:\Users\annab\Documents\GitHub\masters_thesis_sdg\results\voting\unsloth_gemma-4-E2B-it-unsloth-bnb-4bit\prompt_v4_t0\Youtube\Retrovision##ONE#NIGHT#ULTIMATE#WEREWOLF##Retro#7_Game5.json,greedy_t0,greedy,Youtube,Retrovision##ONE#NIGHT#ULTIMATE#WEREWOLF##Retro#7,Game5,Youtube / Retrovision##ONE#NIGHT#ULTIMATE#WEREWOLF##Retro#7 / Game5,circle_vote,No Werewolf,,True,False,,,"The discussion transcript is highly confusing due to multiple role swaps and conflicting claims regarding who the Werewolf is. While several players suggest Eric or Mitchell might be the Werewolf, there is no definitive confirmation or clear evidence that a Werewolf has been identified and eliminated. Since I cannot confidently identify a Werewolf, I must assume the Werewolf cards are still in the center."
C:\Users\annab\Documents\GitHub\masters_thesis_sdg\results\voting\unsloth_gemma-4-E2B-it-unsloth-bnb-4bit\prompt_v4_t0\Youtube\The#Return#of#the#King##ONE#NIGHT#ULTIMATE#WEREWOLF_Game5.json,greedy_t0,greedy,Youtube,The#Return#of#the#King##ONE#NIGHT#ULTIMATE#WEREWOLF,Game5,Youtube / The#Return#of#the#King##ONE#NIGHT#ULTIMATE#WEREWOLF / Game5,player_vote,Mitchell,Mitchell,False,True,Werewolf,Werewolf,"Mitchell is the most frequently accused player by other participants, including Justin and Paul, who explicitly state he is a Werewolf. Although the transcript is filled with role confusion and accusations, Mitchell's role is heavily implicated in the discussion, making him the primary target for elimination. Eliminating him maximizes the chance of Team Village successfully removing a Werewolf."
C:\Users\annab\Documents\GitHub\masters_thesis_sdg\results\voting\unsloth_gemma-4-E2B-it-unsloth-bnb-4bit\prompt_v4_t0\Youtube\The#Return#of#the#King##ONE#NIGHT#ULTIMATE#WEREWOLF_Game6.json,greedy_t0,greedy,Youtube,The#Return#of#the#King##ONE#NIGHT#ULTIMATE#WEREWOLF,Game6,Youtube / The#Return#of#the#King##ONE#NIGHT#ULTIMATE#WEREWOLF / Game6,player_vote,Paul,Paul,False,True,Werewolf,Werewolf,"The discussion centers heavily on identifying the Werewolf role through card swapping and accusations of lying. Paul is repeatedly linked to the possibilities of being a Werewolf, a Tanner, or a Minion, making him the primary target of suspicion. Since Team Village wins by eliminating a Werewolf, voting Paul is the most direct strategy to achieve this goal based on the current transcript."
C:\Users\annab\Documents\GitHub\masters_thesis_sdg\results\voting\unsloth_gemma-4-E2B-it-unsloth-bnb-4bit\prompt_v4_t0\Youtube\The#Return#of#the#King##ONE#NIGHT#ULTIMATE#WEREWOLF_Game7.json,greedy_t0,greedy,Youtube,The#Return#of#the#King##ONE#NIGHT#ULTIMATE#WEREWOLF,Game7,Youtube / The#Return#of#the#King##ONE#NIGHT#ULTIMATE#WEREWOLF / Game7,player_vote,Tyler,Tyler,False,False,Tanner,Werewolf,"The transcript indicates that Tyler claimed to see at least one Werewolf in the center cards, which is a crucial piece of information. While this information could be a lie, it directly points towards a Werewolf being present. Given the goal is to eliminate a Werewolf to win, voting for Tyler is the most logical move to eliminate a potential Werewolf, especially since the Seer role is often used to point out threats."
C:\Users\annab\Documents\GitHub\masters_thesis_sdg\results\voting\unsloth_gemma-4-E2B-it-unsloth-bnb-4bit\prompt_v4_t0\Youtube\Visions#from#2016##ONE#NIGHT#ULTIMATE#WEREWOLF##Retro#11_Game1.json,greedy_t0,greedy,Youtube,Visions#from#2016##ONE#NIGHT#ULTIMATE#WEREWOLF##Retro#11,Game1,Youtube / Visions#from#2016##ONE#NIGHT#ULTIMATE#WEREWOLF##Retro#11 / Game1,circle_vote,No Werewolf,,True,False,,,"The discussion revolves heavily around role swapping and conflicting claims regarding the Seer and the Tanner, making it difficult to definitively identify the Werewolf. While players are highly suspicious of each other, there is no concrete evidence of a Werewolf action or elimination during the Night phase. Since I cannot confirm the presence of a Werewolf, I must default to the condition that Team Village wins if no Werewolf is present."
C:\Users\annab\Documents\GitHub\masters_thesis_sdg\results\voting\unsloth_gemma-4-E2B-it-unsloth-bnb-4bit\prompt_v4_t0\Youtube\Visions#from#2016##ONE#NIGHT#ULTIMATE#WEREWOLF##Retro#11_Game2.json,greedy_t0,greedy,Youtube,Visions#from#2016##ONE#NIGHT#ULTIMATE#WEREWOLF##Retro#11,Game2,Youtube / Visions#from#2016##ONE#NIGHT#ULTIMATE#WEREWOLF##Retro#11 / Game2,player_vote,Paul,Paul,False,False,Tanner,Tanner,"The discussion centers heavily on Paul's identity, with multiple players suggesting he is either a Werewolf or a Tanner. Mitchell specifically estimates a 60% chance that Paul is a Werewolf, while others lean toward him being a Tanner. Since Team Village wins by eliminating a Werewolf, Paul is the primary target based on the collective suspicion expressed during the deduction phase."
C:\Users\annab\Documents\GitHub\masters_thesis_sdg\results\voting\unsloth_gemma-4-E2B-it-unsloth-bnb-4bit\prompt_v4_t0\Youtube\Visions#from#2016##ONE#NIGHT#ULTIMATE#WEREWOLF##Retro#11_Game3.json,greedy_t0,greedy,Youtube,Visions#from#2016##ONE#NIGHT#ULTIMATE#WEREWOLF##Retro#11,Game3,Youtube / Visions#from#2016##ONE#NIGHT#ULTIMATE#WEREWOLF##Retro#11 / Game3,player_vote,Laura,Laura,False,True,Werewolf,Werewolf,"Laura explicitly claimed to be the Werewolf during the discussion, which makes her the primary target for Team Village to eliminate. While the transcript is full of conflicting claims about who switched cards and who is the Hunter or Tanner, Laura's direct admission provides the strongest immediate suspicion. Eliminating her maximizes the chance of Team Village winning by removing a Werewolf."
C:\Users\annab\Documents\GitHub\masters_thesis_sdg\results\voting\unsloth_gemma-4-E2B-it-unsloth-bnb-4bit\prompt_v4_t0\Youtube\Visions#from#2016##ONE#NIGHT#ULTIMATE#WEREWOLF##Retro#11_Game4.json,greedy_t0,greedy,Youtube,Visions#from#2016##ONE#NIGHT#ULTIMATE#WEREWOLF##Retro#11,Game4,Youtube / Visions#from#2016##ONE#NIGHT#ULTIMATE#WEREWOLF##Retro#11 / Game4,player_vote,Paul,Paul,False,True,Werewolf,Mason,"The discussion transcript indicates a high degree of confusion and conflicting claims regarding the Werewolf identity, with both Paul and Mitchell claiming to be the Werewolf. Since Team Village wins by eliminating a Werewolf, voting for one of the primary suspects is necessary. Paul explicitly claimed to be the Werewolf, and the subsequent accusations suggest he is a key target for elimination."
C:\Users\annab\Documents\GitHub\masters_thesis_sdg\results\voting\unsloth_gemma-4-E2B-it-unsloth-bnb-4bit\prompt_v4_t0\Youtube\Visions#from#2016##ONE#NIGHT#ULTIMATE#WEREWOLF##Retro#11_Game5.json,greedy_t0,greedy,Youtube,Visions#from#2016##ONE#NIGHT#ULTIMATE#WEREWOLF##Retro#11,Game5,Youtube / Visions#from#2016##ONE#NIGHT#ULTIMATE#WEREWOLF##Retro#11 / Game5,circle_vote,No Werewolf,,True,False,,,"The discussion is highly confusing and filled with meta-commentary about roles and swaps, making it impossible to definitively identify a Werewolf. While several players imply or are questioned regarding Werewolf status, there is no concrete evidence or consensus that confirms a Werewolf is present. Since Team Village wins only by eliminating a Werewolf, and I cannot confirm one is present, the safest strategy is to assume no Werewolf is active."
C:\Users\annab\Documents\GitHub\masters_thesis_sdg\results\voting\unsloth_gemma-4-E2B-it-unsloth-bnb-4bit\prompt_v4_t0\Youtube\Way#Way#Back##ONE#NIGHT#ULTIMATE#WEREWOLF##Retro#10_Game1.json,greedy_t0,greedy,Youtube,Way#Way#Back##ONE#NIGHT#ULTIMATE#WEREWOLF##Retro#10,Game1,Youtube / Way#Way#Back##ONE#NIGHT#ULTIMATE#WEREWOLF##Retro#10 / Game1,player_vote,Justin,Justin,False,False,Villager,Werewolf,"The discussion is highly confusing due to role swapping, but Justin explicitly claims to be the Werewolf (115), and Laura immediately follows up by claiming she has become a Werewolf (116). Given the objective is to eliminate a Werewolf, targeting the player who self-identifies as such is the most direct path to victory for Team Village. This is a high-risk move, but necessary based on the available information."
C:\Users\annab\Documents\GitHub\masters_thesis_sdg\results\voting\unsloth_gemma-4-E2B-it-unsloth-bnb-4bit\prompt_v4_t0\Youtube\Way#Way#Back##ONE#NIGHT#ULTIMATE#WEREWOLF##Retro#10_Game2.json,greedy_t0,greedy,Youtube,Way#Way#Back##ONE#NIGHT#ULTIMATE#WEREWOLF##Retro#10,Game2,Youtube / Way#Way#Back##ONE#NIGHT#ULTIMATE#WEREWOLF##Retro#10 / Game2,player_vote,Mitchell,Mitchell,False,False,Seer,Seer,"The discussion is highly confusing due to multiple role swaps and conflicting claims about who is the Tanner or Insomniac. However, James directly accuses Mitchell of being a 'dirty werewolf,' and Justin subsequently votes for Mitchell. While the evidence is circumstantial, Mitchell is the primary target of suspicion and the most likely candidate to be a Werewolf based on the transcript."
C:\Users\annab\Documents\GitHub\masters_thesis_sdg\results\voting\unsloth_gemma-4-E2B-it-unsloth-bnb-4bit\prompt_v4_t0\Youtube\Way#Way#Back##ONE#NIGHT#ULTIMATE#WEREWOLF##Retro#10_Game3.json,greedy_t0,greedy,Youtube,Way#Way#Back##ONE#NIGHT#ULTIMATE#WEREWOLF##Retro#10,Game3,Youtube / Way#Way#Back##ONE#NIGHT#ULTIMATE#WEREWOLF##Retro#10 / Game3,player_vote,Laura,Laura,False,True,Werewolf,Werewolf,"Multiple players, including James, Paul, and Mitchell, strongly suspect Laura is the Werewolf, suggesting she is the target for Team Village. Although the transcript is filled with role swaps and conflicting claims, the collective suspicion points toward her being the Werewolf. Eliminating her maximizes the chance of Team Village winning by removing a Werewolf."
C:\Users\annab\Documents\GitHub\masters_thesis_sdg\results\voting\unsloth_gemma-4-E2B-it-unsloth-bnb-4bit\prompt_v4_t0\Youtube\Way#Way#Back##ONE#NIGHT#ULTIMATE#WEREWOLF##Retro#10_Game4.json,greedy_t0,greedy,Youtube,Way#Way#Back##ONE#NIGHT#ULTIMATE#WEREWOLF##Retro#10,Game4,Youtube / Way#Way#Back##ONE#NIGHT#ULTIMATE#WEREWOLF##Retro#10 / Game4,player_vote,James,James,False,False,Tanner,Tanner,"Justin directly accuses James of being the Werewolf, stating 'Yeah.' (104, 105). While the transcript is highly confusing due to card swaps and conflicting claims about roles like Tanner and Seer, this is the only direct accusation of a Werewolf present. To maximize the chances of Team Village winning, I will vote out the player most strongly implicated by the discussion."
C:\Users\annab\Documents\GitHub\masters_thesis_sdg\results\voting\unsloth_gemma-4-E2B-it-unsloth-bnb-4bit\prompt_v4_t0\Youtube\Way#Way#Back##ONE#NIGHT#ULTIMATE#WEREWOLF##Retro#10_Game5.json,greedy_t0,greedy,Youtube,Way#Way#Back##ONE#NIGHT#ULTIMATE#WEREWOLF##Retro#10,Game5,Youtube / Way#Way#Back##ONE#NIGHT#ULTIMATE#WEREWOLF##Retro#10 / Game5,player_vote,Laura,Laura,False,True,Werewolf,Werewolf,"Laura explicitly confesses to being the Werewolf during the discussion phase (Transcript line 186). Since Team Village wins by eliminating a Werewolf, Laura is the clear target for elimination. Based on the transcript, Laura is confirmed as the Werewolf."
C:\Users\annab\Documents\GitHub\masters_thesis_sdg\results\voting\unsloth_gemma-4-E2B-it-unsloth-bnb-4bit\prompt_v4_t0\Youtube\Ye#Olde#Times##ONE#NIGHT#ULTIMATE#WEREWOLF##Retro#8_Game1.json,greedy_t0,greedy,Youtube,Ye#Olde#Times##ONE#NIGHT#ULTIMATE#WEREWOLF##Retro#8,Game1,Youtube / Ye#Olde#Times##ONE#NIGHT#ULTIMATE#WEREWOLF##Retro#8 / Game1,player_vote,Justin,Justin,False,True,Werewolf,Werewolf,"Justin explicitly claims to have been the Werewolf during the Night phase, which is the strongest indicator of a Werewolf role among the players. Since Team Village wins by eliminating a Werewolf, targeting Justin is the most logical move based on the available information. Although other players made claims about their roles and swaps, Justin's direct accusation makes him the primary suspect."
C:\Users\annab\Documents\GitHub\masters_thesis_sdg\results\voting\unsloth_gemma-4-E2B-it-unsloth-bnb-4bit\prompt_v4_t0\Youtube\Ye#Olde#Times##ONE#NIGHT#ULTIMATE#WEREWOLF##Retro#8_Game2.json,greedy_t0,greedy,Youtube,Ye#Olde#Times##ONE#NIGHT#ULTIMATE#WEREWOLF##Retro#8,Game2,Youtube / Ye#Olde#Times##ONE#NIGHT#ULTIMATE#WEREWOLF##Retro#8 / Game2,player_vote,Mike,Mike,False,False,Tanner,Robber,"The discussion centers heavily on identifying the Werewolf, with Justin and Mike being the primary suspects. Mike explicitly claimed he was the Werewolf at the beginning of the game, and the uncertainty remains high despite role swaps. Since Team Village needs to eliminate a Werewolf to win, voting for the player with the strongest initial claim is the most logical move to attempt to secure a win."
C:\Users\annab\Documents\GitHub\masters_thesis_sdg\results\voting\unsloth_gemma-4-E2B-it-unsloth-bnb-4bit\prompt_v4_t0\Youtube\Ye#Olde#Times##ONE#NIGHT#ULTIMATE#WEREWOLF##Retro#8_Game3.json,greedy_t0,greedy,Youtube,Ye#Olde#Times##ONE#NIGHT#ULTIMATE#WEREWOLF##Retro#8,Game3,Youtube / Ye#Olde#Times##ONE#NIGHT#ULTIMATE#WEREWOLF##Retro#8 / Game3,circle_vote,No Werewolf,,True,False,,,"The discussion heavily focuses on identifying Paul as the Tanner, with multiple players expressing strong suspicion that he is not the Werewolf. While Mike expresses conviction that Paul is the Werewolf, the consensus leans toward Paul being the Tanner, which is an independent threat. Since there is no definitive confirmation of a Werewolf, and the evidence points toward a non-Werewolf role, I conclude that no Werewolf is present."
C:\Users\annab\Documents\GitHub\masters_thesis_sdg\results\voting\unsloth_gemma-4-E2B-it-unsloth-bnb-4bit\prompt_v4_t0\Youtube\Ye#Olde#Times##ONE#NIGHT#ULTIMATE#WEREWOLF##Retro#8_Game4.json,greedy_t0,greedy,Youtube,Ye#Olde#Times##ONE#NIGHT#ULTIMATE#WEREWOLF##Retro#8,Game4,Youtube / Ye#Olde#Times##ONE#NIGHT#ULTIMATE#WEREWOLF##Retro#8 / Game4,circle_vote,No Werewolf,,True,False,,,"The discussion transcript is highly confusing due to multiple role swaps and conflicting claims regarding who holds which role. While Mitchell claimed to be a Werewolf, and Mike voted for Eric, there is no definitive evidence or consensus to confirm any player's identity as a Werewolf. Since Team Village wins if no Werewolf is present, and given the uncertainty, the safest choice is to assume no Werewolf is confirmed."
