label,n_label_assignments,n_utterances,n_games,percent_of_label_assignments,percent_of_utterances,percent_of_games
No Strategy / Empty,10844,10844,191,40.61727470222489,45.0519318653926,100.0
Interrogation,4102,4102,190,15.364446775039328,17.041960947237225,99.47643979057592
Accusation,3499,3499,190,13.10585062551502,14.536767760697963,99.47643979057592
Defense,3266,3266,187,12.23312607685969,13.56875778977981,97.90575916230367
Evidence,2229,2229,189,8.348939995505281,9.260490236809305,98.95287958115183
Call for Action,1399,1399,180,5.240092890853247,5.81221437474034,94.24083769633508
Identity Declaration,1359,1359,189,5.090268934002546,5.6460324054840045,98.95287958115183
