game_id,game_name,source,session_name,game_key,processed_txt_path,num_players,num_turns,num_unparsed_lines,num_dropped_lines,player_names,start_roles,end_roles,has_werewolf,n_werewolves,correct_player_indices,correct_player_names,correct_vote_type,voting_outcome,human_vote_available,human_vote_type,human_target_indices,human_target_names,human_vote_counts,n_missing_human_votes,warning
Youtube / Flashback##ONE#NIGHT#ULTIMATE#WEREWOLF##Retro#9 / Game1,Flashback##ONE#NIGHT#ULTIMATE#WEREWOLF##Retro#9_Game1,Youtube,Flashback##ONE#NIGHT#ULTIMATE#WEREWOLF##Retro#9,Game1,data/processed/lai2023/onuw_transcripts_ready/Youtube/Flashback##ONE#NIGHT#ULTIMATE#WEREWOLF##Retro#9_Game1.txt,5,112,0,0,"[""Justin"", ""Laura"", ""Paul"", ""James"", ""Mitchell""]","[""Werewolf"", ""Villager"", ""Villager"", ""Robber"", ""Insomniac""]","[""Werewolf"", ""Villager"", ""Robber"", ""Villager"", ""Insomniac""]",True,1,[0],"[""Justin""]",player,"[2, 2, 4, 4, 0]",True,player,"[2, 4]","[""Paul"", ""Mitchell""]","{""2"": 2, ""4"": 2, ""0"": 1}",0,[]
Youtube / Flashback##ONE#NIGHT#ULTIMATE#WEREWOLF##Retro#9 / Game2,Flashback##ONE#NIGHT#ULTIMATE#WEREWOLF##Retro#9_Game2,Youtube,Flashback##ONE#NIGHT#ULTIMATE#WEREWOLF##Retro#9,Game2,data/processed/lai2023/onuw_transcripts_ready/Youtube/Flashback##ONE#NIGHT#ULTIMATE#WEREWOLF##Retro#9_Game2.txt,5,157,0,0,"[""Justin"", ""Laura"", ""Paul"", ""James"", ""Mitchell""]","[""Troublemaker"", ""Werewolf"", ""Villager"", ""Villager"", ""Seer""]","[""Troublemaker"", ""Werewolf"", ""Seer"", ""Villager"", ""Villager""]",True,1,[1],"[""Laura""]",player,"[3, 3, 3, 4, 3]",True,player,[3],"[""James""]","{""3"": 4, ""4"": 1}",0,[]
Youtube / Flashback##ONE#NIGHT#ULTIMATE#WEREWOLF##Retro#9 / Game3,Flashback##ONE#NIGHT#ULTIMATE#WEREWOLF##Retro#9_Game3,Youtube,Flashback##ONE#NIGHT#ULTIMATE#WEREWOLF##Retro#9,Game3,data/processed/lai2023/onuw_transcripts_ready/Youtube/Flashback##ONE#NIGHT#ULTIMATE#WEREWOLF##Retro#9_Game3.txt,5,79,0,0,"[""Justin"", ""Laura"", ""Paul"", ""James"", ""Mitchell""]","[""Troublemaker"", ""Seer"", ""Werewolf"", ""Villager"", ""Robber""]","[""Troublemaker"", ""Villager"", ""Robber"", ""Seer"", ""Werewolf""]",True,1,[4],"[""Mitchell""]",player,"[1, 2, 3, 0, 0]",True,player,[0],"[""Justin""]","{""1"": 1, ""2"": 1, ""3"": 1, ""0"": 2}",0,[]
Youtube / Flashback##ONE#NIGHT#ULTIMATE#WEREWOLF##Retro#9 / Game4,Flashback##ONE#NIGHT#ULTIMATE#WEREWOLF##Retro#9_Game4,Youtube,Flashback##ONE#NIGHT#ULTIMATE#WEREWOLF##Retro#9,Game4,data/processed/lai2023/onuw_transcripts_ready/Youtube/Flashback##ONE#NIGHT#ULTIMATE#WEREWOLF##Retro#9_Game4.txt,5,148,0,0,"[""Justin"", ""Laura"", ""Paul"", ""James"", ""Mitchell""]","[""Troublemaker"", ""Villager"", ""Robber"", ""Seer"", ""Villager""]","[""Troublemaker"", ""Villager"", ""Villager"", ""Seer"", ""Robber""]",False,0,[],[],circle,"[1, 2, 1, 1, 0]",True,player,[1],"[""Laura""]","{""1"": 3, ""2"": 1, ""0"": 1}",0,"[""No 'Werewolf' role in end roles""]"
Youtube / Flashback##ONE#NIGHT#ULTIMATE#WEREWOLF##Retro#9 / Game5,Flashback##ONE#NIGHT#ULTIMATE#WEREWOLF##Retro#9_Game5,Youtube,Flashback##ONE#NIGHT#ULTIMATE#WEREWOLF##Retro#9,Game5,data/processed/lai2023/onuw_transcripts_ready/Youtube/Flashback##ONE#NIGHT#ULTIMATE#WEREWOLF##Retro#9_Game5.txt,5,85,0,0,"[""Justin"", ""Laura"", ""Paul"", ""James"", ""Mitchell""]","[""Insomniac"", ""Werewolf"", ""Werewolf"", ""Seer"", ""Villager""]","[""Insomniac"", ""Werewolf"", ""Werewolf"", ""Seer"", ""Villager""]",True,2,"[1, 2]","[""Laura"", ""Paul""]",player,"[4, 4, 4, 4, 0]",True,player,[4],"[""Mitchell""]","{""4"": 4, ""0"": 1}",0,[]
Youtube / One#Night#Ultimate#Love#Letter##ONE#NIGHT#ULTIMATE#WEREWOLF / Game2,One#Night#Ultimate#Love#Letter##ONE#NIGHT#ULTIMATE#WEREWOLF_Game2,Youtube,One#Night#Ultimate#Love#Letter##ONE#NIGHT#ULTIMATE#WEREWOLF,Game2,data/processed/lai2023/onuw_transcripts_ready/Youtube/One#Night#Ultimate#Love#Letter##ONE#NIGHT#ULTIMATE#WEREWOLF_Game2.txt,4,131,0,0,"[""Justin"", ""Mitchell"", ""Paul"", ""Tyler""]","[""Troublemaker"", ""Werewolf"", ""Werewolf"", ""Seer""]","[""Troublemaker"", ""Werewolf"", ""Werewolf"", ""Seer""]",True,2,"[1, 2]","[""Mitchell"", ""Paul""]",player,"[1, 0, 0, 1]",True,player,"[1, 0]","[""Mitchell"", ""Justin""]","{""1"": 2, ""0"": 2}",0,[]
Youtube / One#Night#Ultimate#Love#Letter##ONE#NIGHT#ULTIMATE#WEREWOLF / Game3,One#Night#Ultimate#Love#Letter##ONE#NIGHT#ULTIMATE#WEREWOLF_Game3,Youtube,One#Night#Ultimate#Love#Letter##ONE#NIGHT#ULTIMATE#WEREWOLF,Game3,data/processed/lai2023/onuw_transcripts_ready/Youtube/One#Night#Ultimate#Love#Letter##ONE#NIGHT#ULTIMATE#WEREWOLF_Game3.txt,4,111,0,0,"[""Justin"", ""Mitchell"", ""Paul"", ""Tyler""]","[""Werewolf"", ""Drunk"", ""Troublemaker"", ""Werewolf""]","[""Werewolf"", ""Seer"", ""Troublemaker"", ""Werewolf""]",True,2,"[0, 3]","[""Justin"", ""Tyler""]",player,"[2, 0, 0, 2]",True,player,"[2, 0]","[""Paul"", ""Justin""]","{""2"": 2, ""0"": 2}",0,[]
Youtube / One#Night#Ultimate#Love#Letter##ONE#NIGHT#ULTIMATE#WEREWOLF / Game7,One#Night#Ultimate#Love#Letter##ONE#NIGHT#ULTIMATE#WEREWOLF_Game7,Youtube,One#Night#Ultimate#Love#Letter##ONE#NIGHT#ULTIMATE#WEREWOLF,Game7,data/processed/lai2023/onuw_transcripts_ready/Youtube/One#Night#Ultimate#Love#Letter##ONE#NIGHT#ULTIMATE#WEREWOLF_Game7.txt,4,112,0,0,"[""Justin"", ""Mitchell"", ""Paul"", ""Tyler""]","[""Werewolf"", ""Drunk"", ""Troublemaker"", ""Seer""]","[""Werewolf"", ""Tanner"", ""Troublemaker"", ""Drunk""]",True,1,[0],"[""Justin""]",player,"[2, 0, 0, 0]",True,player,[0],"[""Justin""]","{""2"": 1, ""0"": 3}",0,[]
Youtube / ONE#NIGHT#ULTIMATE#WEREWOLF##Retro#1 / Game1,ONE#NIGHT#ULTIMATE#WEREWOLF##Retro#1_Game1,Youtube,ONE#NIGHT#ULTIMATE#WEREWOLF##Retro#1,Game1,data/processed/lai2023/onuw_transcripts_ready/Youtube/ONE#NIGHT#ULTIMATE#WEREWOLF##Retro#1_Game1.txt,4,61,0,0,"[""Justin"", ""Alvin"", ""James"", ""Mitchell""]","[""Robber"", ""Villager"", ""Villager"", ""Werewolf""]","[""Villager"", ""Villager"", ""Robber"", ""Werewolf""]",True,1,[3],"[""Mitchell""]",player,"[3, 3, 3, ""N/A""]",True,player,[3],"[""Mitchell""]","{""3"": 3}",1,[]
Youtube / ONE#NIGHT#ULTIMATE#WEREWOLF##Retro#1 / Game10,ONE#NIGHT#ULTIMATE#WEREWOLF##Retro#1_Game10,Youtube,ONE#NIGHT#ULTIMATE#WEREWOLF##Retro#1,Game10,data/processed/lai2023/onuw_transcripts_ready/Youtube/ONE#NIGHT#ULTIMATE#WEREWOLF##Retro#1_Game10.txt,4,403,0,0,"[""Justin"", ""Alvin"", ""James"", ""Mitchell""]","[""Werewolf"", ""Seer"", ""Tanner"", ""Robber""]","[""Robber"", ""Seer"", ""Tanner"", ""Werewolf""]",True,1,[3],"[""Mitchell""]",player,"[3, 3, 3, 0]",True,player,[3],"[""Mitchell""]","{""3"": 3, ""0"": 1}",0,[]
Youtube / ONE#NIGHT#ULTIMATE#WEREWOLF##Retro#1 / Game2,ONE#NIGHT#ULTIMATE#WEREWOLF##Retro#1_Game2,Youtube,ONE#NIGHT#ULTIMATE#WEREWOLF##Retro#1,Game2,data/processed/lai2023/onuw_transcripts_ready/Youtube/ONE#NIGHT#ULTIMATE#WEREWOLF##Retro#1_Game2.txt,4,92,0,0,"[""Justin"", ""Alvin"", ""James"", ""Mitchell""]","[""Werewolf"", ""Robber"", ""Villager"", ""Villager""]","[""Werewolf"", ""Villager"", ""Robber"", ""Villager""]",True,1,[0],"[""Justin""]",player,"[2, 2, 0, 2]",True,player,[2],"[""James""]","{""2"": 3, ""0"": 1}",0,[]
Youtube / ONE#NIGHT#ULTIMATE#WEREWOLF##Retro#1 / Game3,ONE#NIGHT#ULTIMATE#WEREWOLF##Retro#1_Game3,Youtube,ONE#NIGHT#ULTIMATE#WEREWOLF##Retro#1,Game3,data/processed/lai2023/onuw_transcripts_ready/Youtube/ONE#NIGHT#ULTIMATE#WEREWOLF##Retro#1_Game3.txt,4,90,0,0,"[""Justin"", ""Alvin"", ""James"", ""Mitchell""]","[""Werewolf"", ""Seer"", ""Villager"", ""Robber""]","[""Robber"", ""Seer"", ""Villager"", ""Werewolf""]",True,1,[3],"[""Mitchell""]",player,"[2, 0, 0, 0]",True,player,[0],"[""Justin""]","{""2"": 1, ""0"": 3}",0,[]
Youtube / ONE#NIGHT#ULTIMATE#WEREWOLF##Retro#1 / Game4,ONE#NIGHT#ULTIMATE#WEREWOLF##Retro#1_Game4,Youtube,ONE#NIGHT#ULTIMATE#WEREWOLF##Retro#1,Game4,data/processed/lai2023/onuw_transcripts_ready/Youtube/ONE#NIGHT#ULTIMATE#WEREWOLF##Retro#1_Game4.txt,4,137,0,0,"[""Justin"", ""Alvin"", ""James"", ""Mitchell""]","[""Werewolf"", ""Seer"", ""Villager"", ""Robber""]","[""Robber"", ""Seer"", ""Villager"", ""Werewolf""]",True,1,[3],"[""Mitchell""]",player,"[3, 2, 3, 2]",True,player,"[3, 2]","[""Mitchell"", ""James""]","{""3"": 2, ""2"": 2}",0,[]
Youtube / ONE#NIGHT#ULTIMATE#WEREWOLF##Retro#1 / Game5,ONE#NIGHT#ULTIMATE#WEREWOLF##Retro#1_Game5,Youtube,ONE#NIGHT#ULTIMATE#WEREWOLF##Retro#1,Game5,data/processed/lai2023/onuw_transcripts_ready/Youtube/ONE#NIGHT#ULTIMATE#WEREWOLF##Retro#1_Game5.txt,4,130,0,0,"[""Justin"", ""Alvin"", ""James"", ""Mitchell""]","[""Villager"", ""Werewolf"", ""Villager"", ""Robber""]","[""Villager"", ""Robber"", ""Villager"", ""Werewolf""]",True,1,[3],"[""Mitchell""]",player,"[3, 3, 3, 2]",True,player,[3],"[""Mitchell""]","{""3"": 3, ""2"": 1}",0,[]
Youtube / ONE#NIGHT#ULTIMATE#WEREWOLF##Retro#1 / Game6,ONE#NIGHT#ULTIMATE#WEREWOLF##Retro#1_Game6,Youtube,ONE#NIGHT#ULTIMATE#WEREWOLF##Retro#1,Game6,data/processed/lai2023/onuw_transcripts_ready/Youtube/ONE#NIGHT#ULTIMATE#WEREWOLF##Retro#1_Game6.txt,4,118,0,0,"[""Justin"", ""Alvin"", ""James"", ""Mitchell""]","[""Robber"", ""Seer"", ""Hunter"", ""Werewolf""]","[""Werewolf"", ""Seer"", ""Hunter"", ""Robber""]",True,1,[0],"[""Justin""]",player,"[1, 0, 0, 0]",True,player,[0],"[""Justin""]","{""1"": 1, ""0"": 3}",0,[]
Youtube / ONE#NIGHT#ULTIMATE#WEREWOLF##Retro#1 / Game7,ONE#NIGHT#ULTIMATE#WEREWOLF##Retro#1_Game7,Youtube,ONE#NIGHT#ULTIMATE#WEREWOLF##Retro#1,Game7,data/processed/lai2023/onuw_transcripts_ready/Youtube/ONE#NIGHT#ULTIMATE#WEREWOLF##Retro#1_Game7.txt,4,100,0,0,"[""Justin"", ""Alvin"", ""James"", ""Mitchell""]","[""Seer"", ""Robber"", ""Werewolf"", ""Drunk""]","[""Seer"", ""Drunk"", ""Werewolf"", ""Werewolf""]",True,2,"[2, 3]","[""James"", ""Mitchell""]",player,"[2, 2, 3, 0]",True,player,[2],"[""James""]","{""2"": 2, ""3"": 1, ""0"": 1}",0,[]
Youtube / ONE#NIGHT#ULTIMATE#WEREWOLF##Retro#1 / Game8,ONE#NIGHT#ULTIMATE#WEREWOLF##Retro#1_Game8,Youtube,ONE#NIGHT#ULTIMATE#WEREWOLF##Retro#1,Game8,data/processed/lai2023/onuw_transcripts_ready/Youtube/ONE#NIGHT#ULTIMATE#WEREWOLF##Retro#1_Game8.txt,4,109,0,0,"[""Justin"", ""Alvin"", ""James"", ""Mitchell""]","[""Robber"", ""Werewolf"", ""Villager"", ""Werewolf""]","[""Villager"", ""Werewolf"", ""Robber"", ""Werewolf""]",True,2,"[1, 3]","[""Alvin"", ""Mitchell""]",player,"[1, 0, 0, 0]",True,player,[0],"[""Justin""]","{""1"": 1, ""0"": 3}",0,[]
Youtube / ONE#NIGHT#ULTIMATE#WEREWOLF##Retro#1 / Game9,ONE#NIGHT#ULTIMATE#WEREWOLF##Retro#1_Game9,Youtube,ONE#NIGHT#ULTIMATE#WEREWOLF##Retro#1,Game9,data/processed/lai2023/onuw_transcripts_ready/Youtube/ONE#NIGHT#ULTIMATE#WEREWOLF##Retro#1_Game9.txt,4,119,0,0,"[""Justin"", ""Alvin"", ""James"", ""Mitchell""]","[""Seer"", ""Villager"", ""Robber"", ""Werewolf""]","[""Seer"", ""Robber"", ""Villager"", ""Werewolf""]",True,1,[3],"[""Mitchell""]",player,"[3, 0, 3, 0]",True,player,"[3, 0]","[""Mitchell"", ""Justin""]","{""3"": 2, ""0"": 2}",0,[]
Youtube / ONE#NIGHT#ULTIMATE#WEREWOLF##Retro#2 / Game1,ONE#NIGHT#ULTIMATE#WEREWOLF##Retro#2_Game1,Youtube,ONE#NIGHT#ULTIMATE#WEREWOLF##Retro#2,Game1,data/processed/lai2023/onuw_transcripts_ready/Youtube/ONE#NIGHT#ULTIMATE#WEREWOLF##Retro#2_Game1.txt,5,109,0,0,"[""Justin"", ""Dan"", ""Mitchell"", ""Caitlynn"", ""Mike""]","[""Werewolf"", ""Troublemaker"", ""Seer"", ""Villager"", ""Villager""]","[""Villager"", ""Troublemaker"", ""Seer"", ""Werewolf"", ""Villager""]",True,1,[3],"[""Caitlynn""]",player,"[3, 3, 3, 0, 3]",True,player,[3],"[""Caitlynn""]","{""3"": 4, ""0"": 1}",0,[]
Youtube / ONE#NIGHT#ULTIMATE#WEREWOLF##Retro#2 / Game2,ONE#NIGHT#ULTIMATE#WEREWOLF##Retro#2_Game2,Youtube,ONE#NIGHT#ULTIMATE#WEREWOLF##Retro#2,Game2,data/processed/lai2023/onuw_transcripts_ready/Youtube/ONE#NIGHT#ULTIMATE#WEREWOLF##Retro#2_Game2.txt,5,67,0,0,"[""Justin"", ""Dan"", ""Mitchell"", ""Caitlynn"", ""Mike""]","[""Seer"", ""Villager"", ""Villager"", ""Robber"", ""Troublemaker""]","[""Villager"", ""Seer"", ""Robber"", ""Villager"", ""Troublemaker""]",False,0,[],[],circle,"[1, 2, 3, 4, 0]",True,circle,[],[],"{""1"": 1, ""2"": 1, ""3"": 1, ""4"": 1, ""0"": 1}",0,"[""No 'Werewolf' role in end roles""]"
Youtube / ONE#NIGHT#ULTIMATE#WEREWOLF##Retro#2 / Game3,ONE#NIGHT#ULTIMATE#WEREWOLF##Retro#2_Game3,Youtube,ONE#NIGHT#ULTIMATE#WEREWOLF##Retro#2,Game3,data/processed/lai2023/onuw_transcripts_ready/Youtube/ONE#NIGHT#ULTIMATE#WEREWOLF##Retro#2_Game3.txt,5,66,0,0,"[""Justin"", ""Dan"", ""Mitchell"", ""Caitlynn"", ""Mike""]","[""Werewolf"", ""Villager"", ""Robber"", ""Villager"", ""Troublemaker""]","[""Werewolf"", ""Villager"", ""Robber"", ""Villager"", ""Troublemaker""]",True,1,[0],"[""Justin""]",player,"[1, 0, 0, 0, 0]",True,player,[0],"[""Justin""]","{""1"": 1, ""0"": 4}",0,[]
Youtube / ONE#NIGHT#ULTIMATE#WEREWOLF##Retro#2 / Game4,ONE#NIGHT#ULTIMATE#WEREWOLF##Retro#2_Game4,Youtube,ONE#NIGHT#ULTIMATE#WEREWOLF##Retro#2,Game4,data/processed/lai2023/onuw_transcripts_ready/Youtube/ONE#NIGHT#ULTIMATE#WEREWOLF##Retro#2_Game4.txt,5,97,0,0,"[""Justin"", ""Dan"", ""Mitchell"", ""Caitlynn"", ""Mike""]","[""Robber"", ""Seer"", ""Villager"", ""Villager"", ""Werewolf""]","[""Villager"", ""Seer"", ""Villager"", ""Robber"", ""Werewolf""]",True,1,[4],"[""Mike""]",player,"[4, 4, 4, 4, 1]",True,player,[4],"[""Mike""]","{""4"": 4, ""1"": 1}",0,[]
Youtube / ONE#NIGHT#ULTIMATE#WEREWOLF##Retro#2 / Game5,ONE#NIGHT#ULTIMATE#WEREWOLF##Retro#2_Game5,Youtube,ONE#NIGHT#ULTIMATE#WEREWOLF##Retro#2,Game5,data/processed/lai2023/onuw_transcripts_ready/Youtube/ONE#NIGHT#ULTIMATE#WEREWOLF##Retro#2_Game5.txt,5,122,0,0,"[""Justin"", ""Dan"", ""Mitchell"", ""Caitlynn"", ""Mike""]","[""Seer"", ""Robber"", ""Tanner"", ""Werewolf"", ""Troublemaker""]","[""Robber"", ""Tanner"", ""Seer"", ""Werewolf"", ""Troublemaker""]",True,1,[3],"[""Caitlynn""]",player,"[2, 4, 3, 0, 0]",True,player,[0],"[""Justin""]","{""2"": 1, ""4"": 1, ""3"": 1, ""0"": 2}",0,[]
Youtube / ONE#NIGHT#ULTIMATE#WEREWOLF##Retro#2 / Game6,ONE#NIGHT#ULTIMATE#WEREWOLF##Retro#2_Game6,Youtube,ONE#NIGHT#ULTIMATE#WEREWOLF##Retro#2,Game6,data/processed/lai2023/onuw_transcripts_ready/Youtube/ONE#NIGHT#ULTIMATE#WEREWOLF##Retro#2_Game6.txt,5,159,0,0,"[""Justin"", ""Dan"", ""Mitchell"", ""Caitlynn"", ""Mike""]","[""Tanner"", ""Seer"", ""Werewolf"", ""Troublemaker"", ""Werewolf""]","[""Werewolf"", ""Seer"", ""Tanner"", ""Troublemaker"", ""Werewolf""]",True,2,"[0, 4]","[""Justin"", ""Mike""]",player,"[2, 0, 4, 0, 2]",True,player,"[2, 0]","[""Mitchell"", ""Justin""]","{""2"": 2, ""0"": 2, ""4"": 1}",0,[]
Youtube / ONE#NIGHT#ULTIMATE#WEREWOLF##Retro#2 / Game7,ONE#NIGHT#ULTIMATE#WEREWOLF##Retro#2_Game7,Youtube,ONE#NIGHT#ULTIMATE#WEREWOLF##Retro#2,Game7,data/processed/lai2023/onuw_transcripts_ready/Youtube/ONE#NIGHT#ULTIMATE#WEREWOLF##Retro#2_Game7.txt,5,117,0,0,"[""Justin"", ""Dan"", ""Mitchell"", ""Caitlynn"", ""Mike""]","[""Robber"", ""Seer"", ""Werewolf"", ""Werewolf"", ""Villager""]","[""Seer"", ""Robber"", ""Werewolf"", ""Werewolf"", ""Villager""]",True,2,"[2, 3]","[""Mitchell"", ""Caitlynn""]",player,"[1, 3, 0, 0, 3]",True,player,"[3, 0]","[""Caitlynn"", ""Justin""]","{""1"": 1, ""3"": 2, ""0"": 2}",0,[]
Youtube / ONE#NIGHT#ULTIMATE#WEREWOLF##Retro#2 / Game8,ONE#NIGHT#ULTIMATE#WEREWOLF##Retro#2_Game8,Youtube,ONE#NIGHT#ULTIMATE#WEREWOLF##Retro#2,Game8,data/processed/lai2023/onuw_transcripts_ready/Youtube/ONE#NIGHT#ULTIMATE#WEREWOLF##Retro#2_Game8.txt,5,126,0,0,"[""Justin"", ""Dan"", ""Mitchell"", ""Caitlynn"", ""Mike""]","[""Drunk"", ""Werewolf"", ""Robber"", ""Tanner"", ""Villager""]","[""Seer"", ""Werewolf"", ""Robber"", ""Tanner"", ""Villager""]",True,1,[1],"[""Dan""]",player,"[4, 2, 3, 0, 0]",True,player,[0],"[""Justin""]","{""4"": 1, ""2"": 1, ""3"": 1, ""0"": 2}",0,[]
Youtube / ONE#NIGHT#ULTIMATE#WEREWOLF##Retro#3 / Game2,ONE#NIGHT#ULTIMATE#WEREWOLF##Retro#3_Game2,Youtube,ONE#NIGHT#ULTIMATE#WEREWOLF##Retro#3,Game2,data/processed/lai2023/onuw_transcripts_ready/Youtube/ONE#NIGHT#ULTIMATE#WEREWOLF##Retro#3_Game2.txt,4,105,0,0,"[""Justin"", ""Mike"", ""James"", ""Mitchell""]","[""Villager"", ""Villager"", ""Werewolf"", ""Robber""]","[""Villager"", ""Villager"", ""Robber"", ""Werewolf""]",True,1,[3],"[""Mitchell""]",player,"[1, 0, 1, 1]",True,player,[1],"[""Mike""]","{""1"": 3, ""0"": 1}",0,[]
Youtube / ONE#NIGHT#ULTIMATE#WEREWOLF##Retro#3 / Game3,ONE#NIGHT#ULTIMATE#WEREWOLF##Retro#3_Game3,Youtube,ONE#NIGHT#ULTIMATE#WEREWOLF##Retro#3,Game3,data/processed/lai2023/onuw_transcripts_ready/Youtube/ONE#NIGHT#ULTIMATE#WEREWOLF##Retro#3_Game3.txt,4,51,0,0,"[""Justin"", ""Mike"", ""James"", ""Mitchell""]","[""Villager"", ""Robber"", ""Villager"", ""Seer""]","[""Villager"", ""Seer"", ""Villager"", ""Robber""]",False,0,[],[],circle,"[1, 2, 3, 0]",True,circle,[],[],"{""1"": 1, ""2"": 1, ""3"": 1, ""0"": 1}",0,"[""No 'Werewolf' role in end roles""]"
Youtube / ONE#NIGHT#ULTIMATE#WEREWOLF##Retro#3 / Game4,ONE#NIGHT#ULTIMATE#WEREWOLF##Retro#3_Game4,Youtube,ONE#NIGHT#ULTIMATE#WEREWOLF##Retro#3,Game4,data/processed/lai2023/onuw_transcripts_ready/Youtube/ONE#NIGHT#ULTIMATE#WEREWOLF##Retro#3_Game4.txt,4,126,0,0,"[""Justin"", ""Mike"", ""James"", ""Mitchell""]","[""Insomniac"", ""Werewolf"", ""Villager"", ""Tanner""]","[""Insomniac"", ""Werewolf"", ""Villager"", ""Tanner""]",True,1,[1],"[""Mike""]",player,"[3, 0, 3, 1]",True,player,[3],"[""Mitchell""]","{""3"": 2, ""0"": 1, ""1"": 1}",0,[]
Youtube / ONE#NIGHT#ULTIMATE#WEREWOLF##Retro#3 / Game5,ONE#NIGHT#ULTIMATE#WEREWOLF##Retro#3_Game5,Youtube,ONE#NIGHT#ULTIMATE#WEREWOLF##Retro#3,Game5,data/processed/lai2023/onuw_transcripts_ready/Youtube/ONE#NIGHT#ULTIMATE#WEREWOLF##Retro#3_Game5.txt,4,141,0,0,"[""Justin"", ""Mike"", ""James"", ""Mitchell""]","[""Troublemaker"", ""Werewolf"", ""Insomniac"", ""Tanner""]","[""Troublemaker"", ""Werewolf"", ""Villager"", ""Insomniac""]",True,1,[1],"[""Mike""]",player,"[3, 3, 3, 0]",True,player,[3],"[""Mitchell""]","{""3"": 3, ""0"": 1}",0,[]
Youtube / ONE#NIGHT#ULTIMATE#WEREWOLF##Retro#3 / Game6,ONE#NIGHT#ULTIMATE#WEREWOLF##Retro#3_Game6,Youtube,ONE#NIGHT#ULTIMATE#WEREWOLF##Retro#3,Game6,data/processed/lai2023/onuw_transcripts_ready/Youtube/ONE#NIGHT#ULTIMATE#WEREWOLF##Retro#3_Game6.txt,4,128,0,0,"[""Justin"", ""Mike"", ""James"", ""Mitchell""]","[""Tanner"", ""Werewolf"", ""Troublemaker"", ""Insomniac""]","[""Insomniac"", ""Werewolf"", ""Troublemaker"", ""Tanner""]",True,1,[1],"[""Mike""]",player,"[1, 2, 0, 1]",True,player,[1],"[""Mike""]","{""1"": 2, ""2"": 1, ""0"": 1}",0,[]
Youtube / ONE#NIGHT#ULTIMATE#WEREWOLF##Retro#3 / Game7,ONE#NIGHT#ULTIMATE#WEREWOLF##Retro#3_Game7,Youtube,ONE#NIGHT#ULTIMATE#WEREWOLF##Retro#3,Game7,data/processed/lai2023/onuw_transcripts_ready/Youtube/ONE#NIGHT#ULTIMATE#WEREWOLF##Retro#3_Game7.txt,4,74,0,0,"[""Justin"", ""Mike"", ""James"", ""Mitchell""]","[""Seer"", ""Troublemaker"", ""Tanner"", ""Werewolf""]","[""Tanner"", ""Troublemaker"", ""Seer"", ""Werewolf""]",True,1,[3],"[""Mitchell""]",player,"[3, 3, 3, 1]",True,player,[3],"[""Mitchell""]","{""3"": 3, ""1"": 1}",0,[]
Youtube / ONE#NIGHT#ULTIMATE#WEREWOLF##Retro#3 / Game8,ONE#NIGHT#ULTIMATE#WEREWOLF##Retro#3_Game8,Youtube,ONE#NIGHT#ULTIMATE#WEREWOLF##Retro#3,Game8,data/processed/lai2023/onuw_transcripts_ready/Youtube/ONE#NIGHT#ULTIMATE#WEREWOLF##Retro#3_Game8.txt,4,67,0,0,"[""Justin"", ""Mike"", ""James"", ""Mitchell""]","[""Troublemaker"", ""Tanner"", ""Seer"", ""Insomniac""]","[""Troublemaker"", ""Insomniac"", ""Seer"", ""Tanner""]",False,0,[],[],circle,"[1, 2, 3, 0]",True,circle,[],[],"{""1"": 1, ""2"": 1, ""3"": 1, ""0"": 1}",0,"[""No 'Werewolf' role in end roles""]"
Youtube / ONE#NIGHT#ULTIMATE#WEREWOLF##Retro#4 / Game10,ONE#NIGHT#ULTIMATE#WEREWOLF##Retro#4_Game10,Youtube,ONE#NIGHT#ULTIMATE#WEREWOLF##Retro#4,Game10,data/processed/lai2023/onuw_transcripts_ready/Youtube/ONE#NIGHT#ULTIMATE#WEREWOLF##Retro#4_Game10.txt,5,133,0,0,"[""Justin"", ""Caitlynn"", ""Mike"", ""James"", ""Mitchell""]","[""Werewolf"", ""Troublemaker"", ""Seer"", ""Werewolf"", ""Drunk""]","[""Werewolf"", ""Troublemaker"", ""Werewolf"", ""Seer"", ""Robber""]",True,2,"[0, 2]","[""Justin"", ""Mike""]",player,"[4, 4, 4, 4, 4]",True,player,[4],"[""Mitchell""]","{""4"": 5}",0,[]
Youtube / ONE#NIGHT#ULTIMATE#WEREWOLF##Retro#4 / Game11,ONE#NIGHT#ULTIMATE#WEREWOLF##Retro#4_Game11,Youtube,ONE#NIGHT#ULTIMATE#WEREWOLF##Retro#4,Game11,data/processed/lai2023/onuw_transcripts_ready/Youtube/ONE#NIGHT#ULTIMATE#WEREWOLF##Retro#4_Game11.txt,5,104,0,0,"[""Justin"", ""Caitlynn"", ""Mike"", ""James"", ""Mitchell""]","[""Werewolf"", ""Insomniac"", ""Drunk"", ""Troublemaker"", ""Minion""]","[""Werewolf"", ""Minion"", ""Robber"", ""Troublemaker"", ""Insomniac""]",True,1,[0],"[""Justin""]",player,"[1, 0, 0, 0, 0]",True,player,[0],"[""Justin""]","{""1"": 1, ""0"": 4}",0,[]
Youtube / ONE#NIGHT#ULTIMATE#WEREWOLF##Retro#4 / Game3,ONE#NIGHT#ULTIMATE#WEREWOLF##Retro#4_Game3,Youtube,ONE#NIGHT#ULTIMATE#WEREWOLF##Retro#4,Game3,data/processed/lai2023/onuw_transcripts_ready/Youtube/ONE#NIGHT#ULTIMATE#WEREWOLF##Retro#4_Game3.txt,5,22,0,1,"[""Justin"", ""Caitlynn"", ""Mike"", ""James"", ""Mitchell""]","[""Troublemaker"", ""Drunk"", ""Seer"", ""Insomniac"", ""Werewolf""]","[""Troublemaker"", ""Werewolf"", ""Insomniac"", ""Seer"", ""Werewolf""]",True,2,"[1, 4]","[""Caitlynn"", ""Mitchell""]",player,"[4, 4, 4, 4, 4]",True,player,[4],"[""Mitchell""]","{""4"": 5}",0,[]
Youtube / ONE#NIGHT#ULTIMATE#WEREWOLF##Retro#4 / Game4,ONE#NIGHT#ULTIMATE#WEREWOLF##Retro#4_Game4,Youtube,ONE#NIGHT#ULTIMATE#WEREWOLF##Retro#4,Game4,data/processed/lai2023/onuw_transcripts_ready/Youtube/ONE#NIGHT#ULTIMATE#WEREWOLF##Retro#4_Game4.txt,5,115,0,0,"[""Justin"", ""Caitlynn"", ""Mike"", ""James"", ""Mitchell""]","[""Insomniac"", ""Minion"", ""Werewolf"", ""Troublemaker"", ""Drunk""]","[""Werewolf"", ""Minion"", ""Insomniac"", ""Troublemaker"", ""Robber""]",True,1,[0],"[""Justin""]",player,"[4, 4, 0, 4, 0]",True,player,[4],"[""Mitchell""]","{""4"": 3, ""0"": 2}",0,[]
Youtube / ONE#NIGHT#ULTIMATE#WEREWOLF##Retro#4 / Game5,ONE#NIGHT#ULTIMATE#WEREWOLF##Retro#4_Game5,Youtube,ONE#NIGHT#ULTIMATE#WEREWOLF##Retro#4,Game5,data/processed/lai2023/onuw_transcripts_ready/Youtube/ONE#NIGHT#ULTIMATE#WEREWOLF##Retro#4_Game5.txt,5,44,0,0,"[""Justin"", ""Caitlynn"", ""Mike"", ""James"", ""Mitchell""]","[""Werewolf"", ""Drunk"", ""Seer"", ""Robber"", ""Insomniac""]","[""Robber"", ""Minion"", ""Seer"", ""Werewolf"", ""Insomniac""]",True,1,[3],"[""James""]",player,"[3, 3, 3, ""N/A"", 3]",True,player,[3],"[""James""]","{""3"": 4}",1,[]
Youtube / ONE#NIGHT#ULTIMATE#WEREWOLF##Retro#4 / Game6,ONE#NIGHT#ULTIMATE#WEREWOLF##Retro#4_Game6,Youtube,ONE#NIGHT#ULTIMATE#WEREWOLF##Retro#4,Game6,data/processed/lai2023/onuw_transcripts_ready/Youtube/ONE#NIGHT#ULTIMATE#WEREWOLF##Retro#4_Game6.txt,5,78,0,0,"[""Justin"", ""Caitlynn"", ""Mike"", ""James"", ""Mitchell""]","[""Insomniac"", ""Werewolf"", ""Troublemaker"", ""Minion"", ""Drunk""]","[""Insomniac"", ""Drunk"", ""Troublemaker"", ""Minion"", ""Robber""]",False,0,[],[],circle,"[4, 4, 4, 4, 4]",True,player,[4],"[""Mitchell""]","{""4"": 5}",0,"[""No 'Werewolf' role in end roles""]"
Youtube / ONE#NIGHT#ULTIMATE#WEREWOLF##Retro#4 / Game7,ONE#NIGHT#ULTIMATE#WEREWOLF##Retro#4_Game7,Youtube,ONE#NIGHT#ULTIMATE#WEREWOLF##Retro#4,Game7,data/processed/lai2023/onuw_transcripts_ready/Youtube/ONE#NIGHT#ULTIMATE#WEREWOLF##Retro#4_Game7.txt,5,65,0,0,"[""Justin"", ""Caitlynn"", ""Mike"", ""James"", ""Mitchell""]","[""Minion"", ""Drunk"", ""Seer"", ""Troublemaker"", ""Robber""]","[""Drunk"", ""Insomniac"", ""Seer"", ""Troublemaker"", ""Minion""]",False,0,[],[],circle,"[1, 1, 1, 1, 1]",True,player,[1],"[""Caitlynn""]","{""1"": 5}",0,"[""No 'Werewolf' role in end roles""]"
Youtube / ONE#NIGHT#ULTIMATE#WEREWOLF##Retro#4 / Game9,ONE#NIGHT#ULTIMATE#WEREWOLF##Retro#4_Game9,Youtube,ONE#NIGHT#ULTIMATE#WEREWOLF##Retro#4,Game9,data/processed/lai2023/onuw_transcripts_ready/Youtube/ONE#NIGHT#ULTIMATE#WEREWOLF##Retro#4_Game9.txt,5,138,0,0,"[""Justin"", ""Caitlynn"", ""Mike"", ""James"", ""Mitchell""]","[""Minion"", ""Drunk"", ""Seer"", ""Werewolf"", ""Insomniac""]","[""Minion"", ""Werewolf"", ""Seer"", ""Werewolf"", ""Insomniac""]",True,2,"[1, 3]","[""Caitlynn"", ""James""]",player,"[""N/A"", 0, 0, 0, 0]",True,player,[0],"[""Justin""]","{""0"": 4}",1,[]
Youtube / ONE#NIGHT#ULTIMATE#WEREWOLF##Retro#5 / Game1,ONE#NIGHT#ULTIMATE#WEREWOLF##Retro#5_Game1,Youtube,ONE#NIGHT#ULTIMATE#WEREWOLF##Retro#5,Game1,data/processed/lai2023/onuw_transcripts_ready/Youtube/ONE#NIGHT#ULTIMATE#WEREWOLF##Retro#5_Game1.txt,3,70,0,0,"[""Justin"", ""Paul"", ""Mitchell""]","[""Troublemaker"", ""Villager"", ""Seer""]","[""Troublemaker"", ""Seer"", ""Villager""]",False,0,[],[],circle,"[2, 2, 0]",True,player,[2],"[""Mitchell""]","{""2"": 2, ""0"": 1}",0,"[""No 'Werewolf' role in end roles""]"
Youtube / ONE#NIGHT#ULTIMATE#WEREWOLF##Retro#5 / Game2,ONE#NIGHT#ULTIMATE#WEREWOLF##Retro#5_Game2,Youtube,ONE#NIGHT#ULTIMATE#WEREWOLF##Retro#5,Game2,data/processed/lai2023/onuw_transcripts_ready/Youtube/ONE#NIGHT#ULTIMATE#WEREWOLF##Retro#5_Game2.txt,3,104,0,0,"[""Justin"", ""Paul"", ""Mitchell""]","[""Werewolf"", ""Troublemaker"", ""Villager""]","[""Villager"", ""Troublemaker"", ""Werewolf""]",True,1,[2],"[""Mitchell""]",player,"[2, 0, 0]",True,player,[0],"[""Justin""]","{""2"": 1, ""0"": 2}",0,[]
Youtube / ONE#NIGHT#ULTIMATE#WEREWOLF##Retro#5 / Game3,ONE#NIGHT#ULTIMATE#WEREWOLF##Retro#5_Game3,Youtube,ONE#NIGHT#ULTIMATE#WEREWOLF##Retro#5,Game3,data/processed/lai2023/onuw_transcripts_ready/Youtube/ONE#NIGHT#ULTIMATE#WEREWOLF##Retro#5_Game3.txt,3,111,0,0,"[""Justin"", ""Paul"", ""Mitchell""]","[""Troublemaker"", ""Werewolf"", ""Seer""]","[""Troublemaker"", ""Werewolf"", ""Seer""]",True,1,[1],"[""Paul""]",player,"[1, 2, 1]",True,player,[1],"[""Paul""]","{""1"": 2, ""2"": 1}",0,[]
Youtube / ONE#NIGHT#ULTIMATE#WEREWOLF##Retro#5 / Game4,ONE#NIGHT#ULTIMATE#WEREWOLF##Retro#5_Game4,Youtube,ONE#NIGHT#ULTIMATE#WEREWOLF##Retro#5,Game4,data/processed/lai2023/onuw_transcripts_ready/Youtube/ONE#NIGHT#ULTIMATE#WEREWOLF##Retro#5_Game4.txt,3,92,0,0,"[""Justin"", ""Paul"", ""Mitchell""]","[""Troublemaker"", ""Robber"", ""Insomniac""]","[""Troublemaker"", ""Robber"", ""Insomniac""]",False,0,[],[],circle,"[1, 2, 0]",True,circle,[],[],"{""1"": 1, ""2"": 1, ""0"": 1}",0,"[""No 'Werewolf' role in end roles""]"
Youtube / ONE#NIGHT#ULTIMATE#WEREWOLF##Retro#5 / Game5,ONE#NIGHT#ULTIMATE#WEREWOLF##Retro#5_Game5,Youtube,ONE#NIGHT#ULTIMATE#WEREWOLF##Retro#5,Game5,data/processed/lai2023/onuw_transcripts_ready/Youtube/ONE#NIGHT#ULTIMATE#WEREWOLF##Retro#5_Game5.txt,3,90,0,0,"[""Justin"", ""Paul"", ""Mitchell""]","[""Werewolf"", ""Werewolf"", ""Insomniac""]","[""Werewolf"", ""Werewolf"", ""Insomniac""]",True,2,"[0, 1]","[""Justin"", ""Paul""]",player,"[2, 2, 0]",True,player,[2],"[""Mitchell""]","{""2"": 2, ""0"": 1}",0,[]
Youtube / ONE#NIGHT#ULTIMATE#WEREWOLF##Retro#5 / Game6,ONE#NIGHT#ULTIMATE#WEREWOLF##Retro#5_Game6,Youtube,ONE#NIGHT#ULTIMATE#WEREWOLF##Retro#5,Game6,data/processed/lai2023/onuw_transcripts_ready/Youtube/ONE#NIGHT#ULTIMATE#WEREWOLF##Retro#5_Game6.txt,3,44,0,0,"[""Justin"", ""Paul"", ""Mitchell""]","[""Werewolf"", ""Werewolf"", ""Insomniac""]","[""Werewolf"", ""Werewolf"", ""Insomniac""]",True,2,"[0, 1]","[""Justin"", ""Paul""]",player,"[2, 2, 1]",True,player,[2],"[""Mitchell""]","{""2"": 2, ""1"": 1}",0,[]
Youtube / ONE#NIGHT#ULTIMATE#WEREWOLF##Retro#5 / Game7,ONE#NIGHT#ULTIMATE#WEREWOLF##Retro#5_Game7,Youtube,ONE#NIGHT#ULTIMATE#WEREWOLF##Retro#5,Game7,data/processed/lai2023/onuw_transcripts_ready/Youtube/ONE#NIGHT#ULTIMATE#WEREWOLF##Retro#5_Game7.txt,3,61,0,0,"[""Justin"", ""Paul"", ""Mitchell""]","[""Insomniac"", ""Werewolf"", ""Troublemaker""]","[""Insomniac"", ""Werewolf"", ""Troublemaker""]",True,1,[1],"[""Paul""]",player,"[1, 2, 0]",True,circle,[],[],"{""1"": 1, ""2"": 1, ""0"": 1}",0,[]
Youtube / ONE#NIGHT#ULTIMATE#WEREWOLF##Retro#5 / Game8,ONE#NIGHT#ULTIMATE#WEREWOLF##Retro#5_Game8,Youtube,ONE#NIGHT#ULTIMATE#WEREWOLF##Retro#5,Game8,data/processed/lai2023/onuw_transcripts_ready/Youtube/ONE#NIGHT#ULTIMATE#WEREWOLF##Retro#5_Game8.txt,3,100,0,0,"[""Justin"", ""Paul"", ""Mitchell""]","[""Werewolf"", ""Werewolf"", ""Tanner""]","[""Werewolf"", ""Werewolf"", ""Tanner""]",True,2,"[0, 1]","[""Justin"", ""Paul""]",player,"[2, 2, 1]",True,player,[2],"[""Mitchell""]","{""2"": 2, ""1"": 1}",0,[]
Youtube / ONE#NIGHT#ULTIMATE#WEREWOLF#-#Drinking#Play#Through / Game1,ONE#NIGHT#ULTIMATE#WEREWOLF#-#Drinking#Play#Through_Game1,Youtube,ONE#NIGHT#ULTIMATE#WEREWOLF#-#Drinking#Play#Through,Game1,data/processed/lai2023/onuw_transcripts_ready/Youtube/ONE#NIGHT#ULTIMATE#WEREWOLF#-#Drinking#Play#Through_Game1.txt,6,166,0,0,"[""Sarah"", ""Jordan1"", ""Haak"", ""Robin"", ""Jordan2"", ""Meryl""]","[""Hunter"", ""Robber"", ""Werewolf"", ""Minion"", ""Tanner"", ""Seer""]","[""Robber"", ""Hunter"", ""Werewolf"", ""Minion"", ""Tanner"", ""Seer""]",True,1,[2],"[""Haak""]",player,"[4, 2, 0, 0, 3, 2]",True,player,"[2, 0]","[""Haak"", ""Sarah""]","{""4"": 1, ""2"": 2, ""0"": 2, ""3"": 1}",0,[]
Youtube / ONE#NIGHT#ULTIMATE#WEREWOLF#-#Drinking#Play#Through / Game2,ONE#NIGHT#ULTIMATE#WEREWOLF#-#Drinking#Play#Through_Game2,Youtube,ONE#NIGHT#ULTIMATE#WEREWOLF#-#Drinking#Play#Through,Game2,data/processed/lai2023/onuw_transcripts_ready/Youtube/ONE#NIGHT#ULTIMATE#WEREWOLF#-#Drinking#Play#Through_Game2.txt,6,121,0,0,"[""Sarah"", ""Jordan1"", ""Haak"", ""Robin"", ""Jordan2"", ""Meryl""]","[""Robber"", ""Minion"", ""Drunk"", ""Seer"", ""Tanner"", ""Werewolf""]","[""Drunk"", ""Minion"", ""Hunter"", ""Seer"", ""Tanner"", ""Werewolf""]",True,1,[5],"[""Meryl""]",player,"[1, 2, 5, 2, 3, 2]",True,player,[2],"[""Haak""]","{""1"": 1, ""2"": 3, ""5"": 1, ""3"": 1}",0,[]
Youtube / ONE#NIGHT#ULTIMATE#WEREWOLF#1##July#5th#2016 / Game2,ONE#NIGHT#ULTIMATE#WEREWOLF#1##July#5th#2016_Game2,Youtube,ONE#NIGHT#ULTIMATE#WEREWOLF#1##July#5th#2016,Game2,data/processed/lai2023/onuw_transcripts_ready/Youtube/ONE#NIGHT#ULTIMATE#WEREWOLF#1##July#5th#2016_Game2.txt,6,143,0,0,"[""Justin"", ""Julie"", ""Alban"", ""James"", ""Mitchell"", ""Mike""]","[""Drunk"", ""Werewolf"", ""Insomniac"", ""Seer"", ""Werewolf"", ""Tanner""]","[""Revealer"", ""Werewolf"", ""Insomniac"", ""Seer"", ""Werewolf"", ""Tanner""]",True,2,"[1, 4]","[""Julie"", ""Mitchell""]",player,"[5, 5, 5, 5, 5, ""N/A""]",True,player,[5],"[""Mike""]","{""5"": 5}",1,[]
Youtube / One#Night#Ultimate#Werewolf#1#How-To#and#Playthrough / Game1,One#Night#Ultimate#Werewolf#1#How-To#and#Playthrough_Game1,Youtube,One#Night#Ultimate#Werewolf#1#How-To#and#Playthrough,Game1,data/processed/lai2023/onuw_transcripts_ready/Youtube/One#Night#Ultimate#Werewolf#1#How-To#and#Playthrough_Game1.txt,6,221,0,0,"[""Dan"", ""Ed"", ""Katie"", ""Brett"", ""Audrey"", ""Dylan""]","[""Seer"", ""Werewolf"", ""Werewolf"", ""Villager"", ""Villager"", ""Troublemaker""]","[""Werewolf"", ""Seer"", ""Werewolf"", ""Villager"", ""Villager"", ""Troublemaker""]",True,2,"[0, 2]","[""Dan"", ""Katie""]",player,"[3, 4, 3, 2, 3, 2]",True,player,[3],"[""Brett""]","{""3"": 3, ""4"": 1, ""2"": 2}",0,[]
Youtube / ONE#NIGHT#ULTIMATE#WEREWOLF#10##November#6th#2016 / Game1,ONE#NIGHT#ULTIMATE#WEREWOLF#10##November#6th#2016_Game1,Youtube,ONE#NIGHT#ULTIMATE#WEREWOLF#10##November#6th#2016,Game1,data/processed/lai2023/onuw_transcripts_ready/Youtube/ONE#NIGHT#ULTIMATE#WEREWOLF#10##November#6th#2016_Game1.txt,4,97,0,0,"[""Matt"", ""Mitchell"", ""Alana"", ""Mike""]","[""Seer"", ""Troublemaker"", ""Insomniac"", ""Robber""]","[""Insomniac"", ""Troublemaker"", ""Robber"", ""Seer""]",False,0,[],[],circle,"[1, 3, 1, 1]",True,player,[1],"[""Mitchell""]","{""1"": 3, ""3"": 1}",0,"[""No 'Werewolf' role in end roles""]"
Youtube / ONE#NIGHT#ULTIMATE#WEREWOLF#13##July#29th#2017 / Game1,ONE#NIGHT#ULTIMATE#WEREWOLF#13##July#29th#2017_Game1,Youtube,ONE#NIGHT#ULTIMATE#WEREWOLF#13##July#29th#2017,Game1,data/processed/lai2023/onuw_transcripts_ready/Youtube/ONE#NIGHT#ULTIMATE#WEREWOLF#13##July#29th#2017_Game1.txt,4,144,0,0,"[""Justin"", ""Julie"", ""Mitchell"", ""Mike""]","[""Drunk"", ""Tanner"", ""Werewolf"", ""Werewolf""]","[""Seer"", ""Tanner"", ""Werewolf"", ""Werewolf""]",True,2,"[2, 3]","[""Mitchell"", ""Mike""]",player,"[1, 0, 1, 0]",True,player,"[1, 0]","[""Julie"", ""Justin""]","{""1"": 2, ""0"": 2}",0,[]
Youtube / ONE#NIGHT#ULTIMATE#WEREWOLF#13##July#29th#2017 / Game2,ONE#NIGHT#ULTIMATE#WEREWOLF#13##July#29th#2017_Game2,Youtube,ONE#NIGHT#ULTIMATE#WEREWOLF#13##July#29th#2017,Game2,data/processed/lai2023/onuw_transcripts_ready/Youtube/ONE#NIGHT#ULTIMATE#WEREWOLF#13##July#29th#2017_Game2.txt,4,127,0,0,"[""Justin"", ""Julie"", ""Mitchell"", ""Mike""]","[""Troublemaker"", ""Werewolf"", ""Werewolf"", ""Robber""]","[""Robber"", ""Werewolf"", ""Werewolf"", ""Troublemaker""]",True,2,"[1, 2]","[""Julie"", ""Mitchell""]",player,"[1, 2, 3, 0]",True,circle,[],[],"{""1"": 1, ""2"": 1, ""3"": 1, ""0"": 1}",0,[]
Youtube / ONE#NIGHT#ULTIMATE#WEREWOLF#13##July#29th#2017 / Game3,ONE#NIGHT#ULTIMATE#WEREWOLF#13##July#29th#2017_Game3,Youtube,ONE#NIGHT#ULTIMATE#WEREWOLF#13##July#29th#2017,Game3,data/processed/lai2023/onuw_transcripts_ready/Youtube/ONE#NIGHT#ULTIMATE#WEREWOLF#13##July#29th#2017_Game3.txt,4,129,0,0,"[""Justin"", ""Julie"", ""Mitchell"", ""Mike""]","[""Drunk"", ""Seer"", ""Werewolf"", ""Werewolf""]","[""Troublemaker"", ""Seer"", ""Werewolf"", ""Werewolf""]",True,2,"[2, 3]","[""Mitchell"", ""Mike""]",player,"[1, 0, 0, 0]",True,player,[0],"[""Justin""]","{""1"": 1, ""0"": 3}",0,[]
Youtube / ONE#NIGHT#ULTIMATE#WEREWOLF#14##August#26th#2017 / Game1,ONE#NIGHT#ULTIMATE#WEREWOLF#14##August#26th#2017_Game1,Youtube,ONE#NIGHT#ULTIMATE#WEREWOLF#14##August#26th#2017,Game1,data/processed/lai2023/onuw_transcripts_ready/Youtube/ONE#NIGHT#ULTIMATE#WEREWOLF#14##August#26th#2017_Game1.txt,4,146,0,0,"[""Justin"", ""Mitchell"", ""Caitlynn"", ""Mike""]","[""Tanner"", ""Insomniac"", ""Werewolf"", ""Werewolf""]","[""Tanner"", ""Insomniac"", ""Werewolf"", ""Werewolf""]",True,2,"[2, 3]","[""Caitlynn"", ""Mike""]",player,"[1, 0, 1, 1]",True,player,[1],"[""Mitchell""]","{""1"": 3, ""0"": 1}",0,[]
Youtube / ONE#NIGHT#ULTIMATE#WEREWOLF#14##August#26th#2017 / Game2,ONE#NIGHT#ULTIMATE#WEREWOLF#14##August#26th#2017_Game2,Youtube,ONE#NIGHT#ULTIMATE#WEREWOLF#14##August#26th#2017,Game2,data/processed/lai2023/onuw_transcripts_ready/Youtube/ONE#NIGHT#ULTIMATE#WEREWOLF#14##August#26th#2017_Game2.txt,4,141,0,0,"[""Justin"", ""Mitchell"", ""Caitlynn"", ""Mike""]","[""Werewolf"", ""Insomniac"", ""Tanner"", ""Werewolf""]","[""Werewolf"", ""Insomniac"", ""Tanner"", ""Werewolf""]",True,2,"[0, 3]","[""Justin"", ""Mike""]",player,"[1, 2, 1, 1]",True,player,[1],"[""Mitchell""]","{""1"": 3, ""2"": 1}",0,[]
Youtube / ONE#NIGHT#ULTIMATE#WEREWOLF#18##September#30th#2017 / Game1,ONE#NIGHT#ULTIMATE#WEREWOLF#18##September#30th#2017_Game1,Youtube,ONE#NIGHT#ULTIMATE#WEREWOLF#18##September#30th#2017,Game1,data/processed/lai2023/onuw_transcripts_ready/Youtube/ONE#NIGHT#ULTIMATE#WEREWOLF#18##September#30th#2017_Game1.txt,4,93,0,0,"[""Justin"", ""Julie"", ""Paul"", ""Mitchell""]","[""Drunk"", ""Tanner"", ""Werewolf"", ""Robber""]","[""Werewolf"", ""Tanner"", ""Robber"", ""Werewolf""]",True,2,"[0, 3]","[""Justin"", ""Mitchell""]",player,"[1, 0, 3, 2]",True,circle,[],[],"{""1"": 1, ""0"": 1, ""3"": 1, ""2"": 1}",0,[]
Youtube / One#Night#Ultimate#Werewolf#2#The#Drunk / Game1,One#Night#Ultimate#Werewolf#2#The#Drunk_Game1,Youtube,One#Night#Ultimate#Werewolf#2#The#Drunk,Game1,data/processed/lai2023/onuw_transcripts_ready/Youtube/One#Night#Ultimate#Werewolf#2#The#Drunk_Game1.txt,6,213,0,0,"[""Dan"", ""Ed"", ""Katie"", ""Brett"", ""Audrey"", ""Dylan""]","[""Mason"", ""Seer"", ""Werewolf"", ""Troublemaker"", ""Villager"", ""Werewolf""]","[""Werewolf"", ""Seer"", ""Werewolf"", ""Troublemaker"", ""Villager"", ""Mason""]",True,2,"[0, 2]","[""Dan"", ""Katie""]",player,"[4, 0, 4, 0, 0, 0]",True,player,[0],"[""Dan""]","{""4"": 2, ""0"": 4}",0,[]
Youtube / ONE#NIGHT#ULTIMATE#WEREWOLF#26##January#20th#2018 / Game2,ONE#NIGHT#ULTIMATE#WEREWOLF#26##January#20th#2018_Game2,Youtube,ONE#NIGHT#ULTIMATE#WEREWOLF#26##January#20th#2018,Game2,data/processed/lai2023/onuw_transcripts_ready/Youtube/ONE#NIGHT#ULTIMATE#WEREWOLF#26##January#20th#2018_Game2.txt,5,170,0,0,"[""Justin"", ""Meghan"", ""Paul"", ""Mitchell"", ""Mike""]","[""Troublemaker"", ""Robber"", ""Tanner"", ""Werewolf"", ""Werewolf""]","[""Troublemaker"", ""Werewolf"", ""Tanner"", ""Werewolf"", ""Robber""]",True,2,"[1, 3]","[""Meghan"", ""Mitchell""]",player,"[2, 2, 0, 4, 2]",True,player,[2],"[""Paul""]","{""2"": 3, ""0"": 1, ""4"": 1}",0,[]
Youtube / ONE#NIGHT#ULTIMATE#WEREWOLF#26##January#20th#2018 / Game3,ONE#NIGHT#ULTIMATE#WEREWOLF#26##January#20th#2018_Game3,Youtube,ONE#NIGHT#ULTIMATE#WEREWOLF#26##January#20th#2018,Game3,data/processed/lai2023/onuw_transcripts_ready/Youtube/ONE#NIGHT#ULTIMATE#WEREWOLF#26##January#20th#2018_Game3.txt,5,132,0,0,"[""Justin"", ""Meghan"", ""Paul"", ""Mitchell"", ""Mike""]","[""Werewolf"", ""Tanner"", ""Troublemaker"", ""Werewolf"", ""Robber""]","[""Robber"", ""Werewolf"", ""Troublemaker"", ""Werewolf"", ""Tanner""]",True,2,"[1, 3]","[""Meghan"", ""Mitchell""]",player,"[1, 0, 1, 1, 0]",True,player,[1],"[""Meghan""]","{""1"": 3, ""0"": 2}",0,[]
Youtube / ONE#NIGHT#ULTIMATE#WEREWOLF#28##February#17th#2018 / Game1,ONE#NIGHT#ULTIMATE#WEREWOLF#28##February#17th#2018_Game1,Youtube,ONE#NIGHT#ULTIMATE#WEREWOLF#28##February#17th#2018,Game1,data/processed/lai2023/onuw_transcripts_ready/Youtube/ONE#NIGHT#ULTIMATE#WEREWOLF#28##February#17th#2018_Game1.txt,6,133,0,1,"[""Justin"", ""Caitlynn"", ""Paul"", ""Alysha"", ""Mitchell"", ""Mike""]","[""Troublemaker"", ""Robber"", ""Seer"", ""Werewolf"", ""Drunk"", ""Tanner""]","[""Troublemaker"", ""Drunk"", ""Robber"", ""Werewolf"", ""Werewolf"", ""Tanner""]",True,2,"[3, 4]","[""Alysha"", ""Mitchell""]",player,"[4, 3, 3, 4, 3, 4]",True,player,"[4, 3]","[""Mitchell"", ""Alysha""]","{""4"": 3, ""3"": 3}",0,[]
Youtube / ONE#NIGHT#ULTIMATE#WEREWOLF#28##February#17th#2018 / Game2,ONE#NIGHT#ULTIMATE#WEREWOLF#28##February#17th#2018_Game2,Youtube,ONE#NIGHT#ULTIMATE#WEREWOLF#28##February#17th#2018,Game2,data/processed/lai2023/onuw_transcripts_ready/Youtube/ONE#NIGHT#ULTIMATE#WEREWOLF#28##February#17th#2018_Game2.txt,6,183,0,0,"[""Justin"", ""Caitlynn"", ""Paul"", ""Alysha"", ""Mitchell"", ""Mike""]","[""Werewolf"", ""Tanner"", ""Robber"", ""Minion"", ""Troublemaker"", ""Drunk""]","[""Robber"", ""Werewolf"", ""Tanner"", ""Minion"", ""Troublemaker"", ""Seer""]",True,1,[1],"[""Caitlynn""]",player,"[4, 5, 5, 5, 5, 2]",True,player,[5],"[""Mike""]","{""4"": 1, ""5"": 4, ""2"": 1}",0,[]
Youtube / ONE#NIGHT#ULTIMATE#WEREWOLF#28##February#17th#2018 / Game3,ONE#NIGHT#ULTIMATE#WEREWOLF#28##February#17th#2018_Game3,Youtube,ONE#NIGHT#ULTIMATE#WEREWOLF#28##February#17th#2018,Game3,data/processed/lai2023/onuw_transcripts_ready/Youtube/ONE#NIGHT#ULTIMATE#WEREWOLF#28##February#17th#2018_Game3.txt,6,141,0,0,"[""Justin"", ""Caitlynn"", ""Paul"", ""Alysha"", ""Mitchell"", ""Mike""]","[""Werewolf"", ""Tanner"", ""Robber"", ""Minion"", ""Troublemaker"", ""Drunk""]","[""Robber"", ""Werewolf"", ""Tanner"", ""Minion"", ""Troublemaker"", ""Seer""]",True,1,[1],"[""Caitlynn""]",player,"[5, 5, 0, 0, 5, 2]",True,player,[5],"[""Mike""]","{""5"": 3, ""0"": 2, ""2"": 1}",0,[]
Youtube / One#Night#Ultimate#Werewolf#3#Insomniac / Game1,One#Night#Ultimate#Werewolf#3#Insomniac_Game1,Youtube,One#Night#Ultimate#Werewolf#3#Insomniac,Game1,data/processed/lai2023/onuw_transcripts_ready/Youtube/One#Night#Ultimate#Werewolf#3#Insomniac_Game1.txt,6,204,0,0,"[""Dan"", ""Ed"", ""Katie"", ""Brett"", ""Audrey"", ""Dylan""]","[""Troublemaker"", ""Insomniac"", ""Mason"", ""Werewolf"", ""Robber"", ""Seer""]","[""Troublemaker"", ""Mason"", ""Insomniac"", ""Werewolf"", ""Seer"", ""Robber""]",True,1,[3],"[""Brett""]",player,"[3, 3, 3, 0, 3, 0]",True,player,[3],"[""Brett""]","{""3"": 4, ""0"": 2}",0,[]
Youtube / ONE#NIGHT#ULTIMATE#WEREWOLF#30##February#17th#2018 / Game2,ONE#NIGHT#ULTIMATE#WEREWOLF#30##February#17th#2018_Game2,Youtube,ONE#NIGHT#ULTIMATE#WEREWOLF#30##February#17th#2018,Game2,data/processed/lai2023/onuw_transcripts_ready/Youtube/ONE#NIGHT#ULTIMATE#WEREWOLF#30##February#17th#2018_Game2.txt,6,124,0,0,"[""Justin"", ""Caitlynn"", ""Paul"", ""Alysha"", ""Mitchell"", ""Mike""]","[""Tanner"", ""Insomniac"", ""Werewolf"", ""Seer"", ""Werewolf"", ""Robber""]","[""Robber"", ""Insomniac"", ""Werewolf"", ""Seer"", ""Werewolf"", ""Tanner""]",True,2,"[2, 4]","[""Paul"", ""Mitchell""]",player,"[4, 5, 5, 0, 5, 1]",True,player,[5],"[""Mike""]","{""4"": 1, ""5"": 3, ""0"": 1, ""1"": 1}",0,[]
Youtube / ONE#NIGHT#ULTIMATE#WEREWOLF#30##February#17th#2018 / Game4,ONE#NIGHT#ULTIMATE#WEREWOLF#30##February#17th#2018_Game4,Youtube,ONE#NIGHT#ULTIMATE#WEREWOLF#30##February#17th#2018,Game4,data/processed/lai2023/onuw_transcripts_ready/Youtube/ONE#NIGHT#ULTIMATE#WEREWOLF#30##February#17th#2018_Game4.txt,6,199,0,0,"[""Justin"", ""Caitlynn"", ""Paul"", ""Alysha"", ""Mitchell"", ""Mike""]","[""Minion"", ""Robber"", ""Werewolf"", ""Tanner"", ""Seer"", ""Troublemaker""]","[""Minion"", ""Seer"", ""Werewolf"", ""Tanner"", ""Troublemaker"", ""Robber""]",True,1,[2],"[""Paul""]",player,"[3, 3, 3, 3, 1, 3]",True,player,[3],"[""Alysha""]","{""3"": 5, ""1"": 1}",0,[]
Youtube / ONE#NIGHT#ULTIMATE#WEREWOLF#34##March#24th#2018 / Game2,ONE#NIGHT#ULTIMATE#WEREWOLF#34##March#24th#2018_Game2,Youtube,ONE#NIGHT#ULTIMATE#WEREWOLF#34##March#24th#2018,Game2,data/processed/lai2023/onuw_transcripts_ready/Youtube/ONE#NIGHT#ULTIMATE#WEREWOLF#34##March#24th#2018_Game2.txt,5,150,0,0,"[""Justin"", ""Carly"", ""Paul"", ""Mitchell"", ""Mike""]","[""Tanner"", ""Troublemaker"", ""Hunter"", ""Werewolf"", ""Seer""]","[""Tanner"", ""Troublemaker"", ""Werewolf"", ""Hunter"", ""Seer""]",True,1,[2],"[""Paul""]",player,"[2, 3, 0, 1, 3]",True,player,[3],"[""Mitchell""]","{""2"": 1, ""3"": 2, ""0"": 1, ""1"": 1}",0,[]
Youtube / ONE#NIGHT#ULTIMATE#WEREWOLF#34##March#24th#2018 / Game3,ONE#NIGHT#ULTIMATE#WEREWOLF#34##March#24th#2018_Game3,Youtube,ONE#NIGHT#ULTIMATE#WEREWOLF#34##March#24th#2018,Game3,data/processed/lai2023/onuw_transcripts_ready/Youtube/ONE#NIGHT#ULTIMATE#WEREWOLF#34##March#24th#2018_Game3.txt,5,150,0,0,"[""Justin"", ""Carly"", ""Paul"", ""Mitchell"", ""Mike""]","[""Tanner"", ""Minion"", ""Seer"", ""Werewolf"", ""Werewolf""]","[""Tanner"", ""Minion"", ""Seer"", ""Werewolf"", ""Werewolf""]",True,2,"[3, 4]","[""Mitchell"", ""Mike""]",player,"[4, 2, 1, 4, 0]",True,player,[4],"[""Mike""]","{""4"": 2, ""2"": 1, ""1"": 1, ""0"": 1}",0,[]
Youtube / One#Night#Ultimate#Werewolf#361#Classic#Werewolf / Game1,One#Night#Ultimate#Werewolf#361#Classic#Werewolf_Game1,Youtube,One#Night#Ultimate#Werewolf#361#Classic#Werewolf,Game1,data/processed/lai2023/onuw_transcripts_ready/Youtube/One#Night#Ultimate#Werewolf#361#Classic#Werewolf_Game1.txt,6,317,0,0,"[""Pete"", ""Katie"", ""Brett"", ""George"", ""Kelsey"", ""Dylan""]","[""Mason"", ""Drunk"", ""Troublemaker"", ""Werewolf"", ""Werewolf"", ""Robber""]","[""Drunk"", ""Minion"", ""Troublemaker"", ""Robber"", ""Werewolf"", ""Werewolf""]",True,2,"[4, 5]","[""Kelsey"", ""Dylan""]",player,"[4, 4, 5, 2, 1, 2]",True,player,"[4, 2]","[""Kelsey"", ""Brett""]","{""4"": 2, ""5"": 1, ""2"": 2, ""1"": 1}",0,[]
Youtube / One#Night#Ultimate#Werewolf#362#More#Classic#Werewolf / Game1,One#Night#Ultimate#Werewolf#362#More#Classic#Werewolf_Game1,Youtube,One#Night#Ultimate#Werewolf#362#More#Classic#Werewolf,Game1,data/processed/lai2023/onuw_transcripts_ready/Youtube/One#Night#Ultimate#Werewolf#362#More#Classic#Werewolf_Game1.txt,6,280,0,0,"[""Pete"", ""Katie"", ""Brett"", ""George"", ""Kelsey"", ""Dylan""]","[""Werewolf"", ""Werewolf"", ""Tanner"", ""Minion"", ""Robber"", ""Mason""]","[""Werewolf"", ""Werewolf"", ""Robber"", ""Minion"", ""Tanner"", ""Mason""]",True,2,"[0, 1]","[""Pete"", ""Katie""]",player,"[4, 3, 4, 2, 3, 0]",True,player,"[4, 3]","[""Kelsey"", ""George""]","{""4"": 2, ""3"": 2, ""2"": 1, ""0"": 1}",0,[]
Youtube / One#Night#Ultimate#Werewolf#363#Even#More#Classic#Werewolf / Game1,One#Night#Ultimate#Werewolf#363#Even#More#Classic#Werewolf_Game1,Youtube,One#Night#Ultimate#Werewolf#363#Even#More#Classic#Werewolf,Game1,data/processed/lai2023/onuw_transcripts_ready/Youtube/One#Night#Ultimate#Werewolf#363#Even#More#Classic#Werewolf_Game1.txt,6,363,0,0,"[""Pete"", ""Katie"", ""Brett"", ""George"", ""Kelsey"", ""Dylan""]","[""Mason"", ""Werewolf"", ""Mason"", ""Robber"", ""Minion"", ""Drunk""]","[""Robber"", ""Werewolf"", ""Mason"", ""Mason"", ""Minion"", ""Troublemaker""]",True,1,[1],"[""Katie""]",player,"[1, 4, 1, 1, 2, 2]",True,player,[1],"[""Katie""]","{""1"": 3, ""4"": 1, ""2"": 2}",0,[]
Youtube / ONE#NIGHT#ULTIMATE#WEREWOLF#37##April#21st#2018 / Game2,ONE#NIGHT#ULTIMATE#WEREWOLF#37##April#21st#2018_Game2,Youtube,ONE#NIGHT#ULTIMATE#WEREWOLF#37##April#21st#2018,Game2,data/processed/lai2023/onuw_transcripts_ready/Youtube/ONE#NIGHT#ULTIMATE#WEREWOLF#37##April#21st#2018_Game2.txt,5,142,0,0,"[""Justin"", ""Caitlynn"", ""Mitchell"", ""James"", ""Mike""]","[""Werewolf"", ""Werewolf"", ""Minion"", ""Tanner"", ""Troublemaker""]","[""Minion"", ""Werewolf"", ""Werewolf"", ""Tanner"", ""Troublemaker""]",True,2,"[1, 2]","[""Caitlynn"", ""Mitchell""]",player,"[4, 4, 4, 2, 2]",True,player,[4],"[""Mike""]","{""4"": 3, ""2"": 2}",0,[]
Youtube / ONE#NIGHT#ULTIMATE#WEREWOLF#38##April#21st#2018 / Game3,ONE#NIGHT#ULTIMATE#WEREWOLF#38##April#21st#2018_Game3,Youtube,ONE#NIGHT#ULTIMATE#WEREWOLF#38##April#21st#2018,Game3,data/processed/lai2023/onuw_transcripts_ready/Youtube/ONE#NIGHT#ULTIMATE#WEREWOLF#38##April#21st#2018_Game3.txt,5,166,0,0,"[""Justin"", ""Caitlynn"", ""Mitchell"", ""James"", ""Mike""]","[""Robber"", ""Tanner"", ""Seer"", ""Werewolf"", ""Werewolf""]","[""Werewolf"", ""Tanner"", ""Seer"", ""Robber"", ""Werewolf""]",True,2,"[0, 4]","[""Justin"", ""Mike""]",player,"[3, 0, 3, 0, 0]",True,player,[0],"[""Justin""]","{""3"": 2, ""0"": 3}",0,[]
Youtube / ONE#NIGHT#ULTIMATE#WEREWOLF#38##April#21st#2018 / Game4,ONE#NIGHT#ULTIMATE#WEREWOLF#38##April#21st#2018_Game4,Youtube,ONE#NIGHT#ULTIMATE#WEREWOLF#38##April#21st#2018,Game4,data/processed/lai2023/onuw_transcripts_ready/Youtube/ONE#NIGHT#ULTIMATE#WEREWOLF#38##April#21st#2018_Game4.txt,5,170,0,0,"[""Justin"", ""Caitlynn"", ""Mitchell"", ""James"", ""Mike""]","[""Werewolf"", ""Tanner"", ""Minion"", ""Robber"", ""Seer""]","[""Werewolf"", ""Robber"", ""Minion"", ""Tanner"", ""Seer""]",True,1,[0],"[""Justin""]",player,"[4, 2, 4, 4, 2]",True,player,[4],"[""Mike""]","{""4"": 3, ""2"": 2}",0,[]
Youtube / One#Night#Ultimate#Werewolf#381#The#Hunt#Is#On / Game1,One#Night#Ultimate#Werewolf#381#The#Hunt#Is#On_Game1,Youtube,One#Night#Ultimate#Werewolf#381#The#Hunt#Is#On,Game1,data/processed/lai2023/onuw_transcripts_ready/Youtube/One#Night#Ultimate#Werewolf#381#The#Hunt#Is#On_Game1.txt,6,204,0,0,"[""Ed"", ""Dustin"", ""Katie"", ""Brett"", ""Kelsey"", ""Dylan""]","[""Troublemaker"", ""Insomniac"", ""Robber"", ""Seer"", ""Hunter"", ""Tanner""]","[""Robber"", ""Insomniac"", ""Seer"", ""Troublemaker"", ""Hunter"", ""Tanner""]",False,0,[],[],circle,"[4, 4, 1, 2, 3, 3]",True,player,"[4, 3]","[""Kelsey"", ""Brett""]","{""4"": 2, ""1"": 1, ""2"": 1, ""3"": 2}",0,"[""No 'Werewolf' role in end roles""]"
Youtube / One#Night#Ultimate#Werewolf#382#Game#100!! / Game1,One#Night#Ultimate#Werewolf#382#Game#100!!_Game1,Youtube,One#Night#Ultimate#Werewolf#382#Game#100!!,Game1,data/processed/lai2023/onuw_transcripts_ready/Youtube/One#Night#Ultimate#Werewolf#382#Game#100!!_Game1.txt,6,176,0,0,"[""Ed"", ""Dustin"", ""Katie"", ""Brett"", ""Kelsey"", ""Dylan""]","[""Seer"", ""Insomniac"", ""Robber"", ""Troublemaker"", ""Tanner"", ""Werewolf""]","[""Seer"", ""Werewolf"", ""Tanner"", ""Troublemaker"", ""Robber"", ""Insomniac""]",True,1,[1],"[""Dustin""]",player,"[1, 5, 3, 5, 0, 2]",True,player,[5],"[""Dylan""]","{""1"": 1, ""5"": 2, ""3"": 1, ""0"": 1, ""2"": 1}",0,[]
Youtube / ONE#NIGHT#ULTIMATE#WEREWOLF#39##April#21st#2018 / Game3,ONE#NIGHT#ULTIMATE#WEREWOLF#39##April#21st#2018_Game3,Youtube,ONE#NIGHT#ULTIMATE#WEREWOLF#39##April#21st#2018,Game3,data/processed/lai2023/onuw_transcripts_ready/Youtube/ONE#NIGHT#ULTIMATE#WEREWOLF#39##April#21st#2018_Game3.txt,5,254,0,0,"[""Justin"", ""Caitlynn"", ""Mitchell"", ""James"", ""Mike""]","[""Werewolf"", ""Drunk"", ""Tanner"", ""Werewolf"", ""Seer""]","[""Werewolf"", ""Robber"", ""Tanner"", ""Werewolf"", ""Seer""]",True,2,"[0, 3]","[""Justin"", ""James""]",player,"[4, 0, 0, 4, 0]",True,player,[0],"[""Justin""]","{""4"": 2, ""0"": 3}",0,[]
Youtube / ONE#NIGHT#ULTIMATE#WEREWOLF#4##July#14th#2016 / Game1,ONE#NIGHT#ULTIMATE#WEREWOLF#4##July#14th#2016_Game1,Youtube,ONE#NIGHT#ULTIMATE#WEREWOLF#4##July#14th#2016,Game1,data/processed/lai2023/onuw_transcripts_ready/Youtube/ONE#NIGHT#ULTIMATE#WEREWOLF#4##July#14th#2016_Game1.txt,4,150,0,4,"[""Justin"", ""Paul"", ""Mitchell"", ""Mike""]","[""Drunk"", ""Robber"", ""Tanner"", ""Seer""]","[""Werewolf"", ""Seer"", ""Tanner"", ""Robber""]",True,1,[0],"[""Justin""]",player,"[1, 2, 1, 2]",True,player,"[1, 2]","[""Paul"", ""Mitchell""]","{""1"": 2, ""2"": 2}",0,[]
Youtube / ONE#NIGHT#ULTIMATE#WEREWOLF#4##July#14th#2016 / Game2,ONE#NIGHT#ULTIMATE#WEREWOLF#4##July#14th#2016_Game2,Youtube,ONE#NIGHT#ULTIMATE#WEREWOLF#4##July#14th#2016,Game2,data/processed/lai2023/onuw_transcripts_ready/Youtube/ONE#NIGHT#ULTIMATE#WEREWOLF#4##July#14th#2016_Game2.txt,4,143,0,0,"[""Justin"", ""Paul"", ""Mitchell"", ""Mike""]","[""Werewolf"", ""Robber"", ""Werewolf"", ""Seer""]","[""Werewolf"", ""Seer"", ""Werewolf"", ""Robber""]",True,2,"[0, 2]","[""Justin"", ""Mitchell""]",player,"[1, 2, 1, 2]",True,player,"[1, 2]","[""Paul"", ""Mitchell""]","{""1"": 2, ""2"": 2}",0,[]
Youtube / ONE#NIGHT#ULTIMATE#WEREWOLF#4##July#14th#2016 / Game3,ONE#NIGHT#ULTIMATE#WEREWOLF#4##July#14th#2016_Game3,Youtube,ONE#NIGHT#ULTIMATE#WEREWOLF#4##July#14th#2016,Game3,data/processed/lai2023/onuw_transcripts_ready/Youtube/ONE#NIGHT#ULTIMATE#WEREWOLF#4##July#14th#2016_Game3.txt,4,108,0,0,"[""Justin"", ""Paul"", ""Mitchell"", ""Mike""]","[""Robber"", ""Drunk"", ""Seer"", ""Troublemaker""]","[""Seer"", ""Tanner"", ""Drunk"", ""Troublemaker""]",False,0,[],[],circle,"[1, 2, 1, 1]",True,player,[1],"[""Paul""]","{""1"": 3, ""2"": 1}",0,"[""No 'Werewolf' role in end roles""]"
Youtube / ONE#NIGHT#ULTIMATE#WEREWOLF#43##October#13th#2018 / Game1,ONE#NIGHT#ULTIMATE#WEREWOLF#43##October#13th#2018_Game1,Youtube,ONE#NIGHT#ULTIMATE#WEREWOLF#43##October#13th#2018,Game1,data/processed/lai2023/onuw_transcripts_ready/Youtube/ONE#NIGHT#ULTIMATE#WEREWOLF#43##October#13th#2018_Game1.txt,4,165,0,0,"[""Justin"", ""Mitchell"", ""Paul"", ""Mike""]","[""Werewolf"", ""Tanner"", ""Robber"", ""Troublemaker""]","[""Robber"", ""Werewolf"", ""Tanner"", ""Troublemaker""]",True,1,[1],"[""Mitchell""]",player,"[1, 3, 3, 1]",True,player,"[1, 3]","[""Mitchell"", ""Mike""]","{""1"": 2, ""3"": 2}",0,[]
Youtube / ONE#NIGHT#ULTIMATE#WEREWOLF#43##October#13th#2018 / Game3,ONE#NIGHT#ULTIMATE#WEREWOLF#43##October#13th#2018_Game3,Youtube,ONE#NIGHT#ULTIMATE#WEREWOLF#43##October#13th#2018,Game3,data/processed/lai2023/onuw_transcripts_ready/Youtube/ONE#NIGHT#ULTIMATE#WEREWOLF#43##October#13th#2018_Game3.txt,4,129,0,0,"[""Justin"", ""Mitchell"", ""Paul"", ""Mike""]","[""Werewolf"", ""Troublemaker"", ""Tanner"", ""Robber""]","[""Tanner"", ""Troublemaker"", ""Robber"", ""Werewolf""]",True,1,[3],"[""Mike""]",player,"[2, 2, 3, 2]",True,player,[2],"[""Paul""]","{""2"": 3, ""3"": 1}",0,[]
Youtube / ONE#NIGHT#ULTIMATE#WEREWOLF#43##October#13th#2018 / Game4,ONE#NIGHT#ULTIMATE#WEREWOLF#43##October#13th#2018_Game4,Youtube,ONE#NIGHT#ULTIMATE#WEREWOLF#43##October#13th#2018,Game4,data/processed/lai2023/onuw_transcripts_ready/Youtube/ONE#NIGHT#ULTIMATE#WEREWOLF#43##October#13th#2018_Game4.txt,4,86,0,0,"[""Justin"", ""Mitchell"", ""Paul"", ""Mike""]","[""Tanner"", ""Robber"", ""Werewolf"", ""Troublemaker""]","[""Troublemaker"", ""Tanner"", ""Werewolf"", ""Robber""]",True,1,[2],"[""Paul""]",player,"[2, 2, 3, 2]",True,player,[2],"[""Paul""]","{""2"": 3, ""3"": 1}",0,[]
Youtube / ONE#NIGHT#ULTIMATE#WEREWOLF#44##October#13th#2018 / Game1,ONE#NIGHT#ULTIMATE#WEREWOLF#44##October#13th#2018_Game1,Youtube,ONE#NIGHT#ULTIMATE#WEREWOLF#44##October#13th#2018,Game1,data/processed/lai2023/onuw_transcripts_ready/Youtube/ONE#NIGHT#ULTIMATE#WEREWOLF#44##October#13th#2018_Game1.txt,4,119,0,0,"[""Justin"", ""Mitchell"", ""Paul"", ""Mike""]","[""Werewolf"", ""Seer"", ""Tanner"", ""Insomniac""]","[""Werewolf"", ""Seer"", ""Tanner"", ""Insomniac""]",True,1,[0],"[""Justin""]",player,"[1, 0, 0, 0]",True,player,[0],"[""Justin""]","{""1"": 1, ""0"": 3}",0,[]
Youtube / ONE#NIGHT#ULTIMATE#WEREWOLF#44##October#13th#2018 / Game2,ONE#NIGHT#ULTIMATE#WEREWOLF#44##October#13th#2018_Game2,Youtube,ONE#NIGHT#ULTIMATE#WEREWOLF#44##October#13th#2018,Game2,data/processed/lai2023/onuw_transcripts_ready/Youtube/ONE#NIGHT#ULTIMATE#WEREWOLF#44##October#13th#2018_Game2.txt,4,109,0,0,"[""Justin"", ""Mitchell"", ""Paul"", ""Mike""]","[""Werewolf"", ""Tanner"", ""Troublemaker"", ""Robber""]","[""Werewolf"", ""Tanner"", ""Troublemaker"", ""Robber""]",True,1,[0],"[""Justin""]",player,"[1, 0, 1, 0]",True,player,"[1, 0]","[""Mitchell"", ""Justin""]","{""1"": 2, ""0"": 2}",0,[]
Youtube / ONE#NIGHT#ULTIMATE#WEREWOLF#44##October#13th#2018 / Game3,ONE#NIGHT#ULTIMATE#WEREWOLF#44##October#13th#2018_Game3,Youtube,ONE#NIGHT#ULTIMATE#WEREWOLF#44##October#13th#2018,Game3,data/processed/lai2023/onuw_transcripts_ready/Youtube/ONE#NIGHT#ULTIMATE#WEREWOLF#44##October#13th#2018_Game3.txt,4,111,0,0,"[""Justin"", ""Mitchell"", ""Paul"", ""Mike""]","[""Seer"", ""Robber"", ""Tanner"", ""Troublemaker""]","[""Seer"", ""Robber"", ""Tanner"", ""Troublemaker""]",False,0,[],[],circle,"[1, 2, 3, 0]",True,circle,[],[],"{""1"": 1, ""2"": 1, ""3"": 1, ""0"": 1}",0,"[""No 'Werewolf' role in end roles""]"
Youtube / ONE#NIGHT#ULTIMATE#WEREWOLF#44##October#13th#2018 / Game4,ONE#NIGHT#ULTIMATE#WEREWOLF#44##October#13th#2018_Game4,Youtube,ONE#NIGHT#ULTIMATE#WEREWOLF#44##October#13th#2018,Game4,data/processed/lai2023/onuw_transcripts_ready/Youtube/ONE#NIGHT#ULTIMATE#WEREWOLF#44##October#13th#2018_Game4.txt,4,32,0,0,"[""Justin"", ""Mitchell"", ""Paul"", ""Mike""]","[""Tanner"", ""Troublemaker"", ""Seer"", ""Insomniac""]","[""Insomniac"", ""Troublemaker"", ""Seer"", ""Tanner""]",False,0,[],[],circle,"[1, 2, 3, 0]",True,circle,[],[],"{""1"": 1, ""2"": 1, ""3"": 1, ""0"": 1}",0,"[""No 'Werewolf' role in end roles""]"
Youtube / ONE#NIGHT#ULTIMATE#WEREWOLF#44##October#13th#2018 / Game5,ONE#NIGHT#ULTIMATE#WEREWOLF#44##October#13th#2018_Game5,Youtube,ONE#NIGHT#ULTIMATE#WEREWOLF#44##October#13th#2018,Game5,data/processed/lai2023/onuw_transcripts_ready/Youtube/ONE#NIGHT#ULTIMATE#WEREWOLF#44##October#13th#2018_Game5.txt,4,94,0,0,"[""Justin"", ""Mitchell"", ""Paul"", ""Mike""]","[""Seer"", ""Troublemaker"", ""Werewolf"", ""Robber""]","[""Robber"", ""Troublemaker"", ""Seer"", ""Werewolf""]",True,1,[3],"[""Mike""]",player,"[1, 3, 1, 1]",True,player,[1],"[""Mitchell""]","{""1"": 3, ""3"": 1}",0,[]
Youtube / ONE#NIGHT#ULTIMATE#WEREWOLF#45##October#13th#2018 / Game4,ONE#NIGHT#ULTIMATE#WEREWOLF#45##October#13th#2018_Game4,Youtube,ONE#NIGHT#ULTIMATE#WEREWOLF#45##October#13th#2018,Game4,data/processed/lai2023/onuw_transcripts_ready/Youtube/ONE#NIGHT#ULTIMATE#WEREWOLF#45##October#13th#2018_Game4.txt,4,140,0,0,"[""Justin"", ""Mitchell"", ""Paul"", ""Mike""]","[""Tanner"", ""Werewolf"", ""Werewolf"", ""Robber""]","[""Tanner"", ""Werewolf"", ""Robber"", ""Werewolf""]",True,2,"[1, 3]","[""Mitchell"", ""Mike""]",player,"[3, 3, 3, 0]",True,player,[3],"[""Mike""]","{""3"": 3, ""0"": 1}",0,[]
Youtube / ONE#NIGHT#ULTIMATE#WEREWOLF#45##October#13th#2018 / Game6,ONE#NIGHT#ULTIMATE#WEREWOLF#45##October#13th#2018_Game6,Youtube,ONE#NIGHT#ULTIMATE#WEREWOLF#45##October#13th#2018,Game6,data/processed/lai2023/onuw_transcripts_ready/Youtube/ONE#NIGHT#ULTIMATE#WEREWOLF#45##October#13th#2018_Game6.txt,4,118,0,0,"[""Justin"", ""Mitchell"", ""Paul"", ""Mike""]","[""Troublemaker"", ""Robber"", ""Tanner"", ""Hunter""]","[""Troublemaker"", ""Robber"", ""Tanner"", ""Hunter""]",False,0,[],[],circle,"[3, 3, 3, 1]",True,player,[3],"[""Mike""]","{""3"": 3, ""1"": 1}",0,"[""No 'Werewolf' role in end roles""]"
Youtube / One#Night#Ultimate#Werewolf#491#Classic#Werewolf / Game1,One#Night#Ultimate#Werewolf#491#Classic#Werewolf_Game1,Youtube,One#Night#Ultimate#Werewolf#491#Classic#Werewolf,Game1,data/processed/lai2023/onuw_transcripts_ready/Youtube/One#Night#Ultimate#Werewolf#491#Classic#Werewolf_Game1.txt,4,152,0,0,"[""Pete"", ""Katie"", ""Brett"", ""Dustin""]","[""Werewolf"", ""Troublemaker"", ""Seer"", ""Drunk""]","[""Seer"", ""Troublemaker"", ""Werewolf"", ""Robber""]",True,1,[2],"[""Brett""]",player,"[2, 0, 0, 0]",True,player,[0],"[""Pete""]","{""2"": 1, ""0"": 3}",0,[]
Youtube / One#Night#Ultimate#Werewolf#492#More#Classic#Werewolf / Game1,One#Night#Ultimate#Werewolf#492#More#Classic#Werewolf_Game1,Youtube,One#Night#Ultimate#Werewolf#492#More#Classic#Werewolf,Game1,data/processed/lai2023/onuw_transcripts_ready/Youtube/One#Night#Ultimate#Werewolf#492#More#Classic#Werewolf_Game1.txt,4,189,0,0,"[""Pete"", ""Katie"", ""Brett"", ""Dustin""]","[""Tanner"", ""Drunk"", ""Robber"", ""Seer""]","[""Tanner"", ""Troublemaker"", ""Seer"", ""Robber""]",False,0,[],[],circle,"[2, 0, 1, 0]",True,player,[0],"[""Pete""]","{""2"": 1, ""0"": 2, ""1"": 1}",0,"[""No 'Werewolf' role in end roles""]"
Youtube / One#Night#Ultimate#Werewolf#493#Even#More#Classic#Werewolf / Game1,One#Night#Ultimate#Werewolf#493#Even#More#Classic#Werewolf_Game1,Youtube,One#Night#Ultimate#Werewolf#493#Even#More#Classic#Werewolf,Game1,data/processed/lai2023/onuw_transcripts_ready/Youtube/One#Night#Ultimate#Werewolf#493#Even#More#Classic#Werewolf_Game1.txt,4,183,0,0,"[""Pete"", ""Katie"", ""Brett"", ""Dustin""]","[""Robber"", ""Tanner"", ""Seer"", ""Werewolf""]","[""Robber"", ""Tanner"", ""Seer"", ""Werewolf""]",True,1,[3],"[""Dustin""]",player,"[1, 0, 1, 1]",True,player,[1],"[""Katie""]","{""1"": 3, ""0"": 1}",0,[]
Youtube / ONE#NIGHT#ULTIMATE#WEREWOLF#5##October#29th#2016 / Game1,ONE#NIGHT#ULTIMATE#WEREWOLF#5##October#29th#2016_Game1,Youtube,ONE#NIGHT#ULTIMATE#WEREWOLF#5##October#29th#2016,Game1,data/processed/lai2023/onuw_transcripts_ready/Youtube/ONE#NIGHT#ULTIMATE#WEREWOLF#5##October#29th#2016_Game1.txt,4,106,0,0,"[""Mitchell"", ""Chris"", ""Caitlynn"", ""Mike""]","[""Drunk"", ""Werewolf"", ""Troublemaker"", ""Robber""]","[""Insomniac"", ""Werewolf"", ""Troublemaker"", ""Robber""]",True,1,[1],"[""Chris""]",player,"[3, 3, 3, 0]",True,player,[3],"[""Mike""]","{""3"": 3, ""0"": 1}",0,[]
Youtube / One#Night#Ultimate#Werewolf#531#Classic#ONUW / Game1,One#Night#Ultimate#Werewolf#531#Classic#ONUW_Game1,Youtube,One#Night#Ultimate#Werewolf#531#Classic#ONUW,Game1,data/processed/lai2023/onuw_transcripts_ready/Youtube/One#Night#Ultimate#Werewolf#531#Classic#ONUW_Game1.txt,4,115,0,0,"[""Ryan"", ""Katie"", ""Brett"", ""DeAndre""]","[""Drunk"", ""Tanner"", ""Minion"", ""Troublemaker""]","[""Robber"", ""Minion"", ""Tanner"", ""Troublemaker""]",False,0,[],[],circle,"[2, 2, 0, 2]",True,player,[2],"[""Brett""]","{""2"": 3, ""0"": 1}",0,"[""No 'Werewolf' role in end roles""]"
Youtube / One#Night#Ultimate#Werewolf#532#More#Classic#ONUW / Game1,One#Night#Ultimate#Werewolf#532#More#Classic#ONUW_Game1,Youtube,One#Night#Ultimate#Werewolf#532#More#Classic#ONUW,Game1,data/processed/lai2023/onuw_transcripts_ready/Youtube/One#Night#Ultimate#Werewolf#532#More#Classic#ONUW_Game1.txt,4,113,0,0,"[""Ryan"", ""Katie"", ""Brett"", ""DeAndre""]","[""Robber"", ""Tanner"", ""Troublemaker"", ""Drunk""]","[""Troublemaker"", ""Drunk"", ""Robber"", ""Werewolf""]",True,1,[3],"[""DeAndre""]",player,"[3, 2, 3, 1]",True,player,[3],"[""DeAndre""]","{""3"": 2, ""2"": 1, ""1"": 1}",0,[]
Youtube / One#Night#Ultimate#Werewolf#533#Even#More#Classic#ONUW / Game1,One#Night#Ultimate#Werewolf#533#Even#More#Classic#ONUW_Game1,Youtube,One#Night#Ultimate#Werewolf#533#Even#More#Classic#ONUW,Game1,data/processed/lai2023/onuw_transcripts_ready/Youtube/One#Night#Ultimate#Werewolf#533#Even#More#Classic#ONUW_Game1.txt,4,82,0,0,"[""Ryan"", ""Katie"", ""Brett"", ""DeAndre""]","[""Troublemaker"", ""Robber"", ""Tanner"", ""Drunk""]","[""Robber"", ""Tanner"", ""Troublemaker"", ""Minion""]",False,0,[],[],circle,"[3, 3, 3, 1]",True,player,[3],"[""DeAndre""]","{""3"": 3, ""1"": 1}",0,"[""No 'Werewolf' role in end roles""]"
Youtube / ONE#NIGHT#ULTIMATE#WEREWOLF#55##January#26th#2019 / Game3,ONE#NIGHT#ULTIMATE#WEREWOLF#55##January#26th#2019_Game3,Youtube,ONE#NIGHT#ULTIMATE#WEREWOLF#55##January#26th#2019,Game3,data/processed/lai2023/onuw_transcripts_ready/Youtube/ONE#NIGHT#ULTIMATE#WEREWOLF#55##January#26th#2019_Game3.txt,5,140,0,0,"[""Justin"", ""Caitlynn"", ""Mitchell"", ""Brad"", ""Mike""]","[""Werewolf"", ""Werewolf"", ""Insomniac"", ""Tanner"", ""Seer""]","[""Werewolf"", ""Werewolf"", ""Insomniac"", ""Tanner"", ""Seer""]",True,2,"[0, 1]","[""Justin"", ""Caitlynn""]",player,"[2, 2, 0, 2, 0]",True,player,[2],"[""Mitchell""]","{""2"": 3, ""0"": 2}",0,[]
Youtube / ONE#NIGHT#ULTIMATE#WEREWOLF#6##November#6th#2016 / Game1,ONE#NIGHT#ULTIMATE#WEREWOLF#6##November#6th#2016_Game1,Youtube,ONE#NIGHT#ULTIMATE#WEREWOLF#6##November#6th#2016,Game1,data/processed/lai2023/onuw_transcripts_ready/Youtube/ONE#NIGHT#ULTIMATE#WEREWOLF#6##November#6th#2016_Game1.txt,4,79,0,0,"[""Caitlynn"", ""Mitchell"", ""Alana"", ""Mike""]","[""Werewolf"", ""Robber"", ""Troublemaker"", ""Werewolf""]","[""Robber"", ""Werewolf"", ""Troublemaker"", ""Werewolf""]",True,2,"[1, 3]","[""Mitchell"", ""Mike""]",player,"[3, 0, 0, 0]",True,player,[0],"[""Caitlynn""]","{""3"": 1, ""0"": 3}",0,[]
Youtube / ONE#NIGHT#ULTIMATE#WEREWOLF#6##November#6th#2016 / Game2,ONE#NIGHT#ULTIMATE#WEREWOLF#6##November#6th#2016_Game2,Youtube,ONE#NIGHT#ULTIMATE#WEREWOLF#6##November#6th#2016,Game2,data/processed/lai2023/onuw_transcripts_ready/Youtube/ONE#NIGHT#ULTIMATE#WEREWOLF#6##November#6th#2016_Game2.txt,4,114,0,0,"[""Caitlynn"", ""Mitchell"", ""Alana"", ""Mike""]","[""Seer"", ""Werewolf"", ""Robber"", ""Troublemaker""]","[""Werewolf"", ""Robber"", ""Seer"", ""Troublemaker""]",True,1,[0],"[""Caitlynn""]",player,"[0, 0, 0, 0]",True,player,[0],"[""Caitlynn""]","{""0"": 4}",0,[]
Youtube / ONE#NIGHT#ULTIMATE#WEREWOLF#62##March#23rd#2019 / Game1,ONE#NIGHT#ULTIMATE#WEREWOLF#62##March#23rd#2019_Game1,Youtube,ONE#NIGHT#ULTIMATE#WEREWOLF#62##March#23rd#2019,Game1,data/processed/lai2023/onuw_transcripts_ready/Youtube/ONE#NIGHT#ULTIMATE#WEREWOLF#62##March#23rd#2019_Game1.txt,4,202,0,0,"[""Justin"", ""James"", ""Paul"", ""Mitchell""]","[""Tanner"", ""Seer"", ""Werewolf"", ""Troublemaker""]","[""Werewolf"", ""Seer"", ""Tanner"", ""Troublemaker""]",True,1,[0],"[""Justin""]",player,"[1, 2, 1, 0]",True,player,[1],"[""James""]","{""1"": 2, ""2"": 1, ""0"": 1}",0,[]
Youtube / ONE#NIGHT#ULTIMATE#WEREWOLF#62##March#23rd#2019 / Game2,ONE#NIGHT#ULTIMATE#WEREWOLF#62##March#23rd#2019_Game2,Youtube,ONE#NIGHT#ULTIMATE#WEREWOLF#62##March#23rd#2019,Game2,data/processed/lai2023/onuw_transcripts_ready/Youtube/ONE#NIGHT#ULTIMATE#WEREWOLF#62##March#23rd#2019_Game2.txt,4,80,0,0,"[""Justin"", ""James"", ""Paul"", ""Mitchell""]","[""Tanner"", ""Troublemaker"", ""Werewolf"", ""Seer""]","[""Seer"", ""Troublemaker"", ""Werewolf"", ""Tanner""]",True,1,[2],"[""Paul""]",player,"[2, 2, 0, 2]",True,player,[2],"[""Paul""]","{""2"": 3, ""0"": 1}",0,[]
Youtube / ONE#NIGHT#ULTIMATE#WEREWOLF#63##March#23rd#2019 / Game1,ONE#NIGHT#ULTIMATE#WEREWOLF#63##March#23rd#2019_Game1,Youtube,ONE#NIGHT#ULTIMATE#WEREWOLF#63##March#23rd#2019,Game1,data/processed/lai2023/onuw_transcripts_ready/Youtube/ONE#NIGHT#ULTIMATE#WEREWOLF#63##March#23rd#2019_Game1.txt,4,162,0,0,"[""Justin"", ""James"", ""Paul"", ""Mitchell""]","[""Tanner"", ""Werewolf"", ""Werewolf"", ""Robber""]","[""Tanner"", ""Werewolf"", ""Robber"", ""Werewolf""]",True,2,"[1, 3]","[""James"", ""Mitchell""]",player,"[1, 3, 1, 1]",True,player,[1],"[""James""]","{""1"": 3, ""3"": 1}",0,[]
Youtube / ONE#NIGHT#ULTIMATE#WEREWOLF#64##March#23rd#2019 / Game3,ONE#NIGHT#ULTIMATE#WEREWOLF#64##March#23rd#2019_Game3,Youtube,ONE#NIGHT#ULTIMATE#WEREWOLF#64##March#23rd#2019,Game3,data/processed/lai2023/onuw_transcripts_ready/Youtube/ONE#NIGHT#ULTIMATE#WEREWOLF#64##March#23rd#2019_Game3.txt,4,153,0,0,"[""Justin"", ""James"", ""Paul"", ""Mitchell""]","[""Tanner"", ""Robber"", ""Troublemaker"", ""Werewolf""]","[""Robber"", ""Werewolf"", ""Troublemaker"", ""Tanner""]",True,1,[1],"[""James""]",player,"[2, 2, 3, 0]",True,player,[2],"[""Paul""]","{""2"": 2, ""3"": 1, ""0"": 1}",0,[]
Youtube / ONE#NIGHT#ULTIMATE#WEREWOLF#64##March#23rd#2019 / Game4,ONE#NIGHT#ULTIMATE#WEREWOLF#64##March#23rd#2019_Game4,Youtube,ONE#NIGHT#ULTIMATE#WEREWOLF#64##March#23rd#2019,Game4,data/processed/lai2023/onuw_transcripts_ready/Youtube/ONE#NIGHT#ULTIMATE#WEREWOLF#64##March#23rd#2019_Game4.txt,4,96,0,0,"[""Justin"", ""James"", ""Paul"", ""Mitchell""]","[""Werewolf"", ""Seer"", ""Werewolf"", ""Robber""]","[""Werewolf"", ""Robber"", ""Werewolf"", ""Seer""]",True,2,"[0, 2]","[""Justin"", ""Paul""]",player,"[1, 2, 1, 2]",True,player,"[1, 2]","[""James"", ""Paul""]","{""1"": 2, ""2"": 2}",0,[]
Youtube / ONE#NIGHT#ULTIMATE#WEREWOLF#64##March#23rd#2019 / Game5,ONE#NIGHT#ULTIMATE#WEREWOLF#64##March#23rd#2019_Game5,Youtube,ONE#NIGHT#ULTIMATE#WEREWOLF#64##March#23rd#2019,Game5,data/processed/lai2023/onuw_transcripts_ready/Youtube/ONE#NIGHT#ULTIMATE#WEREWOLF#64##March#23rd#2019_Game5.txt,4,132,0,0,"[""Justin"", ""James"", ""Paul"", ""Mitchell""]","[""Seer"", ""Werewolf"", ""Robber"", ""Troublemaker""]","[""Werewolf"", ""Robber"", ""Seer"", ""Troublemaker""]",True,1,[0],"[""Justin""]",player,"[3, 0, 0, 0]",True,player,[0],"[""Justin""]","{""3"": 1, ""0"": 3}",0,[]
Youtube / ONE#NIGHT#ULTIMATE#WEREWOLF#7##November#6th#2016 / Game1,ONE#NIGHT#ULTIMATE#WEREWOLF#7##November#6th#2016_Game1,Youtube,ONE#NIGHT#ULTIMATE#WEREWOLF#7##November#6th#2016,Game1,data/processed/lai2023/onuw_transcripts_ready/Youtube/ONE#NIGHT#ULTIMATE#WEREWOLF#7##November#6th#2016_Game1.txt,4,100,0,0,"[""Caitlynn"", ""Mitchell"", ""Alana"", ""Mike""]","[""Werewolf"", ""Troublemaker"", ""Robber"", ""Drunk""]","[""Troublemaker"", ""Robber"", ""Werewolf"", ""Villager""]",True,1,[2],"[""Alana""]",player,"[2, 2, ""N/A"", 2]",True,player,[2],"[""Alana""]","{""2"": 3}",1,[]
Youtube / ONE#NIGHT#ULTIMATE#WEREWOLF#7##November#6th#2016 / Game2,ONE#NIGHT#ULTIMATE#WEREWOLF#7##November#6th#2016_Game2,Youtube,ONE#NIGHT#ULTIMATE#WEREWOLF#7##November#6th#2016,Game2,data/processed/lai2023/onuw_transcripts_ready/Youtube/ONE#NIGHT#ULTIMATE#WEREWOLF#7##November#6th#2016_Game2.txt,4,148,0,0,"[""Caitlynn"", ""Mitchell"", ""Alana"", ""Mike""]","[""Tanner"", ""Robber"", ""Werewolf"", ""Seer""]","[""Tanner"", ""Seer"", ""Werewolf"", ""Robber""]",True,1,[2],"[""Alana""]",player,"[2, 0, 0, 0]",True,player,[0],"[""Caitlynn""]","{""2"": 1, ""0"": 3}",0,[]
Youtube / ONE#NIGHT#ULTIMATE#WEREWOLF#7##November#6th#2016 / Game3,ONE#NIGHT#ULTIMATE#WEREWOLF#7##November#6th#2016_Game3,Youtube,ONE#NIGHT#ULTIMATE#WEREWOLF#7##November#6th#2016,Game3,data/processed/lai2023/onuw_transcripts_ready/Youtube/ONE#NIGHT#ULTIMATE#WEREWOLF#7##November#6th#2016_Game3.txt,4,174,0,0,"[""Caitlynn"", ""Mitchell"", ""Alana"", ""Mike""]","[""Werewolf"", ""Werewolf"", ""Drunk"", ""Tanner""]","[""Werewolf"", ""Werewolf"", ""Troublemaker"", ""Tanner""]",True,2,"[0, 1]","[""Caitlynn"", ""Mitchell""]",player,"[2, 2, 1, 1]",True,player,"[2, 1]","[""Alana"", ""Mitchell""]","{""2"": 2, ""1"": 2}",0,[]
Youtube / ONE#NIGHT#ULTIMATE#WEREWOLF#7##November#6th#2016 / Game4,ONE#NIGHT#ULTIMATE#WEREWOLF#7##November#6th#2016_Game4,Youtube,ONE#NIGHT#ULTIMATE#WEREWOLF#7##November#6th#2016,Game4,data/processed/lai2023/onuw_transcripts_ready/Youtube/ONE#NIGHT#ULTIMATE#WEREWOLF#7##November#6th#2016_Game4.txt,4,111,0,0,"[""Caitlynn"", ""Mitchell"", ""Alana"", ""Mike""]","[""Werewolf"", ""Werewolf"", ""Drunk"", ""Tanner""]","[""Werewolf"", ""Werewolf"", ""Troublemaker"", ""Tanner""]",True,2,"[0, 1]","[""Caitlynn"", ""Mitchell""]",player,"[2, 0, 0, 1]",True,player,[0],"[""Caitlynn""]","{""2"": 1, ""0"": 2, ""1"": 1}",0,[]
Youtube / ONE#NIGHT#ULTIMATE#WEREWOLF#8##November#6th#2016 / Game1,ONE#NIGHT#ULTIMATE#WEREWOLF#8##November#6th#2016_Game1,Youtube,ONE#NIGHT#ULTIMATE#WEREWOLF#8##November#6th#2016,Game1,data/processed/lai2023/onuw_transcripts_ready/Youtube/ONE#NIGHT#ULTIMATE#WEREWOLF#8##November#6th#2016_Game1.txt,5,162,0,0,"[""Matt"", ""Caitlynn"", ""Mitchell"", ""Alana"", ""Mike""]","[""Robber"", ""Werewolf"", ""Tanner"", ""Insomniac"", ""Troublemaker""]","[""Robber"", ""Werewolf"", ""Tanner"", ""Insomniac"", ""Troublemaker""]",True,1,[1],"[""Caitlynn""]",player,"[1, 2, 3, 4, 0]",True,circle,[],[],"{""1"": 1, ""2"": 1, ""3"": 1, ""4"": 1, ""0"": 1}",0,[]
Youtube / ONE#NIGHT#ULTIMATE#WEREWOLF#8##November#6th#2016 / Game4,ONE#NIGHT#ULTIMATE#WEREWOLF#8##November#6th#2016_Game4,Youtube,ONE#NIGHT#ULTIMATE#WEREWOLF#8##November#6th#2016,Game4,data/processed/lai2023/onuw_transcripts_ready/Youtube/ONE#NIGHT#ULTIMATE#WEREWOLF#8##November#6th#2016_Game4.txt,5,52,0,0,"[""Matt"", ""Caitlynn"", ""Mitchell"", ""Alana"", ""Mike""]","[""Insomniac"", ""Seer"", ""Werewolf"", ""Tanner"", ""Troublemaker""]","[""Tanner"", ""Seer"", ""Werewolf"", ""Insomniac"", ""Troublemaker""]",True,1,[2],"[""Mitchell""]",player,"[2, 2, 3, 2, 2]",True,player,[2],"[""Mitchell""]","{""2"": 4, ""3"": 1}",0,[]
Youtube / ONE#NIGHT#ULTIMATE#WEREWOLF#83##October#15th#2019 / Game2,ONE#NIGHT#ULTIMATE#WEREWOLF#83##October#15th#2019_Game2,Youtube,ONE#NIGHT#ULTIMATE#WEREWOLF#83##October#15th#2019,Game2,data/processed/lai2023/onuw_transcripts_ready/Youtube/ONE#NIGHT#ULTIMATE#WEREWOLF#83##October#15th#2019_Game2.txt,4,147,0,0,"[""Justin"", ""Meghan"", ""Caitlynn"", ""Mike""]","[""Werewolf"", ""Troublemaker"", ""Robber"", ""Tanner""]","[""Werewolf"", ""Troublemaker"", ""Robber"", ""Tanner""]",True,1,[0],"[""Justin""]",player,"[2, 2, 0, 2]",True,player,[2],"[""Caitlynn""]","{""2"": 3, ""0"": 1}",0,[]
Youtube / ONE#NIGHT#ULTIMATE#WEREWOLF#83##October#15th#2019 / Game3,ONE#NIGHT#ULTIMATE#WEREWOLF#83##October#15th#2019_Game3,Youtube,ONE#NIGHT#ULTIMATE#WEREWOLF#83##October#15th#2019,Game3,data/processed/lai2023/onuw_transcripts_ready/Youtube/ONE#NIGHT#ULTIMATE#WEREWOLF#83##October#15th#2019_Game3.txt,4,111,0,0,"[""Justin"", ""Meghan"", ""Caitlynn"", ""Mike""]","[""Robber"", ""Tanner"", ""Werewolf"", ""Troublemaker""]","[""Troublemaker"", ""Werewolf"", ""Tanner"", ""Robber""]",True,1,[1],"[""Meghan""]",player,"[1, 0, 1, 1]",True,player,[1],"[""Meghan""]","{""1"": 3, ""0"": 1}",0,[]
Youtube / ONE#NIGHT#ULTIMATE#WEREWOLF#86##November#9th#2019 / Game1,ONE#NIGHT#ULTIMATE#WEREWOLF#86##November#9th#2019_Game1,Youtube,ONE#NIGHT#ULTIMATE#WEREWOLF#86##November#9th#2019,Game1,data/processed/lai2023/onuw_transcripts_ready/Youtube/ONE#NIGHT#ULTIMATE#WEREWOLF#86##November#9th#2019_Game1.txt,4,158,0,0,"[""Justin"", ""Mitchell"", ""Paul"", ""Mike""]","[""Troublemaker"", ""Werewolf"", ""Robber"", ""Werewolf""]","[""Robber"", ""Werewolf"", ""Werewolf"", ""Troublemaker""]",True,2,"[1, 2]","[""Mitchell"", ""Paul""]",player,"[2, 0, 3, 2]",True,player,[2],"[""Paul""]","{""2"": 2, ""0"": 1, ""3"": 1}",0,[]
Youtube / ONE#NIGHT#ULTIMATE#WEREWOLF#86##November#9th#2019 / Game3,ONE#NIGHT#ULTIMATE#WEREWOLF#86##November#9th#2019_Game3,Youtube,ONE#NIGHT#ULTIMATE#WEREWOLF#86##November#9th#2019,Game3,data/processed/lai2023/onuw_transcripts_ready/Youtube/ONE#NIGHT#ULTIMATE#WEREWOLF#86##November#9th#2019_Game3.txt,4,113,0,0,"[""Justin"", ""Mitchell"", ""Paul"", ""Mike""]","[""Troublemaker"", ""Werewolf"", ""Werewolf"", ""Robber""]","[""Troublemaker"", ""Robber"", ""Werewolf"", ""Werewolf""]",True,2,"[2, 3]","[""Paul"", ""Mike""]",player,"[2, 0, 0, 2]",True,player,"[2, 0]","[""Paul"", ""Justin""]","{""2"": 2, ""0"": 2}",0,[]
Youtube / ONE#NIGHT#ULTIMATE#WEREWOLF#86##November#9th#2019 / Game4,ONE#NIGHT#ULTIMATE#WEREWOLF#86##November#9th#2019_Game4,Youtube,ONE#NIGHT#ULTIMATE#WEREWOLF#86##November#9th#2019,Game4,data/processed/lai2023/onuw_transcripts_ready/Youtube/ONE#NIGHT#ULTIMATE#WEREWOLF#86##November#9th#2019_Game4.txt,4,141,0,0,"[""Justin"", ""Mitchell"", ""Paul"", ""Mike""]","[""Troublemaker"", ""Werewolf"", ""Seer"", ""Tanner""]","[""Troublemaker"", ""Tanner"", ""Seer"", ""Werewolf""]",True,1,[3],"[""Mike""]",player,"[3, 3, 3, 1]",True,player,[3],"[""Mike""]","{""3"": 3, ""1"": 1}",0,[]
Youtube / ONE#NIGHT#ULTIMATE#WEREWOLF#87##November#9th#2019 / Game1,ONE#NIGHT#ULTIMATE#WEREWOLF#87##November#9th#2019_Game1,Youtube,ONE#NIGHT#ULTIMATE#WEREWOLF#87##November#9th#2019,Game1,data/processed/lai2023/onuw_transcripts_ready/Youtube/ONE#NIGHT#ULTIMATE#WEREWOLF#87##November#9th#2019_Game1.txt,4,158,0,0,"[""Justin"", ""Mitchell"", ""Paul"", ""Mike""]","[""Robber"", ""Werewolf"", ""Werewolf"", ""Troublemaker""]","[""Werewolf"", ""Robber"", ""Werewolf"", ""Troublemaker""]",True,2,"[0, 2]","[""Justin"", ""Paul""]",player,"[1, 0, 3, 1]",True,player,[1],"[""Mitchell""]","{""1"": 2, ""0"": 1, ""3"": 1}",0,[]
Youtube / ONE#NIGHT#ULTIMATE#WEREWOLF#87##November#9th#2019 / Game2,ONE#NIGHT#ULTIMATE#WEREWOLF#87##November#9th#2019_Game2,Youtube,ONE#NIGHT#ULTIMATE#WEREWOLF#87##November#9th#2019,Game2,data/processed/lai2023/onuw_transcripts_ready/Youtube/ONE#NIGHT#ULTIMATE#WEREWOLF#87##November#9th#2019_Game2.txt,4,154,0,0,"[""Justin"", ""Mitchell"", ""Paul"", ""Mike""]","[""Troublemaker"", ""Robber"", ""Werewolf"", ""Tanner""]","[""Robber"", ""Troublemaker"", ""Werewolf"", ""Tanner""]",True,1,[2],"[""Paul""]",player,"[2, 2, 1, 2]",True,player,[2],"[""Paul""]","{""2"": 3, ""1"": 1}",0,[]
Youtube / ONE#NIGHT#ULTIMATE#WEREWOLF#89##November#30th#2019 / Game2,ONE#NIGHT#ULTIMATE#WEREWOLF#89##November#30th#2019_Game2,Youtube,ONE#NIGHT#ULTIMATE#WEREWOLF#89##November#30th#2019,Game2,data/processed/lai2023/onuw_transcripts_ready/Youtube/ONE#NIGHT#ULTIMATE#WEREWOLF#89##November#30th#2019_Game2.txt,4,143,0,1,"[""Justin"", ""Mitchell"", ""Paul"", ""James""]","[""Werewolf"", ""Werewolf"", ""Robber"", ""Troublemaker""]","[""Werewolf"", ""Werewolf"", ""Robber"", ""Troublemaker""]",True,2,"[0, 1]","[""Justin"", ""Mitchell""]",player,"[2, 0, 0, 0]",True,player,[0],"[""Justin""]","{""2"": 1, ""0"": 3}",0,[]
Youtube / ONE#NIGHT#ULTIMATE#WEREWOLF#89##November#30th#2019 / Game3,ONE#NIGHT#ULTIMATE#WEREWOLF#89##November#30th#2019_Game3,Youtube,ONE#NIGHT#ULTIMATE#WEREWOLF#89##November#30th#2019,Game3,data/processed/lai2023/onuw_transcripts_ready/Youtube/ONE#NIGHT#ULTIMATE#WEREWOLF#89##November#30th#2019_Game3.txt,4,85,0,0,"[""Justin"", ""Mitchell"", ""Paul"", ""James""]","[""Werewolf"", ""Robber"", ""Werewolf"", ""Troublemaker""]","[""Robber"", ""Werewolf"", ""Werewolf"", ""Troublemaker""]",True,2,"[1, 2]","[""Mitchell"", ""Paul""]",player,"[3, 3, 3, 1]",True,player,[3],"[""James""]","{""3"": 3, ""1"": 1}",0,[]
Youtube / ONE#NIGHT#ULTIMATE#WEREWOLF#9##November#6th#2016 / Game1,ONE#NIGHT#ULTIMATE#WEREWOLF#9##November#6th#2016_Game1,Youtube,ONE#NIGHT#ULTIMATE#WEREWOLF#9##November#6th#2016,Game1,data/processed/lai2023/onuw_transcripts_ready/Youtube/ONE#NIGHT#ULTIMATE#WEREWOLF#9##November#6th#2016_Game1.txt,4,54,0,0,"[""Caitlynn"", ""Mitchell"", ""Alana"", ""Mike""]","[""Tanner"", ""Seer"", ""Werewolf"", ""Insomniac""]","[""Tanner"", ""Seer"", ""Werewolf"", ""Insomniac""]",True,1,[2],"[""Alana""]",player,"[1, 0, 1, 0]",True,player,"[1, 0]","[""Mitchell"", ""Caitlynn""]","{""1"": 2, ""0"": 2}",0,[]
Youtube / ONE#NIGHT#ULTIMATE#WEREWOLF#9##November#6th#2016 / Game2,ONE#NIGHT#ULTIMATE#WEREWOLF#9##November#6th#2016_Game2,Youtube,ONE#NIGHT#ULTIMATE#WEREWOLF#9##November#6th#2016,Game2,data/processed/lai2023/onuw_transcripts_ready/Youtube/ONE#NIGHT#ULTIMATE#WEREWOLF#9##November#6th#2016_Game2.txt,4,99,0,0,"[""Caitlynn"", ""Mitchell"", ""Alana"", ""Mike""]","[""Seer"", ""Robber"", ""Werewolf"", ""Troublemaker""]","[""Seer"", ""Troublemaker"", ""Werewolf"", ""Robber""]",True,1,[2],"[""Alana""]",player,"[2, 2, 2, 2]",True,player,[2],"[""Alana""]","{""2"": 4}",0,[]
Youtube / ONE#NIGHT#ULTIMATE#WEREWOLF#9##November#6th#2016 / Game3,ONE#NIGHT#ULTIMATE#WEREWOLF#9##November#6th#2016_Game3,Youtube,ONE#NIGHT#ULTIMATE#WEREWOLF#9##November#6th#2016,Game3,data/processed/lai2023/onuw_transcripts_ready/Youtube/ONE#NIGHT#ULTIMATE#WEREWOLF#9##November#6th#2016_Game3.txt,4,107,0,0,"[""Caitlynn"", ""Mitchell"", ""Alana"", ""Mike""]","[""Werewolf"", ""Robber"", ""Insomniac"", ""Werewolf""]","[""Werewolf"", ""Insomniac"", ""Robber"", ""Werewolf""]",True,2,"[0, 3]","[""Caitlynn"", ""Mike""]",player,"[1, 0, 3, 0]",True,player,[0],"[""Caitlynn""]","{""1"": 1, ""0"": 2, ""3"": 1}",0,[]
Youtube / ONE#NIGHT#ULTIMATE#WEREWOLF#9##November#6th#2016 / Game4,ONE#NIGHT#ULTIMATE#WEREWOLF#9##November#6th#2016_Game4,Youtube,ONE#NIGHT#ULTIMATE#WEREWOLF#9##November#6th#2016,Game4,data/processed/lai2023/onuw_transcripts_ready/Youtube/ONE#NIGHT#ULTIMATE#WEREWOLF#9##November#6th#2016_Game4.txt,4,181,0,9,"[""Caitlynn"", ""Mitchell"", ""Alana"", ""Mike""]","[""Insomniac"", ""Troublemaker"", ""Seer"", ""Werewolf""]","[""Insomniac"", ""Troublemaker"", ""Werewolf"", ""Seer""]",True,1,[2],"[""Alana""]",player,"[1, 2, 3, 2]",True,player,[2],"[""Alana""]","{""1"": 1, ""2"": 2, ""3"": 1}",0,[]
Youtube / One#Night#Ultimate#Werewolf#GAME#NIGHT!! / Game2,One#Night#Ultimate#Werewolf#GAME#NIGHT!!_Game2,Youtube,One#Night#Ultimate#Werewolf#GAME#NIGHT!!,Game2,data/processed/lai2023/onuw_transcripts_ready/Youtube/One#Night#Ultimate#Werewolf#GAME#NIGHT!!_Game2.txt,5,80,0,0,"[""Eric"", ""Shane"", ""Calvin"", ""Aaron"", ""Rick""]","[""Werewolf"", ""Robber"", ""Villager"", ""Seer"", ""Villager""]","[""Robber"", ""Werewolf"", ""Villager"", ""Seer"", ""Villager""]",True,1,[1],"[""Shane""]",player,"[1, 1, 1, 1, 1]",True,player,[1],"[""Shane""]","{""1"": 5}",0,[]
Youtube / Retrovision##ONE#NIGHT#ULTIMATE#WEREWOLF##Retro#7 / Game1,Retrovision##ONE#NIGHT#ULTIMATE#WEREWOLF##Retro#7_Game1,Youtube,Retrovision##ONE#NIGHT#ULTIMATE#WEREWOLF##Retro#7,Game1,data/processed/lai2023/onuw_transcripts_ready/Youtube/Retrovision##ONE#NIGHT#ULTIMATE#WEREWOLF##Retro#7_Game1.txt,5,116,0,0,"[""Justin"", ""Eric"", ""Paul"", ""Mitchell"", ""Mike""]","[""Seer"", ""Robber"", ""Werewolf"", ""Werewolf"", ""Villager""]","[""Seer"", ""Werewolf"", ""Werewolf"", ""Robber"", ""Villager""]",True,2,"[1, 2]","[""Eric"", ""Paul""]",player,"[2, 2, 1, 1, 2]",True,player,[2],"[""Paul""]","{""2"": 3, ""1"": 2}",0,[]
Youtube / Retrovision##ONE#NIGHT#ULTIMATE#WEREWOLF##Retro#7 / Game2,Retrovision##ONE#NIGHT#ULTIMATE#WEREWOLF##Retro#7_Game2,Youtube,Retrovision##ONE#NIGHT#ULTIMATE#WEREWOLF##Retro#7,Game2,data/processed/lai2023/onuw_transcripts_ready/Youtube/Retrovision##ONE#NIGHT#ULTIMATE#WEREWOLF##Retro#7_Game2.txt,5,112,0,0,"[""Justin"", ""Eric"", ""Paul"", ""Mitchell"", ""Mike""]","[""Insomniac"", ""Seer"", ""Villager"", ""Villager"", ""Werewolf""]","[""Insomniac"", ""Seer"", ""Villager"", ""Villager"", ""Werewolf""]",True,1,[4],"[""Mike""]",player,"[4, 4, 4, 4, 1]",True,player,[4],"[""Mike""]","{""4"": 4, ""1"": 1}",0,[]
Youtube / Retrovision##ONE#NIGHT#ULTIMATE#WEREWOLF##Retro#7 / Game3,Retrovision##ONE#NIGHT#ULTIMATE#WEREWOLF##Retro#7_Game3,Youtube,Retrovision##ONE#NIGHT#ULTIMATE#WEREWOLF##Retro#7,Game3,data/processed/lai2023/onuw_transcripts_ready/Youtube/Retrovision##ONE#NIGHT#ULTIMATE#WEREWOLF##Retro#7_Game3.txt,5,135,0,0,"[""Justin"", ""Eric"", ""Paul"", ""Mitchell"", ""Mike""]","[""Seer"", ""Villager"", ""Werewolf"", ""Troublemaker"", ""Robber""]","[""Werewolf"", ""Villager"", ""Seer"", ""Troublemaker"", ""Robber""]",True,1,[0],"[""Justin""]",player,"[3, 3, 3, 0, 3]",True,player,[3],"[""Mitchell""]","{""3"": 4, ""0"": 1}",0,[]
Youtube / Retrovision##ONE#NIGHT#ULTIMATE#WEREWOLF##Retro#7 / Game4,Retrovision##ONE#NIGHT#ULTIMATE#WEREWOLF##Retro#7_Game4,Youtube,Retrovision##ONE#NIGHT#ULTIMATE#WEREWOLF##Retro#7,Game4,data/processed/lai2023/onuw_transcripts_ready/Youtube/Retrovision##ONE#NIGHT#ULTIMATE#WEREWOLF##Retro#7_Game4.txt,5,191,0,0,"[""Justin"", ""Eric"", ""Paul"", ""Mitchell"", ""Mike""]","[""Werewolf"", ""Werewolf"", ""Villager"", ""Troublemaker"", ""Tanner""]","[""Werewolf"", ""Tanner"", ""Villager"", ""Troublemaker"", ""Werewolf""]",True,2,"[0, 4]","[""Justin"", ""Mike""]",player,"[1, 4, 4, 4, 1]",True,player,[4],"[""Mike""]","{""1"": 2, ""4"": 3}",0,[]
Youtube / Retrovision##ONE#NIGHT#ULTIMATE#WEREWOLF##Retro#7 / Game5,Retrovision##ONE#NIGHT#ULTIMATE#WEREWOLF##Retro#7_Game5,Youtube,Retrovision##ONE#NIGHT#ULTIMATE#WEREWOLF##Retro#7,Game5,data/processed/lai2023/onuw_transcripts_ready/Youtube/Retrovision##ONE#NIGHT#ULTIMATE#WEREWOLF##Retro#7_Game5.txt,5,212,0,0,"[""Justin"", ""Eric"", ""Paul"", ""Mitchell"", ""Mike""]","[""Werewolf"", ""Werewolf"", ""Villager"", ""Troublemaker"", ""Tanner""]","[""Werewolf"", ""Tanner"", ""Villager"", ""Troublemaker"", ""Werewolf""]",True,2,"[0, 4]","[""Justin"", ""Mike""]",player,"[1, 3, 3, 1, 1]",True,player,[1],"[""Eric""]","{""1"": 3, ""3"": 2}",0,[]
Youtube / The#Return#of#the#King##ONE#NIGHT#ULTIMATE#WEREWOLF / Game5,The#Return#of#the#King##ONE#NIGHT#ULTIMATE#WEREWOLF_Game5,Youtube,The#Return#of#the#King##ONE#NIGHT#ULTIMATE#WEREWOLF,Game5,data/processed/lai2023/onuw_transcripts_ready/Youtube/The#Return#of#the#King##ONE#NIGHT#ULTIMATE#WEREWOLF_Game5.txt,5,193,0,0,"[""Justin"", ""Mitchell"", ""Paul"", ""James"", ""Tyler""]","[""Seer"", ""Werewolf"", ""Troublemaker"", ""Tanner"", ""Werewolf""]","[""Tanner"", ""Werewolf"", ""Troublemaker"", ""Seer"", ""Werewolf""]",True,2,"[1, 4]","[""Mitchell"", ""Tyler""]",player,"[1, 0, 1, 1, 2]",True,player,[1],"[""Mitchell""]","{""1"": 3, ""0"": 1, ""2"": 1}",0,[]
Youtube / The#Return#of#the#King##ONE#NIGHT#ULTIMATE#WEREWOLF / Game6,The#Return#of#the#King##ONE#NIGHT#ULTIMATE#WEREWOLF_Game6,Youtube,The#Return#of#the#King##ONE#NIGHT#ULTIMATE#WEREWOLF,Game6,data/processed/lai2023/onuw_transcripts_ready/Youtube/The#Return#of#the#King##ONE#NIGHT#ULTIMATE#WEREWOLF_Game6.txt,5,132,0,0,"[""Justin"", ""Mitchell"", ""Paul"", ""James"", ""Tyler""]","[""Tanner"", ""Seer"", ""Werewolf"", ""Werewolf"", ""Robber""]","[""Tanner"", ""Robber"", ""Werewolf"", ""Werewolf"", ""Seer""]",True,2,"[2, 3]","[""Paul"", ""James""]",player,"[1, 2, 1, 1, 2]",True,player,[1],"[""Mitchell""]","{""1"": 3, ""2"": 2}",0,[]
Youtube / The#Return#of#the#King##ONE#NIGHT#ULTIMATE#WEREWOLF / Game7,The#Return#of#the#King##ONE#NIGHT#ULTIMATE#WEREWOLF_Game7,Youtube,The#Return#of#the#King##ONE#NIGHT#ULTIMATE#WEREWOLF,Game7,data/processed/lai2023/onuw_transcripts_ready/Youtube/The#Return#of#the#King##ONE#NIGHT#ULTIMATE#WEREWOLF_Game7.txt,5,156,0,0,"[""Justin"", ""Mitchell"", ""Paul"", ""James"", ""Tyler""]","[""Troublemaker"", ""Minion"", ""Tanner"", ""Robber"", ""Werewolf""]","[""Robber"", ""Minion"", ""Werewolf"", ""Troublemaker"", ""Tanner""]",True,1,[2],"[""Paul""]",player,"[2, 0, 4, 2, 0]",True,player,"[2, 0]","[""Paul"", ""Justin""]","{""2"": 2, ""0"": 2, ""4"": 1}",0,[]
Youtube / Visions#from#2016##ONE#NIGHT#ULTIMATE#WEREWOLF##Retro#11 / Game1,Visions#from#2016##ONE#NIGHT#ULTIMATE#WEREWOLF##Retro#11_Game1,Youtube,Visions#from#2016##ONE#NIGHT#ULTIMATE#WEREWOLF##Retro#11,Game1,data/processed/lai2023/onuw_transcripts_ready/Youtube/Visions#from#2016##ONE#NIGHT#ULTIMATE#WEREWOLF##Retro#11_Game1.txt,5,162,0,0,"[""Justin"", ""Laura"", ""Paul"", ""James"", ""Mitchell""]","[""Werewolf"", ""Robber"", ""Seer"", ""Tanner"", ""Insomniac""]","[""Werewolf"", ""Insomniac"", ""Seer"", ""Tanner"", ""Robber""]",True,1,[0],"[""Justin""]",player,"[2, 3, 3, 4, 3]",True,player,[3],"[""James""]","{""2"": 1, ""3"": 3, ""4"": 1}",0,[]
Youtube / Visions#from#2016##ONE#NIGHT#ULTIMATE#WEREWOLF##Retro#11 / Game2,Visions#from#2016##ONE#NIGHT#ULTIMATE#WEREWOLF##Retro#11_Game2,Youtube,Visions#from#2016##ONE#NIGHT#ULTIMATE#WEREWOLF##Retro#11,Game2,data/processed/lai2023/onuw_transcripts_ready/Youtube/Visions#from#2016##ONE#NIGHT#ULTIMATE#WEREWOLF##Retro#11_Game2.txt,5,132,0,0,"[""Justin"", ""Laura"", ""Paul"", ""James"", ""Mitchell""]","[""Werewolf"", ""Insomniac"", ""Tanner"", ""Troublemaker"", ""Mason""]","[""Werewolf"", ""Insomniac"", ""Tanner"", ""Troublemaker"", ""Mason""]",True,1,[0],"[""Justin""]",player,"[1, 2, 0, 4, 0]",True,player,[0],"[""Justin""]","{""1"": 1, ""2"": 1, ""0"": 2, ""4"": 1}",0,[]
Youtube / Visions#from#2016##ONE#NIGHT#ULTIMATE#WEREWOLF##Retro#11 / Game3,Visions#from#2016##ONE#NIGHT#ULTIMATE#WEREWOLF##Retro#11_Game3,Youtube,Visions#from#2016##ONE#NIGHT#ULTIMATE#WEREWOLF##Retro#11,Game3,data/processed/lai2023/onuw_transcripts_ready/Youtube/Visions#from#2016##ONE#NIGHT#ULTIMATE#WEREWOLF##Retro#11_Game3.txt,5,126,0,0,"[""Justin"", ""Laura"", ""Paul"", ""James"", ""Mitchell""]","[""Tanner"", ""Werewolf"", ""Mason"", ""Werewolf"", ""Hunter""]","[""Tanner"", ""Werewolf"", ""Mason"", ""Werewolf"", ""Hunter""]",True,2,"[1, 3]","[""Laura"", ""James""]",player,"[1, 2, 1, 2, 2]",True,player,[2],"[""Paul""]","{""1"": 2, ""2"": 3}",0,[]
Youtube / Visions#from#2016##ONE#NIGHT#ULTIMATE#WEREWOLF##Retro#11 / Game4,Visions#from#2016##ONE#NIGHT#ULTIMATE#WEREWOLF##Retro#11_Game4,Youtube,Visions#from#2016##ONE#NIGHT#ULTIMATE#WEREWOLF##Retro#11,Game4,data/processed/lai2023/onuw_transcripts_ready/Youtube/Visions#from#2016##ONE#NIGHT#ULTIMATE#WEREWOLF##Retro#11_Game4.txt,5,120,0,0,"[""Justin"", ""Laura"", ""Paul"", ""James"", ""Mitchell""]","[""Troublemaker"", ""Hunter"", ""Mason"", ""Tanner"", ""Werewolf""]","[""Troublemaker"", ""Hunter"", ""Werewolf"", ""Tanner"", ""Mason""]",True,1,[2],"[""Paul""]",player,"[2, 2, 0, 2, 2]",True,player,[2],"[""Paul""]","{""2"": 4, ""0"": 1}",0,[]
Youtube / Visions#from#2016##ONE#NIGHT#ULTIMATE#WEREWOLF##Retro#11 / Game5,Visions#from#2016##ONE#NIGHT#ULTIMATE#WEREWOLF##Retro#11_Game5,Youtube,Visions#from#2016##ONE#NIGHT#ULTIMATE#WEREWOLF##Retro#11,Game5,data/processed/lai2023/onuw_transcripts_ready/Youtube/Visions#from#2016##ONE#NIGHT#ULTIMATE#WEREWOLF##Retro#11_Game5.txt,5,157,0,0,"[""Justin"", ""Laura"", ""Paul"", ""James"", ""Mitchell""]","[""Tanner"", ""Insomniac"", ""Mason"", ""Mason"", ""Werewolf""]","[""Tanner"", ""Insomniac"", ""Mason"", ""Mason"", ""Werewolf""]",True,1,[4],"[""Mitchell""]",player,"[4, 0, 0, 0, 0]",True,player,[0],"[""Justin""]","{""4"": 1, ""0"": 4}",0,[]
Youtube / Way#Way#Back##ONE#NIGHT#ULTIMATE#WEREWOLF##Retro#10 / Game1,Way#Way#Back##ONE#NIGHT#ULTIMATE#WEREWOLF##Retro#10_Game1,Youtube,Way#Way#Back##ONE#NIGHT#ULTIMATE#WEREWOLF##Retro#10,Game1,data/processed/lai2023/onuw_transcripts_ready/Youtube/Way#Way#Back##ONE#NIGHT#ULTIMATE#WEREWOLF##Retro#10_Game1.txt,5,154,0,0,"[""Justin"", ""Laura"", ""Paul"", ""James"", ""Mitchell""]","[""Werewolf"", ""Villager"", ""Troublemaker"", ""Insomniac"", ""Tanner""]","[""Villager"", ""Werewolf"", ""Troublemaker"", ""Insomniac"", ""Tanner""]",True,1,[1],"[""Laura""]",player,"[1, 2, 1, 0, 1]",True,player,[1],"[""Laura""]","{""1"": 3, ""2"": 1, ""0"": 1}",0,[]
Youtube / Way#Way#Back##ONE#NIGHT#ULTIMATE#WEREWOLF##Retro#10 / Game2,Way#Way#Back##ONE#NIGHT#ULTIMATE#WEREWOLF##Retro#10_Game2,Youtube,Way#Way#Back##ONE#NIGHT#ULTIMATE#WEREWOLF##Retro#10,Game2,data/processed/lai2023/onuw_transcripts_ready/Youtube/Way#Way#Back##ONE#NIGHT#ULTIMATE#WEREWOLF##Retro#10_Game2.txt,5,181,0,0,"[""Justin"", ""Laura"", ""Paul"", ""James"", ""Mitchell""]","[""Tanner"", ""Troublemaker"", ""Werewolf"", ""Villager"", ""Seer""]","[""Werewolf"", ""Troublemaker"", ""Tanner"", ""Villager"", ""Seer""]",True,1,[0],"[""Justin""]",player,"[1, 2, 1, 0, 1]",True,player,[1],"[""Laura""]","{""1"": 3, ""2"": 1, ""0"": 1}",0,[]
Youtube / Way#Way#Back##ONE#NIGHT#ULTIMATE#WEREWOLF##Retro#10 / Game3,Way#Way#Back##ONE#NIGHT#ULTIMATE#WEREWOLF##Retro#10_Game3,Youtube,Way#Way#Back##ONE#NIGHT#ULTIMATE#WEREWOLF##Retro#10,Game3,data/processed/lai2023/onuw_transcripts_ready/Youtube/Way#Way#Back##ONE#NIGHT#ULTIMATE#WEREWOLF##Retro#10_Game3.txt,5,147,0,0,"[""Justin"", ""Laura"", ""Paul"", ""James"", ""Mitchell""]","[""Werewolf"", ""Werewolf"", ""Troublemaker"", ""Robber"", ""Insomniac""]","[""Werewolf"", ""Werewolf"", ""Troublemaker"", ""Robber"", ""Insomniac""]",True,2,"[0, 1]","[""Justin"", ""Laura""]",player,"[1, 2, 1, 0, 1]",True,player,[1],"[""Laura""]","{""1"": 3, ""2"": 1, ""0"": 1}",0,[]
Youtube / Way#Way#Back##ONE#NIGHT#ULTIMATE#WEREWOLF##Retro#10 / Game4,Way#Way#Back##ONE#NIGHT#ULTIMATE#WEREWOLF##Retro#10_Game4,Youtube,Way#Way#Back##ONE#NIGHT#ULTIMATE#WEREWOLF##Retro#10,Game4,data/processed/lai2023/onuw_transcripts_ready/Youtube/Way#Way#Back##ONE#NIGHT#ULTIMATE#WEREWOLF##Retro#10_Game4.txt,5,164,0,0,"[""Justin"", ""Laura"", ""Paul"", ""James"", ""Mitchell""]","[""Insomniac"", ""Werewolf"", ""Hunter"", ""Tanner"", ""Troublemaker""]","[""Insomniac"", ""Werewolf"", ""Hunter"", ""Tanner"", ""Troublemaker""]",True,1,[1],"[""Laura""]",player,"[3, 3, 1, 2, 4]",True,player,[3],"[""James""]","{""3"": 2, ""1"": 1, ""2"": 1, ""4"": 1}",0,[]
Youtube / Way#Way#Back##ONE#NIGHT#ULTIMATE#WEREWOLF##Retro#10 / Game5,Way#Way#Back##ONE#NIGHT#ULTIMATE#WEREWOLF##Retro#10_Game5,Youtube,Way#Way#Back##ONE#NIGHT#ULTIMATE#WEREWOLF##Retro#10,Game5,data/processed/lai2023/onuw_transcripts_ready/Youtube/Way#Way#Back##ONE#NIGHT#ULTIMATE#WEREWOLF##Retro#10_Game5.txt,5,200,0,0,"[""Justin"", ""Laura"", ""Paul"", ""James"", ""Mitchell""]","[""Robber"", ""Werewolf"", ""Insomniac"", ""Werewolf"", ""Hunter""]","[""Insomniac"", ""Werewolf"", ""Robber"", ""Werewolf"", ""Hunter""]",True,2,"[1, 3]","[""Laura"", ""James""]",player,"[1, 4, 1, 4, 1]",True,player,[1],"[""Laura""]","{""1"": 3, ""4"": 2}",0,[]
Youtube / Ye#Olde#Times##ONE#NIGHT#ULTIMATE#WEREWOLF##Retro#8 / Game1,Ye#Olde#Times##ONE#NIGHT#ULTIMATE#WEREWOLF##Retro#8_Game1,Youtube,Ye#Olde#Times##ONE#NIGHT#ULTIMATE#WEREWOLF##Retro#8,Game1,data/processed/lai2023/onuw_transcripts_ready/Youtube/Ye#Olde#Times##ONE#NIGHT#ULTIMATE#WEREWOLF##Retro#8_Game1.txt,5,83,0,0,"[""Justin"", ""Eric"", ""Paul"", ""Mitchell"", ""Mike""]","[""Werewolf"", ""Robber"", ""Troublemaker"", ""Seer"", ""Hunter""]","[""Werewolf"", ""Seer"", ""Troublemaker"", ""Hunter"", ""Robber""]",True,1,[0],"[""Justin""]",player,"[3, 3, 3, 0, 3]",True,player,[3],"[""Mitchell""]","{""3"": 4, ""0"": 1}",0,[]
Youtube / Ye#Olde#Times##ONE#NIGHT#ULTIMATE#WEREWOLF##Retro#8 / Game2,Ye#Olde#Times##ONE#NIGHT#ULTIMATE#WEREWOLF##Retro#8_Game2,Youtube,Ye#Olde#Times##ONE#NIGHT#ULTIMATE#WEREWOLF##Retro#8,Game2,data/processed/lai2023/onuw_transcripts_ready/Youtube/Ye#Olde#Times##ONE#NIGHT#ULTIMATE#WEREWOLF##Retro#8_Game2.txt,5,181,0,0,"[""Justin"", ""Eric"", ""Paul"", ""Mitchell"", ""Mike""]","[""Hunter"", ""Insomniac"", ""Tanner"", ""Troublemaker"", ""Robber""]","[""Hunter"", ""Robber"", ""Insomniac"", ""Troublemaker"", ""Tanner""]",False,0,[],[],circle,"[1, 2, 3, 4, 3]",True,player,[3],"[""Mitchell""]","{""1"": 1, ""2"": 1, ""3"": 2, ""4"": 1}",0,"[""No 'Werewolf' role in end roles""]"
Youtube / Ye#Olde#Times##ONE#NIGHT#ULTIMATE#WEREWOLF##Retro#8 / Game3,Ye#Olde#Times##ONE#NIGHT#ULTIMATE#WEREWOLF##Retro#8_Game3,Youtube,Ye#Olde#Times##ONE#NIGHT#ULTIMATE#WEREWOLF##Retro#8,Game3,data/processed/lai2023/onuw_transcripts_ready/Youtube/Ye#Olde#Times##ONE#NIGHT#ULTIMATE#WEREWOLF##Retro#8_Game3.txt,5,133,0,0,"[""Justin"", ""Eric"", ""Paul"", ""Mitchell"", ""Mike""]","[""Insomniac"", ""Troublemaker"", ""Werewolf"", ""Hunter"", ""Seer""]","[""Hunter"", ""Troublemaker"", ""Werewolf"", ""Insomniac"", ""Seer""]",True,1,[2],"[""Paul""]",player,"[2, 2, 0, 4, 2]",True,player,[2],"[""Paul""]","{""2"": 3, ""0"": 1, ""4"": 1}",0,[]
Youtube / Ye#Olde#Times##ONE#NIGHT#ULTIMATE#WEREWOLF##Retro#8 / Game4,Ye#Olde#Times##ONE#NIGHT#ULTIMATE#WEREWOLF##Retro#8_Game4,Youtube,Ye#Olde#Times##ONE#NIGHT#ULTIMATE#WEREWOLF##Retro#8,Game4,data/processed/lai2023/onuw_transcripts_ready/Youtube/Ye#Olde#Times##ONE#NIGHT#ULTIMATE#WEREWOLF##Retro#8_Game4.txt,5,172,0,0,"[""Justin"", ""Eric"", ""Paul"", ""Mitchell"", ""Mike""]","[""Werewolf"", ""Tanner"", ""Robber"", ""Hunter"", ""Troublemaker""]","[""Werewolf"", ""Hunter"", ""Tanner"", ""Robber"", ""Troublemaker""]",True,1,[0],"[""Justin""]",player,"[1, 3, 0, 1, 1]",True,player,[1],"[""Eric""]","{""1"": 3, ""3"": 1, ""0"": 1}",0,[]
Ego4D / 0a6ef9dc-a2dc-452b-a907-d6fa2ed4cae0 / Game1,0a6ef9dc-a2dc-452b-a907-d6fa2ed4cae0_Game1,Ego4D,0a6ef9dc-a2dc-452b-a907-d6fa2ed4cae0,Game1,data/processed/lai2023/onuw_transcripts_ready/Ego4D/0a6ef9dc-a2dc-452b-a907-d6fa2ed4cae0_Game1.txt,5,153,0,0,"[""Erin"", ""Sebastian"", ""Jack"", ""Brent"", ""Hailey""]","[""Werewolf"", ""Robber"", ""Moderator"", ""Seer"", ""Troublemaker""]","[""Robber"", ""Seer"", ""Moderator"", ""Werewolf"", ""Troublemaker""]",True,1,[3],"[""Brent""]",player,"[2, 1, ""NA"", 1, 2]",True,player,"[2, 1]","[""Jack"", ""Sebastian""]","{""2"": 2, ""1"": 2}",1,"[""Jack is the moderator and so did not vote""]"
Ego4D / 0a6ef9dc-a2dc-452b-a907-d6fa2ed4cae0 / Game2,0a6ef9dc-a2dc-452b-a907-d6fa2ed4cae0_Game2,Ego4D,0a6ef9dc-a2dc-452b-a907-d6fa2ed4cae0,Game2,data/processed/lai2023/onuw_transcripts_ready/Ego4D/0a6ef9dc-a2dc-452b-a907-d6fa2ed4cae0_Game2.txt,5,188,0,0,"[""Erin"", ""Sebastian"", ""Jack"", ""Brent"", ""Hailey""]","[""Moderator"", ""Robber"", ""Werewolf"", ""Villager"", ""Villager""]","[""Moderator"", ""Villager"", ""Werewolf"", ""Villager"", ""Robber""]",True,1,[2],"[""Jack""]",player,"[""NA"", ""NA"", ""NA"", ""NA"", ""NA""]",False,,[],[],{},5,"[""Erin is the moderator. No one voted anyone""]"
Ego4D / 0c2659db-7bd4-4b37-9b08-4e247befe382 / Game4,0c2659db-7bd4-4b37-9b08-4e247befe382_Game4,Ego4D,0c2659db-7bd4-4b37-9b08-4e247befe382,Game4,data/processed/lai2023/onuw_transcripts_ready/Ego4D/0c2659db-7bd4-4b37-9b08-4e247befe382_Game4.txt,6,284,0,0,"[""Elliot"", ""Ashley"", ""James"", ""Chris"", ""Sukeshi"", ""Sian""]","[""Robber"", ""Werewolf"", ""Insomniac"", ""Seer"", ""Werewolf"", ""Tanner""]","[""Tanner"", ""Werewolf"", ""Insomniac"", ""Seer"", ""Werewolf"", ""Robber""]",True,2,"[1, 4]","[""Ashley"", ""Sukeshi""]",player,"[0, 1, 5, 5, 1, 3]",True,player,"[1, 5]","[""Ashley"", ""Sian""]","{""0"": 1, ""1"": 2, ""5"": 2, ""3"": 1}",0,[]
Ego4D / 0c2659db-7bd4-4b37-9b08-4e247befe382 / Game5,0c2659db-7bd4-4b37-9b08-4e247befe382_Game5,Ego4D,0c2659db-7bd4-4b37-9b08-4e247befe382,Game5,data/processed/lai2023/onuw_transcripts_ready/Ego4D/0c2659db-7bd4-4b37-9b08-4e247befe382_Game5.txt,6,165,0,0,"[""Elliot"", ""Ashley"", ""James"", ""Chris"", ""Sukeshi"", ""Sian""]","[""Seer"", ""Werewolf"", ""Doppelganger"", ""Werewolf"", ""Insomniac"", ""Villager""]","[""Seer"", ""Werewolf"", ""Doppelganger"", ""Werewolf"", ""Insomniac"", ""Villager""]",True,2,"[1, 3]","[""Ashley"", ""Chris""]",player,"[0, 3, 3, 4, 3, 3]",True,player,[3],"[""Chris""]","{""0"": 1, ""3"": 4, ""4"": 1}",0,"[""Doppelganger becomes Insomniac and Ashley incorrecly votes for self""]"
Ego4D / 0c2659db-7bd4-4b37-9b08-4e247befe382 / Game6,0c2659db-7bd4-4b37-9b08-4e247befe382_Game6,Ego4D,0c2659db-7bd4-4b37-9b08-4e247befe382,Game6,data/processed/lai2023/onuw_transcripts_ready/Ego4D/0c2659db-7bd4-4b37-9b08-4e247befe382_Game6.txt,6,187,0,0,"[""Elliot"", ""Ashley"", ""James"", ""Chris"", ""Sukeshi"", ""Sian""]","[""Werewolf"", ""Seer"", ""Troublemaker"", ""Hunter"", ""Robber"", ""Tanner""]","[""Werewolf"", ""Robber"", ""Troublemaker"", ""Seer"", ""Hunter"", ""Tanner""]",True,1,[0],"[""Elliot""]",player,"[2, 4, 4, 4, 4, 2]",True,player,[4],"[""Sukeshi""]","{""2"": 2, ""4"": 4}",0,[]
Ego4D / 0c2659db-7bd4-4b37-9b08-4e247befe382 / Game7,0c2659db-7bd4-4b37-9b08-4e247befe382_Game7,Ego4D,0c2659db-7bd4-4b37-9b08-4e247befe382,Game7,data/processed/lai2023/onuw_transcripts_ready/Ego4D/0c2659db-7bd4-4b37-9b08-4e247befe382_Game7.txt,6,185,0,0,"[""Elliot"", ""Ashley"", ""James"", ""Chris"", ""Sukeshi"", ""Sian""]","[""Robber"", ""Minion"", ""Doppelganger"", ""Troublemaker"", ""Tanner"", ""Seer""]","[""Tanner"", ""Doppelganger"", ""Seer"", ""Troublemaker"", ""Robber"", ""Minion""]",False,0,[],[],circle,"[1, 2, 0, 5, 1, 4]",True,player,[1],"[""Ashley""]","{""1"": 2, ""2"": 1, ""0"": 1, ""5"": 1, ""4"": 1}",0,"[""Doppelganger becomes Robber"", ""No 'Werewolf' role in end roles""]"
Ego4D / 0c2659db-7bd4-4b37-9b08-4e247befe382 / Game8,0c2659db-7bd4-4b37-9b08-4e247befe382_Game8,Ego4D,0c2659db-7bd4-4b37-9b08-4e247befe382,Game8,data/processed/lai2023/onuw_transcripts_ready/Ego4D/0c2659db-7bd4-4b37-9b08-4e247befe382_Game8.txt,6,144,0,0,"[""Elliot"", ""Ashley"", ""James"", ""Chris"", ""Sukeshi"", ""Sian""]","[""Werewolf"", ""Robber"", ""Doppelganger"", ""Hunter"", ""Minion"", ""Tanner""]","[""Werewolf"", ""Hunter"", ""Robber"", ""Doppelganger"", ""Minion"", ""Tanner""]",True,1,[0],"[""Elliot""]",player,"[1, 1, 1, 1, 1, 2]",True,player,[1],"[""Ashley""]","{""1"": 5, ""2"": 1}",0,"[""Doppelganger becomes Robber""]"
Ego4D / 0c2659db-7bd4-4b37-9b08-4e247befe382 / Game9,0c2659db-7bd4-4b37-9b08-4e247befe382_Game9,Ego4D,0c2659db-7bd4-4b37-9b08-4e247befe382,Game9,data/processed/lai2023/onuw_transcripts_ready/Ego4D/0c2659db-7bd4-4b37-9b08-4e247befe382_Game9.txt,6,198,0,0,"[""Elliot"", ""Ashley"", ""James"", ""Chris"", ""Sukeshi"", ""Sian""]","[""Villager"", ""Hunter"", ""Robber"", ""Werewolf"", ""Villager"", ""Seer""]","[""Villager"", ""Hunter"", ""Villager"", ""Werewolf"", ""Robber"", ""Seer""]",True,1,[3],"[""Chris""]",player,"[0, 0, 4, 3, 0, 4]",True,player,[0],"[""Elliot""]","{""0"": 3, ""4"": 2, ""3"": 1}",0,[]
Ego4D / 1a0d3e22-a6d6-4723-91a0-52fc2c87d5ce / Game10,1a0d3e22-a6d6-4723-91a0-52fc2c87d5ce_Game10,Ego4D,1a0d3e22-a6d6-4723-91a0-52fc2c87d5ce,Game10,data/processed/lai2023/onuw_transcripts_ready/Ego4D/1a0d3e22-a6d6-4723-91a0-52fc2c87d5ce_Game10.txt,4,203,0,0,"[""Zack"", ""Sean"", ""Hunter"", ""Jacob""]","[""Werewolf"", ""Villager"", ""Troublemaker"", ""Werewolf""]","[""Villager"", ""Werewolf"", ""Troublemaker"", ""Werewolf""]",True,2,"[1, 3]","[""Sean"", ""Jacob""]",player,"[0, 0, 1, 0]",True,player,[0],"[""Zack""]","{""0"": 3, ""1"": 1}",0,"[""Jacob incorrectly looks at center card""]"
Ego4D / 1a0d3e22-a6d6-4723-91a0-52fc2c87d5ce / Game11,1a0d3e22-a6d6-4723-91a0-52fc2c87d5ce_Game11,Ego4D,1a0d3e22-a6d6-4723-91a0-52fc2c87d5ce,Game11,data/processed/lai2023/onuw_transcripts_ready/Ego4D/1a0d3e22-a6d6-4723-91a0-52fc2c87d5ce_Game11.txt,4,155,0,0,"[""Zack"", ""Sean"", ""Hunter"", ""Jacob""]","[""Insomniac"", ""Werewolf"", ""Troublemaker"", ""Drunk""]","[""Drunk"", ""Werewolf"", ""Troublemaker"", ""Villager""]",True,1,[1],"[""Sean""]",player,"[3, 3, 0, 3]",True,player,[3],"[""Jacob""]","{""3"": 3, ""0"": 1}",0,[]
Ego4D / 1a0d3e22-a6d6-4723-91a0-52fc2c87d5ce / Game6,1a0d3e22-a6d6-4723-91a0-52fc2c87d5ce_Game6,Ego4D,1a0d3e22-a6d6-4723-91a0-52fc2c87d5ce,Game6,data/processed/lai2023/onuw_transcripts_ready/Ego4D/1a0d3e22-a6d6-4723-91a0-52fc2c87d5ce_Game6.txt,4,199,0,0,"[""Zack"", ""Sean"", ""Hunter"", ""Jacob""]","[""Robber"", ""Villager"", ""Villager"", ""Seer""]","[""Villager"", ""Robber"", ""Villager"", ""Seer""]",False,0,[],[],circle,"[3, 1, 0, 2]",True,circle,[],[],"{""3"": 1, ""1"": 1, ""0"": 1, ""2"": 1}",0,"[""No 'Werewolf' role in end roles""]"
Ego4D / 1a0d3e22-a6d6-4723-91a0-52fc2c87d5ce / Game7,1a0d3e22-a6d6-4723-91a0-52fc2c87d5ce_Game7,Ego4D,1a0d3e22-a6d6-4723-91a0-52fc2c87d5ce,Game7,data/processed/lai2023/onuw_transcripts_ready/Ego4D/1a0d3e22-a6d6-4723-91a0-52fc2c87d5ce_Game7.txt,4,49,0,0,"[""Zack"", ""Sean"", ""Hunter"", ""Jacob""]","[""Werewolf"", ""Seer"", ""Troublemaker"", ""Robber""]","[""Seer"", ""Werewolf"", ""Robber"", ""Troublemaker""]",True,1,[1],"[""Sean""]",player,"[1, 0, 1, 1]",True,player,[1],"[""Sean""]","{""1"": 3, ""0"": 1}",0,[]
Ego4D / 1a0d3e22-a6d6-4723-91a0-52fc2c87d5ce / Game8,1a0d3e22-a6d6-4723-91a0-52fc2c87d5ce_Game8,Ego4D,1a0d3e22-a6d6-4723-91a0-52fc2c87d5ce,Game8,data/processed/lai2023/onuw_transcripts_ready/Ego4D/1a0d3e22-a6d6-4723-91a0-52fc2c87d5ce_Game8.txt,4,85,0,1,"[""Zack"", ""Sean"", ""Hunter"", ""Jacob""]","[""Robber"", ""Troublemaker"", ""Werewolf"", ""Villager""]","[""Werewolf"", ""Robber"", ""Troublemaker"", ""Villager""]",True,1,[0],"[""Zack""]",player,"[3, 3, 3, 3]",True,player,[3],"[""Jacob""]","{""3"": 4}",0,[]
Ego4D / 1a0d3e22-a6d6-4723-91a0-52fc2c87d5ce / Game9,1a0d3e22-a6d6-4723-91a0-52fc2c87d5ce_Game9,Ego4D,1a0d3e22-a6d6-4723-91a0-52fc2c87d5ce,Game9,data/processed/lai2023/onuw_transcripts_ready/Ego4D/1a0d3e22-a6d6-4723-91a0-52fc2c87d5ce_Game9.txt,4,132,0,0,"[""Zack"", ""Sean"", ""Hunter"", ""Jacob""]","[""Werewolf"", ""Villager"", ""Villager"", ""Seer""]","[""Werewolf"", ""Villager"", ""Villager"", ""Seer""]",True,1,[0],"[""Zack""]",player,"[1, 0, 1, 1]",True,player,[1],"[""Sean""]","{""1"": 3, ""0"": 1}",0,[]
Ego4D / 2ba4023c-a8bf-43ad-ad5a-80ba222ce990 / Game10,2ba4023c-a8bf-43ad-ad5a-80ba222ce990_Game10,Ego4D,2ba4023c-a8bf-43ad-ad5a-80ba222ce990,Game10,data/processed/lai2023/onuw_transcripts_ready/Ego4D/2ba4023c-a8bf-43ad-ad5a-80ba222ce990_Game10.txt,4,131,0,0,"[""Tyler"", ""Margaret"", ""Erin"", ""Clint""]","[""Werewolf"", ""Tanner"", ""Werewolf"", ""Robber""]","[""Werewolf"", ""Robber"", ""Werewolf"", ""Tanner""]",True,2,"[0, 2]","[""Tyler"", ""Erin""]",player,"[2, 0, 2, 3]",True,player,[2],"[""Erin""]","{""2"": 2, ""0"": 1, ""3"": 1}",0,[]
Ego4D / 2ba4023c-a8bf-43ad-ad5a-80ba222ce990 / Game6,2ba4023c-a8bf-43ad-ad5a-80ba222ce990_Game6,Ego4D,2ba4023c-a8bf-43ad-ad5a-80ba222ce990,Game6,data/processed/lai2023/onuw_transcripts_ready/Ego4D/2ba4023c-a8bf-43ad-ad5a-80ba222ce990_Game6.txt,4,144,0,0,"[""Tyler"", ""Margaret"", ""Erin"", ""Clint""]","[""Drunk"", ""Troublemaker"", ""Robber"", ""Werewolf""]","[""Werewolf"", ""Robber"", ""Drunk"", ""Werewolf""]",True,2,"[0, 3]","[""Tyler"", ""Clint""]",player,"[2, 3, 3, 2]",True,player,"[2, 3]","[""Erin"", ""Clint""]","{""2"": 2, ""3"": 2}",0,[]
Ego4D / 2ba4023c-a8bf-43ad-ad5a-80ba222ce990 / Game7,2ba4023c-a8bf-43ad-ad5a-80ba222ce990_Game7,Ego4D,2ba4023c-a8bf-43ad-ad5a-80ba222ce990,Game7,data/processed/lai2023/onuw_transcripts_ready/Ego4D/2ba4023c-a8bf-43ad-ad5a-80ba222ce990_Game7.txt,4,128,0,0,"[""Tyler"", ""Margaret"", ""Erin"", ""Clint""]","[""Insomniac"", ""Robber"", ""Drunk"", ""Werewolf""]","[""Robber"", ""Insomniac"", ""Hunter"", ""Werewolf""]",True,1,[3],"[""Clint""]",player,"[1, 2, 2, 3]",True,player,[2],"[""Erin""]","{""1"": 1, ""2"": 2, ""3"": 1}",0,[]
Ego4D / 2ba4023c-a8bf-43ad-ad5a-80ba222ce990 / Game8,2ba4023c-a8bf-43ad-ad5a-80ba222ce990_Game8,Ego4D,2ba4023c-a8bf-43ad-ad5a-80ba222ce990,Game8,data/processed/lai2023/onuw_transcripts_ready/Ego4D/2ba4023c-a8bf-43ad-ad5a-80ba222ce990_Game8.txt,4,126,0,0,"[""Tyler"", ""Margaret"", ""Erin"", ""Clint""]","[""Werewolf"", ""Hunter"", ""Drunk"", ""Werewolf""]","[""Werewolf"", ""Hunter"", ""Troublemaker"", ""Werewolf""]",True,2,"[0, 3]","[""Tyler"", ""Clint""]",player,"[3, 2, 0, 3]",True,player,[3],"[""Clint""]","{""3"": 2, ""2"": 1, ""0"": 1}",0,[]
Ego4D / 2ba4023c-a8bf-43ad-ad5a-80ba222ce990 / Game9,2ba4023c-a8bf-43ad-ad5a-80ba222ce990_Game9,Ego4D,2ba4023c-a8bf-43ad-ad5a-80ba222ce990,Game9,data/processed/lai2023/onuw_transcripts_ready/Ego4D/2ba4023c-a8bf-43ad-ad5a-80ba222ce990_Game9.txt,4,138,0,0,"[""Tyler"", ""Margaret"", ""Erin"", ""Clint""]","[""Werewolf"", ""Robber"", ""Insomniac"", ""Hunter""]","[""Werewolf"", ""Hunter"", ""Insomniac"", ""Robber""]",True,1,[0],"[""Tyler""]",player,"[2, 0, 0, 3]",True,player,[0],"[""Tyler""]","{""2"": 1, ""0"": 2, ""3"": 1}",0,[]
Ego4D / 324bccd2-adff-4e9a-8ff4-03491e144ac3 / Game1,324bccd2-adff-4e9a-8ff4-03491e144ac3_Game1,Ego4D,324bccd2-adff-4e9a-8ff4-03491e144ac3,Game1,data/processed/lai2023/onuw_transcripts_ready/Ego4D/324bccd2-adff-4e9a-8ff4-03491e144ac3_Game1.txt,4,235,0,0,"[""Zack"", ""Sean"", ""Hunter"", ""Jacob""]","[""Troublemaker"", ""Werewolf"", ""Villager"", ""Villager""]","[""Troublemaker"", ""Villager"", ""Werewolf"", ""Villager""]",True,1,[2],"[""Hunter""]",player,"[3, 1, 0, 2]",True,circle,[],[],"{""3"": 1, ""1"": 1, ""0"": 1, ""2"": 1}",0,"[""Hunter incorrectly checks own card at end of night phase""]"
Ego4D / 324bccd2-adff-4e9a-8ff4-03491e144ac3 / Game2,324bccd2-adff-4e9a-8ff4-03491e144ac3_Game2,Ego4D,324bccd2-adff-4e9a-8ff4-03491e144ac3,Game2,data/processed/lai2023/onuw_transcripts_ready/Ego4D/324bccd2-adff-4e9a-8ff4-03491e144ac3_Game2.txt,4,85,0,0,"[""Zack"", ""Sean"", ""Hunter"", ""Jacob""]","[""Robber"", ""Seer"", ""Werewolf"", ""Troublemaker""]","[""Werewolf"", ""Robber"", ""Seer"", ""Troublemaker""]",True,1,[0],"[""Zack""]",player,"[1, 3, 1, 1]",True,player,[1],"[""Sean""]","{""1"": 3, ""3"": 1}",0,[]
Ego4D / 324bccd2-adff-4e9a-8ff4-03491e144ac3 / Game3,324bccd2-adff-4e9a-8ff4-03491e144ac3_Game3,Ego4D,324bccd2-adff-4e9a-8ff4-03491e144ac3,Game3,data/processed/lai2023/onuw_transcripts_ready/Ego4D/324bccd2-adff-4e9a-8ff4-03491e144ac3_Game3.txt,4,130,0,0,"[""Zack"", ""Sean"", ""Hunter"", ""Jacob""]","[""Seer"", ""Troublemaker"", ""Robber"", ""Werewolf""]","[""Seer"", ""Troublemaker"", ""Robber"", ""Werewolf""]",True,1,[3],"[""Jacob""]",player,"[3, 3, 0, 2]",True,player,[3],"[""Jacob""]","{""3"": 2, ""0"": 1, ""2"": 1}",0,[]
Ego4D / 324bccd2-adff-4e9a-8ff4-03491e144ac3 / Game4,324bccd2-adff-4e9a-8ff4-03491e144ac3_Game4,Ego4D,324bccd2-adff-4e9a-8ff4-03491e144ac3,Game4,data/processed/lai2023/onuw_transcripts_ready/Ego4D/324bccd2-adff-4e9a-8ff4-03491e144ac3_Game4.txt,4,207,0,0,"[""Zack"", ""Sean"", ""Hunter"", ""Jacob""]","[""Werewolf"", ""Troublemaker"", ""Robber"", ""Werewolf""]","[""Troublemaker"", ""Robber"", ""Werewolf"", ""Werewolf""]",True,2,"[2, 3]","[""Hunter"", ""Jacob""]",player,"[3, 2, 0, 2]",True,player,[2],"[""Hunter""]","{""3"": 1, ""2"": 2, ""0"": 1}",0,[]
Ego4D / 324bccd2-adff-4e9a-8ff4-03491e144ac3 / Game5,324bccd2-adff-4e9a-8ff4-03491e144ac3_Game5,Ego4D,324bccd2-adff-4e9a-8ff4-03491e144ac3,Game5,data/processed/lai2023/onuw_transcripts_ready/Ego4D/324bccd2-adff-4e9a-8ff4-03491e144ac3_Game5.txt,4,173,0,0,"[""Zack"", ""Sean"", ""Hunter"", ""Jacob""]","[""Villager"", ""Werewolf"", ""Troublemaker"", ""Werewolf""]","[""Villager"", ""Werewolf"", ""Troublemaker"", ""Werewolf""]",True,2,"[1, 3]","[""Sean"", ""Jacob""]",player,"[1, 0, 1, 3]",True,player,[1],"[""Sean""]","{""1"": 2, ""0"": 1, ""3"": 1}",0,[]
Ego4D / 3ba069be-60fa-47fc-bd7b-f85bf649a5bd / Game1,3ba069be-60fa-47fc-bd7b-f85bf649a5bd_Game1,Ego4D,3ba069be-60fa-47fc-bd7b-f85bf649a5bd,Game1,data/processed/lai2023/onuw_transcripts_ready/Ego4D/3ba069be-60fa-47fc-bd7b-f85bf649a5bd_Game1.txt,4,85,0,0,"[""Kevin"", ""Kaelan"", ""Jessica"", ""Daniel""]","[""Robber"", ""Troublemaker"", ""Werewolf"", ""Drunk""]","[""Werewolf"", ""Robber"", ""Troublemaker"", ""Center Card""]",True,1,[0],"[""Kevin""]",player,"[4, ""NA"", ""NA"", ""NA""]",True,circle,[],[],"{""4"": 1}",3,"[""Daniels new card was not shown, it was from the center. player 1, 2 and 4 voted middle""]"
Ego4D / 3ba069be-60fa-47fc-bd7b-f85bf649a5bd / Game2,3ba069be-60fa-47fc-bd7b-f85bf649a5bd_Game2,Ego4D,3ba069be-60fa-47fc-bd7b-f85bf649a5bd,Game2,data/processed/lai2023/onuw_transcripts_ready/Ego4D/3ba069be-60fa-47fc-bd7b-f85bf649a5bd_Game2.txt,4,48,0,1,"[""Kevin"", ""Kaelan"", ""Jessica"", ""Daniel""]","[""Troublemaker"", ""Robber"", ""Minion"", ""Villager""]","[""Troublemaker"", ""Minion"", ""Villager"", ""Robber""]",False,0,[],[],circle,"[""NA"", 2, ""NA"", ""NA""]",True,circle,[],[],"{""2"": 1}",3,"[""player 1, 2 and 3 voted middle"", ""No 'Werewolf' role in end roles""]"
Ego4D / 3ba069be-60fa-47fc-bd7b-f85bf649a5bd / Game3,3ba069be-60fa-47fc-bd7b-f85bf649a5bd_Game3,Ego4D,3ba069be-60fa-47fc-bd7b-f85bf649a5bd,Game3,data/processed/lai2023/onuw_transcripts_ready/Ego4D/3ba069be-60fa-47fc-bd7b-f85bf649a5bd_Game3.txt,4,43,0,0,"[""Kevin"", ""Kaelan"", ""Jessica"", ""Daniel""]","[""Minion"", ""Troublemaker"", ""Doppelganger"", ""Werewolf""]","[""Doppelganger"", ""Troublemaker"", ""Werewolf"", ""Minion""]",True,1,[2],"[""Jessica""]",player,"[""NA"", ""NA"", ""NA"", ""NA""]",False,,[],[],{},4,"[""All players voted middle""]"
Ego4D / 3ba069be-60fa-47fc-bd7b-f85bf649a5bd / Game4,3ba069be-60fa-47fc-bd7b-f85bf649a5bd_Game4,Ego4D,3ba069be-60fa-47fc-bd7b-f85bf649a5bd,Game4,data/processed/lai2023/onuw_transcripts_ready/Ego4D/3ba069be-60fa-47fc-bd7b-f85bf649a5bd_Game4.txt,4,63,0,0,"[""Kevin"", ""Kaelan"", ""Jessica"", ""Daniel""]","[""Troublemaker"", ""Seer"", ""Robber"", ""Minion""]","[""Troublemaker"", ""Minion"", ""Seer"", ""Robber""]",False,0,[],[],circle,"[""NA"", ""NA"", ""NA"", ""NA""]",False,,[],[],{},4,"[""All players voted middle"", ""No 'Werewolf' role in end roles""]"
Ego4D / 3ba069be-60fa-47fc-bd7b-f85bf649a5bd / Game5,3ba069be-60fa-47fc-bd7b-f85bf649a5bd_Game5,Ego4D,3ba069be-60fa-47fc-bd7b-f85bf649a5bd,Game5,data/processed/lai2023/onuw_transcripts_ready/Ego4D/3ba069be-60fa-47fc-bd7b-f85bf649a5bd_Game5.txt,4,66,0,0,"[""Kevin"", ""Kaelan"", ""Jessica"", ""Daniel""]","[""Troublemaker"", ""Drunk"", ""Tanner"", ""Robber""]","[""Robber"", ""Center Card"", ""Troublemaker"", ""Tanner""]",False,0,[],[],circle,"[2, 3, ""NA"", 4]",True,circle,[],[],"{""2"": 1, ""3"": 1, ""4"": 1}",1,"[""Kaelans end role not mentioned. player 2 voted middle"", ""No 'Werewolf' role in end roles""]"
Ego4D / 3ba069be-60fa-47fc-bd7b-f85bf649a5bd / Game6,3ba069be-60fa-47fc-bd7b-f85bf649a5bd_Game6,Ego4D,3ba069be-60fa-47fc-bd7b-f85bf649a5bd,Game6,data/processed/lai2023/onuw_transcripts_ready/Ego4D/3ba069be-60fa-47fc-bd7b-f85bf649a5bd_Game6.txt,4,47,0,0,"[""Kevin"", ""Kaelan"", ""Jessica"", ""Daniel""]","[""Doppelganger"", ""Robber"", ""Insomniac"", ""Drunk""]","[""Robber"", ""Center Card"", ""Insomniac"", ""Center Card""]",False,0,[],[],circle,"[""NA"", 1, ""NA"", ""NA""]",True,circle,[],[],"{""1"": 1}",3,"[""Kaelan and daniels end role not mentioned. player 1, 2 and 3 voted middle"", ""No 'Werewolf' role in end roles""]"
Ego4D / 62c4bc58-3776-4791-ac30-4c9ca5619503 / Game10,62c4bc58-3776-4791-ac30-4c9ca5619503_Game10,Ego4D,62c4bc58-3776-4791-ac30-4c9ca5619503,Game10,data/processed/lai2023/onuw_transcripts_ready/Ego4D/62c4bc58-3776-4791-ac30-4c9ca5619503_Game10.txt,4,20,0,0,"[""Kevin"", ""Kaelan"", ""Jessica"", ""Daniel""]","[""Minion"", ""Villager"", ""Villager"", ""Werewolf""]","[""Minion"", ""Villager"", ""Villager"", ""Werewolf""]",True,1,[3],"[""Daniel""]",player,"[""NA"", ""NA"", ""NA"", ""NA""]",False,,[],[],{},4,"[""All players voted middle""]"
Ego4D / 62c4bc58-3776-4791-ac30-4c9ca5619503 / Game11,62c4bc58-3776-4791-ac30-4c9ca5619503_Game11,Ego4D,62c4bc58-3776-4791-ac30-4c9ca5619503,Game11,data/processed/lai2023/onuw_transcripts_ready/Ego4D/62c4bc58-3776-4791-ac30-4c9ca5619503_Game11.txt,4,66,0,0,"[""Kevin"", ""Kaelan"", ""Jessica"", ""Daniel""]","[""Villager"", ""Villager"", ""Minion"", ""Werewolf""]","[""Villager"", ""Villager"", ""Minion"", ""Werewolf""]",True,1,[3],"[""Daniel""]",player,"[2, 1, ""NA"", ""NA""]",True,circle,[],[],"{""2"": 1, ""1"": 1}",2,"[""Player 1 and 2 voted middle""]"
Ego4D / 62c4bc58-3776-4791-ac30-4c9ca5619503 / Game12,62c4bc58-3776-4791-ac30-4c9ca5619503_Game12,Ego4D,62c4bc58-3776-4791-ac30-4c9ca5619503,Game12,data/processed/lai2023/onuw_transcripts_ready/Ego4D/62c4bc58-3776-4791-ac30-4c9ca5619503_Game12.txt,4,35,0,0,"[""Kevin"", ""Kaelan"", ""Jessica"", ""Daniel""]","[""Mason"", ""Troublemaker"", ""Minion"", ""Seer""]","[""Seer"", ""Troublemaker"", ""Minion"", ""Mason""]",False,0,[],[],circle,"[2, 2, ""NA"", 2]",True,player,[2],"[""Jessica""]","{""2"": 3}",1,"[""Player 2 did not vote"", ""No 'Werewolf' role in end roles""]"
Ego4D / 62c4bc58-3776-4791-ac30-4c9ca5619503 / Game7,62c4bc58-3776-4791-ac30-4c9ca5619503_Game7,Ego4D,62c4bc58-3776-4791-ac30-4c9ca5619503,Game7,data/processed/lai2023/onuw_transcripts_ready/Ego4D/62c4bc58-3776-4791-ac30-4c9ca5619503_Game7.txt,4,75,0,0,"[""Kevin"", ""Kaelan"", ""Jessica"", ""Daniel""]","[""Seer"", ""Drunk"", ""Werewolf"", ""Werewolf""]","[""Seer"", ""Center Card"", ""Werewolf"", ""Werewolf""]",True,2,"[2, 3]","[""Jessica"", ""Daniel""]",player,"[2, 2, ""NA"", 3]",True,player,[2],"[""Jessica""]","{""2"": 2, ""3"": 1}",1,"[""Kaelans end role not mentioned and player 2 voted middle""]"
Ego4D / 62c4bc58-3776-4791-ac30-4c9ca5619503 / Game8,62c4bc58-3776-4791-ac30-4c9ca5619503_Game8,Ego4D,62c4bc58-3776-4791-ac30-4c9ca5619503,Game8,data/processed/lai2023/onuw_transcripts_ready/Ego4D/62c4bc58-3776-4791-ac30-4c9ca5619503_Game8.txt,4,49,0,0,"[""Kevin"", ""Kaelan"", ""Jessica"", ""Daniel""]","[""Seer"", ""Robber"", ""Minion"", ""Drunk""]","[""Seer"", ""Drunk"", ""Minion"", ""Center Card""]",False,0,[],[],circle,"[""NA"", 3, ""NA"", 3]",True,player,[3],"[""Daniel""]","{""3"": 2}",2,"[""Daniels end role not mentioned, player 2 and 3 voted middle"", ""No 'Werewolf' role in end roles""]"
Ego4D / 62c4bc58-3776-4791-ac30-4c9ca5619503 / Game9,62c4bc58-3776-4791-ac30-4c9ca5619503_Game9,Ego4D,62c4bc58-3776-4791-ac30-4c9ca5619503,Game9,data/processed/lai2023/onuw_transcripts_ready/Ego4D/62c4bc58-3776-4791-ac30-4c9ca5619503_Game9.txt,4,47,0,0,"[""Kevin"", ""Kaelan"", ""Jessica"", ""Daniel""]","[""Troublemaker"", ""Doppelganger"", ""Werewolf"", ""Robber""]","[""Troublemaker"", ""Robber"", ""Werewolf"", ""Doppelganger""]",True,1,[2],"[""Jessica""]",player,"[""NA"", ""NA"", ""NA"", ""NA""]",False,,[],[],{},4,"[""All players voted middle""]"
Ego4D / 64076f60-f3fc-4ee6-93e1-3489d8ec7b12 / Game3,64076f60-f3fc-4ee6-93e1-3489d8ec7b12_Game3,Ego4D,64076f60-f3fc-4ee6-93e1-3489d8ec7b12,Game3,data/processed/lai2023/onuw_transcripts_ready/Ego4D/64076f60-f3fc-4ee6-93e1-3489d8ec7b12_Game3.txt,5,219,0,0,"[""Erin"", ""Sebastian"", ""Jack"", ""Brent"", ""Hailey""]","[""Troublemaker"", ""Moderator"", ""Werewolf"", ""Villager"", ""Robber""]","[""Troublemaker"", ""Moderator"", ""Robber"", ""Werewolf"", ""Villager""]",True,1,[3],"[""Brent""]",player,"[1, ""NA"", 1, 2, 2]",True,player,"[1, 2]","[""Sebastian"", ""Jack""]","{""1"": 2, ""2"": 2}",1,"[""Sebastian is the moderator""]"
Ego4D / 698f6bbe-4347-4a06-bd5d-3482f5e4fbbe / Game1,698f6bbe-4347-4a06-bd5d-3482f5e4fbbe_Game1,Ego4D,698f6bbe-4347-4a06-bd5d-3482f5e4fbbe,Game1,data/processed/lai2023/onuw_transcripts_ready/Ego4D/698f6bbe-4347-4a06-bd5d-3482f5e4fbbe_Game1.txt,6,239,0,19,"[""Elliot"", ""Ashley"", ""James"", ""Chris"", ""Sukeshi"", ""Sian""]","[""Robber"", ""Werewolf"", ""Werewolf"", ""Minion"", ""Troublemaker"", ""Drunk""]","[""Werewolf"", ""Werewolf"", ""Robber"", ""Drunk"", ""Troublemaker"", ""Seer""]",True,2,"[0, 1]","[""Elliot"", ""Ashley""]",player,"[1, 1, 4, 1, 1, 1]",True,player,[1],"[""Ashley""]","{""1"": 5, ""4"": 1}",0,"[""Sian incorrectly votes for self""]"
Ego4D / 698f6bbe-4347-4a06-bd5d-3482f5e4fbbe / Game2,698f6bbe-4347-4a06-bd5d-3482f5e4fbbe_Game2,Ego4D,698f6bbe-4347-4a06-bd5d-3482f5e4fbbe,Game2,data/processed/lai2023/onuw_transcripts_ready/Ego4D/698f6bbe-4347-4a06-bd5d-3482f5e4fbbe_Game2.txt,6,260,0,0,"[""Elliot"", ""Ashley"", ""James"", ""Chris"", ""Sukeshi"", ""Sian""]","[""Villager"", ""Troublemaker"", ""Robber"", ""Seer"", ""Werewolf"", ""Hunter""]","[""Seer"", ""Troublemaker"", ""Hunter"", ""Villager"", ""Werewolf"", ""Robber""]",True,1,[4],"[""Sukeshi""]",player,"[5, 5, 5, 2, 2, 2]",True,player,"[5, 2]","[""Sian"", ""James""]","{""5"": 3, ""2"": 3}",0,[]
Ego4D / 698f6bbe-4347-4a06-bd5d-3482f5e4fbbe / Game3,698f6bbe-4347-4a06-bd5d-3482f5e4fbbe_Game3,Ego4D,698f6bbe-4347-4a06-bd5d-3482f5e4fbbe,Game3,data/processed/lai2023/onuw_transcripts_ready/Ego4D/698f6bbe-4347-4a06-bd5d-3482f5e4fbbe_Game3.txt,6,120,0,0,"[""Elliot"", ""Ashley"", ""James"", ""Chris"", ""Sukeshi"", ""Sian""]","[""Hunter"", ""Troublemaker"", ""Drunk"", ""Robber"", ""Seer"", ""Villager""]","[""Robber"", ""Troublemaker"", ""Werewolf"", ""Hunter"", ""Villager"", ""Seer""]",True,1,[2],"[""James""]",player,"[2, 2, 0, 2, 2, 2]",True,player,[2],"[""James""]","{""2"": 5, ""0"": 1}",0,[]
