path,run_label,run_number,decoding,temperature,prompt_version,source,session_name,game_key,game_id,chosen_vote_raw,justification,game_name,player_names,end_roles,has_werewolf,correct_vote_type,correct_player_names,status,chosen_vote,canonical_player_vote,chosen_player_name,chosen_player_index,voted_player_end_role,is_correct,is_circle_vote
C:\Users\annab\Documents\GitHub\masters_thesis_sdg\results\voting\unsloth_gemma-4-31B-it-unsloth-bnb-4bit\prompt_v4_run_1\Ego4D\0a6ef9dc-a2dc-452b-a907-d6fa2ed4cae0_Game1.json,run_1,1,stochastic,1.0,prompt_v4_run_1,Ego4D,0a6ef9dc-a2dc-452b-a907-d6fa2ed4cae0,Game1,Ego4D / 0a6ef9dc-a2dc-452b-a907-d6fa2ed4cae0 / Game1,Erin,"Erin explicitly admitted to being the Werewolf. While Brent suspected that the Troublemaker (Hailey) might have swapped his card with Erin's, this was based on a guess ('pretty sure') rather than confirmed information. Since the narrator indicated the Tanner was not in the game, Erin's admission is the strongest piece of evidence available, making her the most likely Werewolf.",0a6ef9dc-a2dc-452b-a907-d6fa2ed4cae0_Game1,"[""Erin"", ""Sebastian"", ""Jack"", ""Brent"", ""Hailey""]","[""Robber"", ""Seer"", ""Moderator"", ""Werewolf"", ""Troublemaker""]",True,player,"[""Brent""]",player_vote,Erin,Erin,Erin,0.0,Robber,False,False
C:\Users\annab\Documents\GitHub\masters_thesis_sdg\results\voting\unsloth_gemma-4-31B-it-unsloth-bnb-4bit\prompt_v4_run_1\Ego4D\0a6ef9dc-a2dc-452b-a907-d6fa2ed4cae0_Game2.json,run_1,1,stochastic,1.0,prompt_v4_run_1,Ego4D,0a6ef9dc-a2dc-452b-a907-d6fa2ed4cae0,Game2,Ego4D / 0a6ef9dc-a2dc-452b-a907-d6fa2ed4cae0 / Game2,Jack,"Jack claimed to be the Troublemaker and stated that he swapped cards with Brent. However, according to the game rules, the Troublemaker swaps the cards of two other players and cannot swap their own card. Furthermore, the moderator (Erin) mentioned at the end of the game that she may have moved too quickly and not given the Troublemaker a chance to act, meaning Jack's claim to have performed a swap was a fabrication. This deception strongly indicates that Jack is a Werewolf.",0a6ef9dc-a2dc-452b-a907-d6fa2ed4cae0_Game2,"[""Erin"", ""Sebastian"", ""Jack"", ""Brent"", ""Hailey""]","[""Moderator"", ""Villager"", ""Werewolf"", ""Villager"", ""Robber""]",True,player,"[""Jack""]",player_vote,Jack,Jack,Jack,2.0,Werewolf,True,False
C:\Users\annab\Documents\GitHub\masters_thesis_sdg\results\voting\unsloth_gemma-4-31B-it-unsloth-bnb-4bit\prompt_v4_run_1\Ego4D\0c2659db-7bd4-4b37-9b08-4e247befe382_Game4.json,run_1,1,stochastic,1.0,prompt_v4_run_1,Ego4D,0c2659db-7bd4-4b37-9b08-4e247befe382,Game4,Ego4D / 0c2659db-7bd4-4b37-9b08-4e247befe382 / Game4,Elliot,"Ashley admitted to being the Werewolf (T136, T140), and Elliot later admitted to being the Robber and swapping cards with Ashley (T196, T264). According to the game rules, the Robber swaps their card with another player and takes on that role's alignment and win conditions. Therefore, if Ashley was the Werewolf and Elliot swapped with her, Elliot is now the Werewolf. Voting for Elliot is the most logical choice to ensure a Team Village win.",0c2659db-7bd4-4b37-9b08-4e247befe382_Game4,"[""Elliot"", ""Ashley"", ""James"", ""Chris"", ""Sukeshi"", ""Sian""]","[""Tanner"", ""Werewolf"", ""Insomniac"", ""Seer"", ""Werewolf"", ""Robber""]",True,player,"[""Ashley"", ""Sukeshi""]",player_vote,Elliot,Elliot,Elliot,0.0,Tanner,False,False
C:\Users\annab\Documents\GitHub\masters_thesis_sdg\results\voting\unsloth_gemma-4-31B-it-unsloth-bnb-4bit\prompt_v4_run_1\Ego4D\0c2659db-7bd4-4b37-9b08-4e247befe382_Game5.json,run_1,1,stochastic,1.0,prompt_v4_run_1,Ego4D,0c2659db-7bd4-4b37-9b08-4e247befe382,Game5,Ego4D / 0c2659db-7bd4-4b37-9b08-4e247befe382 / Game5,Sian,"Sian claimed to be the Robber but demonstrated a complete lack of understanding of the role's abilities, confusing it with the Troublemaker's ability to swap other players' cards. She eventually admitted she did not know how to play the Robber, which is a strong indicator of a failed bluff. While Elliot accused Chris of being a Werewolf, Elliot's own claims were contradictory (claiming to be both the Seer and the Tanner), making Sian the most suspicious player.",0c2659db-7bd4-4b37-9b08-4e247befe382_Game5,"[""Elliot"", ""Ashley"", ""James"", ""Chris"", ""Sukeshi"", ""Sian""]","[""Seer"", ""Werewolf"", ""Doppelganger"", ""Werewolf"", ""Insomniac"", ""Villager""]",True,player,"[""Ashley"", ""Chris""]",player_vote,Sian,Sian,Sian,5.0,Villager,False,False
C:\Users\annab\Documents\GitHub\masters_thesis_sdg\results\voting\unsloth_gemma-4-31B-it-unsloth-bnb-4bit\prompt_v4_run_1\Ego4D\0c2659db-7bd4-4b37-9b08-4e247befe382_Game6.json,run_1,1,stochastic,1.0,prompt_v4_run_1,Ego4D,0c2659db-7bd4-4b37-9b08-4e247befe382,Game6,Ego4D / 0c2659db-7bd4-4b37-9b08-4e247befe382 / Game6,Elliot,"Elliot claims to be the Doppelganger who took the Insomniac role, but no other player claims to be the Insomniac, making his claim unsupported. Ashley (claiming Seer) and Sukeshi (claiming Robber) provide a consistent narrative that identifies Sian as the Tanner, while James (claiming Troublemaker) and Chris (claiming Hunter) further support the Village alignment of the others. Elliot's strong resistance to being voted out, contrasted with Sian's relative passivity, suggests that Elliot is the Werewolf and Sian is the Tanner.",0c2659db-7bd4-4b37-9b08-4e247befe382_Game6,"[""Elliot"", ""Ashley"", ""James"", ""Chris"", ""Sukeshi"", ""Sian""]","[""Werewolf"", ""Robber"", ""Troublemaker"", ""Seer"", ""Hunter"", ""Tanner""]",True,player,"[""Elliot""]",player_vote,Elliot,Elliot,Elliot,0.0,Werewolf,True,False
C:\Users\annab\Documents\GitHub\masters_thesis_sdg\results\voting\unsloth_gemma-4-31B-it-unsloth-bnb-4bit\prompt_v4_run_1\Ego4D\0c2659db-7bd4-4b37-9b08-4e247befe382_Game7.json,run_1,1,stochastic,1.0,prompt_v4_run_1,Ego4D,0c2659db-7bd4-4b37-9b08-4e247befe382,Game7,Ego4D / 0c2659db-7bd4-4b37-9b08-4e247befe382 / Game7,Sukeshi,"Sukeshi's claims are highly contradictory, first claiming to be the Seer, then identifying Sian as a Minion and Chris as a Werewolf, and finally admitting, 'I was a fucking werewolf.' While this could be a bluff or a Tanner's attempt to be eliminated, it is the most direct claim to the Werewolf role in the transcript. Furthermore, the evidence suggests Sian is the Minion (Ashley claims she was the Minion and Chris claims he swapped Ashley and Sian), and since the Minion is not the Werewolf, Sian is an unlikely target for a winning Village vote. Therefore, Sukeshi is the most probable Werewolf.",0c2659db-7bd4-4b37-9b08-4e247befe382_Game7,"[""Elliot"", ""Ashley"", ""James"", ""Chris"", ""Sukeshi"", ""Sian""]","[""Tanner"", ""Doppelganger"", ""Seer"", ""Troublemaker"", ""Robber"", ""Minion""]",False,circle,[],player_vote,Sukeshi,Sukeshi,Sukeshi,4.0,Robber,False,False
C:\Users\annab\Documents\GitHub\masters_thesis_sdg\results\voting\unsloth_gemma-4-31B-it-unsloth-bnb-4bit\prompt_v4_run_1\Ego4D\0c2659db-7bd4-4b37-9b08-4e247befe382_Game8.json,run_1,1,stochastic,1.0,prompt_v4_run_1,Ego4D,0c2659db-7bd4-4b37-9b08-4e247befe382,Game8,Ego4D / 0c2659db-7bd4-4b37-9b08-4e247befe382 / Game8,Sian,"Sian is the only player who did not claim a role and remained silent throughout the discussion, which is highly suspicious. The other five players provided roles (Troublemaker, Robber, Doppelganger, Hunter, and Seer) that are largely consistent with one another, and Sukeshi (claiming Seer) specifically confirmed Elliot's role as the Troublemaker. Given the lack of any other suspects, Sian is the most likely candidate to be a Werewolf or the Tanner.",0c2659db-7bd4-4b37-9b08-4e247befe382_Game8,"[""Elliot"", ""Ashley"", ""James"", ""Chris"", ""Sukeshi"", ""Sian""]","[""Werewolf"", ""Hunter"", ""Robber"", ""Doppelganger"", ""Minion"", ""Tanner""]",True,player,"[""Elliot""]",player_vote,Sian,Sian,Sian,5.0,Tanner,False,False
C:\Users\annab\Documents\GitHub\masters_thesis_sdg\results\voting\unsloth_gemma-4-31B-it-unsloth-bnb-4bit\prompt_v4_run_1\Ego4D\0c2659db-7bd4-4b37-9b08-4e247befe382_Game9.json,run_1,1,stochastic,1.0,prompt_v4_run_1,Ego4D,0c2659db-7bd4-4b37-9b08-4e247befe382,Game9,Ego4D / 0c2659db-7bd4-4b37-9b08-4e247befe382 / Game9,Sian,"Sian claims to be the Seer and states she saw 'these two' (referring to James and Sukeshi), implying she looked at two players' cards. However, the game rules specify that a Seer may only look at one other player's card or two cards in the center. Because Sian's claim is logically impossible according to the rules, she is likely lying and is therefore a strong candidate for being a Werewolf.",0c2659db-7bd4-4b37-9b08-4e247befe382_Game9,"[""Elliot"", ""Ashley"", ""James"", ""Chris"", ""Sukeshi"", ""Sian""]","[""Villager"", ""Hunter"", ""Villager"", ""Werewolf"", ""Robber"", ""Seer""]",True,player,"[""Chris""]",player_vote,Sian,Sian,Sian,5.0,Seer,False,False
C:\Users\annab\Documents\GitHub\masters_thesis_sdg\results\voting\unsloth_gemma-4-31B-it-unsloth-bnb-4bit\prompt_v4_run_1\Ego4D\1a0d3e22-a6d6-4723-91a0-52fc2c87d5ce_Game10.json,run_1,1,stochastic,1.0,prompt_v4_run_1,Ego4D,1a0d3e22-a6d6-4723-91a0-52fc2c87d5ce,Game10,Ego4D / 1a0d3e22-a6d6-4723-91a0-52fc2c87d5ce / Game10,No Werewolf,"Sean's early comment suggesting he knows who the werewolf is implies he may be the Minion, who identifies the Werewolf during the Night phase. If Zack was the starting Werewolf and Hunter was the Troublemaker who swapped Zack and Jacob, the Werewolf card moved to Jacob. Since the Drunk action (performed by Jacob) occurs after the Troublemaker action, Jacob would have swapped the Werewolf card into the center. Consequently, no player currently holds the Werewolf card.",1a0d3e22-a6d6-4723-91a0-52fc2c87d5ce_Game10,"[""Zack"", ""Sean"", ""Hunter"", ""Jacob""]","[""Villager"", ""Werewolf"", ""Troublemaker"", ""Werewolf""]",True,player,"[""Sean"", ""Jacob""]",circle_vote,No Werewolf,,,,,False,True
C:\Users\annab\Documents\GitHub\masters_thesis_sdg\results\voting\unsloth_gemma-4-31B-it-unsloth-bnb-4bit\prompt_v4_run_1\Ego4D\1a0d3e22-a6d6-4723-91a0-52fc2c87d5ce_Game11.json,run_1,1,stochastic,1.0,prompt_v4_run_1,Ego4D,1a0d3e22-a6d6-4723-91a0-52fc2c87d5ce,Game11,Ego4D / 1a0d3e22-a6d6-4723-91a0-52fc2c87d5ce / Game11,Zack,"Zack claims he was the Insomniac and ended the night as the Drunk. This is logically impossible because the Insomniac wakes up last and only checks their card, while the Drunk card is always swapped into the center during the Drunk's turn (unless the Drunk swapped their card for a Drunk card already in the center, but the Insomniac cannot perform this action). Since Zack's claim is a blatant lie, he is the most likely candidate to be the Werewolf or the Tanner.",1a0d3e22-a6d6-4723-91a0-52fc2c87d5ce_Game11,"[""Zack"", ""Sean"", ""Hunter"", ""Jacob""]","[""Drunk"", ""Werewolf"", ""Troublemaker"", ""Villager""]",True,player,"[""Sean""]",player_vote,Zack,Zack,Zack,0.0,Drunk,False,False
C:\Users\annab\Documents\GitHub\masters_thesis_sdg\results\voting\unsloth_gemma-4-31B-it-unsloth-bnb-4bit\prompt_v4_run_1\Ego4D\1a0d3e22-a6d6-4723-91a0-52fc2c87d5ce_Game6.json,run_1,1,stochastic,1.0,prompt_v4_run_1,Ego4D,1a0d3e22-a6d6-4723-91a0-52fc2c87d5ce,Game6,Ego4D / 1a0d3e22-a6d6-4723-91a0-52fc2c87d5ce / Game6,No Werewolf,"Jacob claims to be the Seer and states that he saw a Werewolf and a Troublemaker in the center role pool. Zack claims to be the Robber, and both Sean and Hunter claim to be Villagers (with Hunter noting he did not wake up during the night). If Jacob's information is accurate, at least one Werewolf is not in play; given the other players' claims and the lack of contradictions, it is highly probable that no player currently holds a Werewolf card.",1a0d3e22-a6d6-4723-91a0-52fc2c87d5ce_Game6,"[""Zack"", ""Sean"", ""Hunter"", ""Jacob""]","[""Villager"", ""Robber"", ""Villager"", ""Seer""]",False,circle,[],circle_vote,No Werewolf,,,,,True,True
C:\Users\annab\Documents\GitHub\masters_thesis_sdg\results\voting\unsloth_gemma-4-31B-it-unsloth-bnb-4bit\prompt_v4_run_1\Ego4D\1a0d3e22-a6d6-4723-91a0-52fc2c87d5ce_Game7.json,run_1,1,stochastic,1.0,prompt_v4_run_1,Ego4D,1a0d3e22-a6d6-4723-91a0-52fc2c87d5ce,Game7,Ego4D / 1a0d3e22-a6d6-4723-91a0-52fc2c87d5ce / Game7,Hunter,"Sean claims to be the Seer and identifies Hunter as a Werewolf. While Jacob claims to be the Robber and says he swapped cards with Hunter (who he believes was the Troublemaker), Hunter's own claims are contradictory. Hunter claims to have performed the Troublemaker's action of swapping two other players, but if Jacob had already swapped cards with him, Hunter would have become the Robber and could not have acted as the Troublemaker. This inconsistency, combined with the noise Hunter made during the night, strongly suggests that Hunter is the Werewolf and is lying about his role.",1a0d3e22-a6d6-4723-91a0-52fc2c87d5ce_Game7,"[""Zack"", ""Sean"", ""Hunter"", ""Jacob""]","[""Seer"", ""Werewolf"", ""Robber"", ""Troublemaker""]",True,player,"[""Sean""]",player_vote,Hunter,Hunter,Hunter,2.0,Robber,False,False
C:\Users\annab\Documents\GitHub\masters_thesis_sdg\results\voting\unsloth_gemma-4-31B-it-unsloth-bnb-4bit\prompt_v4_run_1\Ego4D\1a0d3e22-a6d6-4723-91a0-52fc2c87d5ce_Game8.json,run_1,1,stochastic,1.0,prompt_v4_run_1,Ego4D,1a0d3e22-a6d6-4723-91a0-52fc2c87d5ce,Game8,Ego4D / 1a0d3e22-a6d6-4723-91a0-52fc2c87d5ce / Game8,Zack,"Zack claimed to be the Robber and Sean claimed to be the Troublemaker. Through their discussion, the players deduced that the night actions (Robber stealing and Troublemaker swapping) resulted in Zack ending up with the Werewolf card. Hunter explicitly tells Zack he is the werewolf, and Zack accepts this ('Ooh, unfortunate'), leading the group to a consensus that Zack is the target.",1a0d3e22-a6d6-4723-91a0-52fc2c87d5ce_Game8,"[""Zack"", ""Sean"", ""Hunter"", ""Jacob""]","[""Werewolf"", ""Robber"", ""Troublemaker"", ""Villager""]",True,player,"[""Zack""]",player_vote,Zack,Zack,Zack,0.0,Werewolf,True,False
C:\Users\annab\Documents\GitHub\masters_thesis_sdg\results\voting\unsloth_gemma-4-31B-it-unsloth-bnb-4bit\prompt_v4_run_1\Ego4D\1a0d3e22-a6d6-4723-91a0-52fc2c87d5ce_Game9.json,run_1,1,stochastic,1.0,prompt_v4_run_1,Ego4D,1a0d3e22-a6d6-4723-91a0-52fc2c87d5ce,Game9,Ego4D / 1a0d3e22-a6d6-4723-91a0-52fc2c87d5ce / Game9,Zack,"Jacob claimed to be the Seer and identified Zack as the Werewolf. Zack later confirmed this by admitting, 'As far as I'm aware, I was the only one,' in response to a question about whether he started as the Werewolf. Although Jacob later speculated that Sean might have been the Robber and swapped cards with Zack, he admitted this was merely an opinion and not based on certain information. Therefore, Zack is the most likely Werewolf.",1a0d3e22-a6d6-4723-91a0-52fc2c87d5ce_Game9,"[""Zack"", ""Sean"", ""Hunter"", ""Jacob""]","[""Werewolf"", ""Villager"", ""Villager"", ""Seer""]",True,player,"[""Zack""]",player_vote,Zack,Zack,Zack,0.0,Werewolf,True,False
C:\Users\annab\Documents\GitHub\masters_thesis_sdg\results\voting\unsloth_gemma-4-31B-it-unsloth-bnb-4bit\prompt_v4_run_1\Ego4D\2ba4023c-a8bf-43ad-ad5a-80ba222ce990_Game10.json,run_1,1,stochastic,1.0,prompt_v4_run_1,Ego4D,2ba4023c-a8bf-43ad-ad5a-80ba222ce990,Game10,Ego4D / 2ba4023c-a8bf-43ad-ad5a-80ba222ce990 / Game10,Clint,"Clint claimed to be the Robber who robbed Erin and became the Insomniac. However, Erin contradicted this by stating that while she held the Robber card, she was not the Insomniac, which would make Clint's claim a lie. Additionally, Clint and Tyler aggressively attempted to frame Margaret (who claimed Tanner) as a Werewolf using a 'double-bluff' theory, a common tactic used by Werewolves to deflect suspicion. Given the contradiction in his role claim, Clint is the most likely Werewolf.",2ba4023c-a8bf-43ad-ad5a-80ba222ce990_Game10,"[""Tyler"", ""Margaret"", ""Erin"", ""Clint""]","[""Werewolf"", ""Robber"", ""Werewolf"", ""Tanner""]",True,player,"[""Tyler"", ""Erin""]",player_vote,Clint,Clint,Clint,3.0,Tanner,False,False
C:\Users\annab\Documents\GitHub\masters_thesis_sdg\results\voting\unsloth_gemma-4-31B-it-unsloth-bnb-4bit\prompt_v4_run_1\Ego4D\2ba4023c-a8bf-43ad-ad5a-80ba222ce990_Game6.json,run_1,1,stochastic,1.0,prompt_v4_run_1,Ego4D,2ba4023c-a8bf-43ad-ad5a-80ba222ce990,Game6,Ego4D / 2ba4023c-a8bf-43ad-ad5a-80ba222ce990 / Game6,Clint,"Tyler, Erin, and Margaret have all converged on Clint as the most likely Werewolf. Tyler claims to be the Seer and points to Clint, while Erin (claiming Robber) and Margaret (claiming Troublemaker) also support this conclusion. Clint's defense is weak, and he even admits that he 'might be' a werewolf, making him the most probable target for Team Village.",2ba4023c-a8bf-43ad-ad5a-80ba222ce990_Game6,"[""Tyler"", ""Margaret"", ""Erin"", ""Clint""]","[""Werewolf"", ""Robber"", ""Drunk"", ""Werewolf""]",True,player,"[""Tyler"", ""Clint""]",player_vote,Clint,Clint,Clint,3.0,Werewolf,True,False
C:\Users\annab\Documents\GitHub\masters_thesis_sdg\results\voting\unsloth_gemma-4-31B-it-unsloth-bnb-4bit\prompt_v4_run_1\Ego4D\2ba4023c-a8bf-43ad-ad5a-80ba222ce990_Game7.json,run_1,1,stochastic,1.0,prompt_v4_run_1,Ego4D,2ba4023c-a8bf-43ad-ad5a-80ba222ce990,Game7,Ego4D / 2ba4023c-a8bf-43ad-ad5a-80ba222ce990 / Game7,Erin,"Clint claims to be the Troublemaker and states he swapped Margaret and Erin. Erin claims she was the Drunk and swapped her card with the center, but her confusion and her question ('So does that make me the Werewolf?') suggest she may have ended the night with the Werewolf card. Both Margaret and Clint conclude that Erin is the most likely Werewolf, and Tyler agrees with this assessment.",2ba4023c-a8bf-43ad-ad5a-80ba222ce990_Game7,"[""Tyler"", ""Margaret"", ""Erin"", ""Clint""]","[""Robber"", ""Insomniac"", ""Hunter"", ""Werewolf""]",True,player,"[""Clint""]",player_vote,Erin,Erin,Erin,2.0,Hunter,False,False
C:\Users\annab\Documents\GitHub\masters_thesis_sdg\results\voting\unsloth_gemma-4-31B-it-unsloth-bnb-4bit\prompt_v4_run_1\Ego4D\2ba4023c-a8bf-43ad-ad5a-80ba222ce990_Game8.json,run_1,1,stochastic,1.0,prompt_v4_run_1,Ego4D,2ba4023c-a8bf-43ad-ad5a-80ba222ce990,Game8,Ego4D / 2ba4023c-a8bf-43ad-ad5a-80ba222ce990 / Game8,Tyler,"Tyler exhibits highly suspicious behavior, starting the game by immediately accusing Erin of being a Werewolf before any information was shared. He later claims to be the Robber who stole the Insomniac card from Clint, which directly contradicts Clint's claim that he remained the Insomniac. This contradiction, combined with Tyler's aggressive and coordinated effort with Clint to frame Erin, strongly suggests that Tyler is lying to divert suspicion.",2ba4023c-a8bf-43ad-ad5a-80ba222ce990_Game8,"[""Tyler"", ""Margaret"", ""Erin"", ""Clint""]","[""Werewolf"", ""Hunter"", ""Troublemaker"", ""Werewolf""]",True,player,"[""Tyler"", ""Clint""]",player_vote,Tyler,Tyler,Tyler,0.0,Werewolf,True,False
C:\Users\annab\Documents\GitHub\masters_thesis_sdg\results\voting\unsloth_gemma-4-31B-it-unsloth-bnb-4bit\prompt_v4_run_1\Ego4D\2ba4023c-a8bf-43ad-ad5a-80ba222ce990_Game9.json,run_1,1,stochastic,1.0,prompt_v4_run_1,Ego4D,2ba4023c-a8bf-43ad-ad5a-80ba222ce990,Game9,Ego4D / 2ba4023c-a8bf-43ad-ad5a-80ba222ce990 / Game9,Tyler,"Tyler claims to be the Drunk, a role that provides no information, yet he repeatedly asserts that he 'knows' Erin is the Werewolf without any supporting evidence. This contradiction suggests he is bluffing to frame Erin. Margaret's claims are inconsistent (first Troublemaker, then Robber), but her final claim of being the Robber who swapped with Clint (the Hunter) is internally consistent with her stating she is the Hunter now. The consensus among the other players is that Tyler is lying, making him the most likely Werewolf.",2ba4023c-a8bf-43ad-ad5a-80ba222ce990_Game9,"[""Tyler"", ""Margaret"", ""Erin"", ""Clint""]","[""Werewolf"", ""Hunter"", ""Insomniac"", ""Robber""]",True,player,"[""Tyler""]",player_vote,Tyler,Tyler,Tyler,0.0,Werewolf,True,False
C:\Users\annab\Documents\GitHub\masters_thesis_sdg\results\voting\unsloth_gemma-4-31B-it-unsloth-bnb-4bit\prompt_v4_run_1\Ego4D\324bccd2-adff-4e9a-8ff4-03491e144ac3_Game1.json,run_1,1,stochastic,1.0,prompt_v4_run_1,Ego4D,324bccd2-adff-4e9a-8ff4-03491e144ac3,Game1,Ego4D / 324bccd2-adff-4e9a-8ff4-03491e144ac3 / Game1,No Werewolf,"Jacob, Sean, and Zack claimed the roles of Villager, Robber, and Troublemaker, respectively. While Hunter's claim to be either the Robber or Troublemaker contradicts them, the players collectively reached a consensus at the end of the discussion that no one among them is a Werewolf. Since Team Village wins if no Werewolf is present and no one is voted out, and the players explicitly agreed that they believe no Werewolf is in play, 'No Werewolf' is the most likely correct conclusion.",324bccd2-adff-4e9a-8ff4-03491e144ac3_Game1,"[""Zack"", ""Sean"", ""Hunter"", ""Jacob""]","[""Troublemaker"", ""Villager"", ""Werewolf"", ""Villager""]",True,player,"[""Hunter""]",circle_vote,No Werewolf,,,,,False,True
C:\Users\annab\Documents\GitHub\masters_thesis_sdg\results\voting\unsloth_gemma-4-31B-it-unsloth-bnb-4bit\prompt_v4_run_1\Ego4D\324bccd2-adff-4e9a-8ff4-03491e144ac3_Game2.json,run_1,1,stochastic,1.0,prompt_v4_run_1,Ego4D,324bccd2-adff-4e9a-8ff4-03491e144ac3,Game2,Ego4D / 324bccd2-adff-4e9a-8ff4-03491e144ac3 / Game2,Sean,"Hunter admitted to starting as the Werewolf, and Sean claimed to be the Seer who saw Hunter's card. Jacob claimed to be the Troublemaker and stated he swapped the cards of Hunter and Sean. If these claims are true, the Werewolf card moved from Hunter to Sean, making Sean the current Werewolf. Sean's attempt to deflect suspicion toward Zack using flawed 'statistics' further suggests he is bluffing to avoid elimination.",324bccd2-adff-4e9a-8ff4-03491e144ac3_Game2,"[""Zack"", ""Sean"", ""Hunter"", ""Jacob""]","[""Werewolf"", ""Robber"", ""Seer"", ""Troublemaker""]",True,player,"[""Zack""]",player_vote,Sean,Sean,Sean,1.0,Robber,False,False
C:\Users\annab\Documents\GitHub\masters_thesis_sdg\results\voting\unsloth_gemma-4-31B-it-unsloth-bnb-4bit\prompt_v4_run_1\Ego4D\324bccd2-adff-4e9a-8ff4-03491e144ac3_Game3.json,run_1,1,stochastic,1.0,prompt_v4_run_1,Ego4D,324bccd2-adff-4e9a-8ff4-03491e144ac3,Game3,Ego4D / 324bccd2-adff-4e9a-8ff4-03491e144ac3 / Game3,No Werewolf,"All four players have claimed roles that are aligned with Team Village: Zack claims to be the Seer, Sean claims to be the Troublemaker, Hunter claims to be the Robber, and Jacob claims to have started as a Villager. There are no accusations of anyone being a Werewolf, and the players are openly sharing their roles without conflict. Since all claimed roles are non-Werewolf and there is no evidence of deception to hide a Werewolf's identity, it is most likely that all Werewolf cards are in the center.",324bccd2-adff-4e9a-8ff4-03491e144ac3_Game3,"[""Zack"", ""Sean"", ""Hunter"", ""Jacob""]","[""Seer"", ""Troublemaker"", ""Robber"", ""Werewolf""]",True,player,"[""Jacob""]",circle_vote,No Werewolf,,,,,False,True
C:\Users\annab\Documents\GitHub\masters_thesis_sdg\results\voting\unsloth_gemma-4-31B-it-unsloth-bnb-4bit\prompt_v4_run_1\Ego4D\324bccd2-adff-4e9a-8ff4-03491e144ac3_Game4.json,run_1,1,stochastic,1.0,prompt_v4_run_1,Ego4D,324bccd2-adff-4e9a-8ff4-03491e144ac3,Game4,Ego4D / 324bccd2-adff-4e9a-8ff4-03491e144ac3 / Game4,Jacob,"Zack, Sean, and Hunter all claim to have held power roles (Seer, Troublemaker, and Robber) during the game, which are all Village-aligned. Jacob is the only player who does not claim a specific role and provides no role-based evidence for his innocence. Although Jacob suggests voting for himself, this behavior is often used by Werewolves to mimic the Tanner or by confused players, making him the most likely candidate for the Werewolf among the group.",324bccd2-adff-4e9a-8ff4-03491e144ac3_Game4,"[""Zack"", ""Sean"", ""Hunter"", ""Jacob""]","[""Troublemaker"", ""Robber"", ""Werewolf"", ""Werewolf""]",True,player,"[""Hunter"", ""Jacob""]",player_vote,Jacob,Jacob,Jacob,3.0,Werewolf,True,False
C:\Users\annab\Documents\GitHub\masters_thesis_sdg\results\voting\unsloth_gemma-4-31B-it-unsloth-bnb-4bit\prompt_v4_run_1\Ego4D\324bccd2-adff-4e9a-8ff4-03491e144ac3_Game5.json,run_1,1,stochastic,1.0,prompt_v4_run_1,Ego4D,324bccd2-adff-4e9a-8ff4-03491e144ac3,Game5,Ego4D / 324bccd2-adff-4e9a-8ff4-03491e144ac3 / Game5,Sean,"Jacob admitted to starting the game as the Werewolf, and Hunter claimed to be the Troublemaker who swapped the cards of Jacob and Sean. If these claims are true, the Werewolf role was transferred from Jacob to Sean. Sean's behavior is highly suspicious, as he inconsistently claimed to be the Tanner and then a Villager, suggesting he is attempting to deceive the group to avoid elimination.",324bccd2-adff-4e9a-8ff4-03491e144ac3_Game5,"[""Zack"", ""Sean"", ""Hunter"", ""Jacob""]","[""Villager"", ""Werewolf"", ""Troublemaker"", ""Werewolf""]",True,player,"[""Sean"", ""Jacob""]",player_vote,Sean,Sean,Sean,1.0,Werewolf,True,False
C:\Users\annab\Documents\GitHub\masters_thesis_sdg\results\voting\unsloth_gemma-4-31B-it-unsloth-bnb-4bit\prompt_v4_run_1\Ego4D\3ba069be-60fa-47fc-bd7b-f85bf649a5bd_Game1.json,run_1,1,stochastic,1.0,prompt_v4_run_1,Ego4D,3ba069be-60fa-47fc-bd7b-f85bf649a5bd,Game1,Ego4D / 3ba069be-60fa-47fc-bd7b-f85bf649a5bd / Game1,Daniel,"Based on the claims, Kevin was the Robber and Kaelan was the Troublemaker. Kevin swapped cards with Kaelan, making Kevin the Troublemaker and Kaelan the Robber. Kaelan (as Troublemaker) swapped Jessica (Minion) and Daniel (Drunk), making Jessica the Drunk and Daniel the Minion. Finally, Daniel (as Drunk) swapped his card with the center. Since Jessica (the starting Minion) reported seeing no Werewolf, the Werewolf card must have been in the center, which Daniel then swapped into his hand. Therefore, Daniel is the Werewolf.",3ba069be-60fa-47fc-bd7b-f85bf649a5bd_Game1,"[""Kevin"", ""Kaelan"", ""Jessica"", ""Daniel""]","[""Werewolf"", ""Robber"", ""Troublemaker"", ""Center Card""]",True,player,"[""Kevin""]",player_vote,Daniel,Daniel,Daniel,3.0,Center Card,False,False
C:\Users\annab\Documents\GitHub\masters_thesis_sdg\results\voting\unsloth_gemma-4-31B-it-unsloth-bnb-4bit\prompt_v4_run_1\Ego4D\3ba069be-60fa-47fc-bd7b-f85bf649a5bd_Game2.json,run_1,1,stochastic,1.0,prompt_v4_run_1,Ego4D,3ba069be-60fa-47fc-bd7b-f85bf649a5bd,Game2,Ego4D / 3ba069be-60fa-47fc-bd7b-f85bf649a5bd / Game2,No Werewolf,"Jessica claims she was the Minion and explicitly states she did not see any Werewolves. Kevin claims to be the Troublemaker, Kaelan claims to be the Robber, and Daniel claims to be a Villager. If these claims are true, all Werewolf cards must be in the center, meaning no player is currently a Werewolf. In this scenario, Team Village wins if no one is voted out.",3ba069be-60fa-47fc-bd7b-f85bf649a5bd_Game2,"[""Kevin"", ""Kaelan"", ""Jessica"", ""Daniel""]","[""Troublemaker"", ""Minion"", ""Villager"", ""Robber""]",False,circle,[],circle_vote,No Werewolf,,,,,True,True
C:\Users\annab\Documents\GitHub\masters_thesis_sdg\results\voting\unsloth_gemma-4-31B-it-unsloth-bnb-4bit\prompt_v4_run_1\Ego4D\3ba069be-60fa-47fc-bd7b-f85bf649a5bd_Game3.json,run_1,1,stochastic,1.0,prompt_v4_run_1,Ego4D,3ba069be-60fa-47fc-bd7b-f85bf649a5bd,Game3,Ego4D / 3ba069be-60fa-47fc-bd7b-f85bf649a5bd / Game3,No Werewolf,"Kaelan claimed Troublemaker, Jessica claimed Doppelganger (copying Troublemaker), and Kevin claimed Minion. Daniel initially claimed to be the Seer and stated he saw a Werewolf and a Drunk in the center, which would mean no player is a Werewolf. Although Daniel later claimed to be the Minion and accused Jessica of being the Werewolf, Kevin immediately contradicted this by reiterating his own claim as the Minion. Since Daniel's second claim is contradicted by Kevin and is logically inconsistent (a Minion would not reveal their Werewolf teammate), the initial claims are more reliable, indicating the Werewolf is in the center.",3ba069be-60fa-47fc-bd7b-f85bf649a5bd_Game3,"[""Kevin"", ""Kaelan"", ""Jessica"", ""Daniel""]","[""Doppelganger"", ""Troublemaker"", ""Werewolf"", ""Minion""]",True,player,"[""Jessica""]",circle_vote,No Werewolf,,,,,False,True
C:\Users\annab\Documents\GitHub\masters_thesis_sdg\results\voting\unsloth_gemma-4-31B-it-unsloth-bnb-4bit\prompt_v4_run_1\Ego4D\3ba069be-60fa-47fc-bd7b-f85bf649a5bd_Game4.json,run_1,1,stochastic,1.0,prompt_v4_run_1,Ego4D,3ba069be-60fa-47fc-bd7b-f85bf649a5bd,Game4,Ego4D / 3ba069be-60fa-47fc-bd7b-f85bf649a5bd / Game4,Jessica,"Kaelan claimed to be the Seer and immediately identified a player as the Werewolf. Daniel, who later claimed to be the Minion, also pointed toward Jessica as the Werewolf (specifically in line 31). While Daniel's claims were inconsistent, the combined accusations from the claimed Seer and Minion strongly suggest that Jessica is the Werewolf, and her claim to be the Robber is likely a bluff to avoid elimination.",3ba069be-60fa-47fc-bd7b-f85bf649a5bd_Game4,"[""Kevin"", ""Kaelan"", ""Jessica"", ""Daniel""]","[""Troublemaker"", ""Minion"", ""Seer"", ""Robber""]",False,circle,[],player_vote,Jessica,Jessica,Jessica,2.0,Seer,False,False
C:\Users\annab\Documents\GitHub\masters_thesis_sdg\results\voting\unsloth_gemma-4-31B-it-unsloth-bnb-4bit\prompt_v4_run_1\Ego4D\3ba069be-60fa-47fc-bd7b-f85bf649a5bd_Game5.json,run_1,1,stochastic,1.0,prompt_v4_run_1,Ego4D,3ba069be-60fa-47fc-bd7b-f85bf649a5bd,Game5,Ego4D / 3ba069be-60fa-47fc-bd7b-f85bf649a5bd / Game5,Kevin,"Kevin claims to be the Troublemaker but describes an action (swapping himself and Jessica) that is explicitly prohibited by the game rules, as the Troublemaker must swap two other players. This blatant falsehood suggests he is bluffing to hide his identity as a Werewolf. Additionally, he attempts to divert suspicion by voting for Jessica, who claimed to be the Tanner, which would be a strategic move for a Werewolf to ensure a non-Werewolf is eliminated.",3ba069be-60fa-47fc-bd7b-f85bf649a5bd_Game5,"[""Kevin"", ""Kaelan"", ""Jessica"", ""Daniel""]","[""Robber"", ""Center Card"", ""Troublemaker"", ""Tanner""]",False,circle,[],player_vote,Kevin,Kevin,Kevin,0.0,Robber,False,False
C:\Users\annab\Documents\GitHub\masters_thesis_sdg\results\voting\unsloth_gemma-4-31B-it-unsloth-bnb-4bit\prompt_v4_run_1\Ego4D\3ba069be-60fa-47fc-bd7b-f85bf649a5bd_Game6.json,run_1,1,stochastic,1.0,prompt_v4_run_1,Ego4D,3ba069be-60fa-47fc-bd7b-f85bf649a5bd,Game6,Ego4D / 3ba069be-60fa-47fc-bd7b-f85bf649a5bd / Game6,Kevin,"Kevin claims to be the Doppelganger but describes an action (swapping with a card in the center) that is not possible for that role, as only the Drunk can swap with the center. Both Kaelan and Daniel claim to have ended up as the Tanner (Kaelan by robbing Kevin and Daniel by swapping with the center), and since the Tanner's goal is to be voted out, their claims make them less likely to be the Werewolf. Kevin is the only player who is not claiming to be the Tanner and is providing a logically inconsistent story about his role, making him the most suspicious candidate.",3ba069be-60fa-47fc-bd7b-f85bf649a5bd_Game6,"[""Kevin"", ""Kaelan"", ""Jessica"", ""Daniel""]","[""Robber"", ""Center Card"", ""Insomniac"", ""Center Card""]",False,circle,[],player_vote,Kevin,Kevin,Kevin,0.0,Robber,False,False
C:\Users\annab\Documents\GitHub\masters_thesis_sdg\results\voting\unsloth_gemma-4-31B-it-unsloth-bnb-4bit\prompt_v4_run_1\Ego4D\62c4bc58-3776-4791-ac30-4c9ca5619503_Game10.json,run_1,1,stochastic,1.0,prompt_v4_run_1,Ego4D,62c4bc58-3776-4791-ac30-4c9ca5619503,Game10,Ego4D / 62c4bc58-3776-4791-ac30-4c9ca5619503 / Game10,No Werewolf,"Kaelan and Jessica both claim to be Villagers. While Daniel briefly suggests Kaelan might be the Tanner or the Werewolf, the discussion concludes with Daniel asking if they are 'all good with the center' and Kevin agreeing. This indicates a consensus among the players that the Werewolf cards are likely in the center pool rather than held by any player.",62c4bc58-3776-4791-ac30-4c9ca5619503_Game10,"[""Kevin"", ""Kaelan"", ""Jessica"", ""Daniel""]","[""Minion"", ""Villager"", ""Villager"", ""Werewolf""]",True,player,"[""Daniel""]",circle_vote,No Werewolf,,,,,False,True
C:\Users\annab\Documents\GitHub\masters_thesis_sdg\results\voting\unsloth_gemma-4-31B-it-unsloth-bnb-4bit\prompt_v4_run_1\Ego4D\62c4bc58-3776-4791-ac30-4c9ca5619503_Game11.json,run_1,1,stochastic,1.0,prompt_v4_run_1,Ego4D,62c4bc58-3776-4791-ac30-4c9ca5619503,Game11,Ego4D / 62c4bc58-3776-4791-ac30-4c9ca5619503 / Game11,Jessica,"Kaelan is confirmed as the Minion in the post-game reveal. Since the Minion knows who the Werewolf is and wants them to survive, Kaelan's attempt to vote for Daniel suggests that Daniel is not the Werewolf. Jessica's aggressive claim to be the Tanner and her request to be voted out is a common high-risk bluff used by Werewolves to create doubt and manipulate the Village into voting 'center' or for someone else. Given that the group ultimately voted 'center' and lost, it is highly probable that Jessica was the Werewolf successfully deceiving the group.",62c4bc58-3776-4791-ac30-4c9ca5619503_Game11,"[""Kevin"", ""Kaelan"", ""Jessica"", ""Daniel""]","[""Villager"", ""Villager"", ""Minion"", ""Werewolf""]",True,player,"[""Daniel""]",player_vote,Jessica,Jessica,Jessica,2.0,Minion,False,False
C:\Users\annab\Documents\GitHub\masters_thesis_sdg\results\voting\unsloth_gemma-4-31B-it-unsloth-bnb-4bit\prompt_v4_run_1\Ego4D\62c4bc58-3776-4791-ac30-4c9ca5619503_Game12.json,run_1,1,stochastic,1.0,prompt_v4_run_1,Ego4D,62c4bc58-3776-4791-ac30-4c9ca5619503,Game12,Ego4D / 62c4bc58-3776-4791-ac30-4c9ca5619503 / Game12,Jessica,"Kaelan claimed to be the Troublemaker and was the most active and assertive player, which aligns with Daniel's post-game comment that the Minion's role is to draw suspicion to themselves. Daniel's ability to confirm Kevin's starting role as a Mason suggests Daniel was the Seer, and Kevin's confirmation of not seeing another Mason supports his starting role. Since Kaelan is likely the Minion and Daniel and Kevin are village-aligned, Jessica, who remained silent and made no claims, is the most probable Werewolf.",62c4bc58-3776-4791-ac30-4c9ca5619503_Game12,"[""Kevin"", ""Kaelan"", ""Jessica"", ""Daniel""]","[""Seer"", ""Troublemaker"", ""Minion"", ""Mason""]",False,circle,[],player_vote,Jessica,Jessica,Jessica,2.0,Minion,False,False
C:\Users\annab\Documents\GitHub\masters_thesis_sdg\results\voting\unsloth_gemma-4-31B-it-unsloth-bnb-4bit\prompt_v4_run_1\Ego4D\62c4bc58-3776-4791-ac30-4c9ca5619503_Game7.json,run_1,1,stochastic,1.0,prompt_v4_run_1,Ego4D,62c4bc58-3776-4791-ac30-4c9ca5619503,Game7,Ego4D / 62c4bc58-3776-4791-ac30-4c9ca5619503 / Game7,Jessica,"Daniel's claim of being both the Seer and the Insomniac is possible if his card was swapped during the night. However, there is a direct contradiction between Kaelan and Jessica: Jessica claims she was the Robber and robbed Kaelan, but Kaelan claims he performed the Drunk's action of swapping his card with the center. If Jessica had robbed Kaelan while he was the Drunk, Jessica would have become the Drunk and performed the swap, not Kaelan. Jessica's admission that she might have forgotten to look at the card she robbed further suggests she is bluffing, making her the most likely Werewolf.",62c4bc58-3776-4791-ac30-4c9ca5619503_Game7,"[""Kevin"", ""Kaelan"", ""Jessica"", ""Daniel""]","[""Seer"", ""Center Card"", ""Werewolf"", ""Werewolf""]",True,player,"[""Jessica"", ""Daniel""]",player_vote,Jessica,Jessica,Jessica,2.0,Werewolf,True,False
C:\Users\annab\Documents\GitHub\masters_thesis_sdg\results\voting\unsloth_gemma-4-31B-it-unsloth-bnb-4bit\prompt_v4_run_1\Ego4D\62c4bc58-3776-4791-ac30-4c9ca5619503_Game8.json,run_1,1,stochastic,1.0,prompt_v4_run_1,Ego4D,62c4bc58-3776-4791-ac30-4c9ca5619503,Game8,Ego4D / 62c4bc58-3776-4791-ac30-4c9ca5619503 / Game8,No Werewolf,"Kevin claims to be the Seer and confirms that Jessica is the Minion. Jessica, claiming to be the Minion, states that she does not see any Werewolves among the players and believes the Werewolf card is in the center. Since the Minion knows the identity of the Werewolves, her statement implies that no player is currently a Werewolf. According to the rules, Team Village wins if no player is a Werewolf and no one is voted out.",62c4bc58-3776-4791-ac30-4c9ca5619503_Game8,"[""Kevin"", ""Kaelan"", ""Jessica"", ""Daniel""]","[""Seer"", ""Drunk"", ""Minion"", ""Center Card""]",False,circle,[],circle_vote,No Werewolf,,,,,True,True
C:\Users\annab\Documents\GitHub\masters_thesis_sdg\results\voting\unsloth_gemma-4-31B-it-unsloth-bnb-4bit\prompt_v4_run_1\Ego4D\62c4bc58-3776-4791-ac30-4c9ca5619503_Game9.json,run_1,1,stochastic,1.0,prompt_v4_run_1,Ego4D,62c4bc58-3776-4791-ac30-4c9ca5619503,Game9,Ego4D / 62c4bc58-3776-4791-ac30-4c9ca5619503 / Game9,Daniel,"Daniel's claim to be the Robber is logically impossible according to the game rules. He states that when he robbed Jessica, he saw the Robber card; however, the Robber swaps their own card with another player's and then looks at the new card. If Daniel were the Robber, he would have seen Jessica's card, not the Robber card he already possessed. This contradiction indicates that Daniel is lying, making him the most likely Werewolf.",62c4bc58-3776-4791-ac30-4c9ca5619503_Game9,"[""Kevin"", ""Kaelan"", ""Jessica"", ""Daniel""]","[""Troublemaker"", ""Robber"", ""Werewolf"", ""Doppelganger""]",True,player,"[""Jessica""]",player_vote,Daniel,Daniel,Daniel,3.0,Doppelganger,False,False
C:\Users\annab\Documents\GitHub\masters_thesis_sdg\results\voting\unsloth_gemma-4-31B-it-unsloth-bnb-4bit\prompt_v4_run_1\Ego4D\64076f60-f3fc-4ee6-93e1-3489d8ec7b12_Game3.json,run_1,1,stochastic,1.0,prompt_v4_run_1,Ego4D,64076f60-f3fc-4ee6-93e1-3489d8ec7b12,Game3,Ego4D / 64076f60-f3fc-4ee6-93e1-3489d8ec7b12 / Game3,Brent,"According to the post-game reveal, Jack started as the Werewolf. Hailey, acting as the Robber, swapped cards with Jack, which made Hailey the Werewolf. Subsequently, Erin, acting as the Troublemaker, swapped the cards of Hailey and Brent, meaning Brent ended the night as the Werewolf. Therefore, voting for Brent would result in a win for Team Village.",64076f60-f3fc-4ee6-93e1-3489d8ec7b12_Game3,"[""Erin"", ""Sebastian"", ""Jack"", ""Brent"", ""Hailey""]","[""Troublemaker"", ""Moderator"", ""Robber"", ""Werewolf"", ""Villager""]",True,player,"[""Brent""]",player_vote,Brent,Brent,Brent,3.0,Werewolf,True,False
C:\Users\annab\Documents\GitHub\masters_thesis_sdg\results\voting\unsloth_gemma-4-31B-it-unsloth-bnb-4bit\prompt_v4_run_1\Ego4D\698f6bbe-4347-4a06-bd5d-3482f5e4fbbe_Game1.json,run_1,1,stochastic,1.0,prompt_v4_run_1,Ego4D,698f6bbe-4347-4a06-bd5d-3482f5e4fbbe,Game1,Ego4D / 698f6bbe-4347-4a06-bd5d-3482f5e4fbbe / Game1,James,"James provides highly contradictory claims, first stating he was the Seer and later claiming he was a Werewolf. He then attempts to shift the Werewolf role onto Elliot by claiming Elliot (as the Robber) swapped cards with him. This pattern of deception and inconsistency is characteristic of a Werewolf attempting to confuse the group or a Tanner attempting to attract votes; however, given the contradictions, James is the most suspicious player.",698f6bbe-4347-4a06-bd5d-3482f5e4fbbe_Game1,"[""Elliot"", ""Ashley"", ""James"", ""Chris"", ""Sukeshi"", ""Sian""]","[""Werewolf"", ""Werewolf"", ""Robber"", ""Drunk"", ""Troublemaker"", ""Seer""]",True,player,"[""Elliot"", ""Ashley""]",player_vote,James,James,James,2.0,Robber,False,False
C:\Users\annab\Documents\GitHub\masters_thesis_sdg\results\voting\unsloth_gemma-4-31B-it-unsloth-bnb-4bit\prompt_v4_run_1\Ego4D\698f6bbe-4347-4a06-bd5d-3482f5e4fbbe_Game2.json,run_1,1,stochastic,1.0,prompt_v4_run_1,Ego4D,698f6bbe-4347-4a06-bd5d-3482f5e4fbbe,Game2,Ego4D / 698f6bbe-4347-4a06-bd5d-3482f5e4fbbe / Game2,Sukeshi,"Sukeshi repeatedly claims to be the werewolf, which is characteristic of either a Tanner or a Werewolf attempting a reverse-psychology bluff. Ashley claims to be the Troublemaker and says she swapped Sukeshi and Elliot; if this is true and Sukeshi was the Werewolf, Elliot would now be the Werewolf. However, if Ashley is lying and is actually the Werewolf, or if Sukeshi is the Werewolf and was not swapped, Sukeshi remains the primary target. Given the overt nature of Sukeshi's claims and the lack of verification for Ashley's role, Sukeshi is the most likely candidate for elimination to secure a Village win.",698f6bbe-4347-4a06-bd5d-3482f5e4fbbe_Game2,"[""Elliot"", ""Ashley"", ""James"", ""Chris"", ""Sukeshi"", ""Sian""]","[""Seer"", ""Troublemaker"", ""Hunter"", ""Villager"", ""Werewolf"", ""Robber""]",True,player,"[""Sukeshi""]",player_vote,Sukeshi,Sukeshi,Sukeshi,4.0,Werewolf,True,False
C:\Users\annab\Documents\GitHub\masters_thesis_sdg\results\voting\unsloth_gemma-4-31B-it-unsloth-bnb-4bit\prompt_v4_run_1\Ego4D\698f6bbe-4347-4a06-bd5d-3482f5e4fbbe_Game3.json,run_1,1,stochastic,1.0,prompt_v4_run_1,Ego4D,698f6bbe-4347-4a06-bd5d-3482f5e4fbbe,Game3,Ego4D / 698f6bbe-4347-4a06-bd5d-3482f5e4fbbe / Game3,James,"Sukeshi claimed to be the Seer and stated she saw two Werewolf cards in the center. James admitted to being the Drunk, a role that swaps their card with one from the center. Based on this, the group concluded that James swapped his card for one of the Werewolf cards, making him the only Werewolf currently in play.",698f6bbe-4347-4a06-bd5d-3482f5e4fbbe_Game3,"[""Elliot"", ""Ashley"", ""James"", ""Chris"", ""Sukeshi"", ""Sian""]","[""Robber"", ""Troublemaker"", ""Werewolf"", ""Hunter"", ""Villager"", ""Seer""]",True,player,"[""James""]",player_vote,James,James,James,2.0,Werewolf,True,False
C:\Users\annab\Documents\GitHub\masters_thesis_sdg\results\voting\unsloth_gemma-4-31B-it-unsloth-bnb-4bit\prompt_v4_run_1\Youtube\Flashback##ONE#NIGHT#ULTIMATE#WEREWOLF##Retro#9_Game1.json,run_1,1,stochastic,1.0,prompt_v4_run_1,Youtube,Flashback##ONE#NIGHT#ULTIMATE#WEREWOLF##Retro#9,Game1,Youtube / Flashback##ONE#NIGHT#ULTIMATE#WEREWOLF##Retro#9 / Game1,Mitchell,"Paul and James both express strong suspicion toward Mitchell, noting that he claimed the Insomniac role too quickly and lacks an alibi. While Justin (claiming to be the Seer) defends Mitchell, the overall consensus among the other players is that Mitchell is lying about his role. If Mitchell is the Werewolf, voting him out secures a win for Team Village; if the claims of the other players are true, Mitchell is the only plausible candidate for the Werewolf role.",Flashback##ONE#NIGHT#ULTIMATE#WEREWOLF##Retro#9_Game1,"[""Justin"", ""Laura"", ""Paul"", ""James"", ""Mitchell""]","[""Werewolf"", ""Villager"", ""Robber"", ""Villager"", ""Insomniac""]",True,player,"[""Justin""]",player_vote,Mitchell,Mitchell,Mitchell,4.0,Insomniac,False,False
C:\Users\annab\Documents\GitHub\masters_thesis_sdg\results\voting\unsloth_gemma-4-31B-it-unsloth-bnb-4bit\prompt_v4_run_1\Youtube\Flashback##ONE#NIGHT#ULTIMATE#WEREWOLF##Retro#9_Game2.json,run_1,1,stochastic,1.0,prompt_v4_run_1,Youtube,Flashback##ONE#NIGHT#ULTIMATE#WEREWOLF##Retro#9,Game2,Youtube / Flashback##ONE#NIGHT#ULTIMATE#WEREWOLF##Retro#9 / Game2,James,"James is the most suspicious player due to his contradictory claims; he initially suggested he was a werewolf and later claimed to be a villager. The other players' roles (Mitchell as Seer, Justin as Troublemaker, and Paul/Laura as Villagers) are consistent with each other and with the information that the Robber and Insomniac cards were in the center. Consequently, James is the most likely candidate for the Werewolf role.",Flashback##ONE#NIGHT#ULTIMATE#WEREWOLF##Retro#9_Game2,"[""Justin"", ""Laura"", ""Paul"", ""James"", ""Mitchell""]","[""Troublemaker"", ""Werewolf"", ""Seer"", ""Villager"", ""Villager""]",True,player,"[""Laura""]",player_vote,James,James,James,3.0,Villager,False,False
C:\Users\annab\Documents\GitHub\masters_thesis_sdg\results\voting\unsloth_gemma-4-31B-it-unsloth-bnb-4bit\prompt_v4_run_1\Youtube\Flashback##ONE#NIGHT#ULTIMATE#WEREWOLF##Retro#9_Game3.json,run_1,1,stochastic,1.0,prompt_v4_run_1,Youtube,Flashback##ONE#NIGHT#ULTIMATE#WEREWOLF##Retro#9,Game3,Youtube / Flashback##ONE#NIGHT#ULTIMATE#WEREWOLF##Retro#9 / Game3,James,"During the Night phase, James explicitly stated, 'I cannot wait until Paul opens his eyes and sees me, the werewolf,' while the announcer was calling the werewolves. Although Justin claimed to be the Troublemaker and said he switched James and Laura, Justin's narrative is inconsistent (he incorrectly identifies Laura as the Robber) and he aggressively pushes for a 'no werewolf' vote. This suggests Justin may be lying to protect James, making James the most likely Werewolf.",Flashback##ONE#NIGHT#ULTIMATE#WEREWOLF##Retro#9_Game3,"[""Justin"", ""Laura"", ""Paul"", ""James"", ""Mitchell""]","[""Troublemaker"", ""Villager"", ""Robber"", ""Seer"", ""Werewolf""]",True,player,"[""Mitchell""]",player_vote,James,James,James,3.0,Seer,False,False
C:\Users\annab\Documents\GitHub\masters_thesis_sdg\results\voting\unsloth_gemma-4-31B-it-unsloth-bnb-4bit\prompt_v4_run_1\Youtube\Flashback##ONE#NIGHT#ULTIMATE#WEREWOLF##Retro#9_Game4.json,run_1,1,stochastic,1.0,prompt_v4_run_1,Youtube,Flashback##ONE#NIGHT#ULTIMATE#WEREWOLF##Retro#9,Game4,Youtube / Flashback##ONE#NIGHT#ULTIMATE#WEREWOLF##Retro#9 / Game4,Paul,"James claims to be the Seer and specifically states that he looked at Paul's card and saw it was brown (the color of the Werewolf card). Paul claims to be the Robber and says he robbed Mitchell, but if James is telling the truth, Paul could not have been the Robber because he started as a Werewolf. Paul's attempt to deflect suspicion onto Laura using meta-arguments about previous games further suggests he is bluffing to avoid elimination.",Flashback##ONE#NIGHT#ULTIMATE#WEREWOLF##Retro#9_Game4,"[""Justin"", ""Laura"", ""Paul"", ""James"", ""Mitchell""]","[""Troublemaker"", ""Villager"", ""Villager"", ""Seer"", ""Robber""]",False,circle,[],player_vote,Paul,Paul,Paul,2.0,Villager,False,False
C:\Users\annab\Documents\GitHub\masters_thesis_sdg\results\voting\unsloth_gemma-4-31B-it-unsloth-bnb-4bit\prompt_v4_run_1\Youtube\Flashback##ONE#NIGHT#ULTIMATE#WEREWOLF##Retro#9_Game5.json,run_1,1,stochastic,1.0,prompt_v4_run_1,Youtube,Flashback##ONE#NIGHT#ULTIMATE#WEREWOLF##Retro#9,Game5,Youtube / Flashback##ONE#NIGHT#ULTIMATE#WEREWOLF##Retro#9 / Game5,Mitchell,"Paul claimed to be the Troublemaker and stated that he swapped the cards of Laura and Mitchell. Laura admitted that she was the starting Werewolf, which implies that Mitchell is now the Werewolf after the swap. Although there is a conflict between James's claim as Seer and Justin's claim as Insomniac, the admission and the swap provide the most direct evidence for identifying the current Werewolf.",Flashback##ONE#NIGHT#ULTIMATE#WEREWOLF##Retro#9_Game5,"[""Justin"", ""Laura"", ""Paul"", ""James"", ""Mitchell""]","[""Insomniac"", ""Werewolf"", ""Werewolf"", ""Seer"", ""Villager""]",True,player,"[""Laura"", ""Paul""]",player_vote,Mitchell,Mitchell,Mitchell,4.0,Villager,False,False
C:\Users\annab\Documents\GitHub\masters_thesis_sdg\results\voting\unsloth_gemma-4-31B-it-unsloth-bnb-4bit\prompt_v4_run_1\Youtube\One#Night#Ultimate#Love#Letter##ONE#NIGHT#ULTIMATE#WEREWOLF_Game2.json,run_1,1,stochastic,1.0,prompt_v4_run_1,Youtube,One#Night#Ultimate#Love#Letter##ONE#NIGHT#ULTIMATE#WEREWOLF,Game2,Youtube / One#Night#Ultimate#Love#Letter##ONE#NIGHT#ULTIMATE#WEREWOLF / Game2,Justin,"Tyler (Seer) identified Mitchell as the Werewolf, and Mitchell eventually admitted to being the Werewolf but claimed that Justin robbed him. Justin claimed to be the Troublemaker but then contradicted himself by stating he didn't switch anyone, which is impossible for a Troublemaker. If Justin is the Robber who stole the Werewolf card from Mitchell, or if he is simply lying about his role to cover his identity as the Werewolf, he is the correct target for elimination.",One#Night#Ultimate#Love#Letter##ONE#NIGHT#ULTIMATE#WEREWOLF_Game2,"[""Justin"", ""Mitchell"", ""Paul"", ""Tyler""]","[""Troublemaker"", ""Werewolf"", ""Werewolf"", ""Seer""]",True,player,"[""Mitchell"", ""Paul""]",player_vote,Justin,Justin,Justin,0.0,Troublemaker,False,False
C:\Users\annab\Documents\GitHub\masters_thesis_sdg\results\voting\unsloth_gemma-4-31B-it-unsloth-bnb-4bit\prompt_v4_run_1\Youtube\One#Night#Ultimate#Love#Letter##ONE#NIGHT#ULTIMATE#WEREWOLF_Game3.json,run_1,1,stochastic,1.0,prompt_v4_run_1,Youtube,One#Night#Ultimate#Love#Letter##ONE#NIGHT#ULTIMATE#WEREWOLF,Game3,Youtube / One#Night#Ultimate#Love#Letter##ONE#NIGHT#ULTIMATE#WEREWOLF / Game3,Justin,"Justin and Tyler both admit to being Werewolves (or a Doppelganger who copied a Werewolf). Justin explicitly states, 'I copycatted into a werewolf and I joined Tyler at night,' and Tyler confirms he woke up with Justin. Paul and Mitchell both agree to vote for Justin, and since Justin has admitted to being a Werewolf, eliminating him ensures a win for Team Village.",One#Night#Ultimate#Love#Letter##ONE#NIGHT#ULTIMATE#WEREWOLF_Game3,"[""Justin"", ""Mitchell"", ""Paul"", ""Tyler""]","[""Werewolf"", ""Seer"", ""Troublemaker"", ""Werewolf""]",True,player,"[""Justin"", ""Tyler""]",player_vote,Justin,Justin,Justin,0.0,Werewolf,True,False
C:\Users\annab\Documents\GitHub\masters_thesis_sdg\results\voting\unsloth_gemma-4-31B-it-unsloth-bnb-4bit\prompt_v4_run_1\Youtube\One#Night#Ultimate#Love#Letter##ONE#NIGHT#ULTIMATE#WEREWOLF_Game7.json,run_1,1,stochastic,1.0,prompt_v4_run_1,Youtube,One#Night#Ultimate#Love#Letter##ONE#NIGHT#ULTIMATE#WEREWOLF,Game7,Youtube / One#Night#Ultimate#Love#Letter##ONE#NIGHT#ULTIMATE#WEREWOLF / Game7,Justin,"Tyler (claiming Seer) states that Justin is lying about being the Copycat and indicates he saw a Werewolf and a Copycat in different locations. Paul (claiming Troublemaker) claims to have swapped Justin and Mitchell and strongly advocates for voting out Justin. Justin's shifting claims (first claiming Copycat, then Robber) make him the most suspicious player in the group.",One#Night#Ultimate#Love#Letter##ONE#NIGHT#ULTIMATE#WEREWOLF_Game7,"[""Justin"", ""Mitchell"", ""Paul"", ""Tyler""]","[""Werewolf"", ""Tanner"", ""Troublemaker"", ""Drunk""]",True,player,"[""Justin""]",player_vote,Justin,Justin,Justin,0.0,Werewolf,True,False
C:\Users\annab\Documents\GitHub\masters_thesis_sdg\results\voting\unsloth_gemma-4-31B-it-unsloth-bnb-4bit\prompt_v4_run_1\Youtube\ONE#NIGHT#ULTIMATE#WEREWOLF##Retro#1_Game1.json,run_1,1,stochastic,1.0,prompt_v4_run_1,Youtube,ONE#NIGHT#ULTIMATE#WEREWOLF##Retro#1,Game1,Youtube / ONE#NIGHT#ULTIMATE#WEREWOLF##Retro#1 / Game1,Mitchell,"Mitchell claims to be the Troublemaker and states that he swapped his own card with Alvin's. However, the game rules explicitly state that the Troublemaker swaps the cards of 'two other players' and cannot swap their own card. This contradiction proves Mitchell is lying about his role, making him the most likely Werewolf.",ONE#NIGHT#ULTIMATE#WEREWOLF##Retro#1_Game1,"[""Justin"", ""Alvin"", ""James"", ""Mitchell""]","[""Villager"", ""Villager"", ""Robber"", ""Werewolf""]",True,player,"[""Mitchell""]",player_vote,Mitchell,Mitchell,Mitchell,3.0,Werewolf,True,False
C:\Users\annab\Documents\GitHub\masters_thesis_sdg\results\voting\unsloth_gemma-4-31B-it-unsloth-bnb-4bit\prompt_v4_run_1\Youtube\ONE#NIGHT#ULTIMATE#WEREWOLF##Retro#1_Game10.json,run_1,1,stochastic,1.0,prompt_v4_run_1,Youtube,ONE#NIGHT#ULTIMATE#WEREWOLF##Retro#1,Game10,Youtube / ONE#NIGHT#ULTIMATE#WEREWOLF##Retro#1 / Game10,Justin,"Alvin claimed to be the Seer and identified Justin as the Werewolf. Both James and Mitchell, despite conflicting claims about who the Robber was, attempted to verify Alvin's role as the Seer, which increases the likelihood that Alvin's information is accurate. Justin did not provide a counter-claim to his role and eventually sarcastically admitted to being the Werewolf. Therefore, Justin is the most probable target for Team Village to eliminate.",ONE#NIGHT#ULTIMATE#WEREWOLF##Retro#1_Game10,"[""Justin"", ""Alvin"", ""James"", ""Mitchell""]","[""Robber"", ""Seer"", ""Tanner"", ""Werewolf""]",True,player,"[""Mitchell""]",player_vote,Justin,Justin,Justin,0.0,Robber,False,False
C:\Users\annab\Documents\GitHub\masters_thesis_sdg\results\voting\unsloth_gemma-4-31B-it-unsloth-bnb-4bit\prompt_v4_run_1\Youtube\ONE#NIGHT#ULTIMATE#WEREWOLF##Retro#1_Game2.json,run_1,1,stochastic,1.0,prompt_v4_run_1,Youtube,ONE#NIGHT#ULTIMATE#WEREWOLF##Retro#1,Game2,Youtube / ONE#NIGHT#ULTIMATE#WEREWOLF##Retro#1 / Game2,Mitchell,"James is exhibiting classic Tanner behavior by repeatedly begging the group to vote him out ('gank me'). Mitchell's behavior is highly suspicious; he twice admits to being the Werewolf ('I absolutely know I was', 'I was the Werewolf') before abruptly attempting to divert the vote toward James. If James is the Tanner, voting him out would result in a loss for Team Village, whereas voting out Mitchell—who is acting as a deflective Werewolf—would secure a victory.",ONE#NIGHT#ULTIMATE#WEREWOLF##Retro#1_Game2,"[""Justin"", ""Alvin"", ""James"", ""Mitchell""]","[""Werewolf"", ""Villager"", ""Robber"", ""Villager""]",True,player,"[""Justin""]",player_vote,Mitchell,Mitchell,Mitchell,3.0,Villager,False,False
C:\Users\annab\Documents\GitHub\masters_thesis_sdg\results\voting\unsloth_gemma-4-31B-it-unsloth-bnb-4bit\prompt_v4_run_1\Youtube\ONE#NIGHT#ULTIMATE#WEREWOLF##Retro#1_Game3.json,run_1,1,stochastic,1.0,prompt_v4_run_1,Youtube,ONE#NIGHT#ULTIMATE#WEREWOLF##Retro#1,Game3,Youtube / ONE#NIGHT#ULTIMATE#WEREWOLF##Retro#1 / Game3,Justin,"Alvin claims to be the Seer and explicitly states that he looked at Justin's card and saw it was a Werewolf. While Justin claims to be a Villager, there are no other players claiming roles that would contradict Alvin's information (such as another Seer or a Robber/Troublemaker claiming to have swapped Justin's card). Both James and Mitchell eventually decide to trust Alvin's claim, making Justin the most likely candidate for the Werewolf.",ONE#NIGHT#ULTIMATE#WEREWOLF##Retro#1_Game3,"[""Justin"", ""Alvin"", ""James"", ""Mitchell""]","[""Robber"", ""Seer"", ""Villager"", ""Werewolf""]",True,player,"[""Mitchell""]",player_vote,Justin,Justin,Justin,0.0,Robber,False,False
C:\Users\annab\Documents\GitHub\masters_thesis_sdg\results\voting\unsloth_gemma-4-31B-it-unsloth-bnb-4bit\prompt_v4_run_1\Youtube\ONE#NIGHT#ULTIMATE#WEREWOLF##Retro#1_Game4.json,run_1,1,stochastic,1.0,prompt_v4_run_1,Youtube,ONE#NIGHT#ULTIMATE#WEREWOLF##Retro#1,Game4,Youtube / ONE#NIGHT#ULTIMATE#WEREWOLF##Retro#1 / Game4,James,"James is the most suspicious player because he contradicted his own role claim. He initially claimed to be a villager (at [80]) but later claimed to be the Seer (at [93]), asserting that he saw a werewolf in the center (at [98]). This shift in identity and the attempt to convince the group that the werewolf is not among the players are classic bluffing tactics used by werewolves to avoid elimination.",ONE#NIGHT#ULTIMATE#WEREWOLF##Retro#1_Game4,"[""Justin"", ""Alvin"", ""James"", ""Mitchell""]","[""Robber"", ""Seer"", ""Villager"", ""Werewolf""]",True,player,"[""Mitchell""]",player_vote,James,James,James,2.0,Villager,False,False
C:\Users\annab\Documents\GitHub\masters_thesis_sdg\results\voting\unsloth_gemma-4-31B-it-unsloth-bnb-4bit\prompt_v4_run_1\Youtube\ONE#NIGHT#ULTIMATE#WEREWOLF##Retro#1_Game5.json,run_1,1,stochastic,1.0,prompt_v4_run_1,Youtube,ONE#NIGHT#ULTIMATE#WEREWOLF##Retro#1,Game5,Youtube / ONE#NIGHT#ULTIMATE#WEREWOLF##Retro#1 / Game5,Mitchell,"Mitchell claimed to be the Seer but exhibited highly suspicious behavior, including 'slow-rolling' information and using hesitant phrasing ('If you believe me'), which caused the other players to lose trust in him. His late assertion that he saw Alvin as the Werewolf appeared to be a desperate attempt to deflect suspicion after he had already lost credibility with the group. Given the social dynamics and the consensus among the other players, Mitchell is the most likely candidate for the Werewolf.",ONE#NIGHT#ULTIMATE#WEREWOLF##Retro#1_Game5,"[""Justin"", ""Alvin"", ""James"", ""Mitchell""]","[""Villager"", ""Robber"", ""Villager"", ""Werewolf""]",True,player,"[""Mitchell""]",player_vote,Mitchell,Mitchell,Mitchell,3.0,Werewolf,True,False
C:\Users\annab\Documents\GitHub\masters_thesis_sdg\results\voting\unsloth_gemma-4-31B-it-unsloth-bnb-4bit\prompt_v4_run_1\Youtube\ONE#NIGHT#ULTIMATE#WEREWOLF##Retro#1_Game6.json,run_1,1,stochastic,1.0,prompt_v4_run_1,Youtube,ONE#NIGHT#ULTIMATE#WEREWOLF##Retro#1,Game6,Youtube / ONE#NIGHT#ULTIMATE#WEREWOLF##Retro#1 / Game6,Mitchell,"James, Alvin, and Justin have created a verification chain: Justin claims to be the Robber who swapped with Alvin, thereby confirming Alvin was the Seer, and Alvin claims to have seen that James is the Hunter. If this chain is truthful, James, Alvin, and Justin are all Team Village. Mitchell is the only player whose claim of being a Villager is entirely unverified by any other player, making him the most likely candidate for the Werewolf.",ONE#NIGHT#ULTIMATE#WEREWOLF##Retro#1_Game6,"[""Justin"", ""Alvin"", ""James"", ""Mitchell""]","[""Werewolf"", ""Seer"", ""Hunter"", ""Robber""]",True,player,"[""Justin""]",player_vote,Mitchell,Mitchell,Mitchell,3.0,Robber,False,False
C:\Users\annab\Documents\GitHub\masters_thesis_sdg\results\voting\unsloth_gemma-4-31B-it-unsloth-bnb-4bit\prompt_v4_run_1\Youtube\ONE#NIGHT#ULTIMATE#WEREWOLF##Retro#1_Game7.json,run_1,1,stochastic,1.0,prompt_v4_run_1,Youtube,ONE#NIGHT#ULTIMATE#WEREWOLF##Retro#1,Game7,Youtube / ONE#NIGHT#ULTIMATE#WEREWOLF##Retro#1 / Game7,James,"James explicitly admitted to being the Werewolf during the discussion, stating, 'I really put myself up in a poor position here by admitting I'm the werewolf.' This confession is corroborated by Justin, who claimed to be the Seer and stated he saw James's card as a Werewolf. Despite potential role swaps, James's own admission makes him the most likely target to ensure a Team Village win.",ONE#NIGHT#ULTIMATE#WEREWOLF##Retro#1_Game7,"[""Justin"", ""Alvin"", ""James"", ""Mitchell""]","[""Seer"", ""Drunk"", ""Werewolf"", ""Werewolf""]",True,player,"[""James"", ""Mitchell""]",player_vote,James,James,James,2.0,Werewolf,True,False
C:\Users\annab\Documents\GitHub\masters_thesis_sdg\results\voting\unsloth_gemma-4-31B-it-unsloth-bnb-4bit\prompt_v4_run_1\Youtube\ONE#NIGHT#ULTIMATE#WEREWOLF##Retro#1_Game8.json,run_1,1,stochastic,1.0,prompt_v4_run_1,Youtube,ONE#NIGHT#ULTIMATE#WEREWOLF##Retro#1,Game8,Youtube / ONE#NIGHT#ULTIMATE#WEREWOLF##Retro#1 / Game8,Alvin,"Alvin is the most suspicious player due to a blatant contradiction in his claims. He initially claimed to be the Seer and stated he saw that James was a villager, but later changed his claim to being the Robber to explain how he knew James's role. This type of inconsistent bluffing is a strong indicator of a Werewolf attempting to adapt their story to the discussion. While Mitchell's claim of being the Drunk is unverified, Alvin's flip-flopping is a more reliable signal of deception.",ONE#NIGHT#ULTIMATE#WEREWOLF##Retro#1_Game8,"[""Justin"", ""Alvin"", ""James"", ""Mitchell""]","[""Villager"", ""Werewolf"", ""Robber"", ""Werewolf""]",True,player,"[""Alvin"", ""Mitchell""]",player_vote,Alvin,Alvin,Alvin,1.0,Werewolf,True,False
C:\Users\annab\Documents\GitHub\masters_thesis_sdg\results\voting\unsloth_gemma-4-31B-it-unsloth-bnb-4bit\prompt_v4_run_1\Youtube\ONE#NIGHT#ULTIMATE#WEREWOLF##Retro#1_Game9.json,run_1,1,stochastic,1.0,prompt_v4_run_1,Youtube,ONE#NIGHT#ULTIMATE#WEREWOLF##Retro#1,Game9,Youtube / ONE#NIGHT#ULTIMATE#WEREWOLF##Retro#1 / Game9,Justin,"Justin's behavior is highly suspicious; he claimed to be the Seer only after Mitchell had already made that claim, and then asserted that he saw a Werewolf in the center. This is a classic bluff used by Werewolves to convince the village that no one among the players is a Werewolf, thereby avoiding elimination. Furthermore, Justin's attempt to frame Mitchell as the Tanner is a common diversionary tactic to shift suspicion away from himself.",ONE#NIGHT#ULTIMATE#WEREWOLF##Retro#1_Game9,"[""Justin"", ""Alvin"", ""James"", ""Mitchell""]","[""Seer"", ""Robber"", ""Villager"", ""Werewolf""]",True,player,"[""Mitchell""]",player_vote,Justin,Justin,Justin,0.0,Seer,False,False
C:\Users\annab\Documents\GitHub\masters_thesis_sdg\results\voting\unsloth_gemma-4-31B-it-unsloth-bnb-4bit\prompt_v4_run_1\Youtube\ONE#NIGHT#ULTIMATE#WEREWOLF##Retro#2_Game1.json,run_1,1,stochastic,1.0,prompt_v4_run_1,Youtube,ONE#NIGHT#ULTIMATE#WEREWOLF##Retro#2,Game1,Youtube / ONE#NIGHT#ULTIMATE#WEREWOLF##Retro#2 / Game1,Caitlynn,"Justin admits he was the starting Werewolf and that he saw the Robber card in the center. Dan, claiming to be the Troublemaker, states he swapped Justin and Caitlynn. Mitchell, claiming to be the Seer, confirms that Justin is being honest. If Justin was the Werewolf and was swapped with Caitlynn, then Caitlynn is now the Werewolf.",ONE#NIGHT#ULTIMATE#WEREWOLF##Retro#2_Game1,"[""Justin"", ""Dan"", ""Mitchell"", ""Caitlynn"", ""Mike""]","[""Villager"", ""Troublemaker"", ""Seer"", ""Werewolf"", ""Villager""]",True,player,"[""Caitlynn""]",player_vote,Caitlynn,Caitlynn,Caitlynn,3.0,Werewolf,True,False
C:\Users\annab\Documents\GitHub\masters_thesis_sdg\results\voting\unsloth_gemma-4-31B-it-unsloth-bnb-4bit\prompt_v4_run_1\Youtube\ONE#NIGHT#ULTIMATE#WEREWOLF##Retro#2_Game2.json,run_1,1,stochastic,1.0,prompt_v4_run_1,Youtube,ONE#NIGHT#ULTIMATE#WEREWOLF##Retro#2,Game2,Youtube / ONE#NIGHT#ULTIMATE#WEREWOLF##Retro#2 / Game2,Mike,"Justin, Caitlynn, Mitchell, and Dan all provided role claims (Seer, Robber, and Villager), while Mike is the only player who did not claim a role. Furthermore, Mike supports a 'vote left' strategy, which would result in a five-way tie where no one is eliminated, a scenario that guarantees a win for Team Werewolf if a Werewolf is present. Given the lack of a role claim and his alignment with a strategy that avoids elimination, Mike is the most suspicious player.",ONE#NIGHT#ULTIMATE#WEREWOLF##Retro#2_Game2,"[""Justin"", ""Dan"", ""Mitchell"", ""Caitlynn"", ""Mike""]","[""Villager"", ""Seer"", ""Robber"", ""Villager"", ""Troublemaker""]",False,circle,[],player_vote,Mike,Mike,Mike,4.0,Troublemaker,False,False
C:\Users\annab\Documents\GitHub\masters_thesis_sdg\results\voting\unsloth_gemma-4-31B-it-unsloth-bnb-4bit\prompt_v4_run_1\Youtube\ONE#NIGHT#ULTIMATE#WEREWOLF##Retro#2_Game3.json,run_1,1,stochastic,1.0,prompt_v4_run_1,Youtube,ONE#NIGHT#ULTIMATE#WEREWOLF##Retro#2,Game3,Youtube / ONE#NIGHT#ULTIMATE#WEREWOLF##Retro#2 / Game3,Justin,"Justin explicitly admitted to being a werewolf during the discussion, stating 'I was a werewolf' and later agreeing when Mitchell identified him as such. While this behavior could potentially be a bluff by the Tanner, he is the only player who has confessed to the role or been accused based on their own statements. Given the available information, Justin is the most likely candidate for the werewolf.",ONE#NIGHT#ULTIMATE#WEREWOLF##Retro#2_Game3,"[""Justin"", ""Dan"", ""Mitchell"", ""Caitlynn"", ""Mike""]","[""Werewolf"", ""Villager"", ""Robber"", ""Villager"", ""Troublemaker""]",True,player,"[""Justin""]",player_vote,Justin,Justin,Justin,0.0,Werewolf,True,False
C:\Users\annab\Documents\GitHub\masters_thesis_sdg\results\voting\unsloth_gemma-4-31B-it-unsloth-bnb-4bit\prompt_v4_run_1\Youtube\ONE#NIGHT#ULTIMATE#WEREWOLF##Retro#2_Game4.json,run_1,1,stochastic,1.0,prompt_v4_run_1,Youtube,ONE#NIGHT#ULTIMATE#WEREWOLF##Retro#2,Game4,Youtube / ONE#NIGHT#ULTIMATE#WEREWOLF##Retro#2 / Game4,Mike,"Dan claimed to be the Seer and explicitly identified Mike as the Werewolf. While Mike claimed to be the Troublemaker, this is a common bluff for Werewolves to avoid elimination. The other players, specifically Justin and Caitlynn, indicated they believed Dan's claim and were ready to vote for Mike.",ONE#NIGHT#ULTIMATE#WEREWOLF##Retro#2_Game4,"[""Justin"", ""Dan"", ""Mitchell"", ""Caitlynn"", ""Mike""]","[""Villager"", ""Seer"", ""Villager"", ""Robber"", ""Werewolf""]",True,player,"[""Mike""]",player_vote,Mike,Mike,Mike,4.0,Werewolf,True,False
C:\Users\annab\Documents\GitHub\masters_thesis_sdg\results\voting\unsloth_gemma-4-31B-it-unsloth-bnb-4bit\prompt_v4_run_1\Youtube\ONE#NIGHT#ULTIMATE#WEREWOLF##Retro#2_Game5.json,run_1,1,stochastic,1.0,prompt_v4_run_1,Youtube,ONE#NIGHT#ULTIMATE#WEREWOLF##Retro#2,Game5,Youtube / ONE#NIGHT#ULTIMATE#WEREWOLF##Retro#2 / Game5,Justin,"Caitlynn explicitly claims to have seen that Justin is the werewolf ('I looked at that. Justin's the werewolf'), which suggests she is either the Seer, the Doppelganger, or the Minion. Mike supports this claim, stating that even if Justin wasn't the werewolf initially, he is now due to a card swap Mike performed as the Troublemaker. Justin's claim to be the Seer is contradicted by Caitlynn's direct accusation, making him the most likely candidate for the werewolf.",ONE#NIGHT#ULTIMATE#WEREWOLF##Retro#2_Game5,"[""Justin"", ""Dan"", ""Mitchell"", ""Caitlynn"", ""Mike""]","[""Robber"", ""Tanner"", ""Seer"", ""Werewolf"", ""Troublemaker""]",True,player,"[""Caitlynn""]",player_vote,Justin,Justin,Justin,0.0,Robber,False,False
C:\Users\annab\Documents\GitHub\masters_thesis_sdg\results\voting\unsloth_gemma-4-31B-it-unsloth-bnb-4bit\prompt_v4_run_1\Youtube\ONE#NIGHT#ULTIMATE#WEREWOLF##Retro#2_Game6.json,run_1,1,stochastic,1.0,prompt_v4_run_1,Youtube,ONE#NIGHT#ULTIMATE#WEREWOLF##Retro#2,Game6,Youtube / ONE#NIGHT#ULTIMATE#WEREWOLF##Retro#2 / Game6,Justin,"Justin claims to be the Seer but contradicts himself, first stating Mitchell is a werewolf and later claiming he saw two villagers in the center. Dan also claims to be the Seer and identifies Justin as a villager and Mike as the Robber. Caitlynn, the Troublemaker, states she swapped Justin and Mitchell; if Mitchell was the Werewolf and was swapped with Justin, Justin is now the Werewolf. Given Justin's inconsistent claims and the swap, he is the most likely candidate for the Werewolf role.",ONE#NIGHT#ULTIMATE#WEREWOLF##Retro#2_Game6,"[""Justin"", ""Dan"", ""Mitchell"", ""Caitlynn"", ""Mike""]","[""Werewolf"", ""Seer"", ""Tanner"", ""Troublemaker"", ""Werewolf""]",True,player,"[""Justin"", ""Mike""]",player_vote,Justin,Justin,Justin,0.0,Werewolf,True,False
C:\Users\annab\Documents\GitHub\masters_thesis_sdg\results\voting\unsloth_gemma-4-31B-it-unsloth-bnb-4bit\prompt_v4_run_1\Youtube\ONE#NIGHT#ULTIMATE#WEREWOLF##Retro#2_Game7.json,run_1,1,stochastic,1.0,prompt_v4_run_1,Youtube,ONE#NIGHT#ULTIMATE#WEREWOLF##Retro#2,Game7,Youtube / ONE#NIGHT#ULTIMATE#WEREWOLF##Retro#2 / Game7,Justin,"Justin makes several contradictory role claims throughout the discussion. He first claims to be the Seer and says he looked at two cards in the center [25, 109], but later claims he was the Robber and switched cards with Dan [111]. Since a player cannot be both the Seer and the Robber, Justin is clearly lying, which is a strong indicator that he is a Werewolf attempting to bluff his way through the game.",ONE#NIGHT#ULTIMATE#WEREWOLF##Retro#2_Game7,"[""Justin"", ""Dan"", ""Mitchell"", ""Caitlynn"", ""Mike""]","[""Seer"", ""Robber"", ""Werewolf"", ""Werewolf"", ""Villager""]",True,player,"[""Mitchell"", ""Caitlynn""]",player_vote,Justin,Justin,Justin,0.0,Seer,False,False
C:\Users\annab\Documents\GitHub\masters_thesis_sdg\results\voting\unsloth_gemma-4-31B-it-unsloth-bnb-4bit\prompt_v4_run_1\Youtube\ONE#NIGHT#ULTIMATE#WEREWOLF##Retro#2_Game8.json,run_1,1,stochastic,1.0,prompt_v4_run_1,Youtube,ONE#NIGHT#ULTIMATE#WEREWOLF##Retro#2,Game8,Youtube / ONE#NIGHT#ULTIMATE#WEREWOLF##Retro#2 / Game8,No Werewolf,"Dan claims to be the Seer and states that he saw two Werewolf cards in the center. If this is true, no player is a Werewolf, and Team Village wins by voting 'No Werewolf'. While Justin's behavior is suspicious (claiming to be the Robber and then the Tanner), this is consistent with the role of the Tanner. Given the specific information provided by Dan and the lack of contradictory evidence from other players, the most logical conclusion is that no Werewolf is present among the players.",ONE#NIGHT#ULTIMATE#WEREWOLF##Retro#2_Game8,"[""Justin"", ""Dan"", ""Mitchell"", ""Caitlynn"", ""Mike""]","[""Seer"", ""Werewolf"", ""Robber"", ""Tanner"", ""Villager""]",True,player,"[""Dan""]",circle_vote,No Werewolf,,,,,False,True
C:\Users\annab\Documents\GitHub\masters_thesis_sdg\results\voting\unsloth_gemma-4-31B-it-unsloth-bnb-4bit\prompt_v4_run_1\Youtube\ONE#NIGHT#ULTIMATE#WEREWOLF##Retro#3_Game2.json,run_1,1,stochastic,1.0,prompt_v4_run_1,Youtube,ONE#NIGHT#ULTIMATE#WEREWOLF##Retro#3,Game2,Youtube / ONE#NIGHT#ULTIMATE#WEREWOLF##Retro#3 / Game2,Mike,"Justin claims to be a Villager, and Mitchell claims to be the Robber who stole Justin's Villager card, which aligns their stories. Mike claims to be a Villager, but Mitchell points out that Mike previously claimed to be the Insomniac, a contradiction that suggests Mike is bluffing. With Justin, Mitchell, and James all converging on Mike as the most suspicious player, Mike is the most likely Werewolf.",ONE#NIGHT#ULTIMATE#WEREWOLF##Retro#3_Game2,"[""Justin"", ""Mike"", ""James"", ""Mitchell""]","[""Villager"", ""Villager"", ""Robber"", ""Werewolf""]",True,player,"[""Mitchell""]",player_vote,Mike,Mike,Mike,1.0,Villager,False,False
C:\Users\annab\Documents\GitHub\masters_thesis_sdg\results\voting\unsloth_gemma-4-31B-it-unsloth-bnb-4bit\prompt_v4_run_1\Youtube\ONE#NIGHT#ULTIMATE#WEREWOLF##Retro#3_Game3.json,run_1,1,stochastic,1.0,prompt_v4_run_1,Youtube,ONE#NIGHT#ULTIMATE#WEREWOLF##Retro#3,Game3,Youtube / ONE#NIGHT#ULTIMATE#WEREWOLF##Retro#3 / Game3,No Werewolf,"Mitchell claims to be the Seer and states he saw two werewolves in the center of the table. Mike supports this by claiming to be the Robber who swapped cards with Mitchell, thereby confirming Mitchell's starting role as the Seer. If these claims are truthful, all werewolf cards are in the center, meaning no player is a werewolf. In this scenario, Team Village wins by voting 'No Werewolf'.",ONE#NIGHT#ULTIMATE#WEREWOLF##Retro#3_Game3,"[""Justin"", ""Mike"", ""James"", ""Mitchell""]","[""Villager"", ""Seer"", ""Villager"", ""Robber""]",False,circle,[],circle_vote,No Werewolf,,,,,True,True
C:\Users\annab\Documents\GitHub\masters_thesis_sdg\results\voting\unsloth_gemma-4-31B-it-unsloth-bnb-4bit\prompt_v4_run_1\Youtube\ONE#NIGHT#ULTIMATE#WEREWOLF##Retro#3_Game4.json,run_1,1,stochastic,1.0,prompt_v4_run_1,Youtube,ONE#NIGHT#ULTIMATE#WEREWOLF##Retro#3,Game4,Youtube / ONE#NIGHT#ULTIMATE#WEREWOLF##Retro#3 / Game4,Mitchell,"Mitchell claims he was the Tanner and that Mike (the Robber) stole his card. If this were true, Mike would currently be the Tanner, and Mitchell would be a Villager; however, Mitchell then agrees to vote for Mike, which contradicts the goal of Team Village (who would not want to vote out the Tanner). This inconsistency suggests Mitchell is lying about the Tanner role to divert suspicion and is likely the Werewolf. James and Justin also express suspicion toward Mike and Mitchell, but Mitchell's behavior is the most logically inconsistent.",ONE#NIGHT#ULTIMATE#WEREWOLF##Retro#3_Game4,"[""Justin"", ""Mike"", ""James"", ""Mitchell""]","[""Insomniac"", ""Werewolf"", ""Villager"", ""Tanner""]",True,player,"[""Mike""]",player_vote,Mitchell,Mitchell,Mitchell,3.0,Tanner,False,False
C:\Users\annab\Documents\GitHub\masters_thesis_sdg\results\voting\unsloth_gemma-4-31B-it-unsloth-bnb-4bit\prompt_v4_run_1\Youtube\ONE#NIGHT#ULTIMATE#WEREWOLF##Retro#3_Game5.json,run_1,1,stochastic,1.0,prompt_v4_run_1,Youtube,ONE#NIGHT#ULTIMATE#WEREWOLF##Retro#3,Game5,Youtube / ONE#NIGHT#ULTIMATE#WEREWOLF##Retro#3 / Game5,James,"James explicitly confesses to being the werewolf in the final moments of the discussion ('I am the werewolf so...'). Additionally, Justin (claiming Troublemaker) states he switched James and Mitchell, and Mitchell initially claimed to have started as the werewolf. If Justin's switch occurred, James would have inherited the werewolf role, which aligns with his confession and his starting role as the Insomniac (allowing him to know his final role).",ONE#NIGHT#ULTIMATE#WEREWOLF##Retro#3_Game5,"[""Justin"", ""Mike"", ""James"", ""Mitchell""]","[""Troublemaker"", ""Werewolf"", ""Villager"", ""Insomniac""]",True,player,"[""Mike""]",player_vote,James,James,James,2.0,Villager,False,False
C:\Users\annab\Documents\GitHub\masters_thesis_sdg\results\voting\unsloth_gemma-4-31B-it-unsloth-bnb-4bit\prompt_v4_run_1\Youtube\ONE#NIGHT#ULTIMATE#WEREWOLF##Retro#3_Game6.json,run_1,1,stochastic,1.0,prompt_v4_run_1,Youtube,ONE#NIGHT#ULTIMATE#WEREWOLF##Retro#3,Game6,Youtube / ONE#NIGHT#ULTIMATE#WEREWOLF##Retro#3 / Game6,Mike,"Mike claims to be the Seer and asserts that two werewolves are in the center, which would imply no player is a werewolf. However, his hesitation to reveal this information and the contradictory claims made by Mitchell (who also claimed to know the center cards before claiming to be the Robber) suggest that Mike is lying to divert suspicion. The other players eventually converge on the belief that Mike is the werewolf, while Justin's behavior is consistent with being the Tanner. Therefore, voting for Mike is the most likely way for Team Village to win.",ONE#NIGHT#ULTIMATE#WEREWOLF##Retro#3_Game6,"[""Justin"", ""Mike"", ""James"", ""Mitchell""]","[""Insomniac"", ""Werewolf"", ""Troublemaker"", ""Tanner""]",True,player,"[""Mike""]",player_vote,Mike,Mike,Mike,1.0,Werewolf,True,False
C:\Users\annab\Documents\GitHub\masters_thesis_sdg\results\voting\unsloth_gemma-4-31B-it-unsloth-bnb-4bit\prompt_v4_run_1\Youtube\ONE#NIGHT#ULTIMATE#WEREWOLF##Retro#3_Game7.json,run_1,1,stochastic,1.0,prompt_v4_run_1,Youtube,ONE#NIGHT#ULTIMATE#WEREWOLF##Retro#3,Game7,Youtube / ONE#NIGHT#ULTIMATE#WEREWOLF##Retro#3 / Game7,Mitchell,"James and Mitchell both claim to have started as the Tanner, but only one Tanner can exist. Mike (claiming Troublemaker) states he switched Justin and James; if James started as the Tanner, he would now be the Seer and want the Village to win, making his accusation against Mitchell logically consistent. Mitchell's claim to be the Tanner is contradicted by his statement that he 'lost this game,' whereas a Tanner would be eager to be voted out to win. Therefore, Mitchell is the most likely Werewolf bluffing as the Tanner.",ONE#NIGHT#ULTIMATE#WEREWOLF##Retro#3_Game7,"[""Justin"", ""Mike"", ""James"", ""Mitchell""]","[""Tanner"", ""Troublemaker"", ""Seer"", ""Werewolf""]",True,player,"[""Mitchell""]",player_vote,Mitchell,Mitchell,Mitchell,3.0,Werewolf,True,False
C:\Users\annab\Documents\GitHub\masters_thesis_sdg\results\voting\unsloth_gemma-4-31B-it-unsloth-bnb-4bit\prompt_v4_run_1\Youtube\ONE#NIGHT#ULTIMATE#WEREWOLF##Retro#3_Game8.json,run_1,1,stochastic,1.0,prompt_v4_run_1,Youtube,ONE#NIGHT#ULTIMATE#WEREWOLF##Retro#3,Game8,Youtube / ONE#NIGHT#ULTIMATE#WEREWOLF##Retro#3 / Game8,No Werewolf,"James claims to be the Seer and states that he saw two werewolves in the center of the table. Justin claims to be the Troublemaker and says he did not switch any cards, and Mitchell claims to be the Insomniac and confirms he did not change roles. These claims are internally consistent and suggest that no player currently holds a werewolf card.",ONE#NIGHT#ULTIMATE#WEREWOLF##Retro#3_Game8,"[""Justin"", ""Mike"", ""James"", ""Mitchell""]","[""Troublemaker"", ""Insomniac"", ""Seer"", ""Tanner""]",False,circle,[],circle_vote,No Werewolf,,,,,True,True
C:\Users\annab\Documents\GitHub\masters_thesis_sdg\results\voting\unsloth_gemma-4-31B-it-unsloth-bnb-4bit\prompt_v4_run_1\Youtube\ONE#NIGHT#ULTIMATE#WEREWOLF##Retro#4_Game10.json,run_1,1,stochastic,1.0,prompt_v4_run_1,Youtube,ONE#NIGHT#ULTIMATE#WEREWOLF##Retro#4,Game10,Youtube / ONE#NIGHT#ULTIMATE#WEREWOLF##Retro#4 / Game10,Mitchell,"Mike, Caitlynn, and James have claimed roles (Seer, Troublemaker, and Robber) that are largely consistent with one another's accounts. Justin admits to a mistake during the night but is generally accepted as part of the village-aligned group. Mitchell has not claimed a role and is the only player who does not fit into the established narrative, making him the most likely candidate for the Werewolf.",ONE#NIGHT#ULTIMATE#WEREWOLF##Retro#4_Game10,"[""Justin"", ""Caitlynn"", ""Mike"", ""James"", ""Mitchell""]","[""Werewolf"", ""Troublemaker"", ""Werewolf"", ""Seer"", ""Robber""]",True,player,"[""Justin"", ""Mike""]",player_vote,Mitchell,Mitchell,Mitchell,4.0,Robber,False,False
C:\Users\annab\Documents\GitHub\masters_thesis_sdg\results\voting\unsloth_gemma-4-31B-it-unsloth-bnb-4bit\prompt_v4_run_1\Youtube\ONE#NIGHT#ULTIMATE#WEREWOLF##Retro#4_Game11.json,run_1,1,stochastic,1.0,prompt_v4_run_1,Youtube,ONE#NIGHT#ULTIMATE#WEREWOLF##Retro#4,Game11,Youtube / ONE#NIGHT#ULTIMATE#WEREWOLF##Retro#4 / Game11,Mitchell,"Mitchell's claims are logically contradictory. He asserts he was a Minion who saw Justin as a Werewolf, and that James (the Troublemaker) swapped their cards, which would make Mitchell the Werewolf. He then confusingly claims to be an Insomniac, a role that cannot be achieved through a Troublemaker swap between a Minion and a Werewolf. This inconsistency strongly suggests Mitchell is lying to frame Justin and hide his own identity as the Werewolf.",ONE#NIGHT#ULTIMATE#WEREWOLF##Retro#4_Game11,"[""Justin"", ""Caitlynn"", ""Mike"", ""James"", ""Mitchell""]","[""Werewolf"", ""Minion"", ""Robber"", ""Troublemaker"", ""Insomniac""]",True,player,"[""Justin""]",player_vote,Mitchell,Mitchell,Mitchell,4.0,Insomniac,False,False
C:\Users\annab\Documents\GitHub\masters_thesis_sdg\results\voting\unsloth_gemma-4-31B-it-unsloth-bnb-4bit\prompt_v4_run_1\Youtube\ONE#NIGHT#ULTIMATE#WEREWOLF##Retro#4_Game3.json,run_1,1,stochastic,1.0,prompt_v4_run_1,Youtube,ONE#NIGHT#ULTIMATE#WEREWOLF##Retro#4,Game3,Youtube / ONE#NIGHT#ULTIMATE#WEREWOLF##Retro#4 / Game3,Mike,"Mike claims to be the Seer and identifies Mitchell as the Werewolf, but then immediately claims to know that Caitlynn was the Drunk. Since the Seer can only look at one player's card or two center cards, Mike cannot possibly have this information if he is the Seer. Furthermore, his phrasing ('I'm going to say that I was the seer') and the unnatural support from Justin ('I'm going to confirm Mike's story') strongly suggest a coordinated bluff by Team Werewolf.",ONE#NIGHT#ULTIMATE#WEREWOLF##Retro#4_Game3,"[""Justin"", ""Caitlynn"", ""Mike"", ""James"", ""Mitchell""]","[""Troublemaker"", ""Werewolf"", ""Insomniac"", ""Seer"", ""Werewolf""]",True,player,"[""Caitlynn"", ""Mitchell""]",player_vote,Mike,Mike,Mike,2.0,Insomniac,False,False
C:\Users\annab\Documents\GitHub\masters_thesis_sdg\results\voting\unsloth_gemma-4-31B-it-unsloth-bnb-4bit\prompt_v4_run_1\Youtube\ONE#NIGHT#ULTIMATE#WEREWOLF##Retro#4_Game4.json,run_1,1,stochastic,1.0,prompt_v4_run_1,Youtube,ONE#NIGHT#ULTIMATE#WEREWOLF##Retro#4,Game4,Youtube / ONE#NIGHT#ULTIMATE#WEREWOLF##Retro#4 / Game4,Mitchell,"Mike (Seer) looked at two cards in the center, and the discussion implies he saw Werewolves there. Mitchell (Drunk) admitted to swapping his card with one from the center, meaning there is a high probability he picked up a Werewolf card. Mitchell's confusing attempts to divert the vote toward Caitlynn further suggest he is attempting to hide his identity as a Werewolf.",ONE#NIGHT#ULTIMATE#WEREWOLF##Retro#4_Game4,"[""Justin"", ""Caitlynn"", ""Mike"", ""James"", ""Mitchell""]","[""Werewolf"", ""Minion"", ""Insomniac"", ""Troublemaker"", ""Robber""]",True,player,"[""Justin""]",player_vote,Mitchell,Mitchell,Mitchell,4.0,Robber,False,False
C:\Users\annab\Documents\GitHub\masters_thesis_sdg\results\voting\unsloth_gemma-4-31B-it-unsloth-bnb-4bit\prompt_v4_run_1\Youtube\ONE#NIGHT#ULTIMATE#WEREWOLF##Retro#4_Game5.json,run_1,1,stochastic,1.0,prompt_v4_run_1,Youtube,ONE#NIGHT#ULTIMATE#WEREWOLF##Retro#4,Game5,Youtube / ONE#NIGHT#ULTIMATE#WEREWOLF##Retro#4 / Game5,James,"James claimed to be the Robber and admitted to robbing Justin. Mike (Seer) and Justin both confirmed that Justin was a Werewolf. Because the Robber swaps cards after the Seer's action in the night order, James now holds the Werewolf card that Justin previously had. Therefore, James is the current Werewolf.",ONE#NIGHT#ULTIMATE#WEREWOLF##Retro#4_Game5,"[""Justin"", ""Caitlynn"", ""Mike"", ""James"", ""Mitchell""]","[""Robber"", ""Minion"", ""Seer"", ""Werewolf"", ""Insomniac""]",True,player,"[""James""]",player_vote,James,James,James,3.0,Werewolf,True,False
C:\Users\annab\Documents\GitHub\masters_thesis_sdg\results\voting\unsloth_gemma-4-31B-it-unsloth-bnb-4bit\prompt_v4_run_1\Youtube\ONE#NIGHT#ULTIMATE#WEREWOLF##Retro#4_Game6.json,run_1,1,stochastic,1.0,prompt_v4_run_1,Youtube,ONE#NIGHT#ULTIMATE#WEREWOLF##Retro#4,Game6,Youtube / ONE#NIGHT#ULTIMATE#WEREWOLF##Retro#4 / Game6,Caitlynn,"James, Justin, and Mike all claimed roles (Seer, Insomniac, and Troublemaker) that are consistent with each other, as James's Seer claim was confirmed by Justin's Insomniac claim. Mitchell claimed to be the Drunk, but his explanation of the role was logically incoherent and he repeatedly begged the group to vote for him, which is characteristic behavior for the Tanner. Caitlynn is the only player who made no claim and remained silent throughout the discussion, making her the most likely candidate for the Werewolf.",ONE#NIGHT#ULTIMATE#WEREWOLF##Retro#4_Game6,"[""Justin"", ""Caitlynn"", ""Mike"", ""James"", ""Mitchell""]","[""Insomniac"", ""Drunk"", ""Troublemaker"", ""Minion"", ""Robber""]",False,circle,[],player_vote,Caitlynn,Caitlynn,Caitlynn,1.0,Drunk,False,False
C:\Users\annab\Documents\GitHub\masters_thesis_sdg\results\voting\unsloth_gemma-4-31B-it-unsloth-bnb-4bit\prompt_v4_run_1\Youtube\ONE#NIGHT#ULTIMATE#WEREWOLF##Retro#4_Game7.json,run_1,1,stochastic,1.0,prompt_v4_run_1,Youtube,ONE#NIGHT#ULTIMATE#WEREWOLF##Retro#4,Game7,Youtube / ONE#NIGHT#ULTIMATE#WEREWOLF##Retro#4 / Game7,Caitlynn,"Justin claims to be the Minion and states he saw no werewolves, which Mike (claiming Seer) confirms. Mitchell claims to be the Robber and stole from James. This leaves Caitlynn as the most likely candidate for the Drunk role; if two werewolf cards were in the center, the Drunk has a 66% chance of swapping into a werewolf. The players collectively conclude that Caitlynn is the most probable werewolf based on this logic.",ONE#NIGHT#ULTIMATE#WEREWOLF##Retro#4_Game7,"[""Justin"", ""Caitlynn"", ""Mike"", ""James"", ""Mitchell""]","[""Drunk"", ""Insomniac"", ""Seer"", ""Troublemaker"", ""Minion""]",False,circle,[],player_vote,Caitlynn,Caitlynn,Caitlynn,1.0,Insomniac,False,False
C:\Users\annab\Documents\GitHub\masters_thesis_sdg\results\voting\unsloth_gemma-4-31B-it-unsloth-bnb-4bit\prompt_v4_run_1\Youtube\ONE#NIGHT#ULTIMATE#WEREWOLF##Retro#4_Game9.json,run_1,1,stochastic,1.0,prompt_v4_run_1,Youtube,ONE#NIGHT#ULTIMATE#WEREWOLF##Retro#4,Game9,Youtube / ONE#NIGHT#ULTIMATE#WEREWOLF##Retro#4 / Game9,Justin,"Justin's claims are highly inconsistent; he first claims to have stolen from Mike and seen no Seer, then later claims to have stolen from James. Mike claims to be the Seer and saw a Werewolf in the center. If James was the Drunk and swapped with the center, or if Justin (as the Robber) stole the Drunk role from James and then swapped with the center, Justin is the most likely player to currently hold the Werewolf card. Caitlynn's behavior, specifically asking to be voted out, is characteristic of the Tanner.",ONE#NIGHT#ULTIMATE#WEREWOLF##Retro#4_Game9,"[""Justin"", ""Caitlynn"", ""Mike"", ""James"", ""Mitchell""]","[""Minion"", ""Werewolf"", ""Seer"", ""Werewolf"", ""Insomniac""]",True,player,"[""Caitlynn"", ""James""]",player_vote,Justin,Justin,Justin,0.0,Minion,False,False
C:\Users\annab\Documents\GitHub\masters_thesis_sdg\results\voting\unsloth_gemma-4-31B-it-unsloth-bnb-4bit\prompt_v4_run_1\Youtube\ONE#NIGHT#ULTIMATE#WEREWOLF##Retro#5_Game1.json,run_1,1,stochastic,1.0,prompt_v4_run_1,Youtube,ONE#NIGHT#ULTIMATE#WEREWOLF##Retro#5,Game1,Youtube / ONE#NIGHT#ULTIMATE#WEREWOLF##Retro#5 / Game1,Mitchell,"Mitchell's claim to be the Seer is logically impossible, as a Seer can only look at one other player's card or two center cards; he could not have seen 'two werewolves' among the players. Furthermore, Mitchell's strong push for the group to 'vote to the left' so that no one dies is a classic strategy used by Werewolves to ensure their survival. His behavior and contradictory statements make him the most likely candidate for the Werewolf role.",ONE#NIGHT#ULTIMATE#WEREWOLF##Retro#5_Game1,"[""Justin"", ""Paul"", ""Mitchell""]","[""Troublemaker"", ""Seer"", ""Villager""]",False,circle,[],player_vote,Mitchell,Mitchell,Mitchell,2.0,Villager,False,False
C:\Users\annab\Documents\GitHub\masters_thesis_sdg\results\voting\unsloth_gemma-4-31B-it-unsloth-bnb-4bit\prompt_v4_run_1\Youtube\ONE#NIGHT#ULTIMATE#WEREWOLF##Retro#5_Game2.json,run_1,1,stochastic,1.0,prompt_v4_run_1,Youtube,ONE#NIGHT#ULTIMATE#WEREWOLF##Retro#5,Game2,Youtube / ONE#NIGHT#ULTIMATE#WEREWOLF##Retro#5 / Game2,Justin,"Justin's claims are highly inconsistent, shifting from accusing Mitchell to claiming they were both Werewolves, then claiming to be the Robber, and finally admitting to being the Werewolf. Mitchell also suggests that while he may have started as the Werewolf, Justin is the one who currently holds the role (either via the Robber or Troublemaker action). Justin's attempt to frame Mitchell while simultaneously admitting to being a Werewolf is characteristic of a Werewolf attempting to confuse the group.",ONE#NIGHT#ULTIMATE#WEREWOLF##Retro#5_Game2,"[""Justin"", ""Paul"", ""Mitchell""]","[""Villager"", ""Troublemaker"", ""Werewolf""]",True,player,"[""Mitchell""]",player_vote,Justin,Justin,Justin,0.0,Villager,False,False
C:\Users\annab\Documents\GitHub\masters_thesis_sdg\results\voting\unsloth_gemma-4-31B-it-unsloth-bnb-4bit\prompt_v4_run_1\Youtube\ONE#NIGHT#ULTIMATE#WEREWOLF##Retro#5_Game3.json,run_1,1,stochastic,1.0,prompt_v4_run_1,Youtube,ONE#NIGHT#ULTIMATE#WEREWOLF##Retro#5,Game3,Youtube / ONE#NIGHT#ULTIMATE#WEREWOLF##Retro#5 / Game3,Paul,"Paul explicitly admits to starting as a Werewolf ('I was a werewolf. A hundred percent') and acknowledges that if Justin (the Troublemaker) did not perform a switch, he remains the Werewolf. Mitchell, claiming to be the Seer, also identifies Paul as a Werewolf. Justin confirms he did not switch any players, which leaves Paul as the most likely Werewolf.",ONE#NIGHT#ULTIMATE#WEREWOLF##Retro#5_Game3,"[""Justin"", ""Paul"", ""Mitchell""]","[""Troublemaker"", ""Werewolf"", ""Seer""]",True,player,"[""Paul""]",player_vote,Paul,Paul,Paul,1.0,Werewolf,True,False
C:\Users\annab\Documents\GitHub\masters_thesis_sdg\results\voting\unsloth_gemma-4-31B-it-unsloth-bnb-4bit\prompt_v4_run_1\Youtube\ONE#NIGHT#ULTIMATE#WEREWOLF##Retro#5_Game4.json,run_1,1,stochastic,1.0,prompt_v4_run_1,Youtube,ONE#NIGHT#ULTIMATE#WEREWOLF##Retro#5,Game4,Youtube / ONE#NIGHT#ULTIMATE#WEREWOLF##Retro#5 / Game4,Paul,"Paul's claims are contradictory. He claims to be the Robber and says he stole from Justin, but Mitchell claims he woke up as the Insomniac. If Justin was the Troublemaker and swapped Paul and Mitchell, Mitchell could only end the night as the Insomniac if Paul had the Insomniac card before the swap. This would mean Paul either started as the Insomniac (contradicting his Robber claim) or stole the Insomniac card from Mitchell (contradicting his claim that he stole from Justin). Paul's statement that 'Mitchell and I know what's up' further suggests they may be teammates on Team Werewolf, making Paul a primary suspect.",ONE#NIGHT#ULTIMATE#WEREWOLF##Retro#5_Game4,"[""Justin"", ""Paul"", ""Mitchell""]","[""Troublemaker"", ""Robber"", ""Insomniac""]",False,circle,[],player_vote,Paul,Paul,Paul,1.0,Robber,False,False
C:\Users\annab\Documents\GitHub\masters_thesis_sdg\results\voting\unsloth_gemma-4-31B-it-unsloth-bnb-4bit\prompt_v4_run_1\Youtube\ONE#NIGHT#ULTIMATE#WEREWOLF##Retro#5_Game5.json,run_1,1,stochastic,1.0,prompt_v4_run_1,Youtube,ONE#NIGHT#ULTIMATE#WEREWOLF##Retro#5,Game5,Youtube / ONE#NIGHT#ULTIMATE#WEREWOLF##Retro#5 / Game5,Justin,"Paul claims to be the Seer and states he saw that Justin started as a Werewolf. Mitchell claims to be the Insomniac and confirms he woke up as himself, which suggests he was not swapped by the Troublemaker. Justin admits he started as a Werewolf and eventually concedes that the evidence against him is 'bulletproof'.",ONE#NIGHT#ULTIMATE#WEREWOLF##Retro#5_Game5,"[""Justin"", ""Paul"", ""Mitchell""]","[""Werewolf"", ""Werewolf"", ""Insomniac""]",True,player,"[""Justin"", ""Paul""]",player_vote,Justin,Justin,Justin,0.0,Werewolf,True,False
C:\Users\annab\Documents\GitHub\masters_thesis_sdg\results\voting\unsloth_gemma-4-31B-it-unsloth-bnb-4bit\prompt_v4_run_1\Youtube\ONE#NIGHT#ULTIMATE#WEREWOLF##Retro#5_Game6.json,run_1,1,stochastic,1.0,prompt_v4_run_1,Youtube,ONE#NIGHT#ULTIMATE#WEREWOLF##Retro#5,Game6,Youtube / ONE#NIGHT#ULTIMATE#WEREWOLF##Retro#5 / Game6,Mitchell,"Paul admits to starting as the Werewolf, and Justin claims to be the Troublemaker who swapped Paul and Mitchell. If Justin's claim is true, the Werewolf card was moved from Paul to Mitchell. Mitchell denies the swap occurred, which is consistent with a Werewolf attempting to avoid elimination, while Justin insists the swap definitely happened.",ONE#NIGHT#ULTIMATE#WEREWOLF##Retro#5_Game6,"[""Justin"", ""Paul"", ""Mitchell""]","[""Werewolf"", ""Werewolf"", ""Insomniac""]",True,player,"[""Justin"", ""Paul""]",player_vote,Mitchell,Mitchell,Mitchell,2.0,Insomniac,False,False
C:\Users\annab\Documents\GitHub\masters_thesis_sdg\results\voting\unsloth_gemma-4-31B-it-unsloth-bnb-4bit\prompt_v4_run_1\Youtube\ONE#NIGHT#ULTIMATE#WEREWOLF##Retro#5_Game7.json,run_1,1,stochastic,1.0,prompt_v4_run_1,Youtube,ONE#NIGHT#ULTIMATE#WEREWOLF##Retro#5,Game7,Youtube / ONE#NIGHT#ULTIMATE#WEREWOLF##Retro#5 / Game7,Paul,"Justin claims to be the Insomniac and Mitchell claims to be the Troublemaker. In a three-player game, if two players claim distinct village roles, the third player (Paul) becomes the primary suspect. Paul's claim that both other players are werewolves is logically inconsistent for a village-aligned player and is a typical bluff for a Werewolf or a strategy for a Tanner.",ONE#NIGHT#ULTIMATE#WEREWOLF##Retro#5_Game7,"[""Justin"", ""Paul"", ""Mitchell""]","[""Insomniac"", ""Werewolf"", ""Troublemaker""]",True,player,"[""Paul""]",player_vote,Paul,Paul,Paul,1.0,Werewolf,True,False
C:\Users\annab\Documents\GitHub\masters_thesis_sdg\results\voting\unsloth_gemma-4-31B-it-unsloth-bnb-4bit\prompt_v4_run_1\Youtube\ONE#NIGHT#ULTIMATE#WEREWOLF##Retro#5_Game8.json,run_1,1,stochastic,1.0,prompt_v4_run_1,Youtube,ONE#NIGHT#ULTIMATE#WEREWOLF##Retro#5,Game8,Youtube / ONE#NIGHT#ULTIMATE#WEREWOLF##Retro#5 / Game8,Justin,"Justin claims to be the Seer and states he saw two normal cards in the center. However, he then contradicts himself by claiming he knows at least one other player is lying, while simultaneously suggesting that the group should vote in a way that ensures no one is eliminated. This inconsistency—claiming knowledge of a liar but pushing for no one to be voted out—is characteristic of a Werewolf attempting to manipulate the discussion and avoid elimination. Paul and Mitchell's claims (Insomniac and Robber) are consistent with each other, making Justin the most likely Werewolf.",ONE#NIGHT#ULTIMATE#WEREWOLF##Retro#5_Game8,"[""Justin"", ""Paul"", ""Mitchell""]","[""Werewolf"", ""Werewolf"", ""Tanner""]",True,player,"[""Justin"", ""Paul""]",player_vote,Justin,Justin,Justin,0.0,Werewolf,True,False
C:\Users\annab\Documents\GitHub\masters_thesis_sdg\results\voting\unsloth_gemma-4-31B-it-unsloth-bnb-4bit\prompt_v4_run_1\Youtube\ONE#NIGHT#ULTIMATE#WEREWOLF#-#Drinking#Play#Through_Game1.json,run_1,1,stochastic,1.0,prompt_v4_run_1,Youtube,ONE#NIGHT#ULTIMATE#WEREWOLF#-#Drinking#Play#Through,Game1,Youtube / ONE#NIGHT#ULTIMATE#WEREWOLF#-#Drinking#Play#Through / Game1,Jordan2,"Jordan2 claims to be the Robber and states he swapped cards with Haak (Line 53). However, he later claims he knows Meryl is the Seer because he 'looked at her' (Line 147). Since the Robber only looks at the card they swap with, it is logically impossible for him to have swapped with Haak and also looked at Meryl's card. This internal contradiction, combined with his attempt to protect Meryl (whose claim is contradicted by Haak), strongly suggests Jordan2 is a Werewolf.",ONE#NIGHT#ULTIMATE#WEREWOLF#-#Drinking#Play#Through_Game1,"[""Sarah"", ""Jordan1"", ""Haak"", ""Robin"", ""Jordan2"", ""Meryl""]","[""Robber"", ""Hunter"", ""Werewolf"", ""Minion"", ""Tanner"", ""Seer""]",True,player,"[""Haak""]",player_vote,Jordan2,Jordan2,Jordan2,4.0,Tanner,False,False
C:\Users\annab\Documents\GitHub\masters_thesis_sdg\results\voting\unsloth_gemma-4-31B-it-unsloth-bnb-4bit\prompt_v4_run_1\Youtube\ONE#NIGHT#ULTIMATE#WEREWOLF#-#Drinking#Play#Through_Game2.json,run_1,1,stochastic,1.0,prompt_v4_run_1,Youtube,ONE#NIGHT#ULTIMATE#WEREWOLF#-#Drinking#Play#Through,Game2,Youtube / ONE#NIGHT#ULTIMATE#WEREWOLF#-#Drinking#Play#Through / Game2,Meryl,"Meryl provides highly contradictory claims throughout the discussion. She first claims to be the Troublemaker (Line 45), then claims to have performed a Seer action by seeing a Troublemaker and a Werewolf in the center (Line 67), and finally attempts to conflate the two roles (Line 89). Such blatant inconsistency is a strong indicator of a Werewolf bluffing to confuse the group. While other players are suggesting voting for Haak, their reasoning is based on utilizing the Hunter's ability rather than identifying him as a Werewolf.",ONE#NIGHT#ULTIMATE#WEREWOLF#-#Drinking#Play#Through_Game2,"[""Sarah"", ""Jordan1"", ""Haak"", ""Robin"", ""Jordan2"", ""Meryl""]","[""Drunk"", ""Minion"", ""Hunter"", ""Seer"", ""Tanner"", ""Werewolf""]",True,player,"[""Meryl""]",player_vote,Meryl,Meryl,Meryl,5.0,Werewolf,True,False
C:\Users\annab\Documents\GitHub\masters_thesis_sdg\results\voting\unsloth_gemma-4-31B-it-unsloth-bnb-4bit\prompt_v4_run_1\Youtube\ONE#NIGHT#ULTIMATE#WEREWOLF#1##July#5th#2016_Game2.json,run_1,1,stochastic,1.0,prompt_v4_run_1,Youtube,ONE#NIGHT#ULTIMATE#WEREWOLF#1##July#5th#2016,Game2,Youtube / ONE#NIGHT#ULTIMATE#WEREWOLF#1##July#5th#2016 / Game2,Mike,"James (Seer) claims the Revealer card was in the center, and Justin (Drunk) claims he swapped with the center and obtained the Revealer card. Mike also claims to be the Revealer, which creates a direct contradiction. Since James, Justin, and Mitchell's stories are interlocking and consistent, Mike is the most likely to be lying to hide his identity as a Werewolf.",ONE#NIGHT#ULTIMATE#WEREWOLF#1##July#5th#2016_Game2,"[""Justin"", ""Julie"", ""Alban"", ""James"", ""Mitchell"", ""Mike""]","[""Revealer"", ""Werewolf"", ""Insomniac"", ""Seer"", ""Werewolf"", ""Tanner""]",True,player,"[""Julie"", ""Mitchell""]",player_vote,Mike,Mike,Mike,5.0,Tanner,False,False
C:\Users\annab\Documents\GitHub\masters_thesis_sdg\results\voting\unsloth_gemma-4-31B-it-unsloth-bnb-4bit\prompt_v4_run_1\Youtube\One#Night#Ultimate#Werewolf#1#How-To#and#Playthrough_Game1.json,run_1,1,stochastic,1.0,prompt_v4_run_1,Youtube,One#Night#Ultimate#Werewolf#1#How-To#and#Playthrough,Game1,Youtube / One#Night#Ultimate#Werewolf#1#How-To#and#Playthrough / Game1,Brett,"Dan claimed to be the Seer and stated that he saw Brett's card, identifying Brett as a Werewolf. Although Dylan claimed to be the Troublemaker and swapped Dan and Ed (making Ed the current Seer), this does not invalidate the information Dan gathered during the Night phase. Brett's only defense is a claim of being a Villager, which is contradicted by Dan's specific role-based claim.",One#Night#Ultimate#Werewolf#1#How-To#and#Playthrough_Game1,"[""Dan"", ""Ed"", ""Katie"", ""Brett"", ""Audrey"", ""Dylan""]","[""Werewolf"", ""Seer"", ""Werewolf"", ""Villager"", ""Villager"", ""Troublemaker""]",True,player,"[""Dan"", ""Katie""]",player_vote,Brett,Brett,Brett,3.0,Villager,False,False
C:\Users\annab\Documents\GitHub\masters_thesis_sdg\results\voting\unsloth_gemma-4-31B-it-unsloth-bnb-4bit\prompt_v4_run_1\Youtube\ONE#NIGHT#ULTIMATE#WEREWOLF#10##November#6th#2016_Game1.json,run_1,1,stochastic,1.0,prompt_v4_run_1,Youtube,ONE#NIGHT#ULTIMATE#WEREWOLF#10##November#6th#2016,Game1,Youtube / ONE#NIGHT#ULTIMATE#WEREWOLF#10##November#6th#2016 / Game1,Mitchell,"Matt (Seer) and Mike (Robber) have mutually confirming stories, as Matt claims to have seen Mike as the Robber and Mike admits to being the Robber. Alana's claim as Insomniac fits into the narrative, whereas Mitchell's claim as Troublemaker is unverified and he exhibits suspicious behavior by being overly eager to be voted out. If a Werewolf is present, Mitchell is the most likely candidate as the other three players' roles are consistent with one another.",ONE#NIGHT#ULTIMATE#WEREWOLF#10##November#6th#2016_Game1,"[""Matt"", ""Mitchell"", ""Alana"", ""Mike""]","[""Insomniac"", ""Troublemaker"", ""Robber"", ""Seer""]",False,circle,[],player_vote,Mitchell,Mitchell,Mitchell,1.0,Troublemaker,False,False
C:\Users\annab\Documents\GitHub\masters_thesis_sdg\results\voting\unsloth_gemma-4-31B-it-unsloth-bnb-4bit\prompt_v4_run_1\Youtube\ONE#NIGHT#ULTIMATE#WEREWOLF#13##July#29th#2017_Game1.json,run_1,1,stochastic,1.0,prompt_v4_run_1,Youtube,ONE#NIGHT#ULTIMATE#WEREWOLF#13##July#29th#2017,Game1,Youtube / ONE#NIGHT#ULTIMATE#WEREWOLF#13##July#29th#2017 / Game1,No Werewolf,"The players' claims are highly consistent: Justin claims to be the Drunk, and Mike claims to be the Robber who stole the Drunk card from Justin. Mitchell claims to be the Troublemaker who swapped Mike and Julie. Julie's behavior, including her requests to be killed and her contradictory statements about 'seeing' the Tanner card, strongly suggests she is the Tanner. If these claims are true, all four players hold non-werewolf roles (Drunk, Robber, Troublemaker, and Tanner), meaning the Werewolf and Minion cards are in the center.",ONE#NIGHT#ULTIMATE#WEREWOLF#13##July#29th#2017_Game1,"[""Justin"", ""Julie"", ""Mitchell"", ""Mike""]","[""Seer"", ""Tanner"", ""Werewolf"", ""Werewolf""]",True,player,"[""Mitchell"", ""Mike""]",circle_vote,No Werewolf,,,,,False,True
C:\Users\annab\Documents\GitHub\masters_thesis_sdg\results\voting\unsloth_gemma-4-31B-it-unsloth-bnb-4bit\prompt_v4_run_1\Youtube\ONE#NIGHT#ULTIMATE#WEREWOLF#13##July#29th#2017_Game2.json,run_1,1,stochastic,1.0,prompt_v4_run_1,Youtube,ONE#NIGHT#ULTIMATE#WEREWOLF#13##July#29th#2017,Game2,Youtube / ONE#NIGHT#ULTIMATE#WEREWOLF#13##July#29th#2017 / Game2,Mitchell,"Justin, Mike, and Julie have provided a consistent narrative where they occupy the roles of Troublemaker, Robber, and Seer, respectively, and have corroborated each other's identities. In contrast, Mitchell has made several contradictory claims, stating he was the Troublemaker, the Robber, the Tanner, and even explicitly admitting, 'Actually I was a Werewolf,' before retracting it. Given the consistency of the other three players and Mitchell's erratic behavior and admission, Mitchell is the most likely candidate for the Werewolf.",ONE#NIGHT#ULTIMATE#WEREWOLF#13##July#29th#2017_Game2,"[""Justin"", ""Julie"", ""Mitchell"", ""Mike""]","[""Robber"", ""Werewolf"", ""Werewolf"", ""Troublemaker""]",True,player,"[""Julie"", ""Mitchell""]",player_vote,Mitchell,Mitchell,Mitchell,2.0,Werewolf,True,False
C:\Users\annab\Documents\GitHub\masters_thesis_sdg\results\voting\unsloth_gemma-4-31B-it-unsloth-bnb-4bit\prompt_v4_run_1\Youtube\ONE#NIGHT#ULTIMATE#WEREWOLF#13##July#29th#2017_Game3.json,run_1,1,stochastic,1.0,prompt_v4_run_1,Youtube,ONE#NIGHT#ULTIMATE#WEREWOLF#13##July#29th#2017,Game3,Youtube / ONE#NIGHT#ULTIMATE#WEREWOLF#13##July#29th#2017 / Game3,No Werewolf,"Julie claims to be the Seer and states she saw Justin as the Drunk. Mitchell and Mike claim to be the Robber and Troublemaker, respectively, and their stories are consistent with each other and with Julie's. If these claims are true, the four players hold the roles of Seer, Robber, Troublemaker, and Drunk, meaning no Werewolf is present among the players. Justin's erratic claims (Werewolf, then Tanner, then Drunk) are characteristic of a Tanner or a Drunk, and voting him out would either result in a Tanner win or a failure to eliminate a Werewolf.",ONE#NIGHT#ULTIMATE#WEREWOLF#13##July#29th#2017_Game3,"[""Justin"", ""Julie"", ""Mitchell"", ""Mike""]","[""Troublemaker"", ""Seer"", ""Werewolf"", ""Werewolf""]",True,player,"[""Mitchell"", ""Mike""]",circle_vote,No Werewolf,,,,,False,True
C:\Users\annab\Documents\GitHub\masters_thesis_sdg\results\voting\unsloth_gemma-4-31B-it-unsloth-bnb-4bit\prompt_v4_run_1\Youtube\ONE#NIGHT#ULTIMATE#WEREWOLF#14##August#26th#2017_Game1.json,run_1,1,stochastic,1.0,prompt_v4_run_1,Youtube,ONE#NIGHT#ULTIMATE#WEREWOLF#14##August#26th#2017,Game1,Youtube / ONE#NIGHT#ULTIMATE#WEREWOLF#14##August#26th#2017 / Game1,Justin,"Justin and Caitlynn both claim to be the Werewolf, which is a common tactic for the Tanner or a Werewolf bluffing as the Tanner. Caitlynn's claim is direct and passive, while Justin's is more elaborate and manipulative, including a 'helpful' warning to the village not to vote for Caitlynn because she is the Tanner. This 'helpful villager' act is a common strategy for Werewolves to divert suspicion and build trust. Given Justin's active attempt to control the narrative and his tentative admission of being a Werewolf, he is the most likely candidate for the Werewolf role.",ONE#NIGHT#ULTIMATE#WEREWOLF#14##August#26th#2017_Game1,"[""Justin"", ""Mitchell"", ""Caitlynn"", ""Mike""]","[""Tanner"", ""Insomniac"", ""Werewolf"", ""Werewolf""]",True,player,"[""Caitlynn"", ""Mike""]",player_vote,Justin,Justin,Justin,0.0,Tanner,False,False
C:\Users\annab\Documents\GitHub\masters_thesis_sdg\results\voting\unsloth_gemma-4-31B-it-unsloth-bnb-4bit\prompt_v4_run_1\Youtube\ONE#NIGHT#ULTIMATE#WEREWOLF#14##August#26th#2017_Game2.json,run_1,1,stochastic,1.0,prompt_v4_run_1,Youtube,ONE#NIGHT#ULTIMATE#WEREWOLF#14##August#26th#2017,Game2,Youtube / ONE#NIGHT#ULTIMATE#WEREWOLF#14##August#26th#2017 / Game2,Mike,"Justin is repeatedly claiming to be a Werewolf, which is a common strategy for the Tanner to attract votes. Mike, however, is caught in a direct contradiction: he first claims to be the Troublemaker and says he switched Justin and Mitchell [75], but later states he didn't switch anybody [138]. This inconsistency strongly suggests that Mike is lying to create chaos, a typical behavior for a Werewolf or Minion.",ONE#NIGHT#ULTIMATE#WEREWOLF#14##August#26th#2017_Game2,"[""Justin"", ""Mitchell"", ""Caitlynn"", ""Mike""]","[""Werewolf"", ""Insomniac"", ""Tanner"", ""Werewolf""]",True,player,"[""Justin"", ""Mike""]",player_vote,Mike,Mike,Mike,3.0,Werewolf,True,False
C:\Users\annab\Documents\GitHub\masters_thesis_sdg\results\voting\unsloth_gemma-4-31B-it-unsloth-bnb-4bit\prompt_v4_run_1\Youtube\ONE#NIGHT#ULTIMATE#WEREWOLF#18##September#30th#2017_Game1.json,run_1,1,stochastic,1.0,prompt_v4_run_1,Youtube,ONE#NIGHT#ULTIMATE#WEREWOLF#18##September#30th#2017,Game1,Youtube / ONE#NIGHT#ULTIMATE#WEREWOLF#18##September#30th#2017 / Game1,Mitchell,"Paul claims to be a Werewolf, which is a classic behavior for the Tanner attempting to get voted out. Mitchell strongly pushes the vote toward Paul, which is a typical strategy for a Werewolf trying to divert suspicion toward the Tanner to ensure their own survival. While Justin's claims are contradictory, Mitchell's aggressive steering of the vote toward a self-proclaimed Werewolf makes him the most likely candidate for the actual Werewolf.",ONE#NIGHT#ULTIMATE#WEREWOLF#18##September#30th#2017_Game1,"[""Justin"", ""Julie"", ""Paul"", ""Mitchell""]","[""Werewolf"", ""Tanner"", ""Robber"", ""Werewolf""]",True,player,"[""Justin"", ""Mitchell""]",player_vote,Mitchell,Mitchell,Mitchell,3.0,Werewolf,True,False
C:\Users\annab\Documents\GitHub\masters_thesis_sdg\results\voting\unsloth_gemma-4-31B-it-unsloth-bnb-4bit\prompt_v4_run_1\Youtube\One#Night#Ultimate#Werewolf#2#The#Drunk_Game1.json,run_1,1,stochastic,1.0,prompt_v4_run_1,Youtube,One#Night#Ultimate#Werewolf#2#The#Drunk,Game1,Youtube / One#Night#Ultimate#Werewolf#2#The#Drunk / Game1,Dan,"Dylan admitted to being the Werewolf ('I was the werewolf'), and Brett claimed to be the Troublemaker who swapped Dylan and Dan. If both these claims are true, the Werewolf role was transferred from Dylan to Dan. While Dylan's behavior is erratic and contradictory, the most logical deduction based on the provided claims is that Dan is currently the Werewolf.",One#Night#Ultimate#Werewolf#2#The#Drunk_Game1,"[""Dan"", ""Ed"", ""Katie"", ""Brett"", ""Audrey"", ""Dylan""]","[""Werewolf"", ""Seer"", ""Werewolf"", ""Troublemaker"", ""Villager"", ""Mason""]",True,player,"[""Dan"", ""Katie""]",player_vote,Dan,Dan,Dan,0.0,Werewolf,True,False
C:\Users\annab\Documents\GitHub\masters_thesis_sdg\results\voting\unsloth_gemma-4-31B-it-unsloth-bnb-4bit\prompt_v4_run_1\Youtube\ONE#NIGHT#ULTIMATE#WEREWOLF#26##January#20th#2018_Game2.json,run_1,1,stochastic,1.0,prompt_v4_run_1,Youtube,ONE#NIGHT#ULTIMATE#WEREWOLF#26##January#20th#2018,Game2,Youtube / ONE#NIGHT#ULTIMATE#WEREWOLF#26##January#20th#2018 / Game2,Meghan,"Meghan explicitly admitted to being a werewolf, claiming she stole the role as the Robber. Mike, who claimed to be the Revealer, initially confirmed she was a werewolf but then contradictorily claimed he was lying and that she was the Tanner. This flip-flopping suggests Mike may be a Werewolf or Minion attempting to protect Meghan by labeling her as the Tanner to discourage the village from voting her out. Since Meghan admitted to the role and Mike's behavior is suspicious, voting for Meghan is the most likely path to a village victory.",ONE#NIGHT#ULTIMATE#WEREWOLF#26##January#20th#2018_Game2,"[""Justin"", ""Meghan"", ""Paul"", ""Mitchell"", ""Mike""]","[""Troublemaker"", ""Werewolf"", ""Tanner"", ""Werewolf"", ""Robber""]",True,player,"[""Meghan"", ""Mitchell""]",player_vote,Meghan,Meghan,Meghan,1.0,Werewolf,True,False
C:\Users\annab\Documents\GitHub\masters_thesis_sdg\results\voting\unsloth_gemma-4-31B-it-unsloth-bnb-4bit\prompt_v4_run_1\Youtube\ONE#NIGHT#ULTIMATE#WEREWOLF#26##January#20th#2018_Game3.json,run_1,1,stochastic,1.0,prompt_v4_run_1,Youtube,ONE#NIGHT#ULTIMATE#WEREWOLF#26##January#20th#2018,Game3,Youtube / ONE#NIGHT#ULTIMATE#WEREWOLF#26##January#20th#2018 / Game3,Meghan,"Mitchell (Seer) stated he saw a werewolf in the center of the role pool. Meghan (Drunk) admitted to swapping her card with one from the center. This combination strongly suggests that Meghan is now the werewolf. While Justin's claims about being the Tanner are contradictory to his actions as the Revealer, the direct evidence from the Seer and Drunk interaction makes Meghan the most likely target for Team Village.",ONE#NIGHT#ULTIMATE#WEREWOLF#26##January#20th#2018_Game3,"[""Justin"", ""Meghan"", ""Paul"", ""Mitchell"", ""Mike""]","[""Robber"", ""Werewolf"", ""Troublemaker"", ""Werewolf"", ""Tanner""]",True,player,"[""Meghan"", ""Mitchell""]",player_vote,Meghan,Meghan,Meghan,1.0,Werewolf,True,False
C:\Users\annab\Documents\GitHub\masters_thesis_sdg\results\voting\unsloth_gemma-4-31B-it-unsloth-bnb-4bit\prompt_v4_run_1\Youtube\ONE#NIGHT#ULTIMATE#WEREWOLF#28##February#17th#2018_Game1.json,run_1,1,stochastic,1.0,prompt_v4_run_1,Youtube,ONE#NIGHT#ULTIMATE#WEREWOLF#28##February#17th#2018,Game1,Youtube / ONE#NIGHT#ULTIMATE#WEREWOLF#28##February#17th#2018 / Game1,Alysha,"Paul and Alysha both claim to be the Seer, meaning at least one of them is lying. Paul claims he saw the Minion in the center, which would mean the Minion is not a player; he subsequently accuses Alysha of being the only Werewolf because she is lying about her role. Mike claims to be the Revealer and identifies Mitchell as the Tanner, which suggests that voting for Mitchell would result in a loss for Team Village. Given the conflict between Paul and Alysha, and Paul's specific accusation, Alysha is the most likely candidate for the Werewolf.",ONE#NIGHT#ULTIMATE#WEREWOLF#28##February#17th#2018_Game1,"[""Justin"", ""Caitlynn"", ""Paul"", ""Alysha"", ""Mitchell"", ""Mike""]","[""Troublemaker"", ""Drunk"", ""Robber"", ""Werewolf"", ""Werewolf"", ""Tanner""]",True,player,"[""Alysha"", ""Mitchell""]",player_vote,Alysha,Alysha,Alysha,3.0,Werewolf,True,False
C:\Users\annab\Documents\GitHub\masters_thesis_sdg\results\voting\unsloth_gemma-4-31B-it-unsloth-bnb-4bit\prompt_v4_run_1\Youtube\ONE#NIGHT#ULTIMATE#WEREWOLF#28##February#17th#2018_Game2.json,run_1,1,stochastic,1.0,prompt_v4_run_1,Youtube,ONE#NIGHT#ULTIMATE#WEREWOLF#28##February#17th#2018,Game2,Youtube / ONE#NIGHT#ULTIMATE#WEREWOLF#28##February#17th#2018 / Game2,Mike,"Alysha claimed the role of Revealer and explicitly stated that she revealed Mike's card and saw that he was a Werewolf. Mike's claims were inconsistent throughout the discussion, first claiming to be a Troublemaker and later claiming to be the Drunk. Given the direct identification by the Revealer and the lack of a credible counter-claim, Mike is the most likely Werewolf.",ONE#NIGHT#ULTIMATE#WEREWOLF#28##February#17th#2018_Game2,"[""Justin"", ""Caitlynn"", ""Paul"", ""Alysha"", ""Mitchell"", ""Mike""]","[""Robber"", ""Werewolf"", ""Tanner"", ""Minion"", ""Troublemaker"", ""Seer""]",True,player,"[""Caitlynn""]",player_vote,Mike,Mike,Mike,5.0,Seer,False,False
C:\Users\annab\Documents\GitHub\masters_thesis_sdg\results\voting\unsloth_gemma-4-31B-it-unsloth-bnb-4bit\prompt_v4_run_1\Youtube\ONE#NIGHT#ULTIMATE#WEREWOLF#28##February#17th#2018_Game3.json,run_1,1,stochastic,1.0,prompt_v4_run_1,Youtube,ONE#NIGHT#ULTIMATE#WEREWOLF#28##February#17th#2018,Game3,Youtube / ONE#NIGHT#ULTIMATE#WEREWOLF#28##February#17th#2018 / Game3,Justin,"Alysha claims to be the Seer and states she saw that Justin was a Werewolf. Paul eventually admits to being the Tanner, and Caitlynn (claiming to be the Revealer) confirms that Paul's card was the Tanner. Since Justin and Mike both claim to be the Troublemaker, one of them must be lying; given Alysha's Seer claim, Justin is the most likely Werewolf.",ONE#NIGHT#ULTIMATE#WEREWOLF#28##February#17th#2018_Game3,"[""Justin"", ""Caitlynn"", ""Paul"", ""Alysha"", ""Mitchell"", ""Mike""]","[""Robber"", ""Werewolf"", ""Tanner"", ""Minion"", ""Troublemaker"", ""Seer""]",True,player,"[""Caitlynn""]",player_vote,Justin,Justin,Justin,0.0,Robber,False,False
C:\Users\annab\Documents\GitHub\masters_thesis_sdg\results\voting\unsloth_gemma-4-31B-it-unsloth-bnb-4bit\prompt_v4_run_1\Youtube\One#Night#Ultimate#Werewolf#3#Insomniac_Game1.json,run_1,1,stochastic,1.0,prompt_v4_run_1,Youtube,One#Night#Ultimate#Werewolf#3#Insomniac,Game1,Youtube / One#Night#Ultimate#Werewolf#3#Insomniac / Game1,Brett,"Five players (Audrey, Dylan, Dan, Ed, and Katie) have provided interlocking claims about their roles and swaps that are logically consistent: Audrey and Dylan swapped Robber and Seer roles, and Dan (Troublemaker) swapped the roles of Ed (Insomniac) and Katie (Mason). Brett is the only player whose claim is not corroborated by others and who has been inconsistent, claiming to be the Drunk and later suggesting he might be the Mason. Given the consistency of the other five players' stories, Brett is the most likely candidate to be the Werewolf.",One#Night#Ultimate#Werewolf#3#Insomniac_Game1,"[""Dan"", ""Ed"", ""Katie"", ""Brett"", ""Audrey"", ""Dylan""]","[""Troublemaker"", ""Mason"", ""Insomniac"", ""Werewolf"", ""Seer"", ""Robber""]",True,player,"[""Brett""]",player_vote,Brett,Brett,Brett,3.0,Werewolf,True,False
C:\Users\annab\Documents\GitHub\masters_thesis_sdg\results\voting\unsloth_gemma-4-31B-it-unsloth-bnb-4bit\prompt_v4_run_1\Youtube\ONE#NIGHT#ULTIMATE#WEREWOLF#30##February#17th#2018_Game2.json,run_1,1,stochastic,1.0,prompt_v4_run_1,Youtube,ONE#NIGHT#ULTIMATE#WEREWOLF#30##February#17th#2018,Game2,Youtube / ONE#NIGHT#ULTIMATE#WEREWOLF#30##February#17th#2018 / Game2,Mike,"Alysha, claiming to be the Seer, stated that the Minion and the Witch were in the center. Mike claimed to be the Minion, which directly contradicts the Seer's information, making him a strong suspect for the Werewolf. Paul admitted to being a Werewolf, but this is a classic strategy for the Tanner, who wants to be voted out to win. Therefore, Mike is the most likely candidate for the actual Werewolf.",ONE#NIGHT#ULTIMATE#WEREWOLF#30##February#17th#2018_Game2,"[""Justin"", ""Caitlynn"", ""Paul"", ""Alysha"", ""Mitchell"", ""Mike""]","[""Robber"", ""Insomniac"", ""Werewolf"", ""Seer"", ""Werewolf"", ""Tanner""]",True,player,"[""Paul"", ""Mitchell""]",player_vote,Mike,Mike,Mike,5.0,Tanner,False,False
C:\Users\annab\Documents\GitHub\masters_thesis_sdg\results\voting\unsloth_gemma-4-31B-it-unsloth-bnb-4bit\prompt_v4_run_1\Youtube\ONE#NIGHT#ULTIMATE#WEREWOLF#30##February#17th#2018_Game4.json,run_1,1,stochastic,1.0,prompt_v4_run_1,Youtube,ONE#NIGHT#ULTIMATE#WEREWOLF#30##February#17th#2018,Game4,Youtube / ONE#NIGHT#ULTIMATE#WEREWOLF#30##February#17th#2018 / Game4,Alysha,"Justin is clearly lying about the role he saw when robbing Mike, as Mike and Caitlynn both confirm Mike is the Troublemaker, not a Witch. However, Justin's aggressive behavior and explicit suggestion that he is the Tanner indicate he is likely the Tanner attempting to attract votes. With Mitchell (Seer), Mike (Troublemaker), and Caitlynn (Robber) identified, the Werewolf is likely among the remaining players; Alysha's silence and lack of a role claim make her the most probable Werewolf.",ONE#NIGHT#ULTIMATE#WEREWOLF#30##February#17th#2018_Game4,"[""Justin"", ""Caitlynn"", ""Paul"", ""Alysha"", ""Mitchell"", ""Mike""]","[""Minion"", ""Seer"", ""Werewolf"", ""Tanner"", ""Troublemaker"", ""Robber""]",True,player,"[""Paul""]",player_vote,Alysha,Alysha,Alysha,3.0,Tanner,False,False
C:\Users\annab\Documents\GitHub\masters_thesis_sdg\results\voting\unsloth_gemma-4-31B-it-unsloth-bnb-4bit\prompt_v4_run_1\Youtube\ONE#NIGHT#ULTIMATE#WEREWOLF#34##March#24th#2018_Game2.json,run_1,1,stochastic,1.0,prompt_v4_run_1,Youtube,ONE#NIGHT#ULTIMATE#WEREWOLF#34##March#24th#2018,Game2,Youtube / ONE#NIGHT#ULTIMATE#WEREWOLF#34##March#24th#2018 / Game2,Mitchell,"Carly claims to be the Troublemaker and states she switched the cards of Paul and Mitchell, subsequently identifying Mitchell as the Werewolf. Mike, claiming to be the Seer, states he saw a Werewolf and a Tanner in the center, which implies only one Werewolf/Minion is currently in play among the players. Since Carly's switch makes Mitchell the current holder of the Werewolf card (assuming Paul started as the Werewolf), Mitchell is the most logical target for Team Village.",ONE#NIGHT#ULTIMATE#WEREWOLF#34##March#24th#2018_Game2,"[""Justin"", ""Carly"", ""Paul"", ""Mitchell"", ""Mike""]","[""Tanner"", ""Troublemaker"", ""Werewolf"", ""Hunter"", ""Seer""]",True,player,"[""Paul""]",player_vote,Mitchell,Mitchell,Mitchell,3.0,Hunter,False,False
C:\Users\annab\Documents\GitHub\masters_thesis_sdg\results\voting\unsloth_gemma-4-31B-it-unsloth-bnb-4bit\prompt_v4_run_1\Youtube\ONE#NIGHT#ULTIMATE#WEREWOLF#34##March#24th#2018_Game3.json,run_1,1,stochastic,1.0,prompt_v4_run_1,Youtube,ONE#NIGHT#ULTIMATE#WEREWOLF#34##March#24th#2018,Game3,Youtube / ONE#NIGHT#ULTIMATE#WEREWOLF#34##March#24th#2018 / Game3,Mitchell,"Mitchell claims to be the Revealer and aggressively asserts that Justin is the Tanner. However, Mike explicitly accuses Mitchell of being a Werewolf, stating, 'A hundred percent she's now the werewolf, Mitchell is the other werewolf.' Given the aggressive nature of Mitchell's claims and the direct accusation from Mike, Mitchell is the most likely candidate for a Werewolf.",ONE#NIGHT#ULTIMATE#WEREWOLF#34##March#24th#2018_Game3,"[""Justin"", ""Carly"", ""Paul"", ""Mitchell"", ""Mike""]","[""Tanner"", ""Minion"", ""Seer"", ""Werewolf"", ""Werewolf""]",True,player,"[""Mitchell"", ""Mike""]",player_vote,Mitchell,Mitchell,Mitchell,3.0,Werewolf,True,False
C:\Users\annab\Documents\GitHub\masters_thesis_sdg\results\voting\unsloth_gemma-4-31B-it-unsloth-bnb-4bit\prompt_v4_run_1\Youtube\One#Night#Ultimate#Werewolf#361#Classic#Werewolf_Game1.json,run_1,1,stochastic,1.0,prompt_v4_run_1,Youtube,One#Night#Ultimate#Werewolf#361#Classic#Werewolf,Game1,Youtube / One#Night#Ultimate#Werewolf#361#Classic#Werewolf / Game1,Dylan,"Dylan explicitly claimed to be the Werewolf during the discussion, stating, 'I was the Werewolf but I'm hoping someone trouble made me or robbed me.' Brett (claiming Troublemaker) and Kelsey (claiming Robber) both indicated that they did not swap Dylan's card, meaning if Dylan started as a Werewolf, he remained one. While this could be a Tanner strategy to attract votes, based on the available claims, Dylan is the only player who admitted to being a Werewolf.",One#Night#Ultimate#Werewolf#361#Classic#Werewolf_Game1,"[""Pete"", ""Katie"", ""Brett"", ""George"", ""Kelsey"", ""Dylan""]","[""Drunk"", ""Minion"", ""Troublemaker"", ""Robber"", ""Werewolf"", ""Werewolf""]",True,player,"[""Kelsey"", ""Dylan""]",player_vote,Dylan,Dylan,Dylan,5.0,Werewolf,True,False
C:\Users\annab\Documents\GitHub\masters_thesis_sdg\results\voting\unsloth_gemma-4-31B-it-unsloth-bnb-4bit\prompt_v4_run_1\Youtube\One#Night#Ultimate#Werewolf#362#More#Classic#Werewolf_Game1.json,run_1,1,stochastic,1.0,prompt_v4_run_1,Youtube,One#Night#Ultimate#Werewolf#362#More#Classic#Werewolf,Game1,Youtube / One#Night#Ultimate#Werewolf#362#More#Classic#Werewolf / Game1,Kelsey,"Kelsey's claims are highly inconsistent, shifting from Troublemaker to Robber and finally to Tanner. This erratic behavior is a strong indicator of a Werewolf attempting to bluff or a Tanner attempting to be voted out. Given that Pete consistently claims to be the Minion and other players (Brett, George, Katie, Dylan) have remained relatively consistent in their roles, Kelsey is the most likely candidate for the Werewolf card, potentially using the Tanner claim as a bluff to avoid elimination.",One#Night#Ultimate#Werewolf#362#More#Classic#Werewolf_Game1,"[""Pete"", ""Katie"", ""Brett"", ""George"", ""Kelsey"", ""Dylan""]","[""Werewolf"", ""Werewolf"", ""Robber"", ""Minion"", ""Tanner"", ""Mason""]",True,player,"[""Pete"", ""Katie""]",player_vote,Kelsey,Kelsey,Kelsey,4.0,Tanner,False,False
C:\Users\annab\Documents\GitHub\masters_thesis_sdg\results\voting\unsloth_gemma-4-31B-it-unsloth-bnb-4bit\prompt_v4_run_1\Youtube\One#Night#Ultimate#Werewolf#363#Even#More#Classic#Werewolf_Game1.json,run_1,1,stochastic,1.0,prompt_v4_run_1,Youtube,One#Night#Ultimate#Werewolf#363#Even#More#Classic#Werewolf,Game1,Youtube / One#Night#Ultimate#Werewolf#363#Even#More#Classic#Werewolf / Game1,Dylan,"Dylan claims to be the Drunk, but later asserts that there are two Werewolves in the center and thus no Werewolves are in play. This is a logical contradiction because the Drunk role has no ability to see the center cards. Furthermore, Kelsey also claims to be the Drunk, meaning at least one of them is lying. Dylan's attempt to convince the group that no Werewolves are in play is a common bluff used by Werewolves or Minions to avoid being voted out.",One#Night#Ultimate#Werewolf#363#Even#More#Classic#Werewolf_Game1,"[""Pete"", ""Katie"", ""Brett"", ""George"", ""Kelsey"", ""Dylan""]","[""Robber"", ""Werewolf"", ""Mason"", ""Mason"", ""Minion"", ""Troublemaker""]",True,player,"[""Katie""]",player_vote,Dylan,Dylan,Dylan,5.0,Troublemaker,False,False
C:\Users\annab\Documents\GitHub\masters_thesis_sdg\results\voting\unsloth_gemma-4-31B-it-unsloth-bnb-4bit\prompt_v4_run_1\Youtube\ONE#NIGHT#ULTIMATE#WEREWOLF#37##April#21st#2018_Game2.json,run_1,1,stochastic,1.0,prompt_v4_run_1,Youtube,ONE#NIGHT#ULTIMATE#WEREWOLF#37##April#21st#2018,Game2,Youtube / ONE#NIGHT#ULTIMATE#WEREWOLF#37##April#21st#2018 / Game2,Mike,"Mitchell claimed to be the Revealer and stated that he revealed Mike, whose card remained face down, which according to the Revealer's rules indicates the player is either a Werewolf or the Tanner. Mike's counter-claim that he was the Troublemaker and switched Mitchell and Justin is a common bluff and lacks supporting evidence from other players. Given the strong accusation from the Revealer and Mike's defensive behavior, Mike is the most likely candidate to be a Werewolf.",ONE#NIGHT#ULTIMATE#WEREWOLF#37##April#21st#2018_Game2,"[""Justin"", ""Caitlynn"", ""Mitchell"", ""James"", ""Mike""]","[""Minion"", ""Werewolf"", ""Werewolf"", ""Tanner"", ""Troublemaker""]",True,player,"[""Caitlynn"", ""Mitchell""]",player_vote,Mike,Mike,Mike,4.0,Troublemaker,False,False
C:\Users\annab\Documents\GitHub\masters_thesis_sdg\results\voting\unsloth_gemma-4-31B-it-unsloth-bnb-4bit\prompt_v4_run_1\Youtube\ONE#NIGHT#ULTIMATE#WEREWOLF#38##April#21st#2018_Game3.json,run_1,1,stochastic,1.0,prompt_v4_run_1,Youtube,ONE#NIGHT#ULTIMATE#WEREWOLF#38##April#21st#2018,Game3,Youtube / ONE#NIGHT#ULTIMATE#WEREWOLF#38##April#21st#2018 / Game3,James,"James explicitly admitted to being a Werewolf twice during the discussion ('I was werewolf' and 'Me and Mike are werewolves'). While Mike also claimed to be a Werewolf (via James's statement), Mike simultaneously claimed to be the Tanner, which would make him a dangerous vote for Team Village. Since James admitted his role as a Werewolf, voting him out is the most direct way for Team Village to secure a win.",ONE#NIGHT#ULTIMATE#WEREWOLF#38##April#21st#2018_Game3,"[""Justin"", ""Caitlynn"", ""Mitchell"", ""James"", ""Mike""]","[""Werewolf"", ""Tanner"", ""Seer"", ""Robber"", ""Werewolf""]",True,player,"[""Justin"", ""Mike""]",player_vote,James,James,James,3.0,Robber,False,False
C:\Users\annab\Documents\GitHub\masters_thesis_sdg\results\voting\unsloth_gemma-4-31B-it-unsloth-bnb-4bit\prompt_v4_run_1\Youtube\ONE#NIGHT#ULTIMATE#WEREWOLF#38##April#21st#2018_Game4.json,run_1,1,stochastic,1.0,prompt_v4_run_1,Youtube,ONE#NIGHT#ULTIMATE#WEREWOLF#38##April#21st#2018,Game4,Youtube / ONE#NIGHT#ULTIMATE#WEREWOLF#38##April#21st#2018 / Game4,Mike,"Justin claims to be the Revealer and explicitly states he saw a Werewolf on Mike. Mitchell supports Justin's claim, and James also claims to be the Seer, contradicting Mike's own claim to that role. Furthermore, Mike's testimony is inconsistent, as he first claims the Troublemaker was in the center and later claims the Werewolf was in the center.",ONE#NIGHT#ULTIMATE#WEREWOLF#38##April#21st#2018_Game4,"[""Justin"", ""Caitlynn"", ""Mitchell"", ""James"", ""Mike""]","[""Werewolf"", ""Robber"", ""Minion"", ""Tanner"", ""Seer""]",True,player,"[""Justin""]",player_vote,Mike,Mike,Mike,4.0,Seer,False,False
C:\Users\annab\Documents\GitHub\masters_thesis_sdg\results\voting\unsloth_gemma-4-31B-it-unsloth-bnb-4bit\prompt_v4_run_1\Youtube\One#Night#Ultimate#Werewolf#381#The#Hunt#Is#On_Game1.json,run_1,1,stochastic,1.0,prompt_v4_run_1,Youtube,One#Night#Ultimate#Werewolf#381#The#Hunt#Is#On,Game1,Youtube / One#Night#Ultimate#Werewolf#381#The#Hunt#Is#On / Game1,No Werewolf,"Brett claims to be the Seer and states he saw two Werewolves in the center of the role pool. If this claim is true, no player is a Werewolf, and Team Village wins if no one is voted out. While there are contradictions between Dustin and Dylan (both claiming Insomniac) and a logical inconsistency in Ed and Katie's Robber/Troublemaker narrative, these could be caused by the Tanner, the Doppelganger, or simple confusion. Without evidence to disprove Brett's claim, the most direct path to a Village win is to accept that no Werewolves are in play.",One#Night#Ultimate#Werewolf#381#The#Hunt#Is#On_Game1,"[""Ed"", ""Dustin"", ""Katie"", ""Brett"", ""Kelsey"", ""Dylan""]","[""Robber"", ""Insomniac"", ""Seer"", ""Troublemaker"", ""Hunter"", ""Tanner""]",False,circle,[],circle_vote,No Werewolf,,,,,True,True
C:\Users\annab\Documents\GitHub\masters_thesis_sdg\results\voting\unsloth_gemma-4-31B-it-unsloth-bnb-4bit\prompt_v4_run_1\Youtube\One#Night#Ultimate#Werewolf#382#Game#100!!_Game1.json,run_1,1,stochastic,1.0,prompt_v4_run_1,Youtube,One#Night#Ultimate#Werewolf#382#Game#100!!,Game1,Youtube / One#Night#Ultimate#Werewolf#382#Game#100!! / Game1,Dustin,"Dylan admitted to starting as the Werewolf and waking up alone, meaning only one Werewolf was in play. Brett, whose role as Troublemaker was confirmed by Ed (the Seer), stated he swapped Dylan and Dustin. This means the Werewolf card moved from Dylan to Dustin. Dustin's claim to have the Doppelganger card is inconsistent with the known swaps and likely a bluff to avoid elimination.",One#Night#Ultimate#Werewolf#382#Game#100!!_Game1,"[""Ed"", ""Dustin"", ""Katie"", ""Brett"", ""Kelsey"", ""Dylan""]","[""Seer"", ""Werewolf"", ""Tanner"", ""Troublemaker"", ""Robber"", ""Insomniac""]",True,player,"[""Dustin""]",player_vote,Dustin,Dustin,Dustin,1.0,Werewolf,True,False
C:\Users\annab\Documents\GitHub\masters_thesis_sdg\results\voting\unsloth_gemma-4-31B-it-unsloth-bnb-4bit\prompt_v4_run_1\Youtube\ONE#NIGHT#ULTIMATE#WEREWOLF#39##April#21st#2018_Game3.json,run_1,1,stochastic,1.0,prompt_v4_run_1,Youtube,ONE#NIGHT#ULTIMATE#WEREWOLF#39##April#21st#2018,Game3,Youtube / ONE#NIGHT#ULTIMATE#WEREWOLF#39##April#21st#2018 / Game3,Mike,"Justin and Mike both claim to be the Seer, meaning one is likely lying. While Justin admits to lying about the contents of the center cards to bait Mike, James (who claims a power role) strongly defends Justin and explicitly states, 'We're killing Mike.' Mike, Caitlynn, and Mitchell are all coordinating to push the vote toward Justin, which is a common strategy for Team Werewolf to frame a Village player. Given James's support for Justin and Mike's insistence on framing him, Mike is the most likely Werewolf.",ONE#NIGHT#ULTIMATE#WEREWOLF#39##April#21st#2018_Game3,"[""Justin"", ""Caitlynn"", ""Mitchell"", ""James"", ""Mike""]","[""Werewolf"", ""Robber"", ""Tanner"", ""Werewolf"", ""Seer""]",True,player,"[""Justin"", ""James""]",player_vote,Mike,Mike,Mike,4.0,Seer,False,False
C:\Users\annab\Documents\GitHub\masters_thesis_sdg\results\voting\unsloth_gemma-4-31B-it-unsloth-bnb-4bit\prompt_v4_run_1\Youtube\ONE#NIGHT#ULTIMATE#WEREWOLF#4##July#14th#2016_Game1.json,run_1,1,stochastic,1.0,prompt_v4_run_1,Youtube,ONE#NIGHT#ULTIMATE#WEREWOLF#4##July#14th#2016,Game1,Youtube / ONE#NIGHT#ULTIMATE#WEREWOLF#4##July#14th#2016 / Game1,Justin,"Mike claims to be the Seer and saw two Werewolves in the center. Justin admits to being the Drunk, which means he swapped his card with one from the center. If Mike's information is correct, there is a high probability that Justin swapped his card for one of the Werewolf cards in the center. Furthermore, Justin's behavior is highly inconsistent, as he lied about being the Robber and about Mitchell being the Drunk, and he eventually admitted, 'I am probably a Werewolf cause I was the drunk.'",ONE#NIGHT#ULTIMATE#WEREWOLF#4##July#14th#2016_Game1,"[""Justin"", ""Paul"", ""Mitchell"", ""Mike""]","[""Werewolf"", ""Seer"", ""Tanner"", ""Robber""]",True,player,"[""Justin""]",player_vote,Justin,Justin,Justin,0.0,Werewolf,True,False
C:\Users\annab\Documents\GitHub\masters_thesis_sdg\results\voting\unsloth_gemma-4-31B-it-unsloth-bnb-4bit\prompt_v4_run_1\Youtube\ONE#NIGHT#ULTIMATE#WEREWOLF#4##July#14th#2016_Game2.json,run_1,1,stochastic,1.0,prompt_v4_run_1,Youtube,ONE#NIGHT#ULTIMATE#WEREWOLF#4##July#14th#2016,Game2,Youtube / ONE#NIGHT#ULTIMATE#WEREWOLF#4##July#14th#2016 / Game2,Mitchell,"Justin is likely the Tanner, as he is aggressively begging the group to vote him out, which is the Tanner's win condition. Mike's claim as the Seer is consistent and supported by Paul. Mitchell, however, has been highly inconsistent, claiming to be the Drunk and then the Troublemaker, before admitting he may have lied about swapping players, which is characteristic of a Werewolf attempting to create confusion.",ONE#NIGHT#ULTIMATE#WEREWOLF#4##July#14th#2016_Game2,"[""Justin"", ""Paul"", ""Mitchell"", ""Mike""]","[""Werewolf"", ""Seer"", ""Werewolf"", ""Robber""]",True,player,"[""Justin"", ""Mitchell""]",player_vote,Mitchell,Mitchell,Mitchell,2.0,Werewolf,True,False
C:\Users\annab\Documents\GitHub\masters_thesis_sdg\results\voting\unsloth_gemma-4-31B-it-unsloth-bnb-4bit\prompt_v4_run_1\Youtube\ONE#NIGHT#ULTIMATE#WEREWOLF#4##July#14th#2016_Game3.json,run_1,1,stochastic,1.0,prompt_v4_run_1,Youtube,ONE#NIGHT#ULTIMATE#WEREWOLF#4##July#14th#2016,Game3,Youtube / ONE#NIGHT#ULTIMATE#WEREWOLF#4##July#14th#2016 / Game3,Paul,"The players have converged on Paul as the target for elimination. Paul's behavior is highly suspicious; he does not defend himself and claims he will 'win regardless' of the vote, which is characteristic of a Tanner or a Werewolf attempting to manipulate the group. While Paul's comments are ambiguous, the collective agreement of the other three players (Justin, Mitchell, and Mike) and Paul's own admission ('What if me and Justin are both werewolves?') suggest he is the most likely candidate for elimination to achieve a Village win.",ONE#NIGHT#ULTIMATE#WEREWOLF#4##July#14th#2016_Game3,"[""Justin"", ""Paul"", ""Mitchell"", ""Mike""]","[""Seer"", ""Tanner"", ""Drunk"", ""Troublemaker""]",False,circle,[],player_vote,Paul,Paul,Paul,1.0,Tanner,False,False
C:\Users\annab\Documents\GitHub\masters_thesis_sdg\results\voting\unsloth_gemma-4-31B-it-unsloth-bnb-4bit\prompt_v4_run_1\Youtube\ONE#NIGHT#ULTIMATE#WEREWOLF#43##October#13th#2018_Game1.json,run_1,1,stochastic,1.0,prompt_v4_run_1,Youtube,ONE#NIGHT#ULTIMATE#WEREWOLF#43##October#13th#2018,Game1,Youtube / ONE#NIGHT#ULTIMATE#WEREWOLF#43##October#13th#2018 / Game1,Mike,"Mike claims to be the 'Revealer' and uses this fake role to accuse Mitchell of being a Werewolf. However, the 'Revealer' role is not listed in the provided game rules, meaning Mike is lying about his identity to frame another player. This behavior is characteristic of a Werewolf attempting to divert suspicion, making Mike the most likely Werewolf in the game.",ONE#NIGHT#ULTIMATE#WEREWOLF#43##October#13th#2018_Game1,"[""Justin"", ""Mitchell"", ""Paul"", ""Mike""]","[""Robber"", ""Werewolf"", ""Tanner"", ""Troublemaker""]",True,player,"[""Mitchell""]",player_vote,Mike,Mike,Mike,3.0,Troublemaker,False,False
C:\Users\annab\Documents\GitHub\masters_thesis_sdg\results\voting\unsloth_gemma-4-31B-it-unsloth-bnb-4bit\prompt_v4_run_1\Youtube\ONE#NIGHT#ULTIMATE#WEREWOLF#43##October#13th#2018_Game3.json,run_1,1,stochastic,1.0,prompt_v4_run_1,Youtube,ONE#NIGHT#ULTIMATE#WEREWOLF#43##October#13th#2018,Game3,Youtube / ONE#NIGHT#ULTIMATE#WEREWOLF#43##October#13th#2018 / Game3,Justin,"Justin explicitly confesses to being a werewolf at the end of the discussion ('I was a werewolf, so there's a werewolf in here'). Paul claims to be the Tanner, which would make him a dangerous target as the Tanner wins if eliminated. Mike and Mitchell's claims (Robber and Troublemaker, respectively) do not indicate they are werewolves. Therefore, voting for Justin is the most reliable way for Team Village to win.",ONE#NIGHT#ULTIMATE#WEREWOLF#43##October#13th#2018_Game3,"[""Justin"", ""Mitchell"", ""Paul"", ""Mike""]","[""Tanner"", ""Troublemaker"", ""Robber"", ""Werewolf""]",True,player,"[""Mike""]",player_vote,Justin,Justin,Justin,0.0,Tanner,False,False
C:\Users\annab\Documents\GitHub\masters_thesis_sdg\results\voting\unsloth_gemma-4-31B-it-unsloth-bnb-4bit\prompt_v4_run_1\Youtube\ONE#NIGHT#ULTIMATE#WEREWOLF#43##October#13th#2018_Game4.json,run_1,1,stochastic,1.0,prompt_v4_run_1,Youtube,ONE#NIGHT#ULTIMATE#WEREWOLF#43##October#13th#2018,Game4,Youtube / ONE#NIGHT#ULTIMATE#WEREWOLF#43##October#13th#2018 / Game4,Mike,"Both Mitchell and Mike admit to being Werewolves, with Mitchell explicitly stating, 'me and Mike, we had a plan... two werewolves'. While the discussion is chaotic and involves claims of role swaps, the admission of being on the Werewolf team is the strongest evidence available. Mitchell is actively pushing for Mike to be voted out, and Justin agrees, making Mike the most probable target for a Village victory.",ONE#NIGHT#ULTIMATE#WEREWOLF#43##October#13th#2018_Game4,"[""Justin"", ""Mitchell"", ""Paul"", ""Mike""]","[""Troublemaker"", ""Tanner"", ""Werewolf"", ""Robber""]",True,player,"[""Paul""]",player_vote,Mike,Mike,Mike,3.0,Robber,False,False
C:\Users\annab\Documents\GitHub\masters_thesis_sdg\results\voting\unsloth_gemma-4-31B-it-unsloth-bnb-4bit\prompt_v4_run_1\Youtube\ONE#NIGHT#ULTIMATE#WEREWOLF#44##October#13th#2018_Game1.json,run_1,1,stochastic,1.0,prompt_v4_run_1,Youtube,ONE#NIGHT#ULTIMATE#WEREWOLF#44##October#13th#2018,Game1,Youtube / ONE#NIGHT#ULTIMATE#WEREWOLF#44##October#13th#2018 / Game1,Justin,"Justin claims to be the Robber and asserts that he robbed Paul. According to the game rules, the Robber swaps their card with another player, meaning Paul would have become the Robber and Justin would have taken Paul's original role. Justin's insistence that he is still the Robber while claiming to have robbed another player is a logical impossibility. Furthermore, Mitchell's claim that the Robber card was in the center further contradicts Justin's claim, making Justin the most likely candidate for the Werewolf.",ONE#NIGHT#ULTIMATE#WEREWOLF#44##October#13th#2018_Game1,"[""Justin"", ""Mitchell"", ""Paul"", ""Mike""]","[""Werewolf"", ""Seer"", ""Tanner"", ""Insomniac""]",True,player,"[""Justin""]",player_vote,Justin,Justin,Justin,0.0,Werewolf,True,False
C:\Users\annab\Documents\GitHub\masters_thesis_sdg\results\voting\unsloth_gemma-4-31B-it-unsloth-bnb-4bit\prompt_v4_run_1\Youtube\ONE#NIGHT#ULTIMATE#WEREWOLF#44##October#13th#2018_Game2.json,run_1,1,stochastic,1.0,prompt_v4_run_1,Youtube,ONE#NIGHT#ULTIMATE#WEREWOLF#44##October#13th#2018,Game2,Youtube / ONE#NIGHT#ULTIMATE#WEREWOLF#44##October#13th#2018 / Game2,Justin,"Paul claims to be the Troublemaker and Mike claims to be the Robber. Mike states that he robbed Mitchell and that Paul subsequently swapped them, which would return Mitchell to his original role. Mike identifies Mitchell as the Tanner, which implies that Justin is the only remaining candidate for the Werewolf. Justin's claims are highly inconsistent, as he claims to be the Insomniac, then claims to have seen cards in the center (a Seer ability), then claims he was a Werewolf, and finally claims to be the Tanner, which is characteristic of a Werewolf attempting to confuse the group.",ONE#NIGHT#ULTIMATE#WEREWOLF#44##October#13th#2018_Game2,"[""Justin"", ""Mitchell"", ""Paul"", ""Mike""]","[""Werewolf"", ""Tanner"", ""Troublemaker"", ""Robber""]",True,player,"[""Justin""]",player_vote,Justin,Justin,Justin,0.0,Werewolf,True,False
C:\Users\annab\Documents\GitHub\masters_thesis_sdg\results\voting\unsloth_gemma-4-31B-it-unsloth-bnb-4bit\prompt_v4_run_1\Youtube\ONE#NIGHT#ULTIMATE#WEREWOLF#44##October#13th#2018_Game3.json,run_1,1,stochastic,1.0,prompt_v4_run_1,Youtube,ONE#NIGHT#ULTIMATE#WEREWOLF#44##October#13th#2018,Game3,Youtube / ONE#NIGHT#ULTIMATE#WEREWOLF#44##October#13th#2018 / Game3,No Werewolf,"Justin claims to be the Seer and states he saw two werewolves in the center, meaning no player is a werewolf. Paul eventually admits to being the Tanner, and Mitchell and Mike claim roles (Insomniac and Troublemaker) that are consistent with a village-aligned setup. If no player is a werewolf, Team Village wins if no one is voted out.",ONE#NIGHT#ULTIMATE#WEREWOLF#44##October#13th#2018_Game3,"[""Justin"", ""Mitchell"", ""Paul"", ""Mike""]","[""Seer"", ""Robber"", ""Tanner"", ""Troublemaker""]",False,circle,[],circle_vote,No Werewolf,,,,,True,True
C:\Users\annab\Documents\GitHub\masters_thesis_sdg\results\voting\unsloth_gemma-4-31B-it-unsloth-bnb-4bit\prompt_v4_run_1\Youtube\ONE#NIGHT#ULTIMATE#WEREWOLF#44##October#13th#2018_Game4.json,run_1,1,stochastic,1.0,prompt_v4_run_1,Youtube,ONE#NIGHT#ULTIMATE#WEREWOLF#44##October#13th#2018,Game4,Youtube / ONE#NIGHT#ULTIMATE#WEREWOLF#44##October#13th#2018 / Game4,Paul,"Paul claims to be the Seer but makes contradictory and impossible statements, such as saying he 'saw thee seer' (a Seer cannot see their own card) and then claiming he saw 'two werewolves' (implying they are in the center). This is a common tactic for a Werewolf to deceive the village into voting 'No Werewolf' so that the Werewolves survive. Since Justin claims to be the Insomniac and Mitchell denies being a werewolf, Paul's erratic behavior makes him the most likely Werewolf.",ONE#NIGHT#ULTIMATE#WEREWOLF#44##October#13th#2018_Game4,"[""Justin"", ""Mitchell"", ""Paul"", ""Mike""]","[""Insomniac"", ""Troublemaker"", ""Seer"", ""Tanner""]",False,circle,[],player_vote,Paul,Paul,Paul,2.0,Seer,False,False
C:\Users\annab\Documents\GitHub\masters_thesis_sdg\results\voting\unsloth_gemma-4-31B-it-unsloth-bnb-4bit\prompt_v4_run_1\Youtube\ONE#NIGHT#ULTIMATE#WEREWOLF#44##October#13th#2018_Game5.json,run_1,1,stochastic,1.0,prompt_v4_run_1,Youtube,ONE#NIGHT#ULTIMATE#WEREWOLF#44##October#13th#2018,Game5,Youtube / ONE#NIGHT#ULTIMATE#WEREWOLF#44##October#13th#2018 / Game5,Mitchell,"Paul and Mitchell both claimed the Troublemaker's ability to swap players, meaning at least one of them is lying. Paul explicitly stated that both he and Mitchell are Werewolves (T74), and Mitchell's confusion regarding his own claimed actions (T86) strongly suggests he is bluffing. Since the other players are converging on Mitchell and he has failed to provide a consistent defense, he is the most likely candidate for elimination to ensure a Team Village win.",ONE#NIGHT#ULTIMATE#WEREWOLF#44##October#13th#2018_Game5,"[""Justin"", ""Mitchell"", ""Paul"", ""Mike""]","[""Robber"", ""Troublemaker"", ""Seer"", ""Werewolf""]",True,player,"[""Mike""]",player_vote,Mitchell,Mitchell,Mitchell,1.0,Troublemaker,False,False
C:\Users\annab\Documents\GitHub\masters_thesis_sdg\results\voting\unsloth_gemma-4-31B-it-unsloth-bnb-4bit\prompt_v4_run_1\Youtube\ONE#NIGHT#ULTIMATE#WEREWOLF#45##October#13th#2018_Game4.json,run_1,1,stochastic,1.0,prompt_v4_run_1,Youtube,ONE#NIGHT#ULTIMATE#WEREWOLF#45##October#13th#2018,Game4,Youtube / ONE#NIGHT#ULTIMATE#WEREWOLF#45##October#13th#2018 / Game4,Justin,"Justin provides contradictory claims about his role: he first claims to have seen the Apprentice Seer in the center (implying he is the Seer), but later claims he was the Tanner and was robbed by Mitchell. Paul consistently claims to be the Tanner, a role that actively seeks elimination, making him a dangerous target for the Village. Given the contradictions in Justin's story and the other players' roles (Robber, Hunter, Tanner), Justin is the most likely Werewolf.",ONE#NIGHT#ULTIMATE#WEREWOLF#45##October#13th#2018_Game4,"[""Justin"", ""Mitchell"", ""Paul"", ""Mike""]","[""Tanner"", ""Werewolf"", ""Robber"", ""Werewolf""]",True,player,"[""Mitchell"", ""Mike""]",player_vote,Justin,Justin,Justin,0.0,Tanner,False,False
C:\Users\annab\Documents\GitHub\masters_thesis_sdg\results\voting\unsloth_gemma-4-31B-it-unsloth-bnb-4bit\prompt_v4_run_1\Youtube\ONE#NIGHT#ULTIMATE#WEREWOLF#45##October#13th#2018_Game6.json,run_1,1,stochastic,1.0,prompt_v4_run_1,Youtube,ONE#NIGHT#ULTIMATE#WEREWOLF#45##October#13th#2018,Game6,Youtube / ONE#NIGHT#ULTIMATE#WEREWOLF#45##October#13th#2018 / Game6,Mike,"Justin claims to be the Troublemaker and states he swapped Mitchell with another player. Mitchell's early assertion that 'it's Mike' [15] and Justin's final suggestion to 'Kill Mike' [114] strongly suggest that Mike is the current Werewolf. This scenario is consistent if Mitchell was the starting Werewolf and was swapped with Mike (the starting Hunter), making Mike the final Werewolf and explaining why Mike would bluff as the Hunter.",ONE#NIGHT#ULTIMATE#WEREWOLF#45##October#13th#2018_Game6,"[""Justin"", ""Mitchell"", ""Paul"", ""Mike""]","[""Troublemaker"", ""Robber"", ""Tanner"", ""Hunter""]",False,circle,[],player_vote,Mike,Mike,Mike,3.0,Hunter,False,False
C:\Users\annab\Documents\GitHub\masters_thesis_sdg\results\voting\unsloth_gemma-4-31B-it-unsloth-bnb-4bit\prompt_v4_run_1\Youtube\One#Night#Ultimate#Werewolf#491#Classic#Werewolf_Game1.json,run_1,1,stochastic,1.0,prompt_v4_run_1,Youtube,One#Night#Ultimate#Werewolf#491#Classic#Werewolf,Game1,Youtube / One#Night#Ultimate#Werewolf#491#Classic#Werewolf / Game1,Pete,"Katie claims to be the Troublemaker and states she swapped the cards of Brett and Pete. Brett admits that he was the starting Werewolf, which means that after the Troublemaker's swap, Pete became the Werewolf. Dustin's claim to be the Drunk who became a Werewolf is logically inconsistent because the Drunk does not look at their new card, suggesting he is likely the Tanner attempting to attract votes.",One#Night#Ultimate#Werewolf#491#Classic#Werewolf_Game1,"[""Pete"", ""Katie"", ""Brett"", ""Dustin""]","[""Seer"", ""Troublemaker"", ""Werewolf"", ""Robber""]",True,player,"[""Brett""]",player_vote,Pete,Pete,Pete,0.0,Seer,False,False
C:\Users\annab\Documents\GitHub\masters_thesis_sdg\results\voting\unsloth_gemma-4-31B-it-unsloth-bnb-4bit\prompt_v4_run_1\Youtube\One#Night#Ultimate#Werewolf#492#More#Classic#Werewolf_Game1.json,run_1,1,stochastic,1.0,prompt_v4_run_1,Youtube,One#Night#Ultimate#Werewolf#492#More#Classic#Werewolf,Game1,Youtube / One#Night#Ultimate#Werewolf#492#More#Classic#Werewolf / Game1,Katie,"Dustin claimed to be the Seer and stated he saw two Werewolf cards in the center. Katie claimed to be the Drunk and admitted to swapping her card with one from the center. If Dustin's information is accurate, Katie swapped her role for one of the Werewolf cards in the center. Brett's claim to be the Robber who robbed Dustin's Seer card provides corroboration for Dustin's starting role, making Katie the most likely Werewolf.",One#Night#Ultimate#Werewolf#492#More#Classic#Werewolf_Game1,"[""Pete"", ""Katie"", ""Brett"", ""Dustin""]","[""Tanner"", ""Troublemaker"", ""Seer"", ""Robber""]",False,circle,[],player_vote,Katie,Katie,Katie,1.0,Troublemaker,False,False
C:\Users\annab\Documents\GitHub\masters_thesis_sdg\results\voting\unsloth_gemma-4-31B-it-unsloth-bnb-4bit\prompt_v4_run_1\Youtube\One#Night#Ultimate#Werewolf#493#Even#More#Classic#Werewolf_Game1.json,run_1,1,stochastic,1.0,prompt_v4_run_1,Youtube,One#Night#Ultimate#Werewolf#493#Even#More#Classic#Werewolf,Game1,Youtube / One#Night#Ultimate#Werewolf#493#Even#More#Classic#Werewolf / Game1,Katie,"Brett claims to be the Seer and identifies Pete as the Robber, a claim Pete initially confirms. Katie's claims are highly inconsistent: she first claims to be the Seer and asserts that two werewolves are in the center (a common Werewolf bluff to discourage voting), and later claims to be the Tanner. Given that Brett's information supports Pete's role as the Robber (Team Village), Katie is the most likely candidate for the Werewolf, using the Tanner claim as a final attempt to avoid elimination.",One#Night#Ultimate#Werewolf#493#Even#More#Classic#Werewolf_Game1,"[""Pete"", ""Katie"", ""Brett"", ""Dustin""]","[""Robber"", ""Tanner"", ""Seer"", ""Werewolf""]",True,player,"[""Dustin""]",player_vote,Katie,Katie,Katie,1.0,Tanner,False,False
C:\Users\annab\Documents\GitHub\masters_thesis_sdg\results\voting\unsloth_gemma-4-31B-it-unsloth-bnb-4bit\prompt_v4_run_1\Youtube\ONE#NIGHT#ULTIMATE#WEREWOLF#5##October#29th#2016_Game1.json,run_1,1,stochastic,1.0,prompt_v4_run_1,Youtube,ONE#NIGHT#ULTIMATE#WEREWOLF#5##October#29th#2016,Game1,Youtube / ONE#NIGHT#ULTIMATE#WEREWOLF#5##October#29th#2016 / Game1,Mike,"Caitlynn claims to be the Troublemaker and states she switched Chris and Mike. Chris admits that he was the starting Werewolf ('I 100% percent was the werewolf'). Since the Troublemaker swaps the roles of two players, if Chris started as the Werewolf and was swapped with Mike, Mike is now the Werewolf. Therefore, voting for Mike is the most logical path for Team Village to win.",ONE#NIGHT#ULTIMATE#WEREWOLF#5##October#29th#2016_Game1,"[""Mitchell"", ""Chris"", ""Caitlynn"", ""Mike""]","[""Insomniac"", ""Werewolf"", ""Troublemaker"", ""Robber""]",True,player,"[""Chris""]",player_vote,Mike,Mike,Mike,3.0,Robber,False,False
C:\Users\annab\Documents\GitHub\masters_thesis_sdg\results\voting\unsloth_gemma-4-31B-it-unsloth-bnb-4bit\prompt_v4_run_1\Youtube\One#Night#Ultimate#Werewolf#531#Classic#ONUW_Game1.json,run_1,1,stochastic,1.0,prompt_v4_run_1,Youtube,One#Night#Ultimate#Werewolf#531#Classic#ONUW,Game1,Youtube / One#Night#Ultimate#Werewolf#531#Classic#ONUW / Game1,Brett,"Brett explicitly admits to being the Werewolf in the transcript ('Yes, I was the werewolf' [92]). While there are conflicting claims about role swaps from DeAndre and Brett himself, Brett's admission is the most direct piece of evidence linking a player to the Werewolf role. Even if a swap occurred, Brett's erratic behavior and admission make him the most suspicious candidate for elimination to ensure a Village win.",One#Night#Ultimate#Werewolf#531#Classic#ONUW_Game1,"[""Ryan"", ""Katie"", ""Brett"", ""DeAndre""]","[""Robber"", ""Minion"", ""Tanner"", ""Troublemaker""]",False,circle,[],player_vote,Brett,Brett,Brett,2.0,Tanner,False,False
C:\Users\annab\Documents\GitHub\masters_thesis_sdg\results\voting\unsloth_gemma-4-31B-it-unsloth-bnb-4bit\prompt_v4_run_1\Youtube\One#Night#Ultimate#Werewolf#532#More#Classic#ONUW_Game1.json,run_1,1,stochastic,1.0,prompt_v4_run_1,Youtube,One#Night#Ultimate#Werewolf#532#More#Classic#ONUW,Game1,Youtube / One#Night#Ultimate#Werewolf#532#More#Classic#ONUW / Game1,DeAndre,"DeAndre admitted to being a Werewolf early in the discussion, although he later contradictorily claimed to be the Troublemaker. While Katie also claimed to be a Werewolf, she did so only after DeAndre's admission. Brett and Ryan, who provide the most consistent (though still confusing) narrative regarding the Robber and Troublemaker roles, ultimately agree to vote for DeAndre.",One#Night#Ultimate#Werewolf#532#More#Classic#ONUW_Game1,"[""Ryan"", ""Katie"", ""Brett"", ""DeAndre""]","[""Troublemaker"", ""Drunk"", ""Robber"", ""Werewolf""]",True,player,"[""DeAndre""]",player_vote,DeAndre,DeAndre,DeAndre,3.0,Werewolf,True,False
C:\Users\annab\Documents\GitHub\masters_thesis_sdg\results\voting\unsloth_gemma-4-31B-it-unsloth-bnb-4bit\prompt_v4_run_1\Youtube\One#Night#Ultimate#Werewolf#533#Even#More#Classic#ONUW_Game1.json,run_1,1,stochastic,1.0,prompt_v4_run_1,Youtube,One#Night#Ultimate#Werewolf#533#Even#More#Classic#ONUW,Game1,Youtube / One#Night#Ultimate#Werewolf#533#Even#More#Classic#ONUW / Game1,DeAndre,"Based on the claims, Katie (Robber) stole Ryan's (Troublemaker) card, and Ryan then swapped Katie and Brett. Since Brett claims he was the Tanner, Katie is now the Tanner and Brett is the Troublemaker. DeAndre claimed to be the Drunk, meaning he swapped his card with the center; if a Werewolf card was in the center, DeAndre is now the Werewolf, or he is simply lying about his role to hide that he is a Werewolf.",One#Night#Ultimate#Werewolf#533#Even#More#Classic#ONUW_Game1,"[""Ryan"", ""Katie"", ""Brett"", ""DeAndre""]","[""Robber"", ""Tanner"", ""Troublemaker"", ""Minion""]",False,circle,[],player_vote,DeAndre,DeAndre,DeAndre,3.0,Minion,False,False
C:\Users\annab\Documents\GitHub\masters_thesis_sdg\results\voting\unsloth_gemma-4-31B-it-unsloth-bnb-4bit\prompt_v4_run_1\Youtube\ONE#NIGHT#ULTIMATE#WEREWOLF#55##January#26th#2019_Game3.json,run_1,1,stochastic,1.0,prompt_v4_run_1,Youtube,ONE#NIGHT#ULTIMATE#WEREWOLF#55##January#26th#2019,Game3,Youtube / ONE#NIGHT#ULTIMATE#WEREWOLF#55##January#26th#2019 / Game3,Justin,"Justin's behavior is highly erratic and contradictory; he claims to be the 'PI' (likely meaning Seer), repeatedly asks to be voted out (mimicking the Tanner), and then attempts to shift the vote toward Mitchell. This level of confusion and deception is more characteristic of a Werewolf attempting to manipulate the group than a Tanner, who typically has a simpler goal. Since Mike and Mitchell have provided consistent role claims (Seer and Insomniac) and the other players are less suspicious, Justin is the most likely candidate for the Werewolf.",ONE#NIGHT#ULTIMATE#WEREWOLF#55##January#26th#2019_Game3,"[""Justin"", ""Caitlynn"", ""Mitchell"", ""Brad"", ""Mike""]","[""Werewolf"", ""Werewolf"", ""Insomniac"", ""Tanner"", ""Seer""]",True,player,"[""Justin"", ""Caitlynn""]",player_vote,Justin,Justin,Justin,0.0,Werewolf,True,False
C:\Users\annab\Documents\GitHub\masters_thesis_sdg\results\voting\unsloth_gemma-4-31B-it-unsloth-bnb-4bit\prompt_v4_run_1\Youtube\ONE#NIGHT#ULTIMATE#WEREWOLF#6##November#6th#2016_Game1.json,run_1,1,stochastic,1.0,prompt_v4_run_1,Youtube,ONE#NIGHT#ULTIMATE#WEREWOLF#6##November#6th#2016,Game1,Youtube / ONE#NIGHT#ULTIMATE#WEREWOLF#6##November#6th#2016 / Game1,Caitlynn,"Caitlynn explicitly claims to be a werewolf, and Mitchell provides a detailed narrative where he (as the Robber) swapped roles with her, only for Alana (the Troublemaker) to swap them back, leaving Caitlynn as the werewolf. Although Mike also claims to be a werewolf, the group's consensus and the logic provided by Mitchell focus on Caitlynn. Since voting out any werewolf results in a win for Team Village, Caitlynn is the most supported target based on the discussion.",ONE#NIGHT#ULTIMATE#WEREWOLF#6##November#6th#2016_Game1,"[""Caitlynn"", ""Mitchell"", ""Alana"", ""Mike""]","[""Robber"", ""Werewolf"", ""Troublemaker"", ""Werewolf""]",True,player,"[""Mitchell"", ""Mike""]",player_vote,Caitlynn,Caitlynn,Caitlynn,0.0,Robber,False,False
C:\Users\annab\Documents\GitHub\masters_thesis_sdg\results\voting\unsloth_gemma-4-31B-it-unsloth-bnb-4bit\prompt_v4_run_1\Youtube\ONE#NIGHT#ULTIMATE#WEREWOLF#6##November#6th#2016_Game2.json,run_1,1,stochastic,1.0,prompt_v4_run_1,Youtube,ONE#NIGHT#ULTIMATE#WEREWOLF#6##November#6th#2016,Game2,Youtube / ONE#NIGHT#ULTIMATE#WEREWOLF#6##November#6th#2016 / Game2,Mitchell,"Based on the transcript, a consistent narrative emerges: Caitlynn started as the Seer and saw a Werewolf card in the center. Alana (Robber) robbed Mitchell (Drunk), and Mike (Troublemaker) swapped Caitlynn and Mitchell. Finally, Mitchell, as the starting Drunk, swapped his current card (which had become the Seer card due to Mike's swap) with the Werewolf card from the center. This makes Mitchell the final Werewolf, which aligns with his own admissions in the discussion.",ONE#NIGHT#ULTIMATE#WEREWOLF#6##November#6th#2016_Game2,"[""Caitlynn"", ""Mitchell"", ""Alana"", ""Mike""]","[""Werewolf"", ""Robber"", ""Seer"", ""Troublemaker""]",True,player,"[""Caitlynn""]",player_vote,Mitchell,Mitchell,Mitchell,1.0,Robber,False,False
C:\Users\annab\Documents\GitHub\masters_thesis_sdg\results\voting\unsloth_gemma-4-31B-it-unsloth-bnb-4bit\prompt_v4_run_1\Youtube\ONE#NIGHT#ULTIMATE#WEREWOLF#62##March#23rd#2019_Game1.json,run_1,1,stochastic,1.0,prompt_v4_run_1,Youtube,ONE#NIGHT#ULTIMATE#WEREWOLF#62##March#23rd#2019,Game1,Youtube / ONE#NIGHT#ULTIMATE#WEREWOLF#62##March#23rd#2019 / Game1,Justin,"Justin provides multiple contradictory claims about his role, stating he was the Copycat, then the Robber (which he later claims was a joke), and finally claiming he started as the Tanner. This inconsistency is characteristic of a Werewolf attempting to bluff and confuse the other players. Furthermore, the group's consensus to 'vote left' from Mitchell's position points toward Justin, and Justin's attempt to deflect suspicion onto Paul further suggests he is the Werewolf.",ONE#NIGHT#ULTIMATE#WEREWOLF#62##March#23rd#2019_Game1,"[""Justin"", ""James"", ""Paul"", ""Mitchell""]","[""Werewolf"", ""Seer"", ""Tanner"", ""Troublemaker""]",True,player,"[""Justin""]",player_vote,Justin,Justin,Justin,0.0,Werewolf,True,False
C:\Users\annab\Documents\GitHub\masters_thesis_sdg\results\voting\unsloth_gemma-4-31B-it-unsloth-bnb-4bit\prompt_v4_run_1\Youtube\ONE#NIGHT#ULTIMATE#WEREWOLF#62##March#23rd#2019_Game2.json,run_1,1,stochastic,1.0,prompt_v4_run_1,Youtube,ONE#NIGHT#ULTIMATE#WEREWOLF#62##March#23rd#2019,Game2,Youtube / ONE#NIGHT#ULTIMATE#WEREWOLF#62##March#23rd#2019 / Game2,James,"Justin performed the Troublemaker action during the night phase (swapping Mitchell and James), but James later claimed to be the Troublemaker, which is a blatant lie. Paul's statement 'Actually you need to kill me' is a strong indicator that he is the Tanner, who wants to be voted out. Mitchell's claim to be the Seer and seeing a Werewolf in the center is consistent with the game state. Since James is lying about his role and pushing to eliminate Paul (the Tanner), James is the most likely Werewolf.",ONE#NIGHT#ULTIMATE#WEREWOLF#62##March#23rd#2019_Game2,"[""Justin"", ""James"", ""Paul"", ""Mitchell""]","[""Seer"", ""Troublemaker"", ""Werewolf"", ""Tanner""]",True,player,"[""Paul""]",player_vote,James,James,James,1.0,Troublemaker,False,False
C:\Users\annab\Documents\GitHub\masters_thesis_sdg\results\voting\unsloth_gemma-4-31B-it-unsloth-bnb-4bit\prompt_v4_run_1\Youtube\ONE#NIGHT#ULTIMATE#WEREWOLF#63##March#23rd#2019_Game1.json,run_1,1,stochastic,1.0,prompt_v4_run_1,Youtube,ONE#NIGHT#ULTIMATE#WEREWOLF#63##March#23rd#2019,Game1,Youtube / ONE#NIGHT#ULTIMATE#WEREWOLF#63##March#23rd#2019 / Game1,Justin,"Justin's claims are completely contradictory throughout the discussion. He claims to be the Robber (T[45]), then claims he was a Werewolf (T[73], T[117]), and then claims to have seen two Werewolves in the center, which is a Seer's ability (T[86]). This erratic behavior and the explicit admission of being a Werewolf make him the most suspicious player, regardless of whether he is a Werewolf attempting to confuse the group or a Tanner attempting to be voted out.",ONE#NIGHT#ULTIMATE#WEREWOLF#63##March#23rd#2019_Game1,"[""Justin"", ""James"", ""Paul"", ""Mitchell""]","[""Tanner"", ""Werewolf"", ""Robber"", ""Werewolf""]",True,player,"[""James"", ""Mitchell""]",player_vote,Justin,Justin,Justin,0.0,Tanner,False,False
C:\Users\annab\Documents\GitHub\masters_thesis_sdg\results\voting\unsloth_gemma-4-31B-it-unsloth-bnb-4bit\prompt_v4_run_1\Youtube\ONE#NIGHT#ULTIMATE#WEREWOLF#64##March#23rd#2019_Game3.json,run_1,1,stochastic,1.0,prompt_v4_run_1,Youtube,ONE#NIGHT#ULTIMATE#WEREWOLF#64##March#23rd#2019,Game3,Youtube / ONE#NIGHT#ULTIMATE#WEREWOLF#64##March#23rd#2019 / Game3,Justin,"James is aggressively begging to be voted out, which is characteristic behavior for the Tanner. Mitchell's claim as the Seer that the Robber card was in the center suggests that James's claim to be the Robber is a lie, further supporting the theory that James is the Tanner. Justin explicitly admits to being a werewolf when asked by Paul what his starting role was ('I was a werewolf'), making him the most likely target for Team Village to eliminate.",ONE#NIGHT#ULTIMATE#WEREWOLF#64##March#23rd#2019_Game3,"[""Justin"", ""James"", ""Paul"", ""Mitchell""]","[""Robber"", ""Werewolf"", ""Troublemaker"", ""Tanner""]",True,player,"[""James""]",player_vote,Justin,Justin,Justin,0.0,Robber,False,False
C:\Users\annab\Documents\GitHub\masters_thesis_sdg\results\voting\unsloth_gemma-4-31B-it-unsloth-bnb-4bit\prompt_v4_run_1\Youtube\ONE#NIGHT#ULTIMATE#WEREWOLF#64##March#23rd#2019_Game4.json,run_1,1,stochastic,1.0,prompt_v4_run_1,Youtube,ONE#NIGHT#ULTIMATE#WEREWOLF#64##March#23rd#2019,Game4,Youtube / ONE#NIGHT#ULTIMATE#WEREWOLF#64##March#23rd#2019 / Game4,Paul,"James claims to be the Seer and is aggressively pushing for Paul's elimination. Justin claims to be the Troublemaker and states he swapped James and Paul; if James was the starting Werewolf, this swap would make Paul the final Werewolf. Given that James, Mitchell, and Justin have all converged on Paul as the target, Paul is the most likely candidate for elimination to achieve a Village win.",ONE#NIGHT#ULTIMATE#WEREWOLF#64##March#23rd#2019_Game4,"[""Justin"", ""James"", ""Paul"", ""Mitchell""]","[""Werewolf"", ""Robber"", ""Werewolf"", ""Seer""]",True,player,"[""Justin"", ""Paul""]",player_vote,Paul,Paul,Paul,2.0,Werewolf,True,False
C:\Users\annab\Documents\GitHub\masters_thesis_sdg\results\voting\unsloth_gemma-4-31B-it-unsloth-bnb-4bit\prompt_v4_run_1\Youtube\ONE#NIGHT#ULTIMATE#WEREWOLF#64##March#23rd#2019_Game5.json,run_1,1,stochastic,1.0,prompt_v4_run_1,Youtube,ONE#NIGHT#ULTIMATE#WEREWOLF#64##March#23rd#2019,Game5,Youtube / ONE#NIGHT#ULTIMATE#WEREWOLF#64##March#23rd#2019 / Game5,Justin,"James claims to be the Werewolf, but this is highly unusual for a Werewolf unless they are actually the Tanner attempting to get voted out. Justin claims to be the Seer and later the Tanner; claiming to be the Tanner is a common bluff for a Werewolf to discourage the Village from voting for them, as voting out the Tanner results in a loss for the Village. Paul and Mitchell, both aligned with the Village, identify Justin as the most suspicious player and are pushing to vote him out. Therefore, Justin is the most likely Werewolf, while James is likely the Tanner.",ONE#NIGHT#ULTIMATE#WEREWOLF#64##March#23rd#2019_Game5,"[""Justin"", ""James"", ""Paul"", ""Mitchell""]","[""Werewolf"", ""Robber"", ""Seer"", ""Troublemaker""]",True,player,"[""Justin""]",player_vote,Justin,Justin,Justin,0.0,Werewolf,True,False
C:\Users\annab\Documents\GitHub\masters_thesis_sdg\results\voting\unsloth_gemma-4-31B-it-unsloth-bnb-4bit\prompt_v4_run_1\Youtube\ONE#NIGHT#ULTIMATE#WEREWOLF#7##November#6th#2016_Game1.json,run_1,1,stochastic,1.0,prompt_v4_run_1,Youtube,ONE#NIGHT#ULTIMATE#WEREWOLF#7##November#6th#2016,Game1,Youtube / ONE#NIGHT#ULTIMATE#WEREWOLF#7##November#6th#2016 / Game1,Alana,"Caitlynn claimed to be the starting Werewolf, and Mitchell claimed to be the Troublemaker. Alana claimed to be the Robber and stated she stole from Mitchell. Mitchell then revealed he swapped Caitlynn and Alana. Following this sequence, Alana ends up with the Werewolf card, a conclusion Alana herself acknowledges in the discussion.",ONE#NIGHT#ULTIMATE#WEREWOLF#7##November#6th#2016_Game1,"[""Caitlynn"", ""Mitchell"", ""Alana"", ""Mike""]","[""Troublemaker"", ""Robber"", ""Werewolf"", ""Villager""]",True,player,"[""Alana""]",player_vote,Alana,Alana,Alana,2.0,Werewolf,True,False
C:\Users\annab\Documents\GitHub\masters_thesis_sdg\results\voting\unsloth_gemma-4-31B-it-unsloth-bnb-4bit\prompt_v4_run_1\Youtube\ONE#NIGHT#ULTIMATE#WEREWOLF#7##November#6th#2016_Game2.json,run_1,1,stochastic,1.0,prompt_v4_run_1,Youtube,ONE#NIGHT#ULTIMATE#WEREWOLF#7##November#6th#2016,Game2,Youtube / ONE#NIGHT#ULTIMATE#WEREWOLF#7##November#6th#2016 / Game2,Caitlynn,"Mike (starting Seer) and Mitchell (Robber who robbed Mike) have coordinated their stories and both suspect Caitlynn of being the Werewolf. Caitlynn's playful behavior and her joke about being a 'cute fluffy wolf' make her a primary suspect for either the Werewolf or the Tanner. Given that the most informed players in the discussion have converged on Caitlynn as the likely Werewolf, she is the most logical choice for the vote.",ONE#NIGHT#ULTIMATE#WEREWOLF#7##November#6th#2016_Game2,"[""Caitlynn"", ""Mitchell"", ""Alana"", ""Mike""]","[""Tanner"", ""Seer"", ""Werewolf"", ""Robber""]",True,player,"[""Alana""]",player_vote,Caitlynn,Caitlynn,Caitlynn,0.0,Tanner,False,False
C:\Users\annab\Documents\GitHub\masters_thesis_sdg\results\voting\unsloth_gemma-4-31B-it-unsloth-bnb-4bit\prompt_v4_run_1\Youtube\ONE#NIGHT#ULTIMATE#WEREWOLF#7##November#6th#2016_Game3.json,run_1,1,stochastic,1.0,prompt_v4_run_1,Youtube,ONE#NIGHT#ULTIMATE#WEREWOLF#7##November#6th#2016,Game3,Youtube / ONE#NIGHT#ULTIMATE#WEREWOLF#7##November#6th#2016 / Game3,Mitchell,"Mitchell provides contradictory claims: he first asserts he saw Mike's card (an action associated with the Seer or Robber), but later claims he was the Tanner (a role with no night action). Furthermore, while the Tanner's goal is to be voted out, Mitchell actively attempts to divert the vote away from himself and toward Alana. This combination of lying about his role and diverting suspicion is characteristic of a Werewolf.",ONE#NIGHT#ULTIMATE#WEREWOLF#7##November#6th#2016_Game3,"[""Caitlynn"", ""Mitchell"", ""Alana"", ""Mike""]","[""Werewolf"", ""Werewolf"", ""Troublemaker"", ""Tanner""]",True,player,"[""Caitlynn"", ""Mitchell""]",player_vote,Mitchell,Mitchell,Mitchell,1.0,Werewolf,True,False
C:\Users\annab\Documents\GitHub\masters_thesis_sdg\results\voting\unsloth_gemma-4-31B-it-unsloth-bnb-4bit\prompt_v4_run_1\Youtube\ONE#NIGHT#ULTIMATE#WEREWOLF#7##November#6th#2016_Game4.json,run_1,1,stochastic,1.0,prompt_v4_run_1,Youtube,ONE#NIGHT#ULTIMATE#WEREWOLF#7##November#6th#2016,Game4,Youtube / ONE#NIGHT#ULTIMATE#WEREWOLF#7##November#6th#2016 / Game4,Mitchell,"Alana claims to be the Seer and explicitly identifies Mitchell as the werewolf multiple times (e.g., [34], [73]). Mike's claim that he was the Insomniac but woke up as the Seer [51] suggests a swap occurred, which contradicts Mitchell's claim that he is the Insomniac and was not swapped [63]. While Alana confusingly pivots to Caitlynn at the very end, the most consistent narrative is that Alana (Seer) saw Mitchell (Werewolf), and Mike (Insomniac) was swapped with Alana by a Troublemaker (likely Caitlynn).",ONE#NIGHT#ULTIMATE#WEREWOLF#7##November#6th#2016_Game4,"[""Caitlynn"", ""Mitchell"", ""Alana"", ""Mike""]","[""Werewolf"", ""Werewolf"", ""Troublemaker"", ""Tanner""]",True,player,"[""Caitlynn"", ""Mitchell""]",player_vote,Mitchell,Mitchell,Mitchell,1.0,Werewolf,True,False
C:\Users\annab\Documents\GitHub\masters_thesis_sdg\results\voting\unsloth_gemma-4-31B-it-unsloth-bnb-4bit\prompt_v4_run_1\Youtube\ONE#NIGHT#ULTIMATE#WEREWOLF#8##November#6th#2016_Game1.json,run_1,1,stochastic,1.0,prompt_v4_run_1,Youtube,ONE#NIGHT#ULTIMATE#WEREWOLF#8##November#6th#2016,Game1,Youtube / ONE#NIGHT#ULTIMATE#WEREWOLF#8##November#6th#2016 / Game1,Mitchell,"Mitchell's claims are highly inconsistent, as he claims to be the Tanner, then the Seer, and finally the Werewolf. While he eventually admits 'I'm the werewolf' (lines 123, 136, 151), he simultaneously urges the group not to vote for him, which is typical behavior for a Werewolf attempting to survive. Although Matt claims to have robbed Mitchell, if Mitchell is currently the Werewolf, he is the correct target for Team Village regardless of how he acquired the role.",ONE#NIGHT#ULTIMATE#WEREWOLF#8##November#6th#2016_Game1,"[""Matt"", ""Caitlynn"", ""Mitchell"", ""Alana"", ""Mike""]","[""Robber"", ""Werewolf"", ""Tanner"", ""Insomniac"", ""Troublemaker""]",True,player,"[""Caitlynn""]",player_vote,Mitchell,Mitchell,Mitchell,2.0,Tanner,False,False
C:\Users\annab\Documents\GitHub\masters_thesis_sdg\results\voting\unsloth_gemma-4-31B-it-unsloth-bnb-4bit\prompt_v4_run_1\Youtube\ONE#NIGHT#ULTIMATE#WEREWOLF#8##November#6th#2016_Game4.json,run_1,1,stochastic,1.0,prompt_v4_run_1,Youtube,ONE#NIGHT#ULTIMATE#WEREWOLF#8##November#6th#2016,Game4,Youtube / ONE#NIGHT#ULTIMATE#WEREWOLF#8##November#6th#2016 / Game4,Mike,"Mike's claims are highly contradictory; he claims to be the Troublemaker, then suggests he is the Seer (or identifies someone else as such), and simultaneously claims Alana is both the Insomniac and the Werewolf. While he attempts to create a narrative where he swapped Alana (Tanner) and Matt (Werewolf) to make Alana the current Werewolf, his erratic behavior and conflicting statements are characteristic of a Werewolf attempting to divert suspicion and confuse the group. Alana's claim to be the Tanner is consistent, and Matt's agreement that he is now the Tanner likely stems from Mike's manipulation or Matt acting as a Minion. Therefore, Mike is the most suspicious player.",ONE#NIGHT#ULTIMATE#WEREWOLF#8##November#6th#2016_Game4,"[""Matt"", ""Caitlynn"", ""Mitchell"", ""Alana"", ""Mike""]","[""Tanner"", ""Seer"", ""Werewolf"", ""Insomniac"", ""Troublemaker""]",True,player,"[""Mitchell""]",player_vote,Mike,Mike,Mike,4.0,Troublemaker,False,False
C:\Users\annab\Documents\GitHub\masters_thesis_sdg\results\voting\unsloth_gemma-4-31B-it-unsloth-bnb-4bit\prompt_v4_run_1\Youtube\ONE#NIGHT#ULTIMATE#WEREWOLF#83##October#15th#2019_Game2.json,run_1,1,stochastic,1.0,prompt_v4_run_1,Youtube,ONE#NIGHT#ULTIMATE#WEREWOLF#83##October#15th#2019,Game2,Youtube / ONE#NIGHT#ULTIMATE#WEREWOLF#83##October#15th#2019 / Game2,Caitlynn,"Caitlynn claims she robbed Mike and saw the Tanner card on him. However, Mike's behavior is contradictory; while he repeatedly claims to be the Werewolf, he actively urges the group to vote for Caitlynn instead of himself. A Tanner would want to attract votes, but Mike is pushing the vote away from himself, suggesting Caitlynn is lying about him being the Tanner to divert suspicion. Since Caitlynn is providing false information to frame Mike as the Tanner and divert the vote, she is the most likely Werewolf.",ONE#NIGHT#ULTIMATE#WEREWOLF#83##October#15th#2019_Game2,"[""Justin"", ""Meghan"", ""Caitlynn"", ""Mike""]","[""Werewolf"", ""Troublemaker"", ""Robber"", ""Tanner""]",True,player,"[""Justin""]",player_vote,Caitlynn,Caitlynn,Caitlynn,2.0,Robber,False,False
C:\Users\annab\Documents\GitHub\masters_thesis_sdg\results\voting\unsloth_gemma-4-31B-it-unsloth-bnb-4bit\prompt_v4_run_1\Youtube\ONE#NIGHT#ULTIMATE#WEREWOLF#83##October#15th#2019_Game3.json,run_1,1,stochastic,1.0,prompt_v4_run_1,Youtube,ONE#NIGHT#ULTIMATE#WEREWOLF#83##October#15th#2019,Game3,Youtube / ONE#NIGHT#ULTIMATE#WEREWOLF#83##October#15th#2019 / Game3,Mike,"Mike explicitly claims to be a 'regular werewolf' in line [91] and refers to the werewolves' victory in line [101]. While he initially claimed to be the Troublemaker, this was contradicted by Meghan's claim that Mike's role was in the center and Justin's suspicious coordination to support Mike's fake story. Justin's pre-emptive attempt to discredit Meghan [19] suggests he was acting as the Minion to protect Mike. Therefore, Mike is the most likely Werewolf.",ONE#NIGHT#ULTIMATE#WEREWOLF#83##October#15th#2019_Game3,"[""Justin"", ""Meghan"", ""Caitlynn"", ""Mike""]","[""Troublemaker"", ""Werewolf"", ""Tanner"", ""Robber""]",True,player,"[""Meghan""]",player_vote,Mike,Mike,Mike,3.0,Robber,False,False
C:\Users\annab\Documents\GitHub\masters_thesis_sdg\results\voting\unsloth_gemma-4-31B-it-unsloth-bnb-4bit\prompt_v4_run_1\Youtube\ONE#NIGHT#ULTIMATE#WEREWOLF#86##November#9th#2019_Game1.json,run_1,1,stochastic,1.0,prompt_v4_run_1,Youtube,ONE#NIGHT#ULTIMATE#WEREWOLF#86##November#9th#2019,Game1,Youtube / ONE#NIGHT#ULTIMATE#WEREWOLF#86##November#9th#2019 / Game1,Paul,"Mike's contradictory claims about being the Seer/Copycat and whether he saw a werewolf in the center strongly suggest he is the Werewolf. Justin claims to be the Troublemaker and explicitly states that he swapped Mike with Paul. If Mike was the Werewolf and was swapped with Paul, Paul now holds the Werewolf card. Therefore, voting for Paul is the most logical choice for Team Village to win.",ONE#NIGHT#ULTIMATE#WEREWOLF#86##November#9th#2019_Game1,"[""Justin"", ""Mitchell"", ""Paul"", ""Mike""]","[""Robber"", ""Werewolf"", ""Werewolf"", ""Troublemaker""]",True,player,"[""Mitchell"", ""Paul""]",player_vote,Paul,Paul,Paul,2.0,Werewolf,True,False
C:\Users\annab\Documents\GitHub\masters_thesis_sdg\results\voting\unsloth_gemma-4-31B-it-unsloth-bnb-4bit\prompt_v4_run_1\Youtube\ONE#NIGHT#ULTIMATE#WEREWOLF#86##November#9th#2019_Game3.json,run_1,1,stochastic,1.0,prompt_v4_run_1,Youtube,ONE#NIGHT#ULTIMATE#WEREWOLF#86##November#9th#2019,Game3,Youtube / ONE#NIGHT#ULTIMATE#WEREWOLF#86##November#9th#2019 / Game3,Mitchell,"Mitchell explicitly admitted to starting as a Werewolf and indicated that there was another Werewolf in the game. Paul also suggested he might be a Werewolf, and Justin claimed to have swapped Mitchell and Paul's roles as the Troublemaker. Whether Mitchell remained a Werewolf or was swapped with Paul, both are highly suspicious, but Mitchell's direct admission makes him the most likely target for Team Village.",ONE#NIGHT#ULTIMATE#WEREWOLF#86##November#9th#2019_Game3,"[""Justin"", ""Mitchell"", ""Paul"", ""Mike""]","[""Troublemaker"", ""Robber"", ""Werewolf"", ""Werewolf""]",True,player,"[""Paul"", ""Mike""]",player_vote,Mitchell,Mitchell,Mitchell,1.0,Robber,False,False
C:\Users\annab\Documents\GitHub\masters_thesis_sdg\results\voting\unsloth_gemma-4-31B-it-unsloth-bnb-4bit\prompt_v4_run_1\Youtube\ONE#NIGHT#ULTIMATE#WEREWOLF#86##November#9th#2019_Game4.json,run_1,1,stochastic,1.0,prompt_v4_run_1,Youtube,ONE#NIGHT#ULTIMATE#WEREWOLF#86##November#9th#2019,Game4,Youtube / ONE#NIGHT#ULTIMATE#WEREWOLF#86##November#9th#2019 / Game4,Mike,"Paul claims to be the Seer and identifies Mitchell as a Werewolf. Justin claims to be the Troublemaker and states he swapped the cards of Mitchell and Mike. If these claims are true, the Werewolf role was transferred from Mitchell to Mike. Mike's claim to be the Tanner suggests he started as the Tanner and is unaware that he was swapped into the Werewolf role, making him the correct target for Team Village.",ONE#NIGHT#ULTIMATE#WEREWOLF#86##November#9th#2019_Game4,"[""Justin"", ""Mitchell"", ""Paul"", ""Mike""]","[""Troublemaker"", ""Tanner"", ""Seer"", ""Werewolf""]",True,player,"[""Mike""]",player_vote,Mike,Mike,Mike,3.0,Werewolf,True,False
C:\Users\annab\Documents\GitHub\masters_thesis_sdg\results\voting\unsloth_gemma-4-31B-it-unsloth-bnb-4bit\prompt_v4_run_1\Youtube\ONE#NIGHT#ULTIMATE#WEREWOLF#87##November#9th#2019_Game1.json,run_1,1,stochastic,1.0,prompt_v4_run_1,Youtube,ONE#NIGHT#ULTIMATE#WEREWOLF#87##November#9th#2019,Game1,Youtube / ONE#NIGHT#ULTIMATE#WEREWOLF#87##November#9th#2019 / Game1,Mitchell,"Based on the claims made during the discussion, Paul claims to be the Seer and saw Mitchell as the Robber. Mitchell's actions as the Robber (robbing Justin) and Mike's actions as the Troublemaker (switching Justin and Paul) create a sequence where the card Justin originally held was transferred to Mitchell, and the Robber card was transferred to Paul. If Justin's starting role was the Werewolf (or a Copycat who became a Werewolf), Mitchell now holds that card. Mike explicitly points out that Mitchell ended up with the 'bad card' following these swaps.",ONE#NIGHT#ULTIMATE#WEREWOLF#87##November#9th#2019_Game1,"[""Justin"", ""Mitchell"", ""Paul"", ""Mike""]","[""Werewolf"", ""Robber"", ""Werewolf"", ""Troublemaker""]",True,player,"[""Justin"", ""Paul""]",player_vote,Mitchell,Mitchell,Mitchell,1.0,Robber,False,False
C:\Users\annab\Documents\GitHub\masters_thesis_sdg\results\voting\unsloth_gemma-4-31B-it-unsloth-bnb-4bit\prompt_v4_run_1\Youtube\ONE#NIGHT#ULTIMATE#WEREWOLF#87##November#9th#2019_Game2.json,run_1,1,stochastic,1.0,prompt_v4_run_1,Youtube,ONE#NIGHT#ULTIMATE#WEREWOLF#87##November#9th#2019,Game2,Youtube / ONE#NIGHT#ULTIMATE#WEREWOLF#87##November#9th#2019 / Game2,Paul,"Paul explicitly admitted to starting as a Werewolf ('I was a werewolf'). Mike, acting as the Seer, stated he saw one Werewolf in the center, implying only one Werewolf is among the players. Justin, claiming to be the Troublemaker, insisted he did not switch any cards. If these statements are true, Paul remains the Werewolf and voting him out ensures a victory for Team Village.",ONE#NIGHT#ULTIMATE#WEREWOLF#87##November#9th#2019_Game2,"[""Justin"", ""Mitchell"", ""Paul"", ""Mike""]","[""Robber"", ""Troublemaker"", ""Werewolf"", ""Tanner""]",True,player,"[""Paul""]",player_vote,Paul,Paul,Paul,2.0,Werewolf,True,False
C:\Users\annab\Documents\GitHub\masters_thesis_sdg\results\voting\unsloth_gemma-4-31B-it-unsloth-bnb-4bit\prompt_v4_run_1\Youtube\ONE#NIGHT#ULTIMATE#WEREWOLF#89##November#30th#2019_Game2.json,run_1,1,stochastic,1.0,prompt_v4_run_1,Youtube,ONE#NIGHT#ULTIMATE#WEREWOLF#89##November#30th#2019,Game2,Youtube / ONE#NIGHT#ULTIMATE#WEREWOLF#89##November#30th#2019 / Game2,Justin,"James (Troublemaker) claimed to have swapped Justin and Paul. Paul (Witch) claimed to have swapped Mitchell with a center card. If Paul was the Werewolf or became one through the Witch's ability, the Troublemaker's swap would have transferred the Werewolf role to Justin. Justin himself eventually admits he believes he is now the Werewolf, and the other players reach a consensus to vote him out.",ONE#NIGHT#ULTIMATE#WEREWOLF#89##November#30th#2019_Game2,"[""Justin"", ""Mitchell"", ""Paul"", ""James""]","[""Werewolf"", ""Werewolf"", ""Robber"", ""Troublemaker""]",True,player,"[""Justin"", ""Mitchell""]",player_vote,Justin,Justin,Justin,0.0,Werewolf,True,False
C:\Users\annab\Documents\GitHub\masters_thesis_sdg\results\voting\unsloth_gemma-4-31B-it-unsloth-bnb-4bit\prompt_v4_run_1\Youtube\ONE#NIGHT#ULTIMATE#WEREWOLF#89##November#30th#2019_Game3.json,run_1,1,stochastic,1.0,prompt_v4_run_1,Youtube,ONE#NIGHT#ULTIMATE#WEREWOLF#89##November#30th#2019,Game3,Youtube / ONE#NIGHT#ULTIMATE#WEREWOLF#89##November#30th#2019 / Game3,Mitchell,"Mitchell explicitly claimed to be a Werewolf with high confidence, stating he was '100% sure' and offering to bet real-life money on it. While James also exhibited suspicious behavior by asking to be voted out, this is a classic signal for the Tanner role, whose goal is to be eliminated. Justin's belief that he is a Werewolf stems from James's claims, which are unreliable given James's contradictory statements about being the Witch and the Troublemaker. Therefore, Mitchell's direct admission makes him the most likely Werewolf.",ONE#NIGHT#ULTIMATE#WEREWOLF#89##November#30th#2019_Game3,"[""Justin"", ""Mitchell"", ""Paul"", ""James""]","[""Robber"", ""Werewolf"", ""Werewolf"", ""Troublemaker""]",True,player,"[""Mitchell"", ""Paul""]",player_vote,Mitchell,Mitchell,Mitchell,1.0,Werewolf,True,False
C:\Users\annab\Documents\GitHub\masters_thesis_sdg\results\voting\unsloth_gemma-4-31B-it-unsloth-bnb-4bit\prompt_v4_run_1\Youtube\ONE#NIGHT#ULTIMATE#WEREWOLF#9##November#6th#2016_Game1.json,run_1,1,stochastic,1.0,prompt_v4_run_1,Youtube,ONE#NIGHT#ULTIMATE#WEREWOLF#9##November#6th#2016,Game1,Youtube / ONE#NIGHT#ULTIMATE#WEREWOLF#9##November#6th#2016 / Game1,Alana,"Alana claims to be the Troublemaker and asserts that she knows Mike did not wake up as the Insomniac because she swapped him. However, according to the game rules, the Troublemaker swaps the cards of two other players without looking at them, meaning Alana could not possibly know Mike's starting role. This fundamental rule error strongly suggests that Alana is lying about her role to deceive the group, making her the most likely candidate for the Werewolf.",ONE#NIGHT#ULTIMATE#WEREWOLF#9##November#6th#2016_Game1,"[""Caitlynn"", ""Mitchell"", ""Alana"", ""Mike""]","[""Tanner"", ""Seer"", ""Werewolf"", ""Insomniac""]",True,player,"[""Alana""]",player_vote,Alana,Alana,Alana,2.0,Werewolf,True,False
C:\Users\annab\Documents\GitHub\masters_thesis_sdg\results\voting\unsloth_gemma-4-31B-it-unsloth-bnb-4bit\prompt_v4_run_1\Youtube\ONE#NIGHT#ULTIMATE#WEREWOLF#9##November#6th#2016_Game2.json,run_1,1,stochastic,1.0,prompt_v4_run_1,Youtube,ONE#NIGHT#ULTIMATE#WEREWOLF#9##November#6th#2016,Game2,Youtube / ONE#NIGHT#ULTIMATE#WEREWOLF#9##November#6th#2016 / Game2,Alana,"Caitlynn claims to be the Seer and states that the information she saw in the center points to Alana being the Werewolf. Mitchell and Mike both claim the Robber and Troublemaker roles, respectively, leaving Alana as the only player without a claimed role. Despite some joking and contradictions in the transcript, the group consensus converges on Alana as the target for elimination.",ONE#NIGHT#ULTIMATE#WEREWOLF#9##November#6th#2016_Game2,"[""Caitlynn"", ""Mitchell"", ""Alana"", ""Mike""]","[""Seer"", ""Troublemaker"", ""Werewolf"", ""Robber""]",True,player,"[""Alana""]",player_vote,Alana,Alana,Alana,2.0,Werewolf,True,False
C:\Users\annab\Documents\GitHub\masters_thesis_sdg\results\voting\unsloth_gemma-4-31B-it-unsloth-bnb-4bit\prompt_v4_run_1\Youtube\ONE#NIGHT#ULTIMATE#WEREWOLF#9##November#6th#2016_Game3.json,run_1,1,stochastic,1.0,prompt_v4_run_1,Youtube,ONE#NIGHT#ULTIMATE#WEREWOLF#9##November#6th#2016,Game3,Youtube / ONE#NIGHT#ULTIMATE#WEREWOLF#9##November#6th#2016 / Game3,Mike,"Alana, Mitchell, and Caitlynn have consistent stories that align with the game's night action order. Caitlynn (Seer) confirmed Mitchell started as the Robber, and Alana (Insomniac) and Mitchell (Robber) describe a swap that is logically consistent (the Robber swaps before the Insomniac wakes up). Mike claimed to be the Insomniac, which contradicts Alana's confirmed role, making him the only player lying. Therefore, Mike is the most likely Werewolf.",ONE#NIGHT#ULTIMATE#WEREWOLF#9##November#6th#2016_Game3,"[""Caitlynn"", ""Mitchell"", ""Alana"", ""Mike""]","[""Werewolf"", ""Insomniac"", ""Robber"", ""Werewolf""]",True,player,"[""Caitlynn"", ""Mike""]",player_vote,Mike,Mike,Mike,3.0,Werewolf,True,False
C:\Users\annab\Documents\GitHub\masters_thesis_sdg\results\voting\unsloth_gemma-4-31B-it-unsloth-bnb-4bit\prompt_v4_run_1\Youtube\ONE#NIGHT#ULTIMATE#WEREWOLF#9##November#6th#2016_Game4.json,run_1,1,stochastic,1.0,prompt_v4_run_1,Youtube,ONE#NIGHT#ULTIMATE#WEREWOLF#9##November#6th#2016,Game4,Youtube / ONE#NIGHT#ULTIMATE#WEREWOLF#9##November#6th#2016 / Game4,No Werewolf,"The players' claims are consistent with a scenario where all four are members of Team Village. If Mike started as the Robber and stole from Mitchell (the Troublemaker), and then Mitchell (as the Troublemaker) swapped Mike and Alana (the Seer), the final roles would be Mike as the Seer, Alana as the Troublemaker, and Mitchell as the Robber. This explains the confusion in their claims while maintaining their alignment as Team Village. Since the players themselves conclude they are 'good' and there is no strong evidence of a Werewolf, it is most likely that all Werewolf cards are in the center.",ONE#NIGHT#ULTIMATE#WEREWOLF#9##November#6th#2016_Game4,"[""Caitlynn"", ""Mitchell"", ""Alana"", ""Mike""]","[""Insomniac"", ""Troublemaker"", ""Werewolf"", ""Seer""]",True,player,"[""Alana""]",circle_vote,No Werewolf,,,,,False,True
C:\Users\annab\Documents\GitHub\masters_thesis_sdg\results\voting\unsloth_gemma-4-31B-it-unsloth-bnb-4bit\prompt_v4_run_1\Youtube\One#Night#Ultimate#Werewolf#GAME#NIGHT!!_Game2.json,run_1,1,stochastic,1.0,prompt_v4_run_1,Youtube,One#Night#Ultimate#Werewolf#GAME#NIGHT!!,Game2,Youtube / One#Night#Ultimate#Werewolf#GAME#NIGHT!! / Game2,Eric,"Eric admits to being the starting Werewolf, while Shane claims to be the Robber who swapped cards with Eric, making Shane the current Werewolf. However, Shane explicitly states, 'I want to die,' which is the primary win condition and characteristic tell of the Tanner. If Shane is the Tanner, he is lying about being the Robber to attract votes, meaning no swap occurred and Eric remains the Werewolf. Therefore, voting for Eric is the most reliable way to ensure Team Village eliminates a Werewolf.",One#Night#Ultimate#Werewolf#GAME#NIGHT!!_Game2,"[""Eric"", ""Shane"", ""Calvin"", ""Aaron"", ""Rick""]","[""Robber"", ""Werewolf"", ""Villager"", ""Seer"", ""Villager""]",True,player,"[""Shane""]",player_vote,Eric,Eric,Eric,0.0,Robber,False,False
C:\Users\annab\Documents\GitHub\masters_thesis_sdg\results\voting\unsloth_gemma-4-31B-it-unsloth-bnb-4bit\prompt_v4_run_1\Youtube\Retrovision##ONE#NIGHT#ULTIMATE#WEREWOLF##Retro#7_Game1.json,run_1,1,stochastic,1.0,prompt_v4_run_1,Youtube,Retrovision##ONE#NIGHT#ULTIMATE#WEREWOLF##Retro#7,Game1,Youtube / Retrovision##ONE#NIGHT#ULTIMATE#WEREWOLF##Retro#7 / Game1,Justin,"Justin claims to be the Seer and states that the Troublemaker card is in the center. Paul claims to be the Troublemaker, creating a direct contradiction. Eric, claiming to be the Robber, attempts to validate Justin's claim, but a Robber has no way to verify what the Seer saw in the center, suggesting that Eric is lying to protect Justin. This pattern—a claimed Seer and a supporting 'Robber' framing a third player—is characteristic of a Werewolf and Minion pairing. Therefore, Justin is the most likely Werewolf.",Retrovision##ONE#NIGHT#ULTIMATE#WEREWOLF##Retro#7_Game1,"[""Justin"", ""Eric"", ""Paul"", ""Mitchell"", ""Mike""]","[""Seer"", ""Werewolf"", ""Werewolf"", ""Robber"", ""Villager""]",True,player,"[""Eric"", ""Paul""]",player_vote,Justin,Justin,Justin,0.0,Seer,False,False
C:\Users\annab\Documents\GitHub\masters_thesis_sdg\results\voting\unsloth_gemma-4-31B-it-unsloth-bnb-4bit\prompt_v4_run_1\Youtube\Retrovision##ONE#NIGHT#ULTIMATE#WEREWOLF##Retro#7_Game2.json,run_1,1,stochastic,1.0,prompt_v4_run_1,Youtube,Retrovision##ONE#NIGHT#ULTIMATE#WEREWOLF##Retro#7,Game2,Youtube / Retrovision##ONE#NIGHT#ULTIMATE#WEREWOLF##Retro#7 / Game2,No Werewolf,"Eric claims to be the Seer and states that he saw a Werewolf in the center and that there was only one Werewolf in the game. If this information is accurate, no player can be a Werewolf. Mike's admission to being the Werewolf is likely a bluff, as the Tanner's goal is to be voted out, and admitting to being the Werewolf is a common strategy for the Tanner. Therefore, the most logical conclusion for Team Village to win is that no player is currently a Werewolf.",Retrovision##ONE#NIGHT#ULTIMATE#WEREWOLF##Retro#7_Game2,"[""Justin"", ""Eric"", ""Paul"", ""Mitchell"", ""Mike""]","[""Insomniac"", ""Seer"", ""Villager"", ""Villager"", ""Werewolf""]",True,player,"[""Mike""]",circle_vote,No Werewolf,,,,,False,True
C:\Users\annab\Documents\GitHub\masters_thesis_sdg\results\voting\unsloth_gemma-4-31B-it-unsloth-bnb-4bit\prompt_v4_run_1\Youtube\Retrovision##ONE#NIGHT#ULTIMATE#WEREWOLF##Retro#7_Game3.json,run_1,1,stochastic,1.0,prompt_v4_run_1,Youtube,Retrovision##ONE#NIGHT#ULTIMATE#WEREWOLF##Retro#7,Game3,Youtube / Retrovision##ONE#NIGHT#ULTIMATE#WEREWOLF##Retro#7 / Game3,Mitchell,"Mitchell's behavior is highly suspicious throughout the discussion. He refuses to clearly state his role, claiming it was 'already claimed' and later asserting that Paul 'took' his role, which is impossible for a Troublemaker (the role Paul claimed) as they swap other players' cards rather than taking them. Furthermore, Mitchell's late-game accusations that Justin is a Werewolf and Paul is the Tanner contradict Justin's claim as Seer that the Tanner is in the center. Given the inconsistencies and the group's consensus, Mitchell is the most likely Werewolf.",Retrovision##ONE#NIGHT#ULTIMATE#WEREWOLF##Retro#7_Game3,"[""Justin"", ""Eric"", ""Paul"", ""Mitchell"", ""Mike""]","[""Werewolf"", ""Villager"", ""Seer"", ""Troublemaker"", ""Robber""]",True,player,"[""Justin""]",player_vote,Mitchell,Mitchell,Mitchell,3.0,Troublemaker,False,False
C:\Users\annab\Documents\GitHub\masters_thesis_sdg\results\voting\unsloth_gemma-4-31B-it-unsloth-bnb-4bit\prompt_v4_run_1\Youtube\Retrovision##ONE#NIGHT#ULTIMATE#WEREWOLF##Retro#7_Game4.json,run_1,1,stochastic,1.0,prompt_v4_run_1,Youtube,Retrovision##ONE#NIGHT#ULTIMATE#WEREWOLF##Retro#7,Game4,Youtube / Retrovision##ONE#NIGHT#ULTIMATE#WEREWOLF##Retro#7 / Game4,Mike,"Mitchell claims to be the Troublemaker and states he switched Mike and Eric. Eric admits he started as a Werewolf, which means if Mitchell's claim is true, Mike is now the Werewolf. Mike's behavior is highly suspicious, as he first claims to be the Troublemaker and then switches his claim to the Tanner, a common bluff used by Werewolves to avoid being voted out. Paul's erratic claims are less consistent than the logical chain provided by Mitchell and Eric's admissions.",Retrovision##ONE#NIGHT#ULTIMATE#WEREWOLF##Retro#7_Game4,"[""Justin"", ""Eric"", ""Paul"", ""Mitchell"", ""Mike""]","[""Werewolf"", ""Tanner"", ""Villager"", ""Troublemaker"", ""Werewolf""]",True,player,"[""Justin"", ""Mike""]",player_vote,Mike,Mike,Mike,4.0,Werewolf,True,False
C:\Users\annab\Documents\GitHub\masters_thesis_sdg\results\voting\unsloth_gemma-4-31B-it-unsloth-bnb-4bit\prompt_v4_run_1\Youtube\Retrovision##ONE#NIGHT#ULTIMATE#WEREWOLF##Retro#7_Game5.json,run_1,1,stochastic,1.0,prompt_v4_run_1,Youtube,Retrovision##ONE#NIGHT#ULTIMATE#WEREWOLF##Retro#7,Game5,Youtube / Retrovision##ONE#NIGHT#ULTIMATE#WEREWOLF##Retro#7 / Game5,Eric,"Eric admits to starting as a Werewolf and claiming to have seen another Werewolf, yet he aggressively attempts to divert the vote toward Mitchell. This contradictory behavior—openly admitting to a villainous role while simultaneously framing another player—is a common tactic used by Werewolves to confuse the Village. While Mitchell also admits to starting as a Werewolf, he suggests he is no longer one, and Justin's claim that Mitchell was the Tanner makes Mitchell a less likely target for a Village win.",Retrovision##ONE#NIGHT#ULTIMATE#WEREWOLF##Retro#7_Game5,"[""Justin"", ""Eric"", ""Paul"", ""Mitchell"", ""Mike""]","[""Werewolf"", ""Tanner"", ""Villager"", ""Troublemaker"", ""Werewolf""]",True,player,"[""Justin"", ""Mike""]",player_vote,Eric,Eric,Eric,1.0,Tanner,False,False
C:\Users\annab\Documents\GitHub\masters_thesis_sdg\results\voting\unsloth_gemma-4-31B-it-unsloth-bnb-4bit\prompt_v4_run_1\Youtube\The#Return#of#the#King##ONE#NIGHT#ULTIMATE#WEREWOLF_Game5.json,run_1,1,stochastic,1.0,prompt_v4_run_1,Youtube,The#Return#of#the#King##ONE#NIGHT#ULTIMATE#WEREWOLF,Game5,Youtube / The#Return#of#the#King##ONE#NIGHT#ULTIMATE#WEREWOLF / Game5,Mitchell,"Mitchell exhibits highly suspicious behavior, specifically a blatant contradiction regarding his role; he first claims to be the Robber (Line 59) and later explicitly states he is not the Robber (Line 106). Both Justin (claiming Seer) and Paul (claiming Troublemaker) identify Mitchell as the Werewolf. Mitchell's desperate attempts to divert the vote toward Justin are characteristic of a Werewolf trying to avoid elimination.",The#Return#of#the#King##ONE#NIGHT#ULTIMATE#WEREWOLF_Game5,"[""Justin"", ""Mitchell"", ""Paul"", ""James"", ""Tyler""]","[""Tanner"", ""Werewolf"", ""Troublemaker"", ""Seer"", ""Werewolf""]",True,player,"[""Mitchell"", ""Tyler""]",player_vote,Mitchell,Mitchell,Mitchell,1.0,Werewolf,True,False
C:\Users\annab\Documents\GitHub\masters_thesis_sdg\results\voting\unsloth_gemma-4-31B-it-unsloth-bnb-4bit\prompt_v4_run_1\Youtube\The#Return#of#the#King##ONE#NIGHT#ULTIMATE#WEREWOLF_Game6.json,run_1,1,stochastic,1.0,prompt_v4_run_1,Youtube,The#Return#of#the#King##ONE#NIGHT#ULTIMATE#WEREWOLF,Game6,Youtube / The#Return#of#the#King##ONE#NIGHT#ULTIMATE#WEREWOLF / Game6,Justin,"Mitchell, Tyler, and James have a consistent story: Mitchell was the Seer, Tyler robbed him, and James swapped them, meaning Mitchell ended as the Seer. Paul claims to be the Minion and states there is another Werewolf in the game, while Justin is identified as the Copycat who copied a card from the center. If Paul is the Minion, he is on Team Werewolf and is protecting the actual Werewolf; Justin's joke about being a Werewolf and his attempt to frame Mitchell suggest he is the Copycat who became the Werewolf. Therefore, voting for Justin is the most likely way for Team Village to eliminate a Werewolf.",The#Return#of#the#King##ONE#NIGHT#ULTIMATE#WEREWOLF_Game6,"[""Justin"", ""Mitchell"", ""Paul"", ""James"", ""Tyler""]","[""Tanner"", ""Robber"", ""Werewolf"", ""Werewolf"", ""Seer""]",True,player,"[""Paul"", ""James""]",player_vote,Justin,Justin,Justin,0.0,Tanner,False,False
C:\Users\annab\Documents\GitHub\masters_thesis_sdg\results\voting\unsloth_gemma-4-31B-it-unsloth-bnb-4bit\prompt_v4_run_1\Youtube\The#Return#of#the#King##ONE#NIGHT#ULTIMATE#WEREWOLF_Game7.json,run_1,1,stochastic,1.0,prompt_v4_run_1,Youtube,The#Return#of#the#King##ONE#NIGHT#ULTIMATE#WEREWOLF,Game7,Youtube / The#Return#of#the#King##ONE#NIGHT#ULTIMATE#WEREWOLF / Game7,James,"James is the most suspicious player due to his extreme inconsistency and aggressive attempts to frame others. He initially claims to be the Seer and says he looked at Tyler's card, then later claims to be the Robber who robbed Paul. Furthermore, he explicitly tries to convince the group that Tyler is a Werewolf, which is a common tactic for Werewolves to divert suspicion. While Mitchell also makes contradictory claims, James's behavior is more characteristic of a Werewolf attempting to manipulate the game's outcome.",The#Return#of#the#King##ONE#NIGHT#ULTIMATE#WEREWOLF_Game7,"[""Justin"", ""Mitchell"", ""Paul"", ""James"", ""Tyler""]","[""Robber"", ""Minion"", ""Werewolf"", ""Troublemaker"", ""Tanner""]",True,player,"[""Paul""]",player_vote,James,James,James,3.0,Troublemaker,False,False
C:\Users\annab\Documents\GitHub\masters_thesis_sdg\results\voting\unsloth_gemma-4-31B-it-unsloth-bnb-4bit\prompt_v4_run_1\Youtube\Visions#from#2016##ONE#NIGHT#ULTIMATE#WEREWOLF##Retro#11_Game1.json,run_1,1,stochastic,1.0,prompt_v4_run_1,Youtube,Visions#from#2016##ONE#NIGHT#ULTIMATE#WEREWOLF##Retro#11,Game1,Youtube / Visions#from#2016##ONE#NIGHT#ULTIMATE#WEREWOLF##Retro#11 / Game1,Paul,"James and Paul both claim to be the Seer, but their claims contradict each other. Paul's behavior is highly suspicious; he aggressively frames James as the Tanner and then attempts to shift the vote to Justin without any evidence, stating only that he 'feels good' about the other players. James's claim that the Werewolf is in the center is more consistent, and Paul's lack of logical support for his accusations suggests he is the Werewolf attempting to divert suspicion.",Visions#from#2016##ONE#NIGHT#ULTIMATE#WEREWOLF##Retro#11_Game1,"[""Justin"", ""Laura"", ""Paul"", ""James"", ""Mitchell""]","[""Werewolf"", ""Insomniac"", ""Seer"", ""Tanner"", ""Robber""]",True,player,"[""Justin""]",player_vote,Paul,Paul,Paul,2.0,Seer,False,False
C:\Users\annab\Documents\GitHub\masters_thesis_sdg\results\voting\unsloth_gemma-4-31B-it-unsloth-bnb-4bit\prompt_v4_run_1\Youtube\Visions#from#2016##ONE#NIGHT#ULTIMATE#WEREWOLF##Retro#11_Game2.json,run_1,1,stochastic,1.0,prompt_v4_run_1,Youtube,Visions#from#2016##ONE#NIGHT#ULTIMATE#WEREWOLF##Retro#11,Game2,Youtube / Visions#from#2016##ONE#NIGHT#ULTIMATE#WEREWOLF##Retro#11 / Game2,James,"The provided transcript includes the Night phase, where James and Mitchell explicitly identify each other as Werewolves ([3], [4]). Although they later claim to be the Troublemaker and Mason respectively, these are bluffs to divert suspicion. Since Team Village wins by eliminating at least one Werewolf, voting for either James or Mitchell will secure a victory.",Visions#from#2016##ONE#NIGHT#ULTIMATE#WEREWOLF##Retro#11_Game2,"[""Justin"", ""Laura"", ""Paul"", ""James"", ""Mitchell""]","[""Werewolf"", ""Insomniac"", ""Tanner"", ""Troublemaker"", ""Mason""]",True,player,"[""Justin""]",player_vote,James,James,James,3.0,Troublemaker,False,False
C:\Users\annab\Documents\GitHub\masters_thesis_sdg\results\voting\unsloth_gemma-4-31B-it-unsloth-bnb-4bit\prompt_v4_run_1\Youtube\Visions#from#2016##ONE#NIGHT#ULTIMATE#WEREWOLF##Retro#11_Game3.json,run_1,1,stochastic,1.0,prompt_v4_run_1,Youtube,Visions#from#2016##ONE#NIGHT#ULTIMATE#WEREWOLF##Retro#11,Game3,Youtube / Visions#from#2016##ONE#NIGHT#ULTIMATE#WEREWOLF##Retro#11 / Game3,Paul,"James claims to be the Troublemaker and states he swapped the cards of Paul and Laura. Laura admits that she was the Werewolf. If both James and Laura are telling the truth, the Werewolf card was moved from Laura to Paul, making Paul the current Werewolf. Therefore, voting for Paul is the most logical choice for Team Village to win.",Visions#from#2016##ONE#NIGHT#ULTIMATE#WEREWOLF##Retro#11_Game3,"[""Justin"", ""Laura"", ""Paul"", ""James"", ""Mitchell""]","[""Tanner"", ""Werewolf"", ""Mason"", ""Werewolf"", ""Hunter""]",True,player,"[""Laura"", ""James""]",player_vote,Paul,Paul,Paul,2.0,Mason,False,False
C:\Users\annab\Documents\GitHub\masters_thesis_sdg\results\voting\unsloth_gemma-4-31B-it-unsloth-bnb-4bit\prompt_v4_run_1\Youtube\Visions#from#2016##ONE#NIGHT#ULTIMATE#WEREWOLF##Retro#11_Game4.json,run_1,1,stochastic,1.0,prompt_v4_run_1,Youtube,Visions#from#2016##ONE#NIGHT#ULTIMATE#WEREWOLF##Retro#11,Game4,Youtube / Visions#from#2016##ONE#NIGHT#ULTIMATE#WEREWOLF##Retro#11 / Game4,Paul,"Both Paul and Mitchell claimed to be Werewolves during the latter half of the discussion. Paul's claims were highly inconsistent, shifting from Mason to Werewolf, then to Insomniac, and finally back to Werewolf. Since Team Village wins by eliminating any Werewolf, and Paul explicitly admitted to being one multiple times, he is the most viable target for elimination.",Visions#from#2016##ONE#NIGHT#ULTIMATE#WEREWOLF##Retro#11_Game4,"[""Justin"", ""Laura"", ""Paul"", ""James"", ""Mitchell""]","[""Troublemaker"", ""Hunter"", ""Werewolf"", ""Tanner"", ""Mason""]",True,player,"[""Paul""]",player_vote,Paul,Paul,Paul,2.0,Werewolf,True,False
C:\Users\annab\Documents\GitHub\masters_thesis_sdg\results\voting\unsloth_gemma-4-31B-it-unsloth-bnb-4bit\prompt_v4_run_1\Youtube\Visions#from#2016##ONE#NIGHT#ULTIMATE#WEREWOLF##Retro#11_Game5.json,run_1,1,stochastic,1.0,prompt_v4_run_1,Youtube,Visions#from#2016##ONE#NIGHT#ULTIMATE#WEREWOLF##Retro#11,Game5,Youtube / Visions#from#2016##ONE#NIGHT#ULTIMATE#WEREWOLF##Retro#11 / Game5,Justin,"Justin is the most suspicious player due to his inconsistent claims. He initially claimed to be the Hunter (lines 99, 101), but after Mitchell also claimed the role (lines 100, 102), Justin later changed his claim to being a Mason (line 151). This flip-flopping is characteristic of a Werewolf attempting to blend in or find a believable cover after being contradicted.",Visions#from#2016##ONE#NIGHT#ULTIMATE#WEREWOLF##Retro#11_Game5,"[""Justin"", ""Laura"", ""Paul"", ""James"", ""Mitchell""]","[""Tanner"", ""Insomniac"", ""Mason"", ""Mason"", ""Werewolf""]",True,player,"[""Mitchell""]",player_vote,Justin,Justin,Justin,0.0,Tanner,False,False
C:\Users\annab\Documents\GitHub\masters_thesis_sdg\results\voting\unsloth_gemma-4-31B-it-unsloth-bnb-4bit\prompt_v4_run_1\Youtube\Way#Way#Back##ONE#NIGHT#ULTIMATE#WEREWOLF##Retro#10_Game1.json,run_1,1,stochastic,1.0,prompt_v4_run_1,Youtube,Way#Way#Back##ONE#NIGHT#ULTIMATE#WEREWOLF##Retro#10,Game1,Youtube / Way#Way#Back##ONE#NIGHT#ULTIMATE#WEREWOLF##Retro#10 / Game1,Laura,"Paul claims to be the Troublemaker and states he swapped Justin and Laura. Justin initially claimed to be the Seer but later admitted he was actually a Werewolf and was swapped with Laura. If Paul's claim about the swap and Justin's claim about his starting role are both true, Laura is now the Werewolf. While Mitchell's claims about whom he robbed were inconsistent, the combined testimony of Paul and Justin strongly points to Laura as the current Werewolf.",Way#Way#Back##ONE#NIGHT#ULTIMATE#WEREWOLF##Retro#10_Game1,"[""Justin"", ""Laura"", ""Paul"", ""James"", ""Mitchell""]","[""Villager"", ""Werewolf"", ""Troublemaker"", ""Insomniac"", ""Tanner""]",True,player,"[""Laura""]",player_vote,Laura,Laura,Laura,1.0,Werewolf,True,False
C:\Users\annab\Documents\GitHub\masters_thesis_sdg\results\voting\unsloth_gemma-4-31B-it-unsloth-bnb-4bit\prompt_v4_run_1\Youtube\Way#Way#Back##ONE#NIGHT#ULTIMATE#WEREWOLF##Retro#10_Game2.json,run_1,1,stochastic,1.0,prompt_v4_run_1,Youtube,Way#Way#Back##ONE#NIGHT#ULTIMATE#WEREWOLF##Retro#10,Game2,Youtube / Way#Way#Back##ONE#NIGHT#ULTIMATE#WEREWOLF##Retro#10 / Game2,James,"James claimed to be the Tanner at [107], but then immediately contradicted this by stating that voting him out would be a 'mistake' at [132]. Since the Tanner's goal is to be voted out, James's fear of elimination strongly suggests he is lying about his role to avoid detection. While Justin also provided inconsistent claims, James's behavior of claiming a role and then panicking when the vote shifted toward him is a classic sign of a Werewolf attempting to deflect suspicion.",Way#Way#Back##ONE#NIGHT#ULTIMATE#WEREWOLF##Retro#10_Game2,"[""Justin"", ""Laura"", ""Paul"", ""James"", ""Mitchell""]","[""Werewolf"", ""Troublemaker"", ""Tanner"", ""Villager"", ""Seer""]",True,player,"[""Justin""]",player_vote,James,James,James,3.0,Villager,False,False
C:\Users\annab\Documents\GitHub\masters_thesis_sdg\results\voting\unsloth_gemma-4-31B-it-unsloth-bnb-4bit\prompt_v4_run_1\Youtube\Way#Way#Back##ONE#NIGHT#ULTIMATE#WEREWOLF##Retro#10_Game3.json,run_1,1,stochastic,1.0,prompt_v4_run_1,Youtube,Way#Way#Back##ONE#NIGHT#ULTIMATE#WEREWOLF##Retro#10,Game3,Youtube / Way#Way#Back##ONE#NIGHT#ULTIMATE#WEREWOLF##Retro#10 / Game3,Laura,"Paul claims to be the Troublemaker and states he switched Justin and James. Mitchell confirms he is the Insomniac, and Justin claims to be the Tanner. James claims to be the Robber, although his explanation of stealing 'insomnia' is logically inconsistent with Mitchell's confirmation. If Paul, Mitchell, and James's roles are as claimed (Troublemaker, Insomniac, and Robber), Laura is the only player left who could be the Werewolf, and she is the only one who does not claim a role.",Way#Way#Back##ONE#NIGHT#ULTIMATE#WEREWOLF##Retro#10_Game3,"[""Justin"", ""Laura"", ""Paul"", ""James"", ""Mitchell""]","[""Werewolf"", ""Werewolf"", ""Troublemaker"", ""Robber"", ""Insomniac""]",True,player,"[""Justin"", ""Laura""]",player_vote,Laura,Laura,Laura,1.0,Werewolf,True,False
C:\Users\annab\Documents\GitHub\masters_thesis_sdg\results\voting\unsloth_gemma-4-31B-it-unsloth-bnb-4bit\prompt_v4_run_1\Youtube\Way#Way#Back##ONE#NIGHT#ULTIMATE#WEREWOLF##Retro#10_Game4.json,run_1,1,stochastic,1.0,prompt_v4_run_1,Youtube,Way#Way#Back##ONE#NIGHT#ULTIMATE#WEREWOLF##Retro#10,Game4,Youtube / Way#Way#Back##ONE#NIGHT#ULTIMATE#WEREWOLF##Retro#10 / Game4,Laura,"Laura claims to be the Seer but provides highly contradictory information, first stating there was no werewolf (T32), then later claiming she saw one (T133) and accusing Paul (T136). James's chaotic claims and Paul's shifting roles suggest they were swapped by the Troublemaker (Mitchell), potentially leaving Paul as the Tanner. Laura's inconsistent bluffing is a strong indicator that she is the Werewolf attempting to manipulate the group.",Way#Way#Back##ONE#NIGHT#ULTIMATE#WEREWOLF##Retro#10_Game4,"[""Justin"", ""Laura"", ""Paul"", ""James"", ""Mitchell""]","[""Insomniac"", ""Werewolf"", ""Hunter"", ""Tanner"", ""Troublemaker""]",True,player,"[""Laura""]",player_vote,Laura,Laura,Laura,1.0,Werewolf,True,False
C:\Users\annab\Documents\GitHub\masters_thesis_sdg\results\voting\unsloth_gemma-4-31B-it-unsloth-bnb-4bit\prompt_v4_run_1\Youtube\Way#Way#Back##ONE#NIGHT#ULTIMATE#WEREWOLF##Retro#10_Game5.json,run_1,1,stochastic,1.0,prompt_v4_run_1,Youtube,Way#Way#Back##ONE#NIGHT#ULTIMATE#WEREWOLF##Retro#10,Game5,Youtube / Way#Way#Back##ONE#NIGHT#ULTIMATE#WEREWOLF##Retro#10 / Game5,Laura,"Laura explicitly admits to being a werewolf in the final moments of the discussion (Line 186). Although she previously claimed to be the Troublemaker, her direct confession provides the most reliable evidence for identifying the werewolf. Voting for Laura will ensure a victory for Team Village.",Way#Way#Back##ONE#NIGHT#ULTIMATE#WEREWOLF##Retro#10_Game5,"[""Justin"", ""Laura"", ""Paul"", ""James"", ""Mitchell""]","[""Insomniac"", ""Werewolf"", ""Robber"", ""Werewolf"", ""Hunter""]",True,player,"[""Laura"", ""James""]",player_vote,Laura,Laura,Laura,1.0,Werewolf,True,False
C:\Users\annab\Documents\GitHub\masters_thesis_sdg\results\voting\unsloth_gemma-4-31B-it-unsloth-bnb-4bit\prompt_v4_run_1\Youtube\Ye#Olde#Times##ONE#NIGHT#ULTIMATE#WEREWOLF##Retro#8_Game1.json,run_1,1,stochastic,1.0,prompt_v4_run_1,Youtube,Ye#Olde#Times##ONE#NIGHT#ULTIMATE#WEREWOLF##Retro#8,Game1,Youtube / Ye#Olde#Times##ONE#NIGHT#ULTIMATE#WEREWOLF##Retro#8 / Game1,Justin,"Justin explicitly admits to being the Werewolf in line 35. Paul (the Troublemaker) and Eric (the Robber) both confirm that they did not swap or steal Justin's card, meaning Justin's role remained unchanged throughout the night. Since Justin is the Werewolf and has not been swapped, voting him out guarantees a win for Team Village.",Ye#Olde#Times##ONE#NIGHT#ULTIMATE#WEREWOLF##Retro#8_Game1,"[""Justin"", ""Eric"", ""Paul"", ""Mitchell"", ""Mike""]","[""Werewolf"", ""Seer"", ""Troublemaker"", ""Hunter"", ""Robber""]",True,player,"[""Justin""]",player_vote,Justin,Justin,Justin,0.0,Werewolf,True,False
C:\Users\annab\Documents\GitHub\masters_thesis_sdg\results\voting\unsloth_gemma-4-31B-it-unsloth-bnb-4bit\prompt_v4_run_1\Youtube\Ye#Olde#Times##ONE#NIGHT#ULTIMATE#WEREWOLF##Retro#8_Game2.json,run_1,1,stochastic,1.0,prompt_v4_run_1,Youtube,Ye#Olde#Times##ONE#NIGHT#ULTIMATE#WEREWOLF##Retro#8,Game2,Youtube / Ye#Olde#Times##ONE#NIGHT#ULTIMATE#WEREWOLF##Retro#8 / Game2,No Werewolf,"The players' claims are contradictory, particularly regarding the Robber and Troublemaker roles. Mike claims to have been the Robber and stole from Paul, while Eric claims to have ended the night as the Robber. For Eric's claim to be true, the Troublemaker (Mitchell) must have swapped Eric with the person who held the Robber card (Paul), but Mitchell claims he swapped Eric and Mike. Despite these inconsistencies, the players collectively conclude that the Werewolves are likely in the center and agree to a 'vote to the left' strategy, which ensures no one dies. Since Team Village wins if no Werewolf is present and no one is eliminated, this consensus suggests that 'No Werewolf' is the most plausible conclusion.",Ye#Olde#Times##ONE#NIGHT#ULTIMATE#WEREWOLF##Retro#8_Game2,"[""Justin"", ""Eric"", ""Paul"", ""Mitchell"", ""Mike""]","[""Hunter"", ""Robber"", ""Insomniac"", ""Troublemaker"", ""Tanner""]",False,circle,[],circle_vote,No Werewolf,,,,,True,True
C:\Users\annab\Documents\GitHub\masters_thesis_sdg\results\voting\unsloth_gemma-4-31B-it-unsloth-bnb-4bit\prompt_v4_run_1\Youtube\Ye#Olde#Times##ONE#NIGHT#ULTIMATE#WEREWOLF##Retro#8_Game3.json,run_1,1,stochastic,1.0,prompt_v4_run_1,Youtube,Ye#Olde#Times##ONE#NIGHT#ULTIMATE#WEREWOLF##Retro#8,Game3,Youtube / Ye#Olde#Times##ONE#NIGHT#ULTIMATE#WEREWOLF##Retro#8 / Game3,Paul,"Paul explicitly admitted to being the Werewolf, although he claimed he was switched. Eric, who claimed to be the Troublemaker, stated that he switched Justin and Mitchell, not Paul. This implies that if Paul was the Werewolf, he remains the Werewolf. While there is a possibility Paul is the Tanner attempting to get voted out, he is the most likely candidate for the Werewolf based on the public admissions.",Ye#Olde#Times##ONE#NIGHT#ULTIMATE#WEREWOLF##Retro#8_Game3,"[""Justin"", ""Eric"", ""Paul"", ""Mitchell"", ""Mike""]","[""Hunter"", ""Troublemaker"", ""Werewolf"", ""Insomniac"", ""Seer""]",True,player,"[""Paul""]",player_vote,Paul,Paul,Paul,2.0,Werewolf,True,False
C:\Users\annab\Documents\GitHub\masters_thesis_sdg\results\voting\unsloth_gemma-4-31B-it-unsloth-bnb-4bit\prompt_v4_run_1\Youtube\Ye#Olde#Times##ONE#NIGHT#ULTIMATE#WEREWOLF##Retro#8_Game4.json,run_1,1,stochastic,1.0,prompt_v4_run_1,Youtube,Ye#Olde#Times##ONE#NIGHT#ULTIMATE#WEREWOLF##Retro#8,Game4,Youtube / Ye#Olde#Times##ONE#NIGHT#ULTIMATE#WEREWOLF##Retro#8 / Game4,Justin,"Justin makes contradictory claims, stating he was the Seer (121) and also that he was the Robber who robbed Paul (70, 72). Paul also claims to be the Seer (63), making Justin's claims highly suspect. Furthermore, Mike claims to be the Troublemaker and states he switched Justin and Mitchell (119), and Mitchell admits he was a Werewolf (166); if these claims are true, Justin is currently the Werewolf.",Ye#Olde#Times##ONE#NIGHT#ULTIMATE#WEREWOLF##Retro#8_Game4,"[""Justin"", ""Eric"", ""Paul"", ""Mitchell"", ""Mike""]","[""Werewolf"", ""Hunter"", ""Tanner"", ""Robber"", ""Troublemaker""]",True,player,"[""Justin""]",player_vote,Justin,Justin,Justin,0.0,Werewolf,True,False
C:\Users\annab\Documents\GitHub\masters_thesis_sdg\results\voting\unsloth_gemma-4-31B-it-unsloth-bnb-4bit\prompt_v4_run_2\Ego4D\0a6ef9dc-a2dc-452b-a907-d6fa2ed4cae0_Game1.json,run_2,2,stochastic,1.0,prompt_v4_run_2,Ego4D,0a6ef9dc-a2dc-452b-a907-d6fa2ed4cae0,Game1,Ego4D / 0a6ef9dc-a2dc-452b-a907-d6fa2ed4cae0 / Game1,Brent,"Brent claimed to be the Seer, and Sebastian claimed to be the Robber who took Brent's card, which would make Sebastian the Seer and Brent the Robber. Erin admitted to starting as the Werewolf, and Hailey (the Troublemaker) swapped two players. Both Erin and Brent indicated they were the ones swapped; if the Robber (Brent) and the Werewolf (Erin) were swapped, Brent became the final Werewolf.",0a6ef9dc-a2dc-452b-a907-d6fa2ed4cae0_Game1,"[""Erin"", ""Sebastian"", ""Jack"", ""Brent"", ""Hailey""]","[""Robber"", ""Seer"", ""Moderator"", ""Werewolf"", ""Troublemaker""]",True,player,"[""Brent""]",player_vote,Brent,Brent,Brent,3.0,Werewolf,True,False
C:\Users\annab\Documents\GitHub\masters_thesis_sdg\results\voting\unsloth_gemma-4-31B-it-unsloth-bnb-4bit\prompt_v4_run_2\Ego4D\0a6ef9dc-a2dc-452b-a907-d6fa2ed4cae0_Game2.json,run_2,2,stochastic,1.0,prompt_v4_run_2,Ego4D,0a6ef9dc-a2dc-452b-a907-d6fa2ed4cae0,Game2,Ego4D / 0a6ef9dc-a2dc-452b-a907-d6fa2ed4cae0 / Game2,Jack,"Jack claims to be the Troublemaker and states that he swapped his own card with Brent's. However, according to the game rules, the Troublemaker swaps the cards of two other players and cannot swap their own card. This contradiction indicates that Jack is lying about his role, making him the most likely candidate to be the Werewolf.",0a6ef9dc-a2dc-452b-a907-d6fa2ed4cae0_Game2,"[""Erin"", ""Sebastian"", ""Jack"", ""Brent"", ""Hailey""]","[""Moderator"", ""Villager"", ""Werewolf"", ""Villager"", ""Robber""]",True,player,"[""Jack""]",player_vote,Jack,Jack,Jack,2.0,Werewolf,True,False
C:\Users\annab\Documents\GitHub\masters_thesis_sdg\results\voting\unsloth_gemma-4-31B-it-unsloth-bnb-4bit\prompt_v4_run_2\Ego4D\0c2659db-7bd4-4b37-9b08-4e247befe382_Game4.json,run_2,2,stochastic,1.0,prompt_v4_run_2,Ego4D,0c2659db-7bd4-4b37-9b08-4e247befe382,Game4,Ego4D / 0c2659db-7bd4-4b37-9b08-4e247befe382 / Game4,Elliot,"Ashley admitted to starting as the Werewolf, and Elliot admitted to being the Robber and swapping cards with Ashley. According to the game rules, the Robber swaps their card with another player and takes on that role's alignment and win conditions. Therefore, if their claims are true, Elliot is now the Werewolf. While other players like Sukeshi and Sian were suspected, the direct admissions from Ashley and Elliot provide the strongest evidence for Elliot being the current Werewolf.",0c2659db-7bd4-4b37-9b08-4e247befe382_Game4,"[""Elliot"", ""Ashley"", ""James"", ""Chris"", ""Sukeshi"", ""Sian""]","[""Tanner"", ""Werewolf"", ""Insomniac"", ""Seer"", ""Werewolf"", ""Robber""]",True,player,"[""Ashley"", ""Sukeshi""]",player_vote,Elliot,Elliot,Elliot,0.0,Tanner,False,False
C:\Users\annab\Documents\GitHub\masters_thesis_sdg\results\voting\unsloth_gemma-4-31B-it-unsloth-bnb-4bit\prompt_v4_run_2\Ego4D\0c2659db-7bd4-4b37-9b08-4e247befe382_Game5.json,run_2,2,stochastic,1.0,prompt_v4_run_2,Ego4D,0c2659db-7bd4-4b37-9b08-4e247befe382,Game5,Ego4D / 0c2659db-7bd4-4b37-9b08-4e247befe382 / Game5,Sian,"Sian claimed to be the Robber but demonstrated a complete lack of understanding of the role's mechanics, first incorrectly stating 'You are the Robber' and then failing to explain how the Robber swaps cards. She eventually admitted she did not know how to play the role, which is a strong indicator of a Werewolf attempting a failed bluff. While Elliot accused Chris of being a Werewolf, Elliot's own claims were contradictory (claiming to be both the Seer and the Tanner), making Sian the more suspicious target.",0c2659db-7bd4-4b37-9b08-4e247befe382_Game5,"[""Elliot"", ""Ashley"", ""James"", ""Chris"", ""Sukeshi"", ""Sian""]","[""Seer"", ""Werewolf"", ""Doppelganger"", ""Werewolf"", ""Insomniac"", ""Villager""]",True,player,"[""Ashley"", ""Chris""]",player_vote,Sian,Sian,Sian,5.0,Villager,False,False
C:\Users\annab\Documents\GitHub\masters_thesis_sdg\results\voting\unsloth_gemma-4-31B-it-unsloth-bnb-4bit\prompt_v4_run_2\Ego4D\0c2659db-7bd4-4b37-9b08-4e247befe382_Game6.json,run_2,2,stochastic,1.0,prompt_v4_run_2,Ego4D,0c2659db-7bd4-4b37-9b08-4e247befe382,Game6,Ego4D / 0c2659db-7bd4-4b37-9b08-4e247befe382 / Game6,Elliot,"Elliot claimed to be the Doppelganger who copied the Insomniac, but no other player claimed the Insomniac role, and he failed to specify which player he had copied. Ashley (claiming Seer) and Sukeshi (claiming Robber) provide a consistent narrative that contradicts Elliot's claims. Furthermore, Elliot's inconsistency and his eventual pivot to suggesting he might be the Tanner are common behaviors for a Werewolf attempting to deflect suspicion.",0c2659db-7bd4-4b37-9b08-4e247befe382_Game6,"[""Elliot"", ""Ashley"", ""James"", ""Chris"", ""Sukeshi"", ""Sian""]","[""Werewolf"", ""Robber"", ""Troublemaker"", ""Seer"", ""Hunter"", ""Tanner""]",True,player,"[""Elliot""]",player_vote,Elliot,Elliot,Elliot,0.0,Werewolf,True,False
C:\Users\annab\Documents\GitHub\masters_thesis_sdg\results\voting\unsloth_gemma-4-31B-it-unsloth-bnb-4bit\prompt_v4_run_2\Ego4D\0c2659db-7bd4-4b37-9b08-4e247befe382_Game7.json,run_2,2,stochastic,1.0,prompt_v4_run_2,Ego4D,0c2659db-7bd4-4b37-9b08-4e247befe382,Game7,Ego4D / 0c2659db-7bd4-4b37-9b08-4e247befe382 / Game7,Sukeshi,"Sukeshi explicitly admits to being a Werewolf in line 48 ('Yes, actually I was a fucking werewolf'). While she previously claimed to be the Seer and later suggested someone might have swapped with her, there is no evidence in the transcript that she was actually swapped by the Troublemaker (who swapped Ashley and Sian) or the Robber (who robbed Elliot). Sian is likely the Minion based on the swap described by Chris and Ashley, but the goal is to eliminate a Werewolf. Therefore, Sukeshi is the most likely candidate for the Werewolf role.",0c2659db-7bd4-4b37-9b08-4e247befe382_Game7,"[""Elliot"", ""Ashley"", ""James"", ""Chris"", ""Sukeshi"", ""Sian""]","[""Tanner"", ""Doppelganger"", ""Seer"", ""Troublemaker"", ""Robber"", ""Minion""]",False,circle,[],player_vote,Sukeshi,Sukeshi,Sukeshi,4.0,Robber,False,False
C:\Users\annab\Documents\GitHub\masters_thesis_sdg\results\voting\unsloth_gemma-4-31B-it-unsloth-bnb-4bit\prompt_v4_run_2\Ego4D\0c2659db-7bd4-4b37-9b08-4e247befe382_Game8.json,run_2,2,stochastic,1.0,prompt_v4_run_2,Ego4D,0c2659db-7bd4-4b37-9b08-4e247befe382,Game8,Ego4D / 0c2659db-7bd4-4b37-9b08-4e247befe382 / Game8,Sian,"Sian is the only player who did not claim a role and remained silent throughout the discussion, which is highly suspicious. The other five players have claimed roles (Seer, Troublemaker, Robber, Doppelganger, and Hunter), and the Seer (Sukeshi) confirmed Elliot's role as the Troublemaker. Given that the other roles are accounted for and confirmed by the group, Sian is the most likely candidate to be the Werewolf.",0c2659db-7bd4-4b37-9b08-4e247befe382_Game8,"[""Elliot"", ""Ashley"", ""James"", ""Chris"", ""Sukeshi"", ""Sian""]","[""Werewolf"", ""Hunter"", ""Robber"", ""Doppelganger"", ""Minion"", ""Tanner""]",True,player,"[""Elliot""]",player_vote,Sian,Sian,Sian,5.0,Tanner,False,False
C:\Users\annab\Documents\GitHub\masters_thesis_sdg\results\voting\unsloth_gemma-4-31B-it-unsloth-bnb-4bit\prompt_v4_run_2\Ego4D\0c2659db-7bd4-4b37-9b08-4e247befe382_Game9.json,run_2,2,stochastic,1.0,prompt_v4_run_2,Ego4D,0c2659db-7bd4-4b37-9b08-4e247befe382,Game9,Ego4D / 0c2659db-7bd4-4b37-9b08-4e247befe382 / Game9,James,"Sian, claiming to be the Seer, repeatedly identifies James and Sukeshi as potential Werewolves. James and Sukeshi strongly defend each other and attempt to divert suspicion toward Elliot, which is characteristic of a Werewolf-Minion alliance. James's claim to be the Robber who verified Sukeshi as a Villager is a common bluff used by Werewolves to create fake verification and protect an ally. Therefore, James is the most likely candidate for the Werewolf.",0c2659db-7bd4-4b37-9b08-4e247befe382_Game9,"[""Elliot"", ""Ashley"", ""James"", ""Chris"", ""Sukeshi"", ""Sian""]","[""Villager"", ""Hunter"", ""Villager"", ""Werewolf"", ""Robber"", ""Seer""]",True,player,"[""Chris""]",player_vote,James,James,James,2.0,Villager,False,False
C:\Users\annab\Documents\GitHub\masters_thesis_sdg\results\voting\unsloth_gemma-4-31B-it-unsloth-bnb-4bit\prompt_v4_run_2\Ego4D\1a0d3e22-a6d6-4723-91a0-52fc2c87d5ce_Game10.json,run_2,2,stochastic,1.0,prompt_v4_run_2,Ego4D,1a0d3e22-a6d6-4723-91a0-52fc2c87d5ce,Game10,Ego4D / 1a0d3e22-a6d6-4723-91a0-52fc2c87d5ce / Game10,Hunter,"Hunter's claim to know that Zack is not the Seer ([48]) is highly suspicious, as only a player who has seen the Seer card in the center (such as a lone Werewolf) or the Seer themselves would have this certainty. Furthermore, when Zack potentially admits to being the Werewolf ([74]), Hunter immediately diverts suspicion toward Sean and Jacob ([77]), which is a common strategy for a Werewolf to protect themselves or confuse the group. Jacob, claiming the Drunk role (Team Village), also identifies Hunter as the target for the vote.",1a0d3e22-a6d6-4723-91a0-52fc2c87d5ce_Game10,"[""Zack"", ""Sean"", ""Hunter"", ""Jacob""]","[""Villager"", ""Werewolf"", ""Troublemaker"", ""Werewolf""]",True,player,"[""Sean"", ""Jacob""]",player_vote,Hunter,Hunter,Hunter,2.0,Troublemaker,False,False
C:\Users\annab\Documents\GitHub\masters_thesis_sdg\results\voting\unsloth_gemma-4-31B-it-unsloth-bnb-4bit\prompt_v4_run_2\Ego4D\1a0d3e22-a6d6-4723-91a0-52fc2c87d5ce_Game11.json,run_2,2,stochastic,1.0,prompt_v4_run_2,Ego4D,1a0d3e22-a6d6-4723-91a0-52fc2c87d5ce,Game11,Ego4D / 1a0d3e22-a6d6-4723-91a0-52fc2c87d5ce / Game11,Sean,"Zack's claim to be the Insomniac who ended as the Drunk is consistent with Hunter's claim to be the Troublemaker who swapped Zack and Jacob. This suggests Zack is a Villager (Drunk) and Hunter is a Villager (Troublemaker). Jacob started as the Drunk and swapped his card with the center, meaning his final role is unknown. Sean claims to be a Villager, but this is the weakest claim in the game. Given that Hunter suggests there may be two werewolves among the remaining players, Sean is the most likely candidate for a Werewolf bluffing as a Villager.",1a0d3e22-a6d6-4723-91a0-52fc2c87d5ce_Game11,"[""Zack"", ""Sean"", ""Hunter"", ""Jacob""]","[""Drunk"", ""Werewolf"", ""Troublemaker"", ""Villager""]",True,player,"[""Sean""]",player_vote,Sean,Sean,Sean,1.0,Werewolf,True,False
C:\Users\annab\Documents\GitHub\masters_thesis_sdg\results\voting\unsloth_gemma-4-31B-it-unsloth-bnb-4bit\prompt_v4_run_2\Ego4D\1a0d3e22-a6d6-4723-91a0-52fc2c87d5ce_Game6.json,run_2,2,stochastic,1.0,prompt_v4_run_2,Ego4D,1a0d3e22-a6d6-4723-91a0-52fc2c87d5ce,Game6,Ego4D / 1a0d3e22-a6d6-4723-91a0-52fc2c87d5ce / Game6,No Werewolf,"Jacob claims to be the Seer and states that he saw a Werewolf and a Troublemaker among the center cards. Zack claims to be the Robber, while Sean and Hunter claim to be Villagers. If Jacob's claim is true and there is only one Werewolf in the game, then no player is a Werewolf. The players' final agreement to vote for themselves suggests they have concluded that no Werewolf is present among them.",1a0d3e22-a6d6-4723-91a0-52fc2c87d5ce_Game6,"[""Zack"", ""Sean"", ""Hunter"", ""Jacob""]","[""Villager"", ""Robber"", ""Villager"", ""Seer""]",False,circle,[],circle_vote,No Werewolf,,,,,True,True
C:\Users\annab\Documents\GitHub\masters_thesis_sdg\results\voting\unsloth_gemma-4-31B-it-unsloth-bnb-4bit\prompt_v4_run_2\Ego4D\1a0d3e22-a6d6-4723-91a0-52fc2c87d5ce_Game7.json,run_2,2,stochastic,1.0,prompt_v4_run_2,Ego4D,1a0d3e22-a6d6-4723-91a0-52fc2c87d5ce,Game7,Ego4D / 1a0d3e22-a6d6-4723-91a0-52fc2c87d5ce / Game7,Sean,"Sean claims to be the Seer and accuses Hunter of being a Werewolf. However, Jacob claims to be the Robber and states that he swapped cards with Hunter and received the Troublemaker card, which contradicts Sean's claim. Since it is more likely that one person (Sean) is lying than two people (Jacob and Hunter) coordinating a lie, Sean is the most suspicious player and likely the Werewolf.",1a0d3e22-a6d6-4723-91a0-52fc2c87d5ce_Game7,"[""Zack"", ""Sean"", ""Hunter"", ""Jacob""]","[""Seer"", ""Werewolf"", ""Robber"", ""Troublemaker""]",True,player,"[""Sean""]",player_vote,Sean,Sean,Sean,1.0,Werewolf,True,False
C:\Users\annab\Documents\GitHub\masters_thesis_sdg\results\voting\unsloth_gemma-4-31B-it-unsloth-bnb-4bit\prompt_v4_run_2\Ego4D\1a0d3e22-a6d6-4723-91a0-52fc2c87d5ce_Game8.json,run_2,2,stochastic,1.0,prompt_v4_run_2,Ego4D,1a0d3e22-a6d6-4723-91a0-52fc2c87d5ce,Game8,Ego4D / 1a0d3e22-a6d6-4723-91a0-52fc2c87d5ce / Game8,Zack,"Sean claims to be the Troublemaker and states he swapped the cards of two other players. Hunter, who likely started as the Werewolf, concludes that because of this swap, Zack is now the Werewolf. Zack accepts this conclusion, and the group reaches a consensus that Zack is the target. Based on the roles discussed, if Sean (Troublemaker) swapped Zack (Robber) and Hunter (Werewolf), Zack is now the Werewolf.",1a0d3e22-a6d6-4723-91a0-52fc2c87d5ce_Game8,"[""Zack"", ""Sean"", ""Hunter"", ""Jacob""]","[""Werewolf"", ""Robber"", ""Troublemaker"", ""Villager""]",True,player,"[""Zack""]",player_vote,Zack,Zack,Zack,0.0,Werewolf,True,False
C:\Users\annab\Documents\GitHub\masters_thesis_sdg\results\voting\unsloth_gemma-4-31B-it-unsloth-bnb-4bit\prompt_v4_run_2\Ego4D\1a0d3e22-a6d6-4723-91a0-52fc2c87d5ce_Game9.json,run_2,2,stochastic,1.0,prompt_v4_run_2,Ego4D,1a0d3e22-a6d6-4723-91a0-52fc2c87d5ce,Game9,Ego4D / 1a0d3e22-a6d6-4723-91a0-52fc2c87d5ce / Game9,Zack,"Jacob claimed to be the Seer and identified Zack as the Werewolf. Zack effectively confirmed this by admitting that, as far as he was aware, he started the game as the only Werewolf. Although Jacob later speculated that Sean might have been the Robber and stolen the Werewolf card, there is no evidence of a Robber or Troublemaker action, making Zack the most likely Werewolf.",1a0d3e22-a6d6-4723-91a0-52fc2c87d5ce_Game9,"[""Zack"", ""Sean"", ""Hunter"", ""Jacob""]","[""Werewolf"", ""Villager"", ""Villager"", ""Seer""]",True,player,"[""Zack""]",player_vote,Zack,Zack,Zack,0.0,Werewolf,True,False
C:\Users\annab\Documents\GitHub\masters_thesis_sdg\results\voting\unsloth_gemma-4-31B-it-unsloth-bnb-4bit\prompt_v4_run_2\Ego4D\2ba4023c-a8bf-43ad-ad5a-80ba222ce990_Game10.json,run_2,2,stochastic,1.0,prompt_v4_run_2,Ego4D,2ba4023c-a8bf-43ad-ad5a-80ba222ce990,Game10,Ego4D / 2ba4023c-a8bf-43ad-ad5a-80ba222ce990 / Game10,Clint,"Clint claimed to be the Robber and stated that he robbed Erin to become the Insomniac. However, Erin contradicted this by claiming she is the Robber and explicitly questioned why Clint would lie about the card he became. Since there is only one Robber in the game, one of them must be lying; Clint's elaborate claim and Erin's direct contradiction make him the most likely Werewolf.",2ba4023c-a8bf-43ad-ad5a-80ba222ce990_Game10,"[""Tyler"", ""Margaret"", ""Erin"", ""Clint""]","[""Werewolf"", ""Robber"", ""Werewolf"", ""Tanner""]",True,player,"[""Tyler"", ""Erin""]",player_vote,Clint,Clint,Clint,3.0,Tanner,False,False
C:\Users\annab\Documents\GitHub\masters_thesis_sdg\results\voting\unsloth_gemma-4-31B-it-unsloth-bnb-4bit\prompt_v4_run_2\Ego4D\2ba4023c-a8bf-43ad-ad5a-80ba222ce990_Game6.json,run_2,2,stochastic,1.0,prompt_v4_run_2,Ego4D,2ba4023c-a8bf-43ad-ad5a-80ba222ce990,Game6,Ego4D / 2ba4023c-a8bf-43ad-ad5a-80ba222ce990 / Game6,Clint,"Tyler claims to be the Seer and identifies Clint as the Werewolf. Erin (claiming Robber) and Margaret (claiming Troublemaker) eventually align with Tyler's suspicion. Clint's claims about being the Drunk are vague, and he explicitly admits that he could very easily be the Werewolf, making him the most likely target for elimination.",2ba4023c-a8bf-43ad-ad5a-80ba222ce990_Game6,"[""Tyler"", ""Margaret"", ""Erin"", ""Clint""]","[""Werewolf"", ""Robber"", ""Drunk"", ""Werewolf""]",True,player,"[""Tyler"", ""Clint""]",player_vote,Clint,Clint,Clint,3.0,Werewolf,True,False
C:\Users\annab\Documents\GitHub\masters_thesis_sdg\results\voting\unsloth_gemma-4-31B-it-unsloth-bnb-4bit\prompt_v4_run_2\Ego4D\2ba4023c-a8bf-43ad-ad5a-80ba222ce990_Game7.json,run_2,2,stochastic,1.0,prompt_v4_run_2,Ego4D,2ba4023c-a8bf-43ad-ad5a-80ba222ce990,Game7,Ego4D / 2ba4023c-a8bf-43ad-ad5a-80ba222ce990 / Game7,Erin,"The players' discussion centers on a series of role swaps involving the Robber, Troublemaker, and Drunk. While the logic is convoluted, Clint, Margaret, and Tyler all converge on the conclusion that Erin is the Werewolf, either by starting role or by swapping into the role via the Drunk's action. Erin's own admission that she was the Drunk and swapped her card with the center suggests she may have inadvertently picked up a Werewolf card, and the other players' consensus makes her the primary target for elimination.",2ba4023c-a8bf-43ad-ad5a-80ba222ce990_Game7,"[""Tyler"", ""Margaret"", ""Erin"", ""Clint""]","[""Robber"", ""Insomniac"", ""Hunter"", ""Werewolf""]",True,player,"[""Clint""]",player_vote,Erin,Erin,Erin,2.0,Hunter,False,False
C:\Users\annab\Documents\GitHub\masters_thesis_sdg\results\voting\unsloth_gemma-4-31B-it-unsloth-bnb-4bit\prompt_v4_run_2\Ego4D\2ba4023c-a8bf-43ad-ad5a-80ba222ce990_Game8.json,run_2,2,stochastic,1.0,prompt_v4_run_2,Ego4D,2ba4023c-a8bf-43ad-ad5a-80ba222ce990,Game8,Ego4D / 2ba4023c-a8bf-43ad-ad5a-80ba222ce990 / Game8,Tyler,"Tyler and Clint provide contradictory claims regarding the Insomniac role: Tyler claims he was the Robber and robbed Clint's Insomniac card, while Clint claims he remained the Insomniac. Additionally, Tyler and Clint coordinate their efforts to accuse Erin of being the Werewolf, with Tyler initiating these accusations immediately at the start of the discussion. This combination of a direct contradiction and coordinated targeting of another player strongly suggests that Tyler and Clint are the Werewolf team.",2ba4023c-a8bf-43ad-ad5a-80ba222ce990_Game8,"[""Tyler"", ""Margaret"", ""Erin"", ""Clint""]","[""Werewolf"", ""Hunter"", ""Troublemaker"", ""Werewolf""]",True,player,"[""Tyler"", ""Clint""]",player_vote,Tyler,Tyler,Tyler,0.0,Werewolf,True,False
C:\Users\annab\Documents\GitHub\masters_thesis_sdg\results\voting\unsloth_gemma-4-31B-it-unsloth-bnb-4bit\prompt_v4_run_2\Ego4D\2ba4023c-a8bf-43ad-ad5a-80ba222ce990_Game9.json,run_2,2,stochastic,1.0,prompt_v4_run_2,Ego4D,2ba4023c-a8bf-43ad-ad5a-80ba222ce990,Game9,Ego4D / 2ba4023c-a8bf-43ad-ad5a-80ba222ce990 / Game9,Tyler,"Tyler claimed to be the Drunk, which is often used as a cover for the Werewolf. While Margaret's claims were inconsistent (initially claiming Troublemaker and later Robber), the majority of the players, including Clint and Erin, converged on Tyler as the most suspicious player. Given the collective suspicion and the nature of Tyler's claim, he is the most likely candidate for the Werewolf.",2ba4023c-a8bf-43ad-ad5a-80ba222ce990_Game9,"[""Tyler"", ""Margaret"", ""Erin"", ""Clint""]","[""Werewolf"", ""Hunter"", ""Insomniac"", ""Robber""]",True,player,"[""Tyler""]",player_vote,Tyler,Tyler,Tyler,0.0,Werewolf,True,False
C:\Users\annab\Documents\GitHub\masters_thesis_sdg\results\voting\unsloth_gemma-4-31B-it-unsloth-bnb-4bit\prompt_v4_run_2\Ego4D\324bccd2-adff-4e9a-8ff4-03491e144ac3_Game1.json,run_2,2,stochastic,1.0,prompt_v4_run_2,Ego4D,324bccd2-adff-4e9a-8ff4-03491e144ac3,Game1,Ego4D / 324bccd2-adff-4e9a-8ff4-03491e144ac3 / Game1,No Werewolf,"The players, specifically Zack, Sean, and Jacob, explicitly agreed toward the end of the discussion that they believe no one among them is the werewolf. While Hunter's claim to be the Robber or Troublemaker conflicts with the specific claims made by Sean and Zack, the overall consensus of the group is that no werewolf is present. According to the rules, if no player is a werewolf and no one is voted out, Team Village wins.",324bccd2-adff-4e9a-8ff4-03491e144ac3_Game1,"[""Zack"", ""Sean"", ""Hunter"", ""Jacob""]","[""Troublemaker"", ""Villager"", ""Werewolf"", ""Villager""]",True,player,"[""Hunter""]",circle_vote,No Werewolf,,,,,False,True
C:\Users\annab\Documents\GitHub\masters_thesis_sdg\results\voting\unsloth_gemma-4-31B-it-unsloth-bnb-4bit\prompt_v4_run_2\Ego4D\324bccd2-adff-4e9a-8ff4-03491e144ac3_Game2.json,run_2,2,stochastic,1.0,prompt_v4_run_2,Ego4D,324bccd2-adff-4e9a-8ff4-03491e144ac3,Game2,Ego4D / 324bccd2-adff-4e9a-8ff4-03491e144ac3 / Game2,Sean,"Hunter admitted to being the Werewolf, and Jacob claimed to be the Troublemaker who swapped Hunter and Sean's cards. Sean further supported this by claiming he was the Seer and saw that Hunter was the Werewolf. If these claims are true, the swap resulted in Sean becoming the Werewolf, making him the correct target for elimination.",324bccd2-adff-4e9a-8ff4-03491e144ac3_Game2,"[""Zack"", ""Sean"", ""Hunter"", ""Jacob""]","[""Werewolf"", ""Robber"", ""Seer"", ""Troublemaker""]",True,player,"[""Zack""]",player_vote,Sean,Sean,Sean,1.0,Robber,False,False
C:\Users\annab\Documents\GitHub\masters_thesis_sdg\results\voting\unsloth_gemma-4-31B-it-unsloth-bnb-4bit\prompt_v4_run_2\Ego4D\324bccd2-adff-4e9a-8ff4-03491e144ac3_Game3.json,run_2,2,stochastic,1.0,prompt_v4_run_2,Ego4D,324bccd2-adff-4e9a-8ff4-03491e144ac3,Game3,Ego4D / 324bccd2-adff-4e9a-8ff4-03491e144ac3 / Game3,No Werewolf,"The players have claimed roles that account for all participants: Zack claims to be the Seer, Sean claims to be the Troublemaker, Hunter claims to be the Robber, and Jacob claims to have started as a Villager. These claims align with the night actions called by the announcer. Since all players have claimed non-werewolf roles and there is no evidence of deception or accusations of werewolf activity, it is most likely that all werewolf cards are in the center.",324bccd2-adff-4e9a-8ff4-03491e144ac3_Game3,"[""Zack"", ""Sean"", ""Hunter"", ""Jacob""]","[""Seer"", ""Troublemaker"", ""Robber"", ""Werewolf""]",True,player,"[""Jacob""]",circle_vote,No Werewolf,,,,,False,True
C:\Users\annab\Documents\GitHub\masters_thesis_sdg\results\voting\unsloth_gemma-4-31B-it-unsloth-bnb-4bit\prompt_v4_run_2\Ego4D\324bccd2-adff-4e9a-8ff4-03491e144ac3_Game4.json,run_2,2,stochastic,1.0,prompt_v4_run_2,Ego4D,324bccd2-adff-4e9a-8ff4-03491e144ac3,Game4,Ego4D / 324bccd2-adff-4e9a-8ff4-03491e144ac3 / Game4,No Werewolf,"Zack claims to have started as the Seer and explicitly states that he saw a Werewolf and a Villager in the center cards ('I can guarantee that there is a villager and a warewolf in there'). If this information is true, the Werewolf is not among the players. In a game where no player is a Werewolf, Team Village wins if no one is voted out. While Jacob acts suspiciously and suggests voting for himself, this is consistent with the behavior of a Tanner or a confused Villager, and there is no concrete evidence to contradict the Seer's claim.",324bccd2-adff-4e9a-8ff4-03491e144ac3_Game4,"[""Zack"", ""Sean"", ""Hunter"", ""Jacob""]","[""Troublemaker"", ""Robber"", ""Werewolf"", ""Werewolf""]",True,player,"[""Hunter"", ""Jacob""]",circle_vote,No Werewolf,,,,,False,True
C:\Users\annab\Documents\GitHub\masters_thesis_sdg\results\voting\unsloth_gemma-4-31B-it-unsloth-bnb-4bit\prompt_v4_run_2\Ego4D\324bccd2-adff-4e9a-8ff4-03491e144ac3_Game5.json,run_2,2,stochastic,1.0,prompt_v4_run_2,Ego4D,324bccd2-adff-4e9a-8ff4-03491e144ac3,Game5,Ego4D / 324bccd2-adff-4e9a-8ff4-03491e144ac3 / Game5,Sean,"Jacob admitted to starting as a Werewolf and believed his card was swapped. Hunter claimed to be the Troublemaker and stated that he swapped the cards of Jacob and Sean. If these claims are true, Sean is now the Werewolf. Sean's behavior was inconsistent, as he claimed to be the Tanner and then later claimed to be a Villager, increasing suspicion.",324bccd2-adff-4e9a-8ff4-03491e144ac3_Game5,"[""Zack"", ""Sean"", ""Hunter"", ""Jacob""]","[""Villager"", ""Werewolf"", ""Troublemaker"", ""Werewolf""]",True,player,"[""Sean"", ""Jacob""]",player_vote,Sean,Sean,Sean,1.0,Werewolf,True,False
C:\Users\annab\Documents\GitHub\masters_thesis_sdg\results\voting\unsloth_gemma-4-31B-it-unsloth-bnb-4bit\prompt_v4_run_2\Ego4D\3ba069be-60fa-47fc-bd7b-f85bf649a5bd_Game1.json,run_2,2,stochastic,1.0,prompt_v4_run_2,Ego4D,3ba069be-60fa-47fc-bd7b-f85bf649a5bd,Game1,Ego4D / 3ba069be-60fa-47fc-bd7b-f85bf649a5bd / Game1,Jessica,"Jessica claimed to be the Minion and stated she saw no Werewolf, which was an attempt to convince the group that the Werewolf card was in the center. However, the concluding dialogue reveals that Jessica was actually the Werewolf, as Daniel explicitly tells her, 'You could have just come out and said you was werewolf.' Therefore, voting for Jessica is the only way for Team Village to win.",3ba069be-60fa-47fc-bd7b-f85bf649a5bd_Game1,"[""Kevin"", ""Kaelan"", ""Jessica"", ""Daniel""]","[""Werewolf"", ""Robber"", ""Troublemaker"", ""Center Card""]",True,player,"[""Kevin""]",player_vote,Jessica,Jessica,Jessica,2.0,Troublemaker,False,False
C:\Users\annab\Documents\GitHub\masters_thesis_sdg\results\voting\unsloth_gemma-4-31B-it-unsloth-bnb-4bit\prompt_v4_run_2\Ego4D\3ba069be-60fa-47fc-bd7b-f85bf649a5bd_Game2.json,run_2,2,stochastic,1.0,prompt_v4_run_2,Ego4D,3ba069be-60fa-47fc-bd7b-f85bf649a5bd,Game2,Ego4D / 3ba069be-60fa-47fc-bd7b-f85bf649a5bd / Game2,No Werewolf,"The players' claims are consistent with a scenario where no Werewolf is present. Jessica claims to have been the Minion and states she saw no Werewolves. Kaelan claims to have been the Robber and robbed Jessica, and Kevin claims to have been the Troublemaker and swapped Kaelan and Jessica. If Jessica is the Minion and saw no Werewolves, then all Werewolf cards must be in the center, meaning Team Village wins if no one is voted out.",3ba069be-60fa-47fc-bd7b-f85bf649a5bd_Game2,"[""Kevin"", ""Kaelan"", ""Jessica"", ""Daniel""]","[""Troublemaker"", ""Minion"", ""Villager"", ""Robber""]",False,circle,[],circle_vote,No Werewolf,,,,,True,True
C:\Users\annab\Documents\GitHub\masters_thesis_sdg\results\voting\unsloth_gemma-4-31B-it-unsloth-bnb-4bit\prompt_v4_run_2\Ego4D\3ba069be-60fa-47fc-bd7b-f85bf649a5bd_Game3.json,run_2,2,stochastic,1.0,prompt_v4_run_2,Ego4D,3ba069be-60fa-47fc-bd7b-f85bf649a5bd,Game3,Ego4D / 3ba069be-60fa-47fc-bd7b-f85bf649a5bd / Game3,Daniel,"Daniel's claims are highly inconsistent. He first claims to be the Seer and states that a Werewolf is in the center (suggesting a 'no one' vote), but then suddenly pivots to claim he is the Minion and accuses Jessica of being the Werewolf. This erratic behavior and contradiction are strong indicators that he is lying to divert suspicion or frame another player, which is typical of the Werewolf role. Kaelan, Jessica, and Kevin have remained consistent in their claims.",3ba069be-60fa-47fc-bd7b-f85bf649a5bd_Game3,"[""Kevin"", ""Kaelan"", ""Jessica"", ""Daniel""]","[""Doppelganger"", ""Troublemaker"", ""Werewolf"", ""Minion""]",True,player,"[""Jessica""]",player_vote,Daniel,Daniel,Daniel,3.0,Minion,False,False
C:\Users\annab\Documents\GitHub\masters_thesis_sdg\results\voting\unsloth_gemma-4-31B-it-unsloth-bnb-4bit\prompt_v4_run_2\Ego4D\3ba069be-60fa-47fc-bd7b-f85bf649a5bd_Game4.json,run_2,2,stochastic,1.0,prompt_v4_run_2,Ego4D,3ba069be-60fa-47fc-bd7b-f85bf649a5bd,Game4,Ego4D / 3ba069be-60fa-47fc-bd7b-f85bf649a5bd / Game4,Daniel,"Kaelan claimed to be the Seer and identified Jessica as the Werewolf. Kevin claimed to be the Troublemaker and stated he swapped the roles of Daniel and Jessica. If Kaelan's information was correct, the swap performed by Kevin would have transferred the Werewolf role from Jessica to Daniel. Furthermore, Daniel's claims were contradictory (claiming to be the Robber at [5] and the Minion at [59]), and he actively attempted to divert suspicion back to Jessica, which is characteristic of a Werewolf.",3ba069be-60fa-47fc-bd7b-f85bf649a5bd_Game4,"[""Kevin"", ""Kaelan"", ""Jessica"", ""Daniel""]","[""Troublemaker"", ""Minion"", ""Seer"", ""Robber""]",False,circle,[],player_vote,Daniel,Daniel,Daniel,3.0,Robber,False,False
C:\Users\annab\Documents\GitHub\masters_thesis_sdg\results\voting\unsloth_gemma-4-31B-it-unsloth-bnb-4bit\prompt_v4_run_2\Ego4D\3ba069be-60fa-47fc-bd7b-f85bf649a5bd_Game5.json,run_2,2,stochastic,1.0,prompt_v4_run_2,Ego4D,3ba069be-60fa-47fc-bd7b-f85bf649a5bd,Game5,Ego4D / 3ba069be-60fa-47fc-bd7b-f85bf649a5bd / Game5,Kevin,"Kevin claims to be the Troublemaker and states that he swapped himself and Jessica. According to the game rules, the Troublemaker must swap the cards of two other players and cannot swap their own card. This blatant contradiction of the game rules indicates that Kevin is lying about his role. Since Jessica has already claimed to be the Tanner, Kevin is the most likely candidate to be the Werewolf, especially as he is actively trying to divert the vote toward Jessica.",3ba069be-60fa-47fc-bd7b-f85bf649a5bd_Game5,"[""Kevin"", ""Kaelan"", ""Jessica"", ""Daniel""]","[""Robber"", ""Center Card"", ""Troublemaker"", ""Tanner""]",False,circle,[],player_vote,Kevin,Kevin,Kevin,0.0,Robber,False,False
C:\Users\annab\Documents\GitHub\masters_thesis_sdg\results\voting\unsloth_gemma-4-31B-it-unsloth-bnb-4bit\prompt_v4_run_2\Ego4D\3ba069be-60fa-47fc-bd7b-f85bf649a5bd_Game6.json,run_2,2,stochastic,1.0,prompt_v4_run_2,Ego4D,3ba069be-60fa-47fc-bd7b-f85bf649a5bd,Game6,Ego4D / 3ba069be-60fa-47fc-bd7b-f85bf649a5bd / Game6,Kevin,"Kevin's claims are highly inconsistent and contradict the game rules; he claims to be the Doppelgänger but describes the action of the Drunk ('switched out for this card in the center'), which is a common sign of a Werewolf bluffing poorly. Furthermore, both Kaelan and Daniel claim to have ended up as the Tanner (Kaelan by robbing Kevin, and Daniel by swapping with the center), and since the Tanner actively seeks elimination, their claims to be the Tanner suggest they are trying to attract votes. Kevin is the only player not claiming to be the Tanner or attempting to attract votes, making him the most likely Werewolf.",3ba069be-60fa-47fc-bd7b-f85bf649a5bd_Game6,"[""Kevin"", ""Kaelan"", ""Jessica"", ""Daniel""]","[""Robber"", ""Center Card"", ""Insomniac"", ""Center Card""]",False,circle,[],player_vote,Kevin,Kevin,Kevin,0.0,Robber,False,False
C:\Users\annab\Documents\GitHub\masters_thesis_sdg\results\voting\unsloth_gemma-4-31B-it-unsloth-bnb-4bit\prompt_v4_run_2\Ego4D\62c4bc58-3776-4791-ac30-4c9ca5619503_Game10.json,run_2,2,stochastic,1.0,prompt_v4_run_2,Ego4D,62c4bc58-3776-4791-ac30-4c9ca5619503,Game10,Ego4D / 62c4bc58-3776-4791-ac30-4c9ca5619503 / Game10,No Werewolf,"The transcript provides no concrete evidence or claims that identify any player as a Werewolf. Kaelan and Jessica both claim to be Villagers, and while Daniel initially suggests Kaelan might be the Tanner or Werewolf, he quickly pivots to ask if they are 'all good with the center,' which Kevin confirms. This indicates a consensus among the players that the Werewolf cards are likely in the center pool.",62c4bc58-3776-4791-ac30-4c9ca5619503_Game10,"[""Kevin"", ""Kaelan"", ""Jessica"", ""Daniel""]","[""Minion"", ""Villager"", ""Villager"", ""Werewolf""]",True,player,"[""Daniel""]",circle_vote,No Werewolf,,,,,False,True
C:\Users\annab\Documents\GitHub\masters_thesis_sdg\results\voting\unsloth_gemma-4-31B-it-unsloth-bnb-4bit\prompt_v4_run_2\Ego4D\62c4bc58-3776-4791-ac30-4c9ca5619503_Game11.json,run_2,2,stochastic,1.0,prompt_v4_run_2,Ego4D,62c4bc58-3776-4791-ac30-4c9ca5619503,Game11,Ego4D / 62c4bc58-3776-4791-ac30-4c9ca5619503 / Game11,Kevin,"Kaelan admits to being the Minion at the end of the transcript. Since the Minion knows who the Werewolf is and typically protects them, Kaelan's vote for Daniel suggests that Daniel is not the Werewolf. Jessica's aggressive claim to be the Tanner and her request to be voted out are consistent with the Tanner role. Kevin's generic claim to be a Villager and his immediate agreement with Daniel's suggestion to vote 'center' (which would ensure the Werewolf survives) strongly suggest that Kevin is the Werewolf.",62c4bc58-3776-4791-ac30-4c9ca5619503_Game11,"[""Kevin"", ""Kaelan"", ""Jessica"", ""Daniel""]","[""Villager"", ""Villager"", ""Minion"", ""Werewolf""]",True,player,"[""Daniel""]",player_vote,Kevin,Kevin,Kevin,0.0,Villager,False,False
C:\Users\annab\Documents\GitHub\masters_thesis_sdg\results\voting\unsloth_gemma-4-31B-it-unsloth-bnb-4bit\prompt_v4_run_2\Ego4D\62c4bc58-3776-4791-ac30-4c9ca5619503_Game12.json,run_2,2,stochastic,1.0,prompt_v4_run_2,Ego4D,62c4bc58-3776-4791-ac30-4c9ca5619503,Game12,Ego4D / 62c4bc58-3776-4791-ac30-4c9ca5619503 / Game12,Jessica,"Kaelan claims to be the Troublemaker, Kevin claims to be the Mason, and Daniel supports Kevin's claim. Jessica is the only player who does not claim a role and provides no evidence of being village-aligned. Given that the other three players are asserting village roles, Jessica is the most likely candidate to be the Werewolf.",62c4bc58-3776-4791-ac30-4c9ca5619503_Game12,"[""Kevin"", ""Kaelan"", ""Jessica"", ""Daniel""]","[""Seer"", ""Troublemaker"", ""Minion"", ""Mason""]",False,circle,[],player_vote,Jessica,Jessica,Jessica,2.0,Minion,False,False
C:\Users\annab\Documents\GitHub\masters_thesis_sdg\results\voting\unsloth_gemma-4-31B-it-unsloth-bnb-4bit\prompt_v4_run_2\Ego4D\62c4bc58-3776-4791-ac30-4c9ca5619503_Game7.json,run_2,2,stochastic,1.0,prompt_v4_run_2,Ego4D,62c4bc58-3776-4791-ac30-4c9ca5619503,Game7,Ego4D / 62c4bc58-3776-4791-ac30-4c9ca5619503 / Game7,Jessica,"Jessica claims to be the Robber and says she robbed Kaelan. Kaelan claims to be the Drunk and says he swapped his card with the center. According to the night action order, the Robber acts before the Drunk; if Jessica had robbed Kaelan (the Drunk), Jessica would have become the Drunk and performed the swap, meaning Kaelan would not have swapped. Since Kaelan's claim to have swapped is inconsistent with Jessica's claim to have robbed him, Jessica is likely lying and is therefore the most probable Werewolf.",62c4bc58-3776-4791-ac30-4c9ca5619503_Game7,"[""Kevin"", ""Kaelan"", ""Jessica"", ""Daniel""]","[""Seer"", ""Center Card"", ""Werewolf"", ""Werewolf""]",True,player,"[""Jessica"", ""Daniel""]",player_vote,Jessica,Jessica,Jessica,2.0,Werewolf,True,False
C:\Users\annab\Documents\GitHub\masters_thesis_sdg\results\voting\unsloth_gemma-4-31B-it-unsloth-bnb-4bit\prompt_v4_run_2\Ego4D\62c4bc58-3776-4791-ac30-4c9ca5619503_Game8.json,run_2,2,stochastic,1.0,prompt_v4_run_2,Ego4D,62c4bc58-3776-4791-ac30-4c9ca5619503,Game8,Ego4D / 62c4bc58-3776-4791-ac30-4c9ca5619503 / Game8,No Werewolf,"Kevin claims to be the Seer and confirms that Jessica is the Minion. Jessica admits to being the Minion and explicitly states that she does not see any Werewolves among the players, suggesting the Werewolf card is in the center. Since the Minion has perfect information regarding the presence of Werewolves, her claim that the Werewolf is in the middle indicates that no player currently holds the Werewolf role.",62c4bc58-3776-4791-ac30-4c9ca5619503_Game8,"[""Kevin"", ""Kaelan"", ""Jessica"", ""Daniel""]","[""Seer"", ""Drunk"", ""Minion"", ""Center Card""]",False,circle,[],circle_vote,No Werewolf,,,,,True,True
C:\Users\annab\Documents\GitHub\masters_thesis_sdg\results\voting\unsloth_gemma-4-31B-it-unsloth-bnb-4bit\prompt_v4_run_2\Ego4D\62c4bc58-3776-4791-ac30-4c9ca5619503_Game9.json,run_2,2,stochastic,1.0,prompt_v4_run_2,Ego4D,62c4bc58-3776-4791-ac30-4c9ca5619503,Game9,Ego4D / 62c4bc58-3776-4791-ac30-4c9ca5619503 / Game9,Daniel,"Daniel claims to be the Robber and states, 'when I robbed her, the Robber card was there.' According to the game rules, the Robber swaps their card with another player's card and then looks at the new card; since there is only one Robber card in the game, it is logically impossible for the Robber to find the Robber card on another player. This contradiction indicates that Daniel is lying about his role, making him the most likely Werewolf. While other players' claims are consistent or potentially confused, Daniel's claim is a direct logical impossibility.",62c4bc58-3776-4791-ac30-4c9ca5619503_Game9,"[""Kevin"", ""Kaelan"", ""Jessica"", ""Daniel""]","[""Troublemaker"", ""Robber"", ""Werewolf"", ""Doppelganger""]",True,player,"[""Jessica""]",player_vote,Daniel,Daniel,Daniel,3.0,Doppelganger,False,False
C:\Users\annab\Documents\GitHub\masters_thesis_sdg\results\voting\unsloth_gemma-4-31B-it-unsloth-bnb-4bit\prompt_v4_run_2\Ego4D\64076f60-f3fc-4ee6-93e1-3489d8ec7b12_Game3.json,run_2,2,stochastic,1.0,prompt_v4_run_2,Ego4D,64076f60-f3fc-4ee6-93e1-3489d8ec7b12,Game3,Ego4D / 64076f60-f3fc-4ee6-93e1-3489d8ec7b12 / Game3,Brent,"According to the post-game reveal, Jack started as the Werewolf. Hailey, acting as the Robber, swapped cards with Jack, which made Hailey the Werewolf. Subsequently, Erin, acting as the Troublemaker, swapped the cards of Hailey and Brent, resulting in Brent becoming the final Werewolf. Therefore, Brent is the player that Team Village must eliminate to win.",64076f60-f3fc-4ee6-93e1-3489d8ec7b12_Game3,"[""Erin"", ""Sebastian"", ""Jack"", ""Brent"", ""Hailey""]","[""Troublemaker"", ""Moderator"", ""Robber"", ""Werewolf"", ""Villager""]",True,player,"[""Brent""]",player_vote,Brent,Brent,Brent,3.0,Werewolf,True,False
C:\Users\annab\Documents\GitHub\masters_thesis_sdg\results\voting\unsloth_gemma-4-31B-it-unsloth-bnb-4bit\prompt_v4_run_2\Ego4D\698f6bbe-4347-4a06-bd5d-3482f5e4fbbe_Game1.json,run_2,2,stochastic,1.0,prompt_v4_run_2,Ego4D,698f6bbe-4347-4a06-bd5d-3482f5e4fbbe,Game1,Ego4D / 698f6bbe-4347-4a06-bd5d-3482f5e4fbbe / Game1,Elliot,"James initially claimed to be the Seer, then later claimed he was actually a Werewolf and that Elliot, the Robber, had swapped cards with him. If this sequence is true, Elliot now holds the Werewolf card and is the target for Team Village. While James's erratic behavior could suggest he is the Tanner or a lying Werewolf, the specific narrative of a Robber swapping with a Werewolf is a common game mechanic that identifies the final role holder.",698f6bbe-4347-4a06-bd5d-3482f5e4fbbe_Game1,"[""Elliot"", ""Ashley"", ""James"", ""Chris"", ""Sukeshi"", ""Sian""]","[""Werewolf"", ""Werewolf"", ""Robber"", ""Drunk"", ""Troublemaker"", ""Seer""]",True,player,"[""Elliot"", ""Ashley""]",player_vote,Elliot,Elliot,Elliot,0.0,Werewolf,True,False
C:\Users\annab\Documents\GitHub\masters_thesis_sdg\results\voting\unsloth_gemma-4-31B-it-unsloth-bnb-4bit\prompt_v4_run_2\Ego4D\698f6bbe-4347-4a06-bd5d-3482f5e4fbbe_Game2.json,run_2,2,stochastic,1.0,prompt_v4_run_2,Ego4D,698f6bbe-4347-4a06-bd5d-3482f5e4fbbe,Game2,Ego4D / 698f6bbe-4347-4a06-bd5d-3482f5e4fbbe / Game2,Sukeshi,"Sukeshi repeatedly claimed to be a werewolf during the discussion, although this behavior is often characteristic of the Tanner. However, other players (Chris, James, Sian, and Ashley) have provided consistent claims (Seer, Robber, Hunter, and Troublemaker) that align with each other. Given that Sukeshi is the only player acting suspiciously and drawing votes, she is the most likely candidate for the Werewolf role, or at least the most viable target for the Village to attempt a win.",698f6bbe-4347-4a06-bd5d-3482f5e4fbbe_Game2,"[""Elliot"", ""Ashley"", ""James"", ""Chris"", ""Sukeshi"", ""Sian""]","[""Seer"", ""Troublemaker"", ""Hunter"", ""Villager"", ""Werewolf"", ""Robber""]",True,player,"[""Sukeshi""]",player_vote,Sukeshi,Sukeshi,Sukeshi,4.0,Werewolf,True,False
C:\Users\annab\Documents\GitHub\masters_thesis_sdg\results\voting\unsloth_gemma-4-31B-it-unsloth-bnb-4bit\prompt_v4_run_2\Ego4D\698f6bbe-4347-4a06-bd5d-3482f5e4fbbe_Game3.json,run_2,2,stochastic,1.0,prompt_v4_run_2,Ego4D,698f6bbe-4347-4a06-bd5d-3482f5e4fbbe,Game3,Ego4D / 698f6bbe-4347-4a06-bd5d-3482f5e4fbbe / Game3,James,"Sukeshi claims to be the Seer and states she saw two Werewolf cards in the center. Since James admits to being the Drunk (who swaps their card with one from the center), Sukeshi concludes that James is now a Werewolf. The other players, including Chris (Robber) and Elliot (Hunter), seem to accept this logic, and the group consensus is to vote for James.",698f6bbe-4347-4a06-bd5d-3482f5e4fbbe_Game3,"[""Elliot"", ""Ashley"", ""James"", ""Chris"", ""Sukeshi"", ""Sian""]","[""Robber"", ""Troublemaker"", ""Werewolf"", ""Hunter"", ""Villager"", ""Seer""]",True,player,"[""James""]",player_vote,James,James,James,2.0,Werewolf,True,False
C:\Users\annab\Documents\GitHub\masters_thesis_sdg\results\voting\unsloth_gemma-4-31B-it-unsloth-bnb-4bit\prompt_v4_run_2\Youtube\Flashback##ONE#NIGHT#ULTIMATE#WEREWOLF##Retro#9_Game1.json,run_2,2,stochastic,1.0,prompt_v4_run_2,Youtube,Flashback##ONE#NIGHT#ULTIMATE#WEREWOLF##Retro#9,Game1,Youtube / Flashback##ONE#NIGHT#ULTIMATE#WEREWOLF##Retro#9 / Game1,Mitchell,"The players' claims are as follows: Paul and Laura claim to be Villagers, James claims to be the Robber (having stolen from Paul), Justin claims to be the Seer (having seen James as the Robber), and Mitchell claims to be the Insomniac. If these claims are true, no one is a Werewolf. However, Paul and James express strong suspicion toward Mitchell, noting that he claimed the Insomniac role very quickly, which is a common bluff for Werewolves. Justin's attempt to defend Mitchell is confusing and contradictory, but the most plausible scenario for a win is that Mitchell is the Werewolf lying about his role.",Flashback##ONE#NIGHT#ULTIMATE#WEREWOLF##Retro#9_Game1,"[""Justin"", ""Laura"", ""Paul"", ""James"", ""Mitchell""]","[""Werewolf"", ""Villager"", ""Robber"", ""Villager"", ""Insomniac""]",True,player,"[""Justin""]",player_vote,Mitchell,Mitchell,Mitchell,4.0,Insomniac,False,False
C:\Users\annab\Documents\GitHub\masters_thesis_sdg\results\voting\unsloth_gemma-4-31B-it-unsloth-bnb-4bit\prompt_v4_run_2\Youtube\Flashback##ONE#NIGHT#ULTIMATE#WEREWOLF##Retro#9_Game2.json,run_2,2,stochastic,1.0,prompt_v4_run_2,Youtube,Flashback##ONE#NIGHT#ULTIMATE#WEREWOLF##Retro#9,Game2,Youtube / Flashback##ONE#NIGHT#ULTIMATE#WEREWOLF##Retro#9 / Game2,James,"James explicitly admitted to being a Werewolf during the discussion (Line 61: 'I was this'), although he later attempted to backtrack and claim he was a Villager (Line 125). While Justin (the Troublemaker) swapped Paul and Mitchell, this does not clear James of his initial admission. In One Night Ultimate Werewolf, such direct admissions, even when later denied as jokes, are strong indicators of the Werewolf role.",Flashback##ONE#NIGHT#ULTIMATE#WEREWOLF##Retro#9_Game2,"[""Justin"", ""Laura"", ""Paul"", ""James"", ""Mitchell""]","[""Troublemaker"", ""Werewolf"", ""Seer"", ""Villager"", ""Villager""]",True,player,"[""Laura""]",player_vote,James,James,James,3.0,Villager,False,False
C:\Users\annab\Documents\GitHub\masters_thesis_sdg\results\voting\unsloth_gemma-4-31B-it-unsloth-bnb-4bit\prompt_v4_run_2\Youtube\Flashback##ONE#NIGHT#ULTIMATE#WEREWOLF##Retro#9_Game3.json,run_2,2,stochastic,1.0,prompt_v4_run_2,Youtube,Flashback##ONE#NIGHT#ULTIMATE#WEREWOLF##Retro#9,Game3,Youtube / Flashback##ONE#NIGHT#ULTIMATE#WEREWOLF##Retro#9 / Game3,Laura,"James made a joke during the Night phase about being the werewolf, suggesting he started as one. Mitchell (Robber) claims to have stolen from Laura (Seer), making Laura the Robber and Mitchell the Seer. Justin (Troublemaker) then claims to have swapped James and Laura, which would transfer the Werewolf card from James to Laura. Laura's claim to be the Seer and her assertion that a werewolf is in the center are likely bluffs to divert suspicion from herself as the final Werewolf.",Flashback##ONE#NIGHT#ULTIMATE#WEREWOLF##Retro#9_Game3,"[""Justin"", ""Laura"", ""Paul"", ""James"", ""Mitchell""]","[""Troublemaker"", ""Villager"", ""Robber"", ""Seer"", ""Werewolf""]",True,player,"[""Mitchell""]",player_vote,Laura,Laura,Laura,1.0,Villager,False,False
C:\Users\annab\Documents\GitHub\masters_thesis_sdg\results\voting\unsloth_gemma-4-31B-it-unsloth-bnb-4bit\prompt_v4_run_2\Youtube\Flashback##ONE#NIGHT#ULTIMATE#WEREWOLF##Retro#9_Game4.json,run_2,2,stochastic,1.0,prompt_v4_run_2,Youtube,Flashback##ONE#NIGHT#ULTIMATE#WEREWOLF##Retro#9,Game4,Youtube / Flashback##ONE#NIGHT#ULTIMATE#WEREWOLF##Retro#9 / Game4,Laura,"James (Seer) claims he saw Paul's card and it was brown (Werewolf). Paul (Robber) claims he robbed Mitchell, who was a Villager; if Paul was the Werewolf, this action moved the Werewolf card to Mitchell. Justin (Troublemaker) then swapped two players; since both Paul and Justin subsequently suspect Laura, it is highly probable that Justin swapped the Werewolf card from Mitchell to Laura. This sequence of events, consistent with the night action order, makes Laura the most likely final Werewolf.",Flashback##ONE#NIGHT#ULTIMATE#WEREWOLF##Retro#9_Game4,"[""Justin"", ""Laura"", ""Paul"", ""James"", ""Mitchell""]","[""Troublemaker"", ""Villager"", ""Villager"", ""Seer"", ""Robber""]",False,circle,[],player_vote,Laura,Laura,Laura,1.0,Villager,False,False
C:\Users\annab\Documents\GitHub\masters_thesis_sdg\results\voting\unsloth_gemma-4-31B-it-unsloth-bnb-4bit\prompt_v4_run_2\Youtube\Flashback##ONE#NIGHT#ULTIMATE#WEREWOLF##Retro#9_Game5.json,run_2,2,stochastic,1.0,prompt_v4_run_2,Youtube,Flashback##ONE#NIGHT#ULTIMATE#WEREWOLF##Retro#9,Game5,Youtube / Flashback##ONE#NIGHT#ULTIMATE#WEREWOLF##Retro#9 / Game5,Mitchell,"Paul claimed to be the Troublemaker and stated that he swapped the cards of Laura and Mitchell. Laura subsequently admitted that she was the Werewolf, which implies that through the swap, Mitchell is now the Werewolf. Although there is a conflict between James's claim (as Seer) and Justin's claim (as Insomniac), the direct evidence from the swap and Laura's admission makes Mitchell the most likely target for Team Village.",Flashback##ONE#NIGHT#ULTIMATE#WEREWOLF##Retro#9_Game5,"[""Justin"", ""Laura"", ""Paul"", ""James"", ""Mitchell""]","[""Insomniac"", ""Werewolf"", ""Werewolf"", ""Seer"", ""Villager""]",True,player,"[""Laura"", ""Paul""]",player_vote,Mitchell,Mitchell,Mitchell,4.0,Villager,False,False
C:\Users\annab\Documents\GitHub\masters_thesis_sdg\results\voting\unsloth_gemma-4-31B-it-unsloth-bnb-4bit\prompt_v4_run_2\Youtube\One#Night#Ultimate#Love#Letter##ONE#NIGHT#ULTIMATE#WEREWOLF_Game2.json,run_2,2,stochastic,1.0,prompt_v4_run_2,Youtube,One#Night#Ultimate#Love#Letter##ONE#NIGHT#ULTIMATE#WEREWOLF,Game2,Youtube / One#Night#Ultimate#Love#Letter##ONE#NIGHT#ULTIMATE#WEREWOLF / Game2,Justin,"Tyler claimed to be the Seer and identified Mitchell as the Werewolf, which Mitchell eventually admitted ('I was the werewolf'). However, Mitchell also claimed that Justin robbed him, which would mean Justin is now the Werewolf. Justin's own claims are contradictory; he claimed to be the Troublemaker but then stated he didn't switch anyone, which is impossible for a Troublemaker. This inconsistency, combined with Mitchell's claim of being robbed, strongly suggests that Justin is the current Werewolf.",One#Night#Ultimate#Love#Letter##ONE#NIGHT#ULTIMATE#WEREWOLF_Game2,"[""Justin"", ""Mitchell"", ""Paul"", ""Tyler""]","[""Troublemaker"", ""Werewolf"", ""Werewolf"", ""Seer""]",True,player,"[""Mitchell"", ""Paul""]",player_vote,Justin,Justin,Justin,0.0,Troublemaker,False,False
C:\Users\annab\Documents\GitHub\masters_thesis_sdg\results\voting\unsloth_gemma-4-31B-it-unsloth-bnb-4bit\prompt_v4_run_2\Youtube\One#Night#Ultimate#Love#Letter##ONE#NIGHT#ULTIMATE#WEREWOLF_Game3.json,run_2,2,stochastic,1.0,prompt_v4_run_2,Youtube,One#Night#Ultimate#Love#Letter##ONE#NIGHT#ULTIMATE#WEREWOLF,Game3,Youtube / One#Night#Ultimate#Love#Letter##ONE#NIGHT#ULTIMATE#WEREWOLF / Game3,Justin,"Justin explicitly claims to have copycatted into a Werewolf, and Tyler claims to have woken up with Justin as a Werewolf. Paul, claiming to be the Troublemaker, states he swapped two Werewolves, which would mean both Justin and Tyler are currently Werewolves. Even if Paul is lying, the combined claims of Justin and Tyler strongly suggest that at least one of them is a Werewolf, and Justin is the primary target of the group's consensus.",One#Night#Ultimate#Love#Letter##ONE#NIGHT#ULTIMATE#WEREWOLF_Game3,"[""Justin"", ""Mitchell"", ""Paul"", ""Tyler""]","[""Werewolf"", ""Seer"", ""Troublemaker"", ""Werewolf""]",True,player,"[""Justin"", ""Tyler""]",player_vote,Justin,Justin,Justin,0.0,Werewolf,True,False
C:\Users\annab\Documents\GitHub\masters_thesis_sdg\results\voting\unsloth_gemma-4-31B-it-unsloth-bnb-4bit\prompt_v4_run_2\Youtube\One#Night#Ultimate#Love#Letter##ONE#NIGHT#ULTIMATE#WEREWOLF_Game7.json,run_2,2,stochastic,1.0,prompt_v4_run_2,Youtube,One#Night#Ultimate#Love#Letter##ONE#NIGHT#ULTIMATE#WEREWOLF,Game7,Youtube / One#Night#Ultimate#Love#Letter##ONE#NIGHT#ULTIMATE#WEREWOLF / Game7,Mitchell,"Tyler claims to be the Seer and indicates that Justin was the Werewolf (by stating Justin is lying about being the Copycat and pointing to him as the Werewolf). Paul claims to be the Troublemaker and states he swapped the cards of Justin and Mitchell. If Tyler's information is correct and Paul's swap occurred, the Werewolf card moved from Justin to Mitchell. Paul's insistence on voting for Justin, combined with Mitchell's passive behavior, suggests a coordinated effort by Team Werewolf to divert suspicion away from the current Werewolf, Mitchell.",One#Night#Ultimate#Love#Letter##ONE#NIGHT#ULTIMATE#WEREWOLF_Game7,"[""Justin"", ""Mitchell"", ""Paul"", ""Tyler""]","[""Werewolf"", ""Tanner"", ""Troublemaker"", ""Drunk""]",True,player,"[""Justin""]",player_vote,Mitchell,Mitchell,Mitchell,1.0,Tanner,False,False
C:\Users\annab\Documents\GitHub\masters_thesis_sdg\results\voting\unsloth_gemma-4-31B-it-unsloth-bnb-4bit\prompt_v4_run_2\Youtube\ONE#NIGHT#ULTIMATE#WEREWOLF##Retro#1_Game1.json,run_2,2,stochastic,1.0,prompt_v4_run_2,Youtube,ONE#NIGHT#ULTIMATE#WEREWOLF##Retro#1,Game1,Youtube / ONE#NIGHT#ULTIMATE#WEREWOLF##Retro#1 / Game1,Mitchell,"Mitchell claims to be the Troublemaker and states that he switched his own card with Alvin's. However, according to the game rules, the Troublemaker swaps the cards of two other players and cannot swap their own card. This blatant contradiction proves Mitchell is lying about his role, making him the most suspicious player and the most likely Werewolf.",ONE#NIGHT#ULTIMATE#WEREWOLF##Retro#1_Game1,"[""Justin"", ""Alvin"", ""James"", ""Mitchell""]","[""Villager"", ""Villager"", ""Robber"", ""Werewolf""]",True,player,"[""Mitchell""]",player_vote,Mitchell,Mitchell,Mitchell,3.0,Werewolf,True,False
C:\Users\annab\Documents\GitHub\masters_thesis_sdg\results\voting\unsloth_gemma-4-31B-it-unsloth-bnb-4bit\prompt_v4_run_2\Youtube\ONE#NIGHT#ULTIMATE#WEREWOLF##Retro#1_Game10.json,run_2,2,stochastic,1.0,prompt_v4_run_2,Youtube,ONE#NIGHT#ULTIMATE#WEREWOLF##Retro#1,Game10,Youtube / ONE#NIGHT#ULTIMATE#WEREWOLF##Retro#1 / Game10,Justin,"Alvin claimed to be the Seer and identified Justin as the Werewolf. While James and Mitchell both claimed to be the Robber (indicating that at least one of them is lying), both Alvin and Mitchell pointed to Justin as the Werewolf. Justin's lack of a strong denial and his eventual sarcastic admission that he is the Werewolf strongly suggest he holds the role.",ONE#NIGHT#ULTIMATE#WEREWOLF##Retro#1_Game10,"[""Justin"", ""Alvin"", ""James"", ""Mitchell""]","[""Robber"", ""Seer"", ""Tanner"", ""Werewolf""]",True,player,"[""Mitchell""]",player_vote,Justin,Justin,Justin,0.0,Robber,False,False
C:\Users\annab\Documents\GitHub\masters_thesis_sdg\results\voting\unsloth_gemma-4-31B-it-unsloth-bnb-4bit\prompt_v4_run_2\Youtube\ONE#NIGHT#ULTIMATE#WEREWOLF##Retro#1_Game2.json,run_2,2,stochastic,1.0,prompt_v4_run_2,Youtube,ONE#NIGHT#ULTIMATE#WEREWOLF##Retro#1,Game2,Youtube / ONE#NIGHT#ULTIMATE#WEREWOLF##Retro#1 / Game2,Mitchell,"Mitchell's behavior is highly contradictory; he first claims to be a Villager, then explicitly admits 'I was the Werewolf' twice, and finally attempts to shift the vote toward James. James, conversely, is begging to be voted out, which is characteristic behavior for the Tanner role. If James is the Tanner, he cannot be the Werewolf, making Mitchell the most likely candidate for the Werewolf role, regardless of whether a swap occurred.",ONE#NIGHT#ULTIMATE#WEREWOLF##Retro#1_Game2,"[""Justin"", ""Alvin"", ""James"", ""Mitchell""]","[""Werewolf"", ""Villager"", ""Robber"", ""Villager""]",True,player,"[""Justin""]",player_vote,Mitchell,Mitchell,Mitchell,3.0,Villager,False,False
C:\Users\annab\Documents\GitHub\masters_thesis_sdg\results\voting\unsloth_gemma-4-31B-it-unsloth-bnb-4bit\prompt_v4_run_2\Youtube\ONE#NIGHT#ULTIMATE#WEREWOLF##Retro#1_Game3.json,run_2,2,stochastic,1.0,prompt_v4_run_2,Youtube,ONE#NIGHT#ULTIMATE#WEREWOLF##Retro#1,Game3,Youtube / ONE#NIGHT#ULTIMATE#WEREWOLF##Retro#1 / Game3,Justin,"Alvin claims to be the Seer and explicitly states that he looked at Justin's card and saw it was a Werewolf. While Justin claims to be a Villager, he provides no evidence to support this, and his behavior during the night phase is erratic and inconsistent. Both James and Mitchell eventually decide to trust Alvin's claim, making Justin the most likely candidate for the Werewolf.",ONE#NIGHT#ULTIMATE#WEREWOLF##Retro#1_Game3,"[""Justin"", ""Alvin"", ""James"", ""Mitchell""]","[""Robber"", ""Seer"", ""Villager"", ""Werewolf""]",True,player,"[""Mitchell""]",player_vote,Justin,Justin,Justin,0.0,Robber,False,False
C:\Users\annab\Documents\GitHub\masters_thesis_sdg\results\voting\unsloth_gemma-4-31B-it-unsloth-bnb-4bit\prompt_v4_run_2\Youtube\ONE#NIGHT#ULTIMATE#WEREWOLF##Retro#1_Game4.json,run_2,2,stochastic,1.0,prompt_v4_run_2,Youtube,ONE#NIGHT#ULTIMATE#WEREWOLF##Retro#1,Game4,Youtube / ONE#NIGHT#ULTIMATE#WEREWOLF##Retro#1 / Game4,James,"James is the most suspicious player due to a direct contradiction in his role claims. He initially claimed to be a villager (line 80), but later claimed to be the Seer (line 93) and asserted he saw a Werewolf and a Troublemaker in the center (line 119). Since no role-swapping action (like the Robber or Troublemaker) could have changed a Villager into a Seer in this game's context (Justin, the Robber, swapped with Alvin), James is likely lying to deceive the group, which is typical behavior for a Werewolf.",ONE#NIGHT#ULTIMATE#WEREWOLF##Retro#1_Game4,"[""Justin"", ""Alvin"", ""James"", ""Mitchell""]","[""Robber"", ""Seer"", ""Villager"", ""Werewolf""]",True,player,"[""Mitchell""]",player_vote,James,James,James,2.0,Villager,False,False
C:\Users\annab\Documents\GitHub\masters_thesis_sdg\results\voting\unsloth_gemma-4-31B-it-unsloth-bnb-4bit\prompt_v4_run_2\Youtube\ONE#NIGHT#ULTIMATE#WEREWOLF##Retro#1_Game5.json,run_2,2,stochastic,1.0,prompt_v4_run_2,Youtube,ONE#NIGHT#ULTIMATE#WEREWOLF##Retro#1,Game5,Youtube / ONE#NIGHT#ULTIMATE#WEREWOLF##Retro#1 / Game5,Mitchell,"Mitchell claimed to be the Seer and accused Alvin of being the Werewolf, but his behavior was viewed as highly suspicious by the other players. He was accused of 'slow rolling' information and used hesitant phrasing ('If you believe me'), which led Justin, James, and Alvin to lose trust in his claims. Given the group's consensus and Mitchell's erratic behavior, he is the most likely candidate to be the Werewolf.",ONE#NIGHT#ULTIMATE#WEREWOLF##Retro#1_Game5,"[""Justin"", ""Alvin"", ""James"", ""Mitchell""]","[""Villager"", ""Robber"", ""Villager"", ""Werewolf""]",True,player,"[""Mitchell""]",player_vote,Mitchell,Mitchell,Mitchell,3.0,Werewolf,True,False
C:\Users\annab\Documents\GitHub\masters_thesis_sdg\results\voting\unsloth_gemma-4-31B-it-unsloth-bnb-4bit\prompt_v4_run_2\Youtube\ONE#NIGHT#ULTIMATE#WEREWOLF##Retro#1_Game6.json,run_2,2,stochastic,1.0,prompt_v4_run_2,Youtube,ONE#NIGHT#ULTIMATE#WEREWOLF##Retro#1,Game6,Youtube / ONE#NIGHT#ULTIMATE#WEREWOLF##Retro#1 / Game6,Mitchell,"James claims to be the Hunter, and Alvin claims to be the Seer who verified James. Justin claims to be the Robber who swapped with Alvin, which would mean Justin now holds the Seer card and can verify Alvin's starting role. This creates a consistent chain of verification (Justin -> Alvin -> James), leaving Mitchell as the only player without a verified role or power. If a Werewolf is present, Mitchell is the most likely candidate as he is the only unverified player, and Justin's attempt to suggest there are no Werewolves may be a tactic to protect him.",ONE#NIGHT#ULTIMATE#WEREWOLF##Retro#1_Game6,"[""Justin"", ""Alvin"", ""James"", ""Mitchell""]","[""Werewolf"", ""Seer"", ""Hunter"", ""Robber""]",True,player,"[""Justin""]",player_vote,Mitchell,Mitchell,Mitchell,3.0,Robber,False,False
C:\Users\annab\Documents\GitHub\masters_thesis_sdg\results\voting\unsloth_gemma-4-31B-it-unsloth-bnb-4bit\prompt_v4_run_2\Youtube\ONE#NIGHT#ULTIMATE#WEREWOLF##Retro#1_Game7.json,run_2,2,stochastic,1.0,prompt_v4_run_2,Youtube,ONE#NIGHT#ULTIMATE#WEREWOLF##Retro#1,Game7,Youtube / ONE#NIGHT#ULTIMATE#WEREWOLF##Retro#1 / Game7,James,"James explicitly admitted to being the werewolf during the discussion, stating, 'I really put myself up in a poor position here by admitting I'm the werewolf and knowing that I'm the werewolf.' Justin, who claimed to be the Seer, corroborated this by stating he saw James's card and it was a werewolf. Given this direct confession and supporting evidence, James is the most likely werewolf.",ONE#NIGHT#ULTIMATE#WEREWOLF##Retro#1_Game7,"[""Justin"", ""Alvin"", ""James"", ""Mitchell""]","[""Seer"", ""Drunk"", ""Werewolf"", ""Werewolf""]",True,player,"[""James"", ""Mitchell""]",player_vote,James,James,James,2.0,Werewolf,True,False
C:\Users\annab\Documents\GitHub\masters_thesis_sdg\results\voting\unsloth_gemma-4-31B-it-unsloth-bnb-4bit\prompt_v4_run_2\Youtube\ONE#NIGHT#ULTIMATE#WEREWOLF##Retro#1_Game8.json,run_2,2,stochastic,1.0,prompt_v4_run_2,Youtube,ONE#NIGHT#ULTIMATE#WEREWOLF##Retro#1,Game8,Youtube / ONE#NIGHT#ULTIMATE#WEREWOLF##Retro#1 / Game8,Alvin,"Alvin is the most suspicious player due to a blatant contradiction in his role claims. He initially claimed to be the Seer (T26), but later changed his claim to being the Robber (T89) after Justin had already claimed that role. This inconsistency is a strong indicator of deception, making him the most likely candidate for a Werewolf attempting to manipulate the discussion.",ONE#NIGHT#ULTIMATE#WEREWOLF##Retro#1_Game8,"[""Justin"", ""Alvin"", ""James"", ""Mitchell""]","[""Villager"", ""Werewolf"", ""Robber"", ""Werewolf""]",True,player,"[""Alvin"", ""Mitchell""]",player_vote,Alvin,Alvin,Alvin,1.0,Werewolf,True,False
C:\Users\annab\Documents\GitHub\masters_thesis_sdg\results\voting\unsloth_gemma-4-31B-it-unsloth-bnb-4bit\prompt_v4_run_2\Youtube\ONE#NIGHT#ULTIMATE#WEREWOLF##Retro#1_Game9.json,run_2,2,stochastic,1.0,prompt_v4_run_2,Youtube,ONE#NIGHT#ULTIMATE#WEREWOLF##Retro#1,Game9,Youtube / ONE#NIGHT#ULTIMATE#WEREWOLF##Retro#1 / Game9,Justin,"Two players, Justin and Mitchell, both claim to be the Seer. Justin's claim that he saw a Werewolf and a Drunk in the center is a common bluff used by Werewolves to convince the Village that no Werewolf is present among the players, which would lead to a Werewolf victory if the Village votes 'No Werewolf'. While James is very confident that Mitchell is the Werewolf, he provides no evidence, whereas Justin's attempt to steer the vote toward 'No Werewolf' or Mitchell is highly suspicious and characteristic of a Werewolf's manipulation strategy.",ONE#NIGHT#ULTIMATE#WEREWOLF##Retro#1_Game9,"[""Justin"", ""Alvin"", ""James"", ""Mitchell""]","[""Seer"", ""Robber"", ""Villager"", ""Werewolf""]",True,player,"[""Mitchell""]",player_vote,Justin,Justin,Justin,0.0,Seer,False,False
C:\Users\annab\Documents\GitHub\masters_thesis_sdg\results\voting\unsloth_gemma-4-31B-it-unsloth-bnb-4bit\prompt_v4_run_2\Youtube\ONE#NIGHT#ULTIMATE#WEREWOLF##Retro#2_Game1.json,run_2,2,stochastic,1.0,prompt_v4_run_2,Youtube,ONE#NIGHT#ULTIMATE#WEREWOLF##Retro#2,Game1,Youtube / ONE#NIGHT#ULTIMATE#WEREWOLF##Retro#2 / Game1,Caitlynn,"Justin admitted to being the starting Werewolf and stated he saw the Robber card in the center. Dan claimed to be the Troublemaker and stated he swapped the cards of Justin and Caitlynn. Mitchell, claiming to be the Seer, verified that Justin was being honest. If Justin was the starting Werewolf and was swapped with Caitlynn, then Caitlynn is the current Werewolf.",ONE#NIGHT#ULTIMATE#WEREWOLF##Retro#2_Game1,"[""Justin"", ""Dan"", ""Mitchell"", ""Caitlynn"", ""Mike""]","[""Villager"", ""Troublemaker"", ""Seer"", ""Werewolf"", ""Villager""]",True,player,"[""Caitlynn""]",player_vote,Caitlynn,Caitlynn,Caitlynn,3.0,Werewolf,True,False
C:\Users\annab\Documents\GitHub\masters_thesis_sdg\results\voting\unsloth_gemma-4-31B-it-unsloth-bnb-4bit\prompt_v4_run_2\Youtube\ONE#NIGHT#ULTIMATE#WEREWOLF##Retro#2_Game2.json,run_2,2,stochastic,1.0,prompt_v4_run_2,Youtube,ONE#NIGHT#ULTIMATE#WEREWOLF##Retro#2,Game2,Youtube / ONE#NIGHT#ULTIMATE#WEREWOLF##Retro#2 / Game2,Mike,"Justin claims to be the Seer and identified Mitchell as a Villager. Caitlynn claims to be the Robber and swapped cards with Mitchell. Dan claims to be a Villager. Mike is the only player who has not claimed a role or provided an alibi to align himself with Team Village, making him the most likely candidate for the Werewolf.",ONE#NIGHT#ULTIMATE#WEREWOLF##Retro#2_Game2,"[""Justin"", ""Dan"", ""Mitchell"", ""Caitlynn"", ""Mike""]","[""Villager"", ""Seer"", ""Robber"", ""Villager"", ""Troublemaker""]",False,circle,[],player_vote,Mike,Mike,Mike,4.0,Troublemaker,False,False
C:\Users\annab\Documents\GitHub\masters_thesis_sdg\results\voting\unsloth_gemma-4-31B-it-unsloth-bnb-4bit\prompt_v4_run_2\Youtube\ONE#NIGHT#ULTIMATE#WEREWOLF##Retro#2_Game3.json,run_2,2,stochastic,1.0,prompt_v4_run_2,Youtube,ONE#NIGHT#ULTIMATE#WEREWOLF##Retro#2,Game3,Youtube / ONE#NIGHT#ULTIMATE#WEREWOLF##Retro#2 / Game3,Justin,"Justin explicitly admitted to being a werewolf during the discussion (Line 45). While this behavior is sometimes associated with the Tanner, it is the most direct evidence of a werewolf's identity provided in the transcript. Both Mitchell and Mike also conclude that Justin is the werewolf, making him the most logical target for Team Village.",ONE#NIGHT#ULTIMATE#WEREWOLF##Retro#2_Game3,"[""Justin"", ""Dan"", ""Mitchell"", ""Caitlynn"", ""Mike""]","[""Werewolf"", ""Villager"", ""Robber"", ""Villager"", ""Troublemaker""]",True,player,"[""Justin""]",player_vote,Justin,Justin,Justin,0.0,Werewolf,True,False
C:\Users\annab\Documents\GitHub\masters_thesis_sdg\results\voting\unsloth_gemma-4-31B-it-unsloth-bnb-4bit\prompt_v4_run_2\Youtube\ONE#NIGHT#ULTIMATE#WEREWOLF##Retro#2_Game4.json,run_2,2,stochastic,1.0,prompt_v4_run_2,Youtube,ONE#NIGHT#ULTIMATE#WEREWOLF##Retro#2,Game4,Youtube / ONE#NIGHT#ULTIMATE#WEREWOLF##Retro#2 / Game4,Mike,"Dan claimed to be the Seer and explicitly identified Mike as the Werewolf. Mike claimed to be the Troublemaker and stated he swapped Dan and Caitlynn; however, since the Seer acts before the Troublemaker, Dan could have seen Mike's card before being swapped, making his information valid regardless of the swap. The other players, including Justin and Caitlynn, expressed trust in Dan's claim and suspicion toward Mike.",ONE#NIGHT#ULTIMATE#WEREWOLF##Retro#2_Game4,"[""Justin"", ""Dan"", ""Mitchell"", ""Caitlynn"", ""Mike""]","[""Villager"", ""Seer"", ""Villager"", ""Robber"", ""Werewolf""]",True,player,"[""Mike""]",player_vote,Mike,Mike,Mike,4.0,Werewolf,True,False
C:\Users\annab\Documents\GitHub\masters_thesis_sdg\results\voting\unsloth_gemma-4-31B-it-unsloth-bnb-4bit\prompt_v4_run_2\Youtube\ONE#NIGHT#ULTIMATE#WEREWOLF##Retro#2_Game5.json,run_2,2,stochastic,1.0,prompt_v4_run_2,Youtube,ONE#NIGHT#ULTIMATE#WEREWOLF##Retro#2,Game5,Youtube / ONE#NIGHT#ULTIMATE#WEREWOLF##Retro#2 / Game5,Justin,"Caitlynn claims to have seen that Justin is the Werewolf, and Mike (claiming to be the Troublemaker) supports this by stating that regardless of Justin's starting role, he is now the Werewolf after a swap. Justin claims to be the Seer, but this is a common bluff for Werewolves. Given the strong accusations from two players, Justin is the most likely candidate for the Werewolf.",ONE#NIGHT#ULTIMATE#WEREWOLF##Retro#2_Game5,"[""Justin"", ""Dan"", ""Mitchell"", ""Caitlynn"", ""Mike""]","[""Robber"", ""Tanner"", ""Seer"", ""Werewolf"", ""Troublemaker""]",True,player,"[""Caitlynn""]",player_vote,Justin,Justin,Justin,0.0,Robber,False,False
C:\Users\annab\Documents\GitHub\masters_thesis_sdg\results\voting\unsloth_gemma-4-31B-it-unsloth-bnb-4bit\prompt_v4_run_2\Youtube\ONE#NIGHT#ULTIMATE#WEREWOLF##Retro#2_Game6.json,run_2,2,stochastic,1.0,prompt_v4_run_2,Youtube,ONE#NIGHT#ULTIMATE#WEREWOLF##Retro#2,Game6,Youtube / ONE#NIGHT#ULTIMATE#WEREWOLF##Retro#2 / Game6,Justin,"Dan claims to be the Seer and identifies Justin as a Villager and Mike as the Robber, which implies Mitchell is the Werewolf. Caitlynn, claiming to be the Troublemaker, states she swapped Justin and Mitchell. If Dan's information is correct, Mitchell was the starting Werewolf, and after the swap, Justin became the Werewolf. Justin's own claims are contradictory (claiming both to have seen Mitchell as a werewolf and to have seen two villagers in the center), which further suggests he is lying to divert suspicion.",ONE#NIGHT#ULTIMATE#WEREWOLF##Retro#2_Game6,"[""Justin"", ""Dan"", ""Mitchell"", ""Caitlynn"", ""Mike""]","[""Werewolf"", ""Seer"", ""Tanner"", ""Troublemaker"", ""Werewolf""]",True,player,"[""Justin"", ""Mike""]",player_vote,Justin,Justin,Justin,0.0,Werewolf,True,False
C:\Users\annab\Documents\GitHub\masters_thesis_sdg\results\voting\unsloth_gemma-4-31B-it-unsloth-bnb-4bit\prompt_v4_run_2\Youtube\ONE#NIGHT#ULTIMATE#WEREWOLF##Retro#2_Game7.json,run_2,2,stochastic,1.0,prompt_v4_run_2,Youtube,ONE#NIGHT#ULTIMATE#WEREWOLF##Retro#2,Game7,Youtube / ONE#NIGHT#ULTIMATE#WEREWOLF##Retro#2 / Game7,Justin,"Justin provides multiple contradictory claims about his role. He first claims to be the Seer who looked at two cards in the center [25], then later claims to be the Robber who switched cards with Dan [111], and then claims to be the Seer again [109]. Since a player cannot be both the Seer and the Robber, Justin is clearly lying, which is a strong indicator that he is either a Werewolf or the Tanner. Given the level of deception, he is the most suspicious player.",ONE#NIGHT#ULTIMATE#WEREWOLF##Retro#2_Game7,"[""Justin"", ""Dan"", ""Mitchell"", ""Caitlynn"", ""Mike""]","[""Seer"", ""Robber"", ""Werewolf"", ""Werewolf"", ""Villager""]",True,player,"[""Mitchell"", ""Caitlynn""]",player_vote,Justin,Justin,Justin,0.0,Seer,False,False
C:\Users\annab\Documents\GitHub\masters_thesis_sdg\results\voting\unsloth_gemma-4-31B-it-unsloth-bnb-4bit\prompt_v4_run_2\Youtube\ONE#NIGHT#ULTIMATE#WEREWOLF##Retro#2_Game8.json,run_2,2,stochastic,1.0,prompt_v4_run_2,Youtube,ONE#NIGHT#ULTIMATE#WEREWOLF##Retro#2,Game8,Youtube / ONE#NIGHT#ULTIMATE#WEREWOLF##Retro#2 / Game8,No Werewolf,"Dan claims to be the Seer and states that he looked at the center cards and saw two werewolves there. If this claim is true, no player is a werewolf, and Team Village wins by voting 'No Werewolf'. Other players' claims are consistent with this: Justin is likely the Tanner (given his erratic claims and desire to be voted out), Mitchell claims to be the Robber, and Mike claims to be a Villager. While Dan could be bluffing as a werewolf, there is no contradictory evidence to suggest he is lying, and his claim is the only specific piece of information provided about the werewolves' locations.",ONE#NIGHT#ULTIMATE#WEREWOLF##Retro#2_Game8,"[""Justin"", ""Dan"", ""Mitchell"", ""Caitlynn"", ""Mike""]","[""Seer"", ""Werewolf"", ""Robber"", ""Tanner"", ""Villager""]",True,player,"[""Dan""]",circle_vote,No Werewolf,,,,,False,True
C:\Users\annab\Documents\GitHub\masters_thesis_sdg\results\voting\unsloth_gemma-4-31B-it-unsloth-bnb-4bit\prompt_v4_run_2\Youtube\ONE#NIGHT#ULTIMATE#WEREWOLF##Retro#3_Game2.json,run_2,2,stochastic,1.0,prompt_v4_run_2,Youtube,ONE#NIGHT#ULTIMATE#WEREWOLF##Retro#3,Game2,Youtube / ONE#NIGHT#ULTIMATE#WEREWOLF##Retro#3 / Game2,Mike,"Mike's claims are inconsistent; he initially suggested he was the Insomniac and then pivoted to claiming he was a Villager, offering a weak excuse that he only said it to see if others would react. While both James and Mitchell claimed the Robber role, Mitchell's claim was more specific (stealing a Villager from Justin), whereas James's was vague. The majority of the players converged on Mike as the most suspicious party due to his contradictory statements.",ONE#NIGHT#ULTIMATE#WEREWOLF##Retro#3_Game2,"[""Justin"", ""Mike"", ""James"", ""Mitchell""]","[""Villager"", ""Villager"", ""Robber"", ""Werewolf""]",True,player,"[""Mitchell""]",player_vote,Mike,Mike,Mike,1.0,Villager,False,False
C:\Users\annab\Documents\GitHub\masters_thesis_sdg\results\voting\unsloth_gemma-4-31B-it-unsloth-bnb-4bit\prompt_v4_run_2\Youtube\ONE#NIGHT#ULTIMATE#WEREWOLF##Retro#3_Game3.json,run_2,2,stochastic,1.0,prompt_v4_run_2,Youtube,ONE#NIGHT#ULTIMATE#WEREWOLF##Retro#3,Game3,Youtube / ONE#NIGHT#ULTIMATE#WEREWOLF##Retro#3 / Game3,No Werewolf,"Mitchell claims to be the Seer and states he saw 'two werewolves'. Since the Seer can only look at one other player's card or two center cards, seeing two werewolves implies they are both in the center. Mike supports Mitchell's claim by stating he was the Robber and switched cards with him. If these claims are true, no player is a werewolf, and the Village wins by voting 'No Werewolf'.",ONE#NIGHT#ULTIMATE#WEREWOLF##Retro#3_Game3,"[""Justin"", ""Mike"", ""James"", ""Mitchell""]","[""Villager"", ""Seer"", ""Villager"", ""Robber""]",False,circle,[],circle_vote,No Werewolf,,,,,True,True
C:\Users\annab\Documents\GitHub\masters_thesis_sdg\results\voting\unsloth_gemma-4-31B-it-unsloth-bnb-4bit\prompt_v4_run_2\Youtube\ONE#NIGHT#ULTIMATE#WEREWOLF##Retro#3_Game4.json,run_2,2,stochastic,1.0,prompt_v4_run_2,Youtube,ONE#NIGHT#ULTIMATE#WEREWOLF##Retro#3,Game4,Youtube / ONE#NIGHT#ULTIMATE#WEREWOLF##Retro#3 / Game4,Mitchell,"Mitchell claims he was the Tanner and that Mike (the Robber) stole his card. If this were true, Mike would now be the Tanner and would want to be voted out, but Mike is actively defending himself. This suggests Mitchell is lying about being the Tanner to frame Mike and divert suspicion. James initially suspects Mitchell but is eventually swayed by Mitchell's manipulation, while Mike's claims, though vague, are more consistent with a Robber who stole a Villager card.",ONE#NIGHT#ULTIMATE#WEREWOLF##Retro#3_Game4,"[""Justin"", ""Mike"", ""James"", ""Mitchell""]","[""Insomniac"", ""Werewolf"", ""Villager"", ""Tanner""]",True,player,"[""Mike""]",player_vote,Mitchell,Mitchell,Mitchell,3.0,Tanner,False,False
C:\Users\annab\Documents\GitHub\masters_thesis_sdg\results\voting\unsloth_gemma-4-31B-it-unsloth-bnb-4bit\prompt_v4_run_2\Youtube\ONE#NIGHT#ULTIMATE#WEREWOLF##Retro#3_Game5.json,run_2,2,stochastic,1.0,prompt_v4_run_2,Youtube,ONE#NIGHT#ULTIMATE#WEREWOLF##Retro#3,Game5,Youtube / ONE#NIGHT#ULTIMATE#WEREWOLF##Retro#3 / Game5,James,"Justin claims to be the Troublemaker and states he switched James and Mitchell. Mitchell initially claims he started as a Werewolf, which, if true, means James is now the Werewolf due to the swap. James eventually admits, 'I am the werewolf,' which supports the theory that he ended the night with the Werewolf card. While this could be a Tanner bluff, it is the most direct evidence available in the transcript.",ONE#NIGHT#ULTIMATE#WEREWOLF##Retro#3_Game5,"[""Justin"", ""Mike"", ""James"", ""Mitchell""]","[""Troublemaker"", ""Werewolf"", ""Villager"", ""Insomniac""]",True,player,"[""Mike""]",player_vote,James,James,James,2.0,Villager,False,False
C:\Users\annab\Documents\GitHub\masters_thesis_sdg\results\voting\unsloth_gemma-4-31B-it-unsloth-bnb-4bit\prompt_v4_run_2\Youtube\ONE#NIGHT#ULTIMATE#WEREWOLF##Retro#3_Game6.json,run_2,2,stochastic,1.0,prompt_v4_run_2,Youtube,ONE#NIGHT#ULTIMATE#WEREWOLF##Retro#3,Game6,Youtube / ONE#NIGHT#ULTIMATE#WEREWOLF##Retro#3 / Game6,Mike,"Mike claims to be the Seer and asserts that two werewolves are in the center, which would mean no player is a werewolf. However, his hesitation in revealing this information and his stated motive for withholding it are highly suspicious. Furthermore, James and Justin both claim to be the Troublemaker, suggesting one of them is the Tanner. If Mitchell is the Robber and one of James/Justin is the Tanner, Mike is the only remaining candidate for the Werewolf, making his claim about the center cards a likely lie to avoid elimination.",ONE#NIGHT#ULTIMATE#WEREWOLF##Retro#3_Game6,"[""Justin"", ""Mike"", ""James"", ""Mitchell""]","[""Insomniac"", ""Werewolf"", ""Troublemaker"", ""Tanner""]",True,player,"[""Mike""]",player_vote,Mike,Mike,Mike,1.0,Werewolf,True,False
C:\Users\annab\Documents\GitHub\masters_thesis_sdg\results\voting\unsloth_gemma-4-31B-it-unsloth-bnb-4bit\prompt_v4_run_2\Youtube\ONE#NIGHT#ULTIMATE#WEREWOLF##Retro#3_Game7.json,run_2,2,stochastic,1.0,prompt_v4_run_2,Youtube,ONE#NIGHT#ULTIMATE#WEREWOLF##Retro#3,Game7,Youtube / ONE#NIGHT#ULTIMATE#WEREWOLF##Retro#3 / Game7,Mitchell,"James and Mitchell both claim to have started as the Tanner, but only one Tanner can exist. Mike claims to be the Troublemaker and states he switched Justin (who claimed Seer) and James. If James started as the Tanner and was switched with the Seer, he is now the Seer and would logically want to identify the Werewolf. Mitchell's insistence that he is the Tanner, despite James's claim and the support of Mike and Justin for James's logic, suggests Mitchell is the Werewolf bluffing as the Tanner.",ONE#NIGHT#ULTIMATE#WEREWOLF##Retro#3_Game7,"[""Justin"", ""Mike"", ""James"", ""Mitchell""]","[""Tanner"", ""Troublemaker"", ""Seer"", ""Werewolf""]",True,player,"[""Mitchell""]",player_vote,Mitchell,Mitchell,Mitchell,3.0,Werewolf,True,False
C:\Users\annab\Documents\GitHub\masters_thesis_sdg\results\voting\unsloth_gemma-4-31B-it-unsloth-bnb-4bit\prompt_v4_run_2\Youtube\ONE#NIGHT#ULTIMATE#WEREWOLF##Retro#3_Game8.json,run_2,2,stochastic,1.0,prompt_v4_run_2,Youtube,ONE#NIGHT#ULTIMATE#WEREWOLF##Retro#3,Game8,Youtube / ONE#NIGHT#ULTIMATE#WEREWOLF##Retro#3 / Game8,No Werewolf,"James claims to be the Seer and states that there are werewolves in the center (specifically mentioning two, though cautiously confirming at least one). Justin claims to be the Troublemaker who did not switch any cards, and Mitchell claims to be the Insomniac who woke up as the same role. Mike's behavior, including suggesting he be voted for, is consistent with the Tanner role. If these claims are true, no player is a werewolf, and Team Village wins if no one is eliminated.",ONE#NIGHT#ULTIMATE#WEREWOLF##Retro#3_Game8,"[""Justin"", ""Mike"", ""James"", ""Mitchell""]","[""Troublemaker"", ""Insomniac"", ""Seer"", ""Tanner""]",False,circle,[],circle_vote,No Werewolf,,,,,True,True
C:\Users\annab\Documents\GitHub\masters_thesis_sdg\results\voting\unsloth_gemma-4-31B-it-unsloth-bnb-4bit\prompt_v4_run_2\Youtube\ONE#NIGHT#ULTIMATE#WEREWOLF##Retro#4_Game10.json,run_2,2,stochastic,1.0,prompt_v4_run_2,Youtube,ONE#NIGHT#ULTIMATE#WEREWOLF##Retro#4,Game10,Youtube / ONE#NIGHT#ULTIMATE#WEREWOLF##Retro#4 / Game10,Mitchell,"The players have established a consistent narrative where Mike was the Seer, Caitlynn was the Troublemaker, James was the Robber, and Justin's behavior (not looking at his card) is consistent with the Drunk. This accounts for four of the five players, leaving Mitchell as the only remaining candidate for the Werewolf. Mitchell does not claim any role and eventually accepts the group's consensus to be voted out.",ONE#NIGHT#ULTIMATE#WEREWOLF##Retro#4_Game10,"[""Justin"", ""Caitlynn"", ""Mike"", ""James"", ""Mitchell""]","[""Werewolf"", ""Troublemaker"", ""Werewolf"", ""Seer"", ""Robber""]",True,player,"[""Justin"", ""Mike""]",player_vote,Mitchell,Mitchell,Mitchell,4.0,Robber,False,False
C:\Users\annab\Documents\GitHub\masters_thesis_sdg\results\voting\unsloth_gemma-4-31B-it-unsloth-bnb-4bit\prompt_v4_run_2\Youtube\ONE#NIGHT#ULTIMATE#WEREWOLF##Retro#4_Game11.json,run_2,2,stochastic,1.0,prompt_v4_run_2,Youtube,ONE#NIGHT#ULTIMATE#WEREWOLF##Retro#4,Game11,Youtube / ONE#NIGHT#ULTIMATE#WEREWOLF##Retro#4 / Game11,Justin,"Mitchell claims he started as the Minion and identified Justin as the Werewolf. This is corroborated by Caitlynn, who claims she started as the Insomniac but woke up as the Minion, and James, who confirms he was the Troublemaker and swapped two players. If James swapped Mitchell (Minion) and Caitlynn (Insomniac), Mitchell would end the night as the Insomniac and Caitlynn as the Minion, while Justin remains the Werewolf.",ONE#NIGHT#ULTIMATE#WEREWOLF##Retro#4_Game11,"[""Justin"", ""Caitlynn"", ""Mike"", ""James"", ""Mitchell""]","[""Werewolf"", ""Minion"", ""Robber"", ""Troublemaker"", ""Insomniac""]",True,player,"[""Justin""]",player_vote,Justin,Justin,Justin,0.0,Werewolf,True,False
C:\Users\annab\Documents\GitHub\masters_thesis_sdg\results\voting\unsloth_gemma-4-31B-it-unsloth-bnb-4bit\prompt_v4_run_2\Youtube\ONE#NIGHT#ULTIMATE#WEREWOLF##Retro#4_Game3.json,run_2,2,stochastic,1.0,prompt_v4_run_2,Youtube,ONE#NIGHT#ULTIMATE#WEREWOLF##Retro#4,Game3,Youtube / ONE#NIGHT#ULTIMATE#WEREWOLF##Retro#4 / Game3,Mitchell,"Mike claims to be the Seer and explicitly identifies Mitchell as the Werewolf. Justin supports Mike's claim, and although Mitchell and James also make claims related to the Seer role, Mike's direct accusation makes Mitchell the most likely target for Team Village to eliminate. In the absence of contradictory evidence, the most direct accusation of a Werewolf is the strongest lead.",ONE#NIGHT#ULTIMATE#WEREWOLF##Retro#4_Game3,"[""Justin"", ""Caitlynn"", ""Mike"", ""James"", ""Mitchell""]","[""Troublemaker"", ""Werewolf"", ""Insomniac"", ""Seer"", ""Werewolf""]",True,player,"[""Caitlynn"", ""Mitchell""]",player_vote,Mitchell,Mitchell,Mitchell,4.0,Werewolf,True,False
C:\Users\annab\Documents\GitHub\masters_thesis_sdg\results\voting\unsloth_gemma-4-31B-it-unsloth-bnb-4bit\prompt_v4_run_2\Youtube\ONE#NIGHT#ULTIMATE#WEREWOLF##Retro#4_Game4.json,run_2,2,stochastic,1.0,prompt_v4_run_2,Youtube,ONE#NIGHT#ULTIMATE#WEREWOLF##Retro#4,Game4,Youtube / ONE#NIGHT#ULTIMATE#WEREWOLF##Retro#4 / Game4,Mitchell,"James claimed to be the Troublemaker and swapped Mike and Justin. Mike claimed to be the Seer and looked at two cards in the center. Mitchell admitted to being the Drunk and swapping his card with one from the center. Mitchell's erratic behavior and attempts to divert the vote toward Caitlynn suggest he may have swapped into a Werewolf role from the center, making him the most likely target for Team Village.",ONE#NIGHT#ULTIMATE#WEREWOLF##Retro#4_Game4,"[""Justin"", ""Caitlynn"", ""Mike"", ""James"", ""Mitchell""]","[""Werewolf"", ""Minion"", ""Insomniac"", ""Troublemaker"", ""Robber""]",True,player,"[""Justin""]",player_vote,Mitchell,Mitchell,Mitchell,4.0,Robber,False,False
C:\Users\annab\Documents\GitHub\masters_thesis_sdg\results\voting\unsloth_gemma-4-31B-it-unsloth-bnb-4bit\prompt_v4_run_2\Youtube\ONE#NIGHT#ULTIMATE#WEREWOLF##Retro#4_Game5.json,run_2,2,stochastic,1.0,prompt_v4_run_2,Youtube,ONE#NIGHT#ULTIMATE#WEREWOLF##Retro#4,Game5,Youtube / ONE#NIGHT#ULTIMATE#WEREWOLF##Retro#4 / Game5,James,"James claimed to be the Robber and stated he robbed Justin. Mike (the Seer) and Justin both confirmed that Justin's starting role was a Werewolf. Since the Robber swaps cards with the target, James took the Werewolf card from Justin, making James the Werewolf at the end of the night.",ONE#NIGHT#ULTIMATE#WEREWOLF##Retro#4_Game5,"[""Justin"", ""Caitlynn"", ""Mike"", ""James"", ""Mitchell""]","[""Robber"", ""Minion"", ""Seer"", ""Werewolf"", ""Insomniac""]",True,player,"[""James""]",player_vote,James,James,James,3.0,Werewolf,True,False
C:\Users\annab\Documents\GitHub\masters_thesis_sdg\results\voting\unsloth_gemma-4-31B-it-unsloth-bnb-4bit\prompt_v4_run_2\Youtube\ONE#NIGHT#ULTIMATE#WEREWOLF##Retro#4_Game6.json,run_2,2,stochastic,1.0,prompt_v4_run_2,Youtube,ONE#NIGHT#ULTIMATE#WEREWOLF##Retro#4,Game6,Youtube / ONE#NIGHT#ULTIMATE#WEREWOLF##Retro#4 / Game6,Caitlynn,"James claims to be the Seer and identifies Justin as the Insomniac, which Justin confirms. Mike claims to be the Troublemaker, and Mitchell claims to be the Drunk, though his explanation of the Drunk's ability is incorrect and he repeatedly asks to be voted out, which is characteristic of the Tanner. Caitlynn is the only player who has not claimed a role and has remained largely silent, making her the most likely candidate for the Werewolf.",ONE#NIGHT#ULTIMATE#WEREWOLF##Retro#4_Game6,"[""Justin"", ""Caitlynn"", ""Mike"", ""James"", ""Mitchell""]","[""Insomniac"", ""Drunk"", ""Troublemaker"", ""Minion"", ""Robber""]",False,circle,[],player_vote,Caitlynn,Caitlynn,Caitlynn,1.0,Drunk,False,False
C:\Users\annab\Documents\GitHub\masters_thesis_sdg\results\voting\unsloth_gemma-4-31B-it-unsloth-bnb-4bit\prompt_v4_run_2\Youtube\ONE#NIGHT#ULTIMATE#WEREWOLF##Retro#4_Game7.json,run_2,2,stochastic,1.0,prompt_v4_run_2,Youtube,ONE#NIGHT#ULTIMATE#WEREWOLF##Retro#4,Game7,Youtube / ONE#NIGHT#ULTIMATE#WEREWOLF##Retro#4 / Game7,No Werewolf,"Justin claims to be the Minion and states that he woke up to find no werewolves. Mike, claiming to be the Seer, confirms that Justin was indeed the Minion. If these claims are true, it means all Werewolf cards are in the center, and no player is currently a Werewolf. According to the rules, Team Village wins if no player is a Werewolf and no one is voted out.",ONE#NIGHT#ULTIMATE#WEREWOLF##Retro#4_Game7,"[""Justin"", ""Caitlynn"", ""Mike"", ""James"", ""Mitchell""]","[""Drunk"", ""Insomniac"", ""Seer"", ""Troublemaker"", ""Minion""]",False,circle,[],circle_vote,No Werewolf,,,,,True,True
C:\Users\annab\Documents\GitHub\masters_thesis_sdg\results\voting\unsloth_gemma-4-31B-it-unsloth-bnb-4bit\prompt_v4_run_2\Youtube\ONE#NIGHT#ULTIMATE#WEREWOLF##Retro#4_Game9.json,run_2,2,stochastic,1.0,prompt_v4_run_2,Youtube,ONE#NIGHT#ULTIMATE#WEREWOLF##Retro#4,Game9,Youtube / ONE#NIGHT#ULTIMATE#WEREWOLF##Retro#4 / Game9,Justin,"Justin's claims are highly inconsistent and contradictory. He first claims to have robbed Mike and not seen a Seer, then later claims to have robbed James and not seen a Drunk; a Robber can only rob one person. His admission that he was 'stirring the pot' and his erratic behavior strongly suggest he is a Werewolf attempting to deceive the group. Both Mike (claiming Seer) and James eventually identify Justin as the Werewolf.",ONE#NIGHT#ULTIMATE#WEREWOLF##Retro#4_Game9,"[""Justin"", ""Caitlynn"", ""Mike"", ""James"", ""Mitchell""]","[""Minion"", ""Werewolf"", ""Seer"", ""Werewolf"", ""Insomniac""]",True,player,"[""Caitlynn"", ""James""]",player_vote,Justin,Justin,Justin,0.0,Minion,False,False
C:\Users\annab\Documents\GitHub\masters_thesis_sdg\results\voting\unsloth_gemma-4-31B-it-unsloth-bnb-4bit\prompt_v4_run_2\Youtube\ONE#NIGHT#ULTIMATE#WEREWOLF##Retro#5_Game1.json,run_2,2,stochastic,1.0,prompt_v4_run_2,Youtube,ONE#NIGHT#ULTIMATE#WEREWOLF##Retro#5,Game1,Youtube / ONE#NIGHT#ULTIMATE#WEREWOLF##Retro#5 / Game1,No Werewolf,"Mitchell claims to be the Seer and states he saw 'two werewolves'. Since the Seer can look at two cards in the center, this implies that both Werewolf cards are in the center and not held by any player. Mitchell further encourages the group not to vote anyone out, stating they are all on the same team. There is no contradictory evidence from Justin or Paul to suggest a Werewolf is among the players.",ONE#NIGHT#ULTIMATE#WEREWOLF##Retro#5_Game1,"[""Justin"", ""Paul"", ""Mitchell""]","[""Troublemaker"", ""Seer"", ""Villager""]",False,circle,[],circle_vote,No Werewolf,,,,,True,True
C:\Users\annab\Documents\GitHub\masters_thesis_sdg\results\voting\unsloth_gemma-4-31B-it-unsloth-bnb-4bit\prompt_v4_run_2\Youtube\ONE#NIGHT#ULTIMATE#WEREWOLF##Retro#5_Game2.json,run_2,2,stochastic,1.0,prompt_v4_run_2,Youtube,ONE#NIGHT#ULTIMATE#WEREWOLF##Retro#5,Game2,Youtube / ONE#NIGHT#ULTIMATE#WEREWOLF##Retro#5 / Game2,Justin,"Justin's claims are highly inconsistent, shifting from accusing Mitchell to claiming he himself is the Werewolf, and then claiming to be the Robber. Both Mitchell and Justin eventually suggest that Justin is the current Werewolf, with Mitchell specifically claiming that Justin took the Werewolf role from him via the Robber's ability. Paul's consistent claim as the Troublemaker and his stated belief in Justin's admission further point toward Justin as the Werewolf.",ONE#NIGHT#ULTIMATE#WEREWOLF##Retro#5_Game2,"[""Justin"", ""Paul"", ""Mitchell""]","[""Villager"", ""Troublemaker"", ""Werewolf""]",True,player,"[""Mitchell""]",player_vote,Justin,Justin,Justin,0.0,Villager,False,False
C:\Users\annab\Documents\GitHub\masters_thesis_sdg\results\voting\unsloth_gemma-4-31B-it-unsloth-bnb-4bit\prompt_v4_run_2\Youtube\ONE#NIGHT#ULTIMATE#WEREWOLF##Retro#5_Game3.json,run_2,2,stochastic,1.0,prompt_v4_run_2,Youtube,ONE#NIGHT#ULTIMATE#WEREWOLF##Retro#5,Game3,Youtube / ONE#NIGHT#ULTIMATE#WEREWOLF##Retro#5 / Game3,Paul,"Paul explicitly admitted to starting as a Werewolf ('I was a werewolf. A hundred percent.'). Mitchell claimed to be the Seer and identified Paul as a Werewolf. Justin, who claimed to be the Troublemaker, stated he did not switch any cards, meaning Paul's starting role remained his final role. Therefore, Paul is the most likely Werewolf.",ONE#NIGHT#ULTIMATE#WEREWOLF##Retro#5_Game3,"[""Justin"", ""Paul"", ""Mitchell""]","[""Troublemaker"", ""Werewolf"", ""Seer""]",True,player,"[""Paul""]",player_vote,Paul,Paul,Paul,1.0,Werewolf,True,False
C:\Users\annab\Documents\GitHub\masters_thesis_sdg\results\voting\unsloth_gemma-4-31B-it-unsloth-bnb-4bit\prompt_v4_run_2\Youtube\ONE#NIGHT#ULTIMATE#WEREWOLF##Retro#5_Game4.json,run_2,2,stochastic,1.0,prompt_v4_run_2,Youtube,ONE#NIGHT#ULTIMATE#WEREWOLF##Retro#5,Game4,Youtube / ONE#NIGHT#ULTIMATE#WEREWOLF##Retro#5 / Game4,Paul,"Based on the claims, Paul (Robber), Justin (Troublemaker), and Mitchell (Insomniac) are the primary roles. If Paul stole from Justin and Justin swapped Paul and Mitchell, Mitchell would have woken up as the Troublemaker, but Mitchell claims he woke up as the Insomniac. For Mitchell's claim to be true, either Justin is lying about being the Troublemaker (meaning Paul stole the Werewolf card from Justin) or Paul is lying about being the Robber (meaning Justin swapped the Werewolf card to Paul). In both plausible scenarios where Mitchell is telling the truth, Paul ends up as the Werewolf.",ONE#NIGHT#ULTIMATE#WEREWOLF##Retro#5_Game4,"[""Justin"", ""Paul"", ""Mitchell""]","[""Troublemaker"", ""Robber"", ""Insomniac""]",False,circle,[],player_vote,Paul,Paul,Paul,1.0,Robber,False,False
C:\Users\annab\Documents\GitHub\masters_thesis_sdg\results\voting\unsloth_gemma-4-31B-it-unsloth-bnb-4bit\prompt_v4_run_2\Youtube\ONE#NIGHT#ULTIMATE#WEREWOLF##Retro#5_Game5.json,run_2,2,stochastic,1.0,prompt_v4_run_2,Youtube,ONE#NIGHT#ULTIMATE#WEREWOLF##Retro#5,Game5,Youtube / ONE#NIGHT#ULTIMATE#WEREWOLF##Retro#5 / Game5,Justin,"Paul claims to be the Seer and identifies Justin as having started as a Werewolf. Justin explicitly admits to starting as a Werewolf during the discussion. Mitchell claims to be the Insomniac and confirms he woke up as himself, which supports the idea that no unexpected swaps occurred involving him. Given Justin's own admission and Paul's claim, Justin is the most likely Werewolf.",ONE#NIGHT#ULTIMATE#WEREWOLF##Retro#5_Game5,"[""Justin"", ""Paul"", ""Mitchell""]","[""Werewolf"", ""Werewolf"", ""Insomniac""]",True,player,"[""Justin"", ""Paul""]",player_vote,Justin,Justin,Justin,0.0,Werewolf,True,False
C:\Users\annab\Documents\GitHub\masters_thesis_sdg\results\voting\unsloth_gemma-4-31B-it-unsloth-bnb-4bit\prompt_v4_run_2\Youtube\ONE#NIGHT#ULTIMATE#WEREWOLF##Retro#5_Game6.json,run_2,2,stochastic,1.0,prompt_v4_run_2,Youtube,ONE#NIGHT#ULTIMATE#WEREWOLF##Retro#5,Game6,Youtube / ONE#NIGHT#ULTIMATE#WEREWOLF##Retro#5 / Game6,Justin,"During the Night phase, Justin and Mitchell are explicitly heard talking to each other as werewolves ('Goodnight fellow werewolves', 'Do you think he'll buy it?'), while Paul comments on them. Although Justin and Mitchell later claim to be the Troublemaker and Seer to deceive the group, their collaboration and the night phase dialogue strongly indicate they are the werewolves. Voting for either Justin or Mitchell will secure a win for Team Village.",ONE#NIGHT#ULTIMATE#WEREWOLF##Retro#5_Game6,"[""Justin"", ""Paul"", ""Mitchell""]","[""Werewolf"", ""Werewolf"", ""Insomniac""]",True,player,"[""Justin"", ""Paul""]",player_vote,Justin,Justin,Justin,0.0,Werewolf,True,False
C:\Users\annab\Documents\GitHub\masters_thesis_sdg\results\voting\unsloth_gemma-4-31B-it-unsloth-bnb-4bit\prompt_v4_run_2\Youtube\ONE#NIGHT#ULTIMATE#WEREWOLF##Retro#5_Game7.json,run_2,2,stochastic,1.0,prompt_v4_run_2,Youtube,ONE#NIGHT#ULTIMATE#WEREWOLF##Retro#5,Game7,Youtube / ONE#NIGHT#ULTIMATE#WEREWOLF##Retro#5 / Game7,Justin,"Justin exhibits contradictory behavior throughout the discussion. He initially claims to have no information ([10]), but later claims to be the Insomniac ([49]), a role that inherently provides information about one's own identity. Furthermore, his erratic claim that both he and Paul are werewolves ([14]) is likely a bluff to confuse the other players or mimic the Tanner's goal of being eliminated, though the Tanner is not in this game. Given these inconsistencies, Justin is the most suspicious player.",ONE#NIGHT#ULTIMATE#WEREWOLF##Retro#5_Game7,"[""Justin"", ""Paul"", ""Mitchell""]","[""Insomniac"", ""Werewolf"", ""Troublemaker""]",True,player,"[""Paul""]",player_vote,Justin,Justin,Justin,0.0,Insomniac,False,False
C:\Users\annab\Documents\GitHub\masters_thesis_sdg\results\voting\unsloth_gemma-4-31B-it-unsloth-bnb-4bit\prompt_v4_run_2\Youtube\ONE#NIGHT#ULTIMATE#WEREWOLF##Retro#5_Game8.json,run_2,2,stochastic,1.0,prompt_v4_run_2,Youtube,ONE#NIGHT#ULTIMATE#WEREWOLF##Retro#5,Game8,Youtube / ONE#NIGHT#ULTIMATE#WEREWOLF##Retro#5 / Game8,No Werewolf,"Justin claims to be the Seer, Paul claims to have started as the Insomniac, and Mitchell claims to be the Robber who stole from Paul. These claims are mutually consistent: Mitchell's claim that he stole the Insomniac card from Paul aligns with Paul's starting role. Since all three players are claiming Village-aligned roles (Seer, Robber, and Insomniac), and their stories are consistent, it is highly probable that no player is a Werewolf and the Werewolf card(s) are in the center.",ONE#NIGHT#ULTIMATE#WEREWOLF##Retro#5_Game8,"[""Justin"", ""Paul"", ""Mitchell""]","[""Werewolf"", ""Werewolf"", ""Tanner""]",True,player,"[""Justin"", ""Paul""]",circle_vote,No Werewolf,,,,,False,True
C:\Users\annab\Documents\GitHub\masters_thesis_sdg\results\voting\unsloth_gemma-4-31B-it-unsloth-bnb-4bit\prompt_v4_run_2\Youtube\ONE#NIGHT#ULTIMATE#WEREWOLF#-#Drinking#Play#Through_Game1.json,run_2,2,stochastic,1.0,prompt_v4_run_2,Youtube,ONE#NIGHT#ULTIMATE#WEREWOLF#-#Drinking#Play#Through,Game1,Youtube / ONE#NIGHT#ULTIMATE#WEREWOLF#-#Drinking#Play#Through / Game1,Jordan2,"Jordan2 makes two contradictory claims about being the Robber: first, he claims he swapped cards with Haak (Line 53), and later, he claims he looked at Meryl's card and saw she was the Seer (Line 147). According to the rules, the Robber swaps their card with one other player and looks at that new card; they cannot swap with one person and look at another's card. This blatant contradiction of game mechanics, combined with his attempts to steer the vote toward Sarah and Jordan1, strongly suggests he is a Werewolf lying to create confusion and protect teammates.",ONE#NIGHT#ULTIMATE#WEREWOLF#-#Drinking#Play#Through_Game1,"[""Sarah"", ""Jordan1"", ""Haak"", ""Robin"", ""Jordan2"", ""Meryl""]","[""Robber"", ""Hunter"", ""Werewolf"", ""Minion"", ""Tanner"", ""Seer""]",True,player,"[""Haak""]",player_vote,Jordan2,Jordan2,Jordan2,4.0,Tanner,False,False
C:\Users\annab\Documents\GitHub\masters_thesis_sdg\results\voting\unsloth_gemma-4-31B-it-unsloth-bnb-4bit\prompt_v4_run_2\Youtube\ONE#NIGHT#ULTIMATE#WEREWOLF#-#Drinking#Play#Through_Game2.json,run_2,2,stochastic,1.0,prompt_v4_run_2,Youtube,ONE#NIGHT#ULTIMATE#WEREWOLF#-#Drinking#Play#Through,Game2,Youtube / ONE#NIGHT#ULTIMATE#WEREWOLF#-#Drinking#Play#Through / Game2,Meryl,"Meryl's claims are internally contradictory; she claims to be the Troublemaker but then states she saw the Troublemaker card in the center, which is impossible. Furthermore, Jordan2, Meryl, and Robin are coordinating to vote out Haak, who claims to be the Hunter, a common tactic for a Werewolf team to eliminate a village member. Given the contradictions and the coordinated push against Haak, Meryl is a highly probable Werewolf.",ONE#NIGHT#ULTIMATE#WEREWOLF#-#Drinking#Play#Through_Game2,"[""Sarah"", ""Jordan1"", ""Haak"", ""Robin"", ""Jordan2"", ""Meryl""]","[""Drunk"", ""Minion"", ""Hunter"", ""Seer"", ""Tanner"", ""Werewolf""]",True,player,"[""Meryl""]",player_vote,Meryl,Meryl,Meryl,5.0,Werewolf,True,False
C:\Users\annab\Documents\GitHub\masters_thesis_sdg\results\voting\unsloth_gemma-4-31B-it-unsloth-bnb-4bit\prompt_v4_run_2\Youtube\ONE#NIGHT#ULTIMATE#WEREWOLF#1##July#5th#2016_Game2.json,run_2,2,stochastic,1.0,prompt_v4_run_2,Youtube,ONE#NIGHT#ULTIMATE#WEREWOLF#1##July#5th#2016,Game2,Youtube / ONE#NIGHT#ULTIMATE#WEREWOLF#1##July#5th#2016 / Game2,Mike,"James claims to be the Seer and saw the Revealer card in the center. Justin claims he was the Drunk and swapped his card with the center, becoming the Revealer. Since Mike also claims to be the Revealer, his statement contradicts both James and Justin; if the Revealer card was in the center, Mike cannot be the Revealer. This makes Mike the most likely Werewolf, as he is lying about his role to avoid suspicion.",ONE#NIGHT#ULTIMATE#WEREWOLF#1##July#5th#2016_Game2,"[""Justin"", ""Julie"", ""Alban"", ""James"", ""Mitchell"", ""Mike""]","[""Revealer"", ""Werewolf"", ""Insomniac"", ""Seer"", ""Werewolf"", ""Tanner""]",True,player,"[""Julie"", ""Mitchell""]",player_vote,Mike,Mike,Mike,5.0,Tanner,False,False
C:\Users\annab\Documents\GitHub\masters_thesis_sdg\results\voting\unsloth_gemma-4-31B-it-unsloth-bnb-4bit\prompt_v4_run_2\Youtube\One#Night#Ultimate#Werewolf#1#How-To#and#Playthrough_Game1.json,run_2,2,stochastic,1.0,prompt_v4_run_2,Youtube,One#Night#Ultimate#Werewolf#1#How-To#and#Playthrough,Game1,Youtube / One#Night#Ultimate#Werewolf#1#How-To#and#Playthrough / Game1,Brett,"Dan claimed to be the Seer and explicitly identified Brett as a Werewolf. While Dylan claimed to be the Troublemaker and swapped Dan and Ed, this action occurred after the Seer's turn, meaning any information Dan gathered as the Seer remains valid. Brett's defense consists only of denials, and no other player provided concrete evidence to contradict Dan's claim.",One#Night#Ultimate#Werewolf#1#How-To#and#Playthrough_Game1,"[""Dan"", ""Ed"", ""Katie"", ""Brett"", ""Audrey"", ""Dylan""]","[""Werewolf"", ""Seer"", ""Werewolf"", ""Villager"", ""Villager"", ""Troublemaker""]",True,player,"[""Dan"", ""Katie""]",player_vote,Brett,Brett,Brett,3.0,Villager,False,False
C:\Users\annab\Documents\GitHub\masters_thesis_sdg\results\voting\unsloth_gemma-4-31B-it-unsloth-bnb-4bit\prompt_v4_run_2\Youtube\ONE#NIGHT#ULTIMATE#WEREWOLF#10##November#6th#2016_Game1.json,run_2,2,stochastic,1.0,prompt_v4_run_2,Youtube,ONE#NIGHT#ULTIMATE#WEREWOLF#10##November#6th#2016,Game1,Youtube / ONE#NIGHT#ULTIMATE#WEREWOLF#10##November#6th#2016 / Game1,Mitchell,"Matt (Seer) and Mike (Robber) have corroborating stories, as Matt saw Mike as the Robber and Mike admitted to robbing. Alana's claim as the Insomniac further supports the group's consistency. Mitchell's claim as the Troublemaker is the only one not verified by others, and his eagerness to be voted out suggests he is either the Werewolf or the Tanner; voting him out is the most likely path to a Village victory if a Werewolf is present.",ONE#NIGHT#ULTIMATE#WEREWOLF#10##November#6th#2016_Game1,"[""Matt"", ""Mitchell"", ""Alana"", ""Mike""]","[""Insomniac"", ""Troublemaker"", ""Robber"", ""Seer""]",False,circle,[],player_vote,Mitchell,Mitchell,Mitchell,1.0,Troublemaker,False,False
C:\Users\annab\Documents\GitHub\masters_thesis_sdg\results\voting\unsloth_gemma-4-31B-it-unsloth-bnb-4bit\prompt_v4_run_2\Youtube\ONE#NIGHT#ULTIMATE#WEREWOLF#13##July#29th#2017_Game1.json,run_2,2,stochastic,1.0,prompt_v4_run_2,Youtube,ONE#NIGHT#ULTIMATE#WEREWOLF#13##July#29th#2017,Game1,Youtube / ONE#NIGHT#ULTIMATE#WEREWOLF#13##July#29th#2017 / Game1,Julie,"Julie's claims are highly contradictory; she first says she did nothing at night, then claims to be the Tanner, and finally claims she 'woke up and saw the tanner card.' Since the Tanner does not wake up during the night, Julie is clearly lying. Whether she is the Werewolf or the Tanner, her behavior is the most suspicious. If she is the Werewolf, or if she was swapped with a Werewolf by the Troublemaker (Mitchell), voting her out will result in a win for Team Village.",ONE#NIGHT#ULTIMATE#WEREWOLF#13##July#29th#2017_Game1,"[""Justin"", ""Julie"", ""Mitchell"", ""Mike""]","[""Seer"", ""Tanner"", ""Werewolf"", ""Werewolf""]",True,player,"[""Mitchell"", ""Mike""]",player_vote,Julie,Julie,Julie,1.0,Tanner,False,False
C:\Users\annab\Documents\GitHub\masters_thesis_sdg\results\voting\unsloth_gemma-4-31B-it-unsloth-bnb-4bit\prompt_v4_run_2\Youtube\ONE#NIGHT#ULTIMATE#WEREWOLF#13##July#29th#2017_Game2.json,run_2,2,stochastic,1.0,prompt_v4_run_2,Youtube,ONE#NIGHT#ULTIMATE#WEREWOLF#13##July#29th#2017,Game2,Youtube / ONE#NIGHT#ULTIMATE#WEREWOLF#13##July#29th#2017 / Game2,Mitchell,"Mitchell is the most suspicious player, as his claims are completely inconsistent; he claims to be the Troublemaker, the Robber, the Tanner, and even the Werewolf in rapid succession. While Justin is also inconsistent regarding whether he switched players, he is corroborated by both Mike and Julie, who claim he was the Troublemaker. Mitchell's erratic behavior and explicit (though retracted) admission of being a Werewolf make him the most likely target for Team Village to eliminate.",ONE#NIGHT#ULTIMATE#WEREWOLF#13##July#29th#2017_Game2,"[""Justin"", ""Julie"", ""Mitchell"", ""Mike""]","[""Robber"", ""Werewolf"", ""Werewolf"", ""Troublemaker""]",True,player,"[""Julie"", ""Mitchell""]",player_vote,Mitchell,Mitchell,Mitchell,2.0,Werewolf,True,False
C:\Users\annab\Documents\GitHub\masters_thesis_sdg\results\voting\unsloth_gemma-4-31B-it-unsloth-bnb-4bit\prompt_v4_run_2\Youtube\ONE#NIGHT#ULTIMATE#WEREWOLF#13##July#29th#2017_Game3.json,run_2,2,stochastic,1.0,prompt_v4_run_2,Youtube,ONE#NIGHT#ULTIMATE#WEREWOLF#13##July#29th#2017,Game3,Youtube / ONE#NIGHT#ULTIMATE#WEREWOLF#13##July#29th#2017 / Game3,No Werewolf,"Justin's behavior is highly erratic, as he claims to be the Werewolf, then the Tanner, and finally the Drunk. This pattern of claiming multiple roles, including the Werewolf and the Tanner, is characteristic of the Tanner role, who aims to be voted out to win. Julie, Mitchell, and Mike provide a consistent narrative claiming to be the Seer, Robber, and Troublemaker, respectively. If their claims are true, particularly Julie's observation that Justin was the Drunk, then Justin cannot be the Werewolf, and it is likely that all Werewolf cards are in the center.",ONE#NIGHT#ULTIMATE#WEREWOLF#13##July#29th#2017_Game3,"[""Justin"", ""Julie"", ""Mitchell"", ""Mike""]","[""Troublemaker"", ""Seer"", ""Werewolf"", ""Werewolf""]",True,player,"[""Mitchell"", ""Mike""]",circle_vote,No Werewolf,,,,,False,True
C:\Users\annab\Documents\GitHub\masters_thesis_sdg\results\voting\unsloth_gemma-4-31B-it-unsloth-bnb-4bit\prompt_v4_run_2\Youtube\ONE#NIGHT#ULTIMATE#WEREWOLF#14##August#26th#2017_Game1.json,run_2,2,stochastic,1.0,prompt_v4_run_2,Youtube,ONE#NIGHT#ULTIMATE#WEREWOLF#14##August#26th#2017,Game1,Youtube / ONE#NIGHT#ULTIMATE#WEREWOLF#14##August#26th#2017 / Game1,Justin,"Justin explicitly claims to have been a werewolf at the start of the game ('I'm going to go out on a leg and I'm going to say that I was a werewolf when we started'). While Caitlynn also briefly claims to be the werewolf, Justin actively attempts to steer suspicion away from her by labeling her as the Tanner, which is a common tactic for a werewolf to protect others or confuse the group. Mitchell also expresses his intention to vote for Justin. Given Justin's direct admission of the role, he is the most likely candidate for elimination to ensure a Team Village win.",ONE#NIGHT#ULTIMATE#WEREWOLF#14##August#26th#2017_Game1,"[""Justin"", ""Mitchell"", ""Caitlynn"", ""Mike""]","[""Tanner"", ""Insomniac"", ""Werewolf"", ""Werewolf""]",True,player,"[""Caitlynn"", ""Mike""]",player_vote,Justin,Justin,Justin,0.0,Tanner,False,False
C:\Users\annab\Documents\GitHub\masters_thesis_sdg\results\voting\unsloth_gemma-4-31B-it-unsloth-bnb-4bit\prompt_v4_run_2\Youtube\ONE#NIGHT#ULTIMATE#WEREWOLF#14##August#26th#2017_Game2.json,run_2,2,stochastic,1.0,prompt_v4_run_2,Youtube,ONE#NIGHT#ULTIMATE#WEREWOLF#14##August#26th#2017,Game2,Youtube / ONE#NIGHT#ULTIMATE#WEREWOLF#14##August#26th#2017 / Game2,Mike,"Mike is the most suspicious player because he contradicts himself regarding his actions as the Troublemaker; he first claims to have switched Justin and Mitchell [75], but later states he didn't switch anyone [138]. Justin's repeated and blatant claims of being a Werewolf [125, 127, 137] are highly characteristic of the Tanner role, who wins by being voted out. Mitchell correctly identifies that Mike is lying [77], making Mike the most likely candidate for the Werewolf.",ONE#NIGHT#ULTIMATE#WEREWOLF#14##August#26th#2017_Game2,"[""Justin"", ""Mitchell"", ""Caitlynn"", ""Mike""]","[""Werewolf"", ""Insomniac"", ""Tanner"", ""Werewolf""]",True,player,"[""Justin"", ""Mike""]",player_vote,Mike,Mike,Mike,3.0,Werewolf,True,False
C:\Users\annab\Documents\GitHub\masters_thesis_sdg\results\voting\unsloth_gemma-4-31B-it-unsloth-bnb-4bit\prompt_v4_run_2\Youtube\ONE#NIGHT#ULTIMATE#WEREWOLF#18##September#30th#2017_Game1.json,run_2,2,stochastic,1.0,prompt_v4_run_2,Youtube,ONE#NIGHT#ULTIMATE#WEREWOLF#18##September#30th#2017,Game1,Youtube / ONE#NIGHT#ULTIMATE#WEREWOLF#18##September#30th#2017 / Game1,Paul,"Paul explicitly claims, 'I was solo werewolf,' which is a direct admission of being on Team Werewolf, although he later attempts to divert the vote toward Justin. While this could be a bluff or a Tanner strategy, it is the most concrete claim of being a werewolf in the transcript. Justin's claims are inconsistent (switching between Revealer and Drunk), and Mitchell's Robber claim is a common bluff, but Paul's admission makes him the most likely target for Team Village to secure a win.",ONE#NIGHT#ULTIMATE#WEREWOLF#18##September#30th#2017_Game1,"[""Justin"", ""Julie"", ""Paul"", ""Mitchell""]","[""Werewolf"", ""Tanner"", ""Robber"", ""Werewolf""]",True,player,"[""Justin"", ""Mitchell""]",player_vote,Paul,Paul,Paul,2.0,Robber,False,False
C:\Users\annab\Documents\GitHub\masters_thesis_sdg\results\voting\unsloth_gemma-4-31B-it-unsloth-bnb-4bit\prompt_v4_run_2\Youtube\One#Night#Ultimate#Werewolf#2#The#Drunk_Game1.json,run_2,2,stochastic,1.0,prompt_v4_run_2,Youtube,One#Night#Ultimate#Werewolf#2#The#Drunk,Game1,Youtube / One#Night#Ultimate#Werewolf#2#The#Drunk / Game1,Dan,"Dylan admitted multiple times to being the starting Werewolf ('I was the werewolf'). Brett claimed to be the Troublemaker and stated that he swapped Dylan and Dan. If these claims are true, the Werewolf card was moved from Dylan to Dan, making Dan the current Werewolf. While Dylan's behavior was erratic, the combined testimony of Dylan and Brett consistently points to Dan as the final Werewolf.",One#Night#Ultimate#Werewolf#2#The#Drunk_Game1,"[""Dan"", ""Ed"", ""Katie"", ""Brett"", ""Audrey"", ""Dylan""]","[""Werewolf"", ""Seer"", ""Werewolf"", ""Troublemaker"", ""Villager"", ""Mason""]",True,player,"[""Dan"", ""Katie""]",player_vote,Dan,Dan,Dan,0.0,Werewolf,True,False
C:\Users\annab\Documents\GitHub\masters_thesis_sdg\results\voting\unsloth_gemma-4-31B-it-unsloth-bnb-4bit\prompt_v4_run_2\Youtube\ONE#NIGHT#ULTIMATE#WEREWOLF#26##January#20th#2018_Game2.json,run_2,2,stochastic,1.0,prompt_v4_run_2,Youtube,ONE#NIGHT#ULTIMATE#WEREWOLF#26##January#20th#2018,Game2,Youtube / ONE#NIGHT#ULTIMATE#WEREWOLF#26##January#20th#2018 / Game2,Mike,"Meghan's open admission to being a Werewolf is highly characteristic of the Tanner role, as Werewolves typically avoid detection. Mike's behavior is the most suspicious; he claims to be the Revealer but provides inconsistent information about what he saw (first claiming Meghan was a Werewolf, then claiming he lied and she was the Tanner). Furthermore, Mike actively attempts to divert the vote toward Paul, calling him a 'safe bet,' which is a common tactic for a Werewolf trying to avoid elimination. Given the inconsistencies and manipulative behavior, Mike is the most likely Werewolf.",ONE#NIGHT#ULTIMATE#WEREWOLF#26##January#20th#2018_Game2,"[""Justin"", ""Meghan"", ""Paul"", ""Mitchell"", ""Mike""]","[""Troublemaker"", ""Werewolf"", ""Tanner"", ""Werewolf"", ""Robber""]",True,player,"[""Meghan"", ""Mitchell""]",player_vote,Mike,Mike,Mike,4.0,Robber,False,False
C:\Users\annab\Documents\GitHub\masters_thesis_sdg\results\voting\unsloth_gemma-4-31B-it-unsloth-bnb-4bit\prompt_v4_run_2\Youtube\ONE#NIGHT#ULTIMATE#WEREWOLF#26##January#20th#2018_Game3.json,run_2,2,stochastic,1.0,prompt_v4_run_2,Youtube,ONE#NIGHT#ULTIMATE#WEREWOLF#26##January#20th#2018,Game3,Youtube / ONE#NIGHT#ULTIMATE#WEREWOLF#26##January#20th#2018 / Game3,Meghan,"Mitchell (Seer) claimed to see a werewolf in the center. Meghan (Drunk) swapped her card with the center, and Mitchell stated that she took the werewolf card. Although Mike (Robber) stole from Meghan and Paul (Troublemaker) swapped Justin and Mitchell, these actions do not change the fact that the player who started as the Drunk (Meghan) performed the swap with the center at the end of the night. Therefore, Meghan is the most likely player to hold the werewolf card.",ONE#NIGHT#ULTIMATE#WEREWOLF#26##January#20th#2018_Game3,"[""Justin"", ""Meghan"", ""Paul"", ""Mitchell"", ""Mike""]","[""Robber"", ""Werewolf"", ""Troublemaker"", ""Werewolf"", ""Tanner""]",True,player,"[""Meghan"", ""Mitchell""]",player_vote,Meghan,Meghan,Meghan,1.0,Werewolf,True,False
C:\Users\annab\Documents\GitHub\masters_thesis_sdg\results\voting\unsloth_gemma-4-31B-it-unsloth-bnb-4bit\prompt_v4_run_2\Youtube\ONE#NIGHT#ULTIMATE#WEREWOLF#28##February#17th#2018_Game1.json,run_2,2,stochastic,1.0,prompt_v4_run_2,Youtube,ONE#NIGHT#ULTIMATE#WEREWOLF#28##February#17th#2018,Game1,Youtube / ONE#NIGHT#ULTIMATE#WEREWOLF#28##February#17th#2018 / Game1,Alysha,"Alysha claims to be the Seer and states that the Robber card is in the center. However, Caitlynn claims to be the Robber, which creates a direct contradiction. Paul also explicitly accuses Alysha of being the Werewolf. Given that both Paul and Alysha agree the Minion is in the center, the most likely scenario is that Alysha is lying about the Robber's location to hide her identity as the Werewolf.",ONE#NIGHT#ULTIMATE#WEREWOLF#28##February#17th#2018_Game1,"[""Justin"", ""Caitlynn"", ""Paul"", ""Alysha"", ""Mitchell"", ""Mike""]","[""Troublemaker"", ""Drunk"", ""Robber"", ""Werewolf"", ""Werewolf"", ""Tanner""]",True,player,"[""Alysha"", ""Mitchell""]",player_vote,Alysha,Alysha,Alysha,3.0,Werewolf,True,False
C:\Users\annab\Documents\GitHub\masters_thesis_sdg\results\voting\unsloth_gemma-4-31B-it-unsloth-bnb-4bit\prompt_v4_run_2\Youtube\ONE#NIGHT#ULTIMATE#WEREWOLF#28##February#17th#2018_Game2.json,run_2,2,stochastic,1.0,prompt_v4_run_2,Youtube,ONE#NIGHT#ULTIMATE#WEREWOLF#28##February#17th#2018,Game2,Youtube / ONE#NIGHT#ULTIMATE#WEREWOLF#28##February#17th#2018 / Game2,Mike,"Alysha claims to be the Revealer and explicitly states that she revealed Mike and saw that he is a Werewolf. According to the night action order provided in the transcript, the Revealer acts after the Robber and Troublemaker, meaning the information gathered is based on the players' final roles. While other players (like Justin and Mike) make contradictory claims, the Revealer's direct observation of Mike as a Werewolf is the strongest piece of evidence for Team Village.",ONE#NIGHT#ULTIMATE#WEREWOLF#28##February#17th#2018_Game2,"[""Justin"", ""Caitlynn"", ""Paul"", ""Alysha"", ""Mitchell"", ""Mike""]","[""Robber"", ""Werewolf"", ""Tanner"", ""Minion"", ""Troublemaker"", ""Seer""]",True,player,"[""Caitlynn""]",player_vote,Mike,Mike,Mike,5.0,Seer,False,False
C:\Users\annab\Documents\GitHub\masters_thesis_sdg\results\voting\unsloth_gemma-4-31B-it-unsloth-bnb-4bit\prompt_v4_run_2\Youtube\ONE#NIGHT#ULTIMATE#WEREWOLF#28##February#17th#2018_Game3.json,run_2,2,stochastic,1.0,prompt_v4_run_2,Youtube,ONE#NIGHT#ULTIMATE#WEREWOLF#28##February#17th#2018,Game3,Youtube / ONE#NIGHT#ULTIMATE#WEREWOLF#28##February#17th#2018 / Game3,Justin,"Alysha claims to be the Seer and states she saw Justin's card as a Werewolf. While both Justin and Mike claim to be the Troublemaker, the Revealer (Caitlynn) and Paul himself both indicate that Paul is the Tanner, which removes him as a Werewolf suspect. There is no reliable evidence that Justin's card was swapped after the Seer's action, making him the most likely Werewolf.",ONE#NIGHT#ULTIMATE#WEREWOLF#28##February#17th#2018_Game3,"[""Justin"", ""Caitlynn"", ""Paul"", ""Alysha"", ""Mitchell"", ""Mike""]","[""Robber"", ""Werewolf"", ""Tanner"", ""Minion"", ""Troublemaker"", ""Seer""]",True,player,"[""Caitlynn""]",player_vote,Justin,Justin,Justin,0.0,Robber,False,False
C:\Users\annab\Documents\GitHub\masters_thesis_sdg\results\voting\unsloth_gemma-4-31B-it-unsloth-bnb-4bit\prompt_v4_run_2\Youtube\One#Night#Ultimate#Werewolf#3#Insomniac_Game1.json,run_2,2,stochastic,1.0,prompt_v4_run_2,Youtube,One#Night#Ultimate#Werewolf#3#Insomniac,Game1,Youtube / One#Night#Ultimate#Werewolf#3#Insomniac / Game1,Brett,"Five of the six players have provided interlocking claims that corroborate each other's roles: Audrey and Dylan's Robber/Seer swap, and Dan's Troublemaker swap of Ed (Insomniac) and Katie (Mason). These five roles are all aligned with Team Village. Brett is the only player whose claim (Drunk) is not corroborated by any other player's action or observation, making him the most likely candidate for the Werewolf, as it is statistically improbable that all Werewolf cards are in the center.",One#Night#Ultimate#Werewolf#3#Insomniac_Game1,"[""Dan"", ""Ed"", ""Katie"", ""Brett"", ""Audrey"", ""Dylan""]","[""Troublemaker"", ""Mason"", ""Insomniac"", ""Werewolf"", ""Seer"", ""Robber""]",True,player,"[""Brett""]",player_vote,Brett,Brett,Brett,3.0,Werewolf,True,False
C:\Users\annab\Documents\GitHub\masters_thesis_sdg\results\voting\unsloth_gemma-4-31B-it-unsloth-bnb-4bit\prompt_v4_run_2\Youtube\ONE#NIGHT#ULTIMATE#WEREWOLF#30##February#17th#2018_Game2.json,run_2,2,stochastic,1.0,prompt_v4_run_2,Youtube,ONE#NIGHT#ULTIMATE#WEREWOLF#30##February#17th#2018,Game2,Youtube / ONE#NIGHT#ULTIMATE#WEREWOLF#30##February#17th#2018 / Game2,Paul,"Paul explicitly admitted to being a werewolf twice during the discussion, stating 'I was a werewolf' and 'I started as a werewolf by myself.' While other players like Justin and Mike provided contradictory or confusing claims about their roles, Paul's direct confession is the strongest evidence available. Eliminating Paul is the most logical choice for Team Village to ensure a win.",ONE#NIGHT#ULTIMATE#WEREWOLF#30##February#17th#2018_Game2,"[""Justin"", ""Caitlynn"", ""Paul"", ""Alysha"", ""Mitchell"", ""Mike""]","[""Robber"", ""Insomniac"", ""Werewolf"", ""Seer"", ""Werewolf"", ""Tanner""]",True,player,"[""Paul"", ""Mitchell""]",player_vote,Paul,Paul,Paul,2.0,Werewolf,True,False
C:\Users\annab\Documents\GitHub\masters_thesis_sdg\results\voting\unsloth_gemma-4-31B-it-unsloth-bnb-4bit\prompt_v4_run_2\Youtube\ONE#NIGHT#ULTIMATE#WEREWOLF#30##February#17th#2018_Game4.json,run_2,2,stochastic,1.0,prompt_v4_run_2,Youtube,ONE#NIGHT#ULTIMATE#WEREWOLF#30##February#17th#2018,Game4,Youtube / ONE#NIGHT#ULTIMATE#WEREWOLF#30##February#17th#2018 / Game4,Mitchell,"Mitchell provides contradictory information about his role; he initially claims to be the Seer, but later claims to have swapped cards between himself and Caitlynn. Furthermore, the action he describes (swapping himself) is not possible for a Troublemaker, and his coordination with Mike to divert the vote toward Alysha suggests a strategy to protect their team. While Justin also lied about Mike's role, Mitchell's blatant contradictions regarding his own identity and the game's rules make him the most likely Werewolf.",ONE#NIGHT#ULTIMATE#WEREWOLF#30##February#17th#2018_Game4,"[""Justin"", ""Caitlynn"", ""Paul"", ""Alysha"", ""Mitchell"", ""Mike""]","[""Minion"", ""Seer"", ""Werewolf"", ""Tanner"", ""Troublemaker"", ""Robber""]",True,player,"[""Paul""]",player_vote,Mitchell,Mitchell,Mitchell,4.0,Troublemaker,False,False
C:\Users\annab\Documents\GitHub\masters_thesis_sdg\results\voting\unsloth_gemma-4-31B-it-unsloth-bnb-4bit\prompt_v4_run_2\Youtube\ONE#NIGHT#ULTIMATE#WEREWOLF#34##March#24th#2018_Game2.json,run_2,2,stochastic,1.0,prompt_v4_run_2,Youtube,ONE#NIGHT#ULTIMATE#WEREWOLF#34##March#24th#2018,Game2,Youtube / ONE#NIGHT#ULTIMATE#WEREWOLF#34##March#24th#2018 / Game2,Mitchell,"Carly claims to be the Troublemaker and states she swapped the cards of Paul and Mitchell. Paul initially claimed to be the Troublemaker, which Carly identifies as a lie, suggesting Paul was the Werewolf/Minion before the swap. Mike, claiming to be the Seer, states he saw a Werewolf and a Tanner in the center, meaning only one Werewolf-team member is in play. Since Carly swapped the suspected Werewolf (Paul) with Mitchell, Mitchell is now the most likely Werewolf.",ONE#NIGHT#ULTIMATE#WEREWOLF#34##March#24th#2018_Game2,"[""Justin"", ""Carly"", ""Paul"", ""Mitchell"", ""Mike""]","[""Tanner"", ""Troublemaker"", ""Werewolf"", ""Hunter"", ""Seer""]",True,player,"[""Paul""]",player_vote,Mitchell,Mitchell,Mitchell,3.0,Hunter,False,False
C:\Users\annab\Documents\GitHub\masters_thesis_sdg\results\voting\unsloth_gemma-4-31B-it-unsloth-bnb-4bit\prompt_v4_run_2\Youtube\ONE#NIGHT#ULTIMATE#WEREWOLF#34##March#24th#2018_Game3.json,run_2,2,stochastic,1.0,prompt_v4_run_2,Youtube,ONE#NIGHT#ULTIMATE#WEREWOLF#34##March#24th#2018,Game3,Youtube / ONE#NIGHT#ULTIMATE#WEREWOLF#34##March#24th#2018 / Game3,Mitchell,"Paul claims to be the Seer and explicitly states his intention to vote for Mitchell. Mitchell claims to be the 'Revealer' (a role mentioned by the announcer but not in the standard list) and aggressively pushes the narrative that Justin is the Tanner to divert attention. Mike's shifting accusations and Paul's direct target make Mitchell the most suspicious player, likely using a fake role to frame Justin as the Tanner to avoid being voted out.",ONE#NIGHT#ULTIMATE#WEREWOLF#34##March#24th#2018_Game3,"[""Justin"", ""Carly"", ""Paul"", ""Mitchell"", ""Mike""]","[""Tanner"", ""Minion"", ""Seer"", ""Werewolf"", ""Werewolf""]",True,player,"[""Mitchell"", ""Mike""]",player_vote,Mitchell,Mitchell,Mitchell,3.0,Werewolf,True,False
C:\Users\annab\Documents\GitHub\masters_thesis_sdg\results\voting\unsloth_gemma-4-31B-it-unsloth-bnb-4bit\prompt_v4_run_2\Youtube\One#Night#Ultimate#Werewolf#361#Classic#Werewolf_Game1.json,run_2,2,stochastic,1.0,prompt_v4_run_2,Youtube,One#Night#Ultimate#Werewolf#361#Classic#Werewolf,Game1,Youtube / One#Night#Ultimate#Werewolf#361#Classic#Werewolf / Game1,Dylan,"Dylan explicitly claimed to be the Werewolf during the discussion. Brett (claiming Troublemaker) and Kelsey (claiming Robber) both stated they did not swap or rob Dylan's card, meaning if Dylan started as the Werewolf, he remains the Werewolf. Although Dylan might be bluffing as the Tanner, he is the most direct suspect for the Werewolf role based on the public transcript.",One#Night#Ultimate#Werewolf#361#Classic#Werewolf_Game1,"[""Pete"", ""Katie"", ""Brett"", ""George"", ""Kelsey"", ""Dylan""]","[""Drunk"", ""Minion"", ""Troublemaker"", ""Robber"", ""Werewolf"", ""Werewolf""]",True,player,"[""Kelsey"", ""Dylan""]",player_vote,Dylan,Dylan,Dylan,5.0,Werewolf,True,False
C:\Users\annab\Documents\GitHub\masters_thesis_sdg\results\voting\unsloth_gemma-4-31B-it-unsloth-bnb-4bit\prompt_v4_run_2\Youtube\One#Night#Ultimate#Werewolf#362#More#Classic#Werewolf_Game1.json,run_2,2,stochastic,1.0,prompt_v4_run_2,Youtube,One#Night#Ultimate#Werewolf#362#More#Classic#Werewolf,Game1,Youtube / One#Night#Ultimate#Werewolf#362#More#Classic#Werewolf / Game1,Kelsey,"Kelsey's claims are highly inconsistent, shifting from Troublemaker to Robber and finally to Tanner. This pattern of erratic deception is characteristic of a Werewolf attempting to confuse the other players or a Tanner seeking elimination. While Pete's claim to be the Minion is unusual, Kelsey's multiple contradictions make her the most suspicious candidate for a Werewolf.",One#Night#Ultimate#Werewolf#362#More#Classic#Werewolf_Game1,"[""Pete"", ""Katie"", ""Brett"", ""George"", ""Kelsey"", ""Dylan""]","[""Werewolf"", ""Werewolf"", ""Robber"", ""Minion"", ""Tanner"", ""Mason""]",True,player,"[""Pete"", ""Katie""]",player_vote,Kelsey,Kelsey,Kelsey,4.0,Tanner,False,False
C:\Users\annab\Documents\GitHub\masters_thesis_sdg\results\voting\unsloth_gemma-4-31B-it-unsloth-bnb-4bit\prompt_v4_run_2\Youtube\One#Night#Ultimate#Werewolf#363#Even#More#Classic#Werewolf_Game1.json,run_2,2,stochastic,1.0,prompt_v4_run_2,Youtube,One#Night#Ultimate#Werewolf#363#Even#More#Classic#Werewolf,Game1,Youtube / One#Night#Ultimate#Werewolf#363#Even#More#Classic#Werewolf / Game1,Dylan,"Dylan claims to be the Drunk (lines 98, 189, 284), but later asserts that there are two Werewolves in the center and therefore no Werewolves are in play (line 277). According to the rules, the Drunk swaps their card with one from the center without looking at it, meaning they cannot have knowledge of the center cards. This contradiction indicates that Dylan is lying about his role to deceive the village into believing no Werewolves are present, which is a typical strategy for Team Werewolf to avoid elimination.",One#Night#Ultimate#Werewolf#363#Even#More#Classic#Werewolf_Game1,"[""Pete"", ""Katie"", ""Brett"", ""George"", ""Kelsey"", ""Dylan""]","[""Robber"", ""Werewolf"", ""Mason"", ""Mason"", ""Minion"", ""Troublemaker""]",True,player,"[""Katie""]",player_vote,Dylan,Dylan,Dylan,5.0,Troublemaker,False,False
C:\Users\annab\Documents\GitHub\masters_thesis_sdg\results\voting\unsloth_gemma-4-31B-it-unsloth-bnb-4bit\prompt_v4_run_2\Youtube\ONE#NIGHT#ULTIMATE#WEREWOLF#37##April#21st#2018_Game2.json,run_2,2,stochastic,1.0,prompt_v4_run_2,Youtube,ONE#NIGHT#ULTIMATE#WEREWOLF#37##April#21st#2018,Game2,Youtube / ONE#NIGHT#ULTIMATE#WEREWOLF#37##April#21st#2018 / Game2,Mike,"Mitchell claims to be the Revealer and explicitly identifies Mike as a Werewolf. Mike attempts to defend himself by claiming to be the Troublemaker and asserting that he swapped Mitchell and Justin, but this is a common bluff for the Werewolf role. Justin and Caitlynn's claims (Apprentice Seer and Robber) do not contradict Mitchell's identification, and Justin is also voting for Mike, strengthening the case against him.",ONE#NIGHT#ULTIMATE#WEREWOLF#37##April#21st#2018_Game2,"[""Justin"", ""Caitlynn"", ""Mitchell"", ""James"", ""Mike""]","[""Minion"", ""Werewolf"", ""Werewolf"", ""Tanner"", ""Troublemaker""]",True,player,"[""Caitlynn"", ""Mitchell""]",player_vote,Mike,Mike,Mike,4.0,Troublemaker,False,False
C:\Users\annab\Documents\GitHub\masters_thesis_sdg\results\voting\unsloth_gemma-4-31B-it-unsloth-bnb-4bit\prompt_v4_run_2\Youtube\ONE#NIGHT#ULTIMATE#WEREWOLF#38##April#21st#2018_Game3.json,run_2,2,stochastic,1.0,prompt_v4_run_2,Youtube,ONE#NIGHT#ULTIMATE#WEREWOLF#38##April#21st#2018,Game3,Youtube / ONE#NIGHT#ULTIMATE#WEREWOLF#38##April#21st#2018 / Game3,James,"James explicitly admitted to being a Werewolf twice during the discussion, stating 'I was werewolf' and 'Me and Mike are werewolves.' While Mike was also implicated by James, Mike claimed to be the Tanner, whose goal is to be voted out, making James the more likely target for Team Village to ensure a Werewolf is eliminated.",ONE#NIGHT#ULTIMATE#WEREWOLF#38##April#21st#2018_Game3,"[""Justin"", ""Caitlynn"", ""Mitchell"", ""James"", ""Mike""]","[""Werewolf"", ""Tanner"", ""Seer"", ""Robber"", ""Werewolf""]",True,player,"[""Justin"", ""Mike""]",player_vote,James,James,James,3.0,Robber,False,False
C:\Users\annab\Documents\GitHub\masters_thesis_sdg\results\voting\unsloth_gemma-4-31B-it-unsloth-bnb-4bit\prompt_v4_run_2\Youtube\ONE#NIGHT#ULTIMATE#WEREWOLF#38##April#21st#2018_Game4.json,run_2,2,stochastic,1.0,prompt_v4_run_2,Youtube,ONE#NIGHT#ULTIMATE#WEREWOLF#38##April#21st#2018,Game4,Youtube / ONE#NIGHT#ULTIMATE#WEREWOLF#38##April#21st#2018 / Game4,Mike,"Justin claims to be the Revealer and states that he revealed Mike's card as a Werewolf. Mitchell supports Justin's claim, adding credibility to the accusation. Furthermore, both Mike and James claim to be the Seer, and Mike's statements regarding the center cards are contradictory, making him the most likely Werewolf.",ONE#NIGHT#ULTIMATE#WEREWOLF#38##April#21st#2018_Game4,"[""Justin"", ""Caitlynn"", ""Mitchell"", ""James"", ""Mike""]","[""Werewolf"", ""Robber"", ""Minion"", ""Tanner"", ""Seer""]",True,player,"[""Justin""]",player_vote,Mike,Mike,Mike,4.0,Seer,False,False
C:\Users\annab\Documents\GitHub\masters_thesis_sdg\results\voting\unsloth_gemma-4-31B-it-unsloth-bnb-4bit\prompt_v4_run_2\Youtube\One#Night#Ultimate#Werewolf#381#The#Hunt#Is#On_Game1.json,run_2,2,stochastic,1.0,prompt_v4_run_2,Youtube,One#Night#Ultimate#Werewolf#381#The#Hunt#Is#On,Game1,Youtube / One#Night#Ultimate#Werewolf#381#The#Hunt#Is#On / Game1,No Werewolf,"Brett claims to be the Seer and states he saw two werewolves in the center. This claim is supported by the consistent narrative provided by Ed (Troublemaker) and Katie (Robber), who describe a sequence of swaps and robberies that align with their roles. Since Dustin and Dylan both claim to be the Insomniac, one of them is likely the Tanner or a bluffing Villager. If Brett's claim is true, no werewolves are present among the players, and the Village wins by voting 'No Werewolf'.",One#Night#Ultimate#Werewolf#381#The#Hunt#Is#On_Game1,"[""Ed"", ""Dustin"", ""Katie"", ""Brett"", ""Kelsey"", ""Dylan""]","[""Robber"", ""Insomniac"", ""Seer"", ""Troublemaker"", ""Hunter"", ""Tanner""]",False,circle,[],circle_vote,No Werewolf,,,,,True,True
C:\Users\annab\Documents\GitHub\masters_thesis_sdg\results\voting\unsloth_gemma-4-31B-it-unsloth-bnb-4bit\prompt_v4_run_2\Youtube\One#Night#Ultimate#Werewolf#382#Game#100!!_Game1.json,run_2,2,stochastic,1.0,prompt_v4_run_2,Youtube,One#Night#Ultimate#Werewolf#382#Game#100!!,Game1,Youtube / One#Night#Ultimate#Werewolf#382#Game#100!! / Game1,Dustin,"Dylan admitted to starting as the Werewolf and waking up alone. Brett, whose role as Troublemaker was confirmed by Ed (the Seer), stated that he swapped Dylan and Dustin. Since the Troublemaker swaps the roles of two other players, the Werewolf card moved from Dylan to Dustin. Dustin's claim that he was the Insomniac and somehow ended up with the Doppelganger card is logically inconsistent with the Troublemaker's action, suggesting he is lying to hide his current status as the Werewolf.",One#Night#Ultimate#Werewolf#382#Game#100!!_Game1,"[""Ed"", ""Dustin"", ""Katie"", ""Brett"", ""Kelsey"", ""Dylan""]","[""Seer"", ""Werewolf"", ""Tanner"", ""Troublemaker"", ""Robber"", ""Insomniac""]",True,player,"[""Dustin""]",player_vote,Dustin,Dustin,Dustin,1.0,Werewolf,True,False
C:\Users\annab\Documents\GitHub\masters_thesis_sdg\results\voting\unsloth_gemma-4-31B-it-unsloth-bnb-4bit\prompt_v4_run_2\Youtube\ONE#NIGHT#ULTIMATE#WEREWOLF#39##April#21st#2018_Game3.json,run_2,2,stochastic,1.0,prompt_v4_run_2,Youtube,ONE#NIGHT#ULTIMATE#WEREWOLF#39##April#21st#2018,Game3,Youtube / ONE#NIGHT#ULTIMATE#WEREWOLF#39##April#21st#2018 / Game3,Justin,"Justin and Mike both claim to be the Seer, but Justin admits to lying about the cards he saw in the center to bait Mike, which makes his claim less credible. Caitlynn, Mitchell, and Mike all converge on Justin as the most suspicious player by the end of the discussion. Given the conflict between the two Seer claims and Justin's deceptive behavior, he is the most likely candidate for the Werewolf.",ONE#NIGHT#ULTIMATE#WEREWOLF#39##April#21st#2018_Game3,"[""Justin"", ""Caitlynn"", ""Mitchell"", ""James"", ""Mike""]","[""Werewolf"", ""Robber"", ""Tanner"", ""Werewolf"", ""Seer""]",True,player,"[""Justin"", ""James""]",player_vote,Justin,Justin,Justin,0.0,Werewolf,True,False
C:\Users\annab\Documents\GitHub\masters_thesis_sdg\results\voting\unsloth_gemma-4-31B-it-unsloth-bnb-4bit\prompt_v4_run_2\Youtube\ONE#NIGHT#ULTIMATE#WEREWOLF#4##July#14th#2016_Game1.json,run_2,2,stochastic,1.0,prompt_v4_run_2,Youtube,ONE#NIGHT#ULTIMATE#WEREWOLF#4##July#14th#2016,Game1,Youtube / ONE#NIGHT#ULTIMATE#WEREWOLF#4##July#14th#2016 / Game1,Mitchell,"Mike claims to be the Seer and states he saw two Werewolves in the center. Mitchell consistently claims to be the Drunk, and the Drunk's ability is to swap their card with one from the center. Since the Seer's action occurs before the Drunk's action in the night order, if Mike is telling the truth, Mitchell must have swapped his card for one of the two Werewolf cards in the center, making Mitchell the Werewolf. Mitchell's own admission that he could be the Werewolf further supports this conclusion.",ONE#NIGHT#ULTIMATE#WEREWOLF#4##July#14th#2016_Game1,"[""Justin"", ""Paul"", ""Mitchell"", ""Mike""]","[""Werewolf"", ""Seer"", ""Tanner"", ""Robber""]",True,player,"[""Justin""]",player_vote,Mitchell,Mitchell,Mitchell,2.0,Tanner,False,False
C:\Users\annab\Documents\GitHub\masters_thesis_sdg\results\voting\unsloth_gemma-4-31B-it-unsloth-bnb-4bit\prompt_v4_run_2\Youtube\ONE#NIGHT#ULTIMATE#WEREWOLF#4##July#14th#2016_Game2.json,run_2,2,stochastic,1.0,prompt_v4_run_2,Youtube,ONE#NIGHT#ULTIMATE#WEREWOLF#4##July#14th#2016,Game2,Youtube / ONE#NIGHT#ULTIMATE#WEREWOLF#4##July#14th#2016 / Game2,Mitchell,"Justin explicitly claims to be the Tanner and repeatedly asks to be voted out, which is characteristic of the Tanner's goal. Mike claims to be the Seer and provides a consistent story about seeing two 'good' cards in the center. Mitchell, however, is highly inconsistent, claiming to be the Drunk, then the Troublemaker, and then admitting he lied about the Troublemaker's action. This pattern of deceptive and contradictory role claims strongly suggests that Mitchell is the Werewolf attempting to confuse the group.",ONE#NIGHT#ULTIMATE#WEREWOLF#4##July#14th#2016_Game2,"[""Justin"", ""Paul"", ""Mitchell"", ""Mike""]","[""Werewolf"", ""Seer"", ""Werewolf"", ""Robber""]",True,player,"[""Justin"", ""Mitchell""]",player_vote,Mitchell,Mitchell,Mitchell,2.0,Werewolf,True,False
C:\Users\annab\Documents\GitHub\masters_thesis_sdg\results\voting\unsloth_gemma-4-31B-it-unsloth-bnb-4bit\prompt_v4_run_2\Youtube\ONE#NIGHT#ULTIMATE#WEREWOLF#4##July#14th#2016_Game3.json,run_2,2,stochastic,1.0,prompt_v4_run_2,Youtube,ONE#NIGHT#ULTIMATE#WEREWOLF#4##July#14th#2016,Game3,Youtube / ONE#NIGHT#ULTIMATE#WEREWOLF#4##July#14th#2016 / Game3,No Werewolf,"Mitchell claims to be the Seer and states he saw a Werewolf card in the center. Justin claims to be the Robber and says he stole the Drunk card from Paul, which would mean Paul was the Drunk and therefore not a Werewolf. Mike claims to be the Troublemaker. If these claims are true, no player is a Werewolf, and the only Werewolf is in the center. Paul's behavior (being 'cool' with being voted out) is also consistent with the Tanner role, further suggesting that no player is a Werewolf.",ONE#NIGHT#ULTIMATE#WEREWOLF#4##July#14th#2016_Game3,"[""Justin"", ""Paul"", ""Mitchell"", ""Mike""]","[""Seer"", ""Tanner"", ""Drunk"", ""Troublemaker""]",False,circle,[],circle_vote,No Werewolf,,,,,True,True
C:\Users\annab\Documents\GitHub\masters_thesis_sdg\results\voting\unsloth_gemma-4-31B-it-unsloth-bnb-4bit\prompt_v4_run_2\Youtube\ONE#NIGHT#ULTIMATE#WEREWOLF#43##October#13th#2018_Game1.json,run_2,2,stochastic,1.0,prompt_v4_run_2,Youtube,ONE#NIGHT#ULTIMATE#WEREWOLF#43##October#13th#2018,Game1,Youtube / ONE#NIGHT#ULTIMATE#WEREWOLF#43##October#13th#2018 / Game1,Mitchell,"Mike claimed to be the Revealer and explicitly stated that he revealed Mitchell's card to be a Werewolf. Justin, claiming to be the Seer, mentioned seeing another Werewolf card in the center, which suggests that Mitchell is the only Werewolf among the active players. Mitchell offered no defense or counter-claim, making him the most likely target for Team Village to eliminate.",ONE#NIGHT#ULTIMATE#WEREWOLF#43##October#13th#2018_Game1,"[""Justin"", ""Mitchell"", ""Paul"", ""Mike""]","[""Robber"", ""Werewolf"", ""Tanner"", ""Troublemaker""]",True,player,"[""Mitchell""]",player_vote,Mitchell,Mitchell,Mitchell,1.0,Werewolf,True,False
C:\Users\annab\Documents\GitHub\masters_thesis_sdg\results\voting\unsloth_gemma-4-31B-it-unsloth-bnb-4bit\prompt_v4_run_2\Youtube\ONE#NIGHT#ULTIMATE#WEREWOLF#43##October#13th#2018_Game3.json,run_2,2,stochastic,1.0,prompt_v4_run_2,Youtube,ONE#NIGHT#ULTIMATE#WEREWOLF#43##October#13th#2018,Game3,Youtube / ONE#NIGHT#ULTIMATE#WEREWOLF#43##October#13th#2018 / Game3,Justin,"Justin explicitly admits to being a Werewolf in the transcript ('I was a werewolf, so there's a werewolf in here'). While he later attempts to divert the vote toward Paul, this admission is the strongest indicator of his role. Paul claims to be the Tanner, and Mike and Mitchell claim roles aligned with the Village (Robber and Troublemaker, respectively), making Justin the most likely Werewolf.",ONE#NIGHT#ULTIMATE#WEREWOLF#43##October#13th#2018_Game3,"[""Justin"", ""Mitchell"", ""Paul"", ""Mike""]","[""Tanner"", ""Troublemaker"", ""Robber"", ""Werewolf""]",True,player,"[""Mike""]",player_vote,Justin,Justin,Justin,0.0,Tanner,False,False
C:\Users\annab\Documents\GitHub\masters_thesis_sdg\results\voting\unsloth_gemma-4-31B-it-unsloth-bnb-4bit\prompt_v4_run_2\Youtube\ONE#NIGHT#ULTIMATE#WEREWOLF#43##October#13th#2018_Game4.json,run_2,2,stochastic,1.0,prompt_v4_run_2,Youtube,ONE#NIGHT#ULTIMATE#WEREWOLF#43##October#13th#2018,Game4,Youtube / ONE#NIGHT#ULTIMATE#WEREWOLF#43##October#13th#2018 / Game4,Mike,"Both Mitchell and Mike explicitly admit to being the Werewolves during the discussion (Lines 72, 74, 76), stating they had a plan together. While there is confusion regarding role swaps (Robber and Troublemaker claims), the admission that they started as the Werewolf team is the most reliable piece of information. Voting for either Mike or Mitchell ensures a win for Team Village.",ONE#NIGHT#ULTIMATE#WEREWOLF#43##October#13th#2018_Game4,"[""Justin"", ""Mitchell"", ""Paul"", ""Mike""]","[""Troublemaker"", ""Tanner"", ""Werewolf"", ""Robber""]",True,player,"[""Paul""]",player_vote,Mike,Mike,Mike,3.0,Robber,False,False
C:\Users\annab\Documents\GitHub\masters_thesis_sdg\results\voting\unsloth_gemma-4-31B-it-unsloth-bnb-4bit\prompt_v4_run_2\Youtube\ONE#NIGHT#ULTIMATE#WEREWOLF#44##October#13th#2018_Game1.json,run_2,2,stochastic,1.0,prompt_v4_run_2,Youtube,ONE#NIGHT#ULTIMATE#WEREWOLF#44##October#13th#2018,Game1,Youtube / ONE#NIGHT#ULTIMATE#WEREWOLF#44##October#13th#2018 / Game1,Justin,"Justin claims to be the Robber and asserts that he robbed Paul. According to the game rules, the Robber swaps their card with another player's card, meaning if Justin had robbed Paul, he would no longer be the Robber. Furthermore, Mitchell claims to be the Seer and saw the Robber card in the center, which would mean no player is the Robber. Justin's logically impossible claim and his attempts to manipulate the narrative make him the most likely Werewolf.",ONE#NIGHT#ULTIMATE#WEREWOLF#44##October#13th#2018_Game1,"[""Justin"", ""Mitchell"", ""Paul"", ""Mike""]","[""Werewolf"", ""Seer"", ""Tanner"", ""Insomniac""]",True,player,"[""Justin""]",player_vote,Justin,Justin,Justin,0.0,Werewolf,True,False
C:\Users\annab\Documents\GitHub\masters_thesis_sdg\results\voting\unsloth_gemma-4-31B-it-unsloth-bnb-4bit\prompt_v4_run_2\Youtube\ONE#NIGHT#ULTIMATE#WEREWOLF#44##October#13th#2018_Game2.json,run_2,2,stochastic,1.0,prompt_v4_run_2,Youtube,ONE#NIGHT#ULTIMATE#WEREWOLF#44##October#13th#2018,Game2,Youtube / ONE#NIGHT#ULTIMATE#WEREWOLF#44##October#13th#2018 / Game2,Mitchell,"Paul claims to be the Troublemaker and states he swapped Mike and Mitchell. Mike claims to be the Robber and states he robbed Mitchell. If Mitchell started as the Werewolf, Mike would have stolen the Werewolf card, and Paul would have then swapped it back to Mitchell. Justin's erratic claims (claiming to be Insomniac, Seer, Werewolf, and finally Tanner) and his request to be voted out strongly suggest he is the Tanner, making Mitchell the most probable Werewolf.",ONE#NIGHT#ULTIMATE#WEREWOLF#44##October#13th#2018_Game2,"[""Justin"", ""Mitchell"", ""Paul"", ""Mike""]","[""Werewolf"", ""Tanner"", ""Troublemaker"", ""Robber""]",True,player,"[""Justin""]",player_vote,Mitchell,Mitchell,Mitchell,1.0,Tanner,False,False
C:\Users\annab\Documents\GitHub\masters_thesis_sdg\results\voting\unsloth_gemma-4-31B-it-unsloth-bnb-4bit\prompt_v4_run_2\Youtube\ONE#NIGHT#ULTIMATE#WEREWOLF#44##October#13th#2018_Game3.json,run_2,2,stochastic,1.0,prompt_v4_run_2,Youtube,ONE#NIGHT#ULTIMATE#WEREWOLF#44##October#13th#2018,Game3,Youtube / ONE#NIGHT#ULTIMATE#WEREWOLF#44##October#13th#2018 / Game3,No Werewolf,"Justin claims to be the Seer and explicitly states he saw two Werewolves in the center, meaning no player is currently a Werewolf. Paul initially claimed to be the Robber but later admitted to being the Tanner. Mike claims to be the Troublemaker and says he switched Paul and Mitchell. Given Justin's specific claim about the center cards and Paul's admission of being the Tanner, it is highly probable that no Werewolf is among the players.",ONE#NIGHT#ULTIMATE#WEREWOLF#44##October#13th#2018_Game3,"[""Justin"", ""Mitchell"", ""Paul"", ""Mike""]","[""Seer"", ""Robber"", ""Tanner"", ""Troublemaker""]",False,circle,[],circle_vote,No Werewolf,,,,,True,True
C:\Users\annab\Documents\GitHub\masters_thesis_sdg\results\voting\unsloth_gemma-4-31B-it-unsloth-bnb-4bit\prompt_v4_run_2\Youtube\ONE#NIGHT#ULTIMATE#WEREWOLF#44##October#13th#2018_Game4.json,run_2,2,stochastic,1.0,prompt_v4_run_2,Youtube,ONE#NIGHT#ULTIMATE#WEREWOLF#44##October#13th#2018,Game4,Youtube / ONE#NIGHT#ULTIMATE#WEREWOLF#44##October#13th#2018 / Game4,Paul,"Paul's claim to be the Seer is highly contradictory and erratic; he claims to have seen 'thee seer' and then claims to have seen 'two werewolves' (presumably in the center), which is an inconsistent narrative. Justin and Mitchell quickly identify Paul's behavior as suspicious, with Justin explicitly suggesting they kill Paul. Given the lack of credible claims from Paul and the consensus forming against him, he is the most likely candidate for the Werewolf.",ONE#NIGHT#ULTIMATE#WEREWOLF#44##October#13th#2018_Game4,"[""Justin"", ""Mitchell"", ""Paul"", ""Mike""]","[""Insomniac"", ""Troublemaker"", ""Seer"", ""Tanner""]",False,circle,[],player_vote,Paul,Paul,Paul,2.0,Seer,False,False
C:\Users\annab\Documents\GitHub\masters_thesis_sdg\results\voting\unsloth_gemma-4-31B-it-unsloth-bnb-4bit\prompt_v4_run_2\Youtube\ONE#NIGHT#ULTIMATE#WEREWOLF#44##October#13th#2018_Game5.json,run_2,2,stochastic,1.0,prompt_v4_run_2,Youtube,ONE#NIGHT#ULTIMATE#WEREWOLF#44##October#13th#2018,Game5,Youtube / ONE#NIGHT#ULTIMATE#WEREWOLF#44##October#13th#2018 / Game5,Mitchell,"Justin claims to be the Seer and states he saw a Werewolf in the center, implying only one Werewolf is in play. Paul claims to be the Troublemaker, while Mitchell also attempts to claim the Troublemaker's ability to swap players but does so inconsistently and confusedly ('Wait, did I swap before or after?'). Paul's bizarre comment about 'both' being Werewolves is likely a joke or a bluff, but Mitchell's failed attempt to claim a role already held by Paul makes him the most suspicious player. Therefore, Mitchell is the most likely candidate for the Werewolf.",ONE#NIGHT#ULTIMATE#WEREWOLF#44##October#13th#2018_Game5,"[""Justin"", ""Mitchell"", ""Paul"", ""Mike""]","[""Robber"", ""Troublemaker"", ""Seer"", ""Werewolf""]",True,player,"[""Mike""]",player_vote,Mitchell,Mitchell,Mitchell,1.0,Troublemaker,False,False
C:\Users\annab\Documents\GitHub\masters_thesis_sdg\results\voting\unsloth_gemma-4-31B-it-unsloth-bnb-4bit\prompt_v4_run_2\Youtube\ONE#NIGHT#ULTIMATE#WEREWOLF#45##October#13th#2018_Game4.json,run_2,2,stochastic,1.0,prompt_v4_run_2,Youtube,ONE#NIGHT#ULTIMATE#WEREWOLF#45##October#13th#2018,Game4,Youtube / ONE#NIGHT#ULTIMATE#WEREWOLF#45##October#13th#2018 / Game4,Justin,"Paul consistently claims to be the Tanner, and Mitchell and Mike's claims as Robber and Hunter are mutually consistent. Justin's claim to have seen the Apprentice Seer in the center is logically impossible if he were the Apprentice Seer himself, and his erratic claims throughout the discussion suggest he is attempting to deceive the group. Therefore, Justin is the most likely candidate for the Werewolf.",ONE#NIGHT#ULTIMATE#WEREWOLF#45##October#13th#2018_Game4,"[""Justin"", ""Mitchell"", ""Paul"", ""Mike""]","[""Tanner"", ""Werewolf"", ""Robber"", ""Werewolf""]",True,player,"[""Mitchell"", ""Mike""]",player_vote,Justin,Justin,Justin,0.0,Tanner,False,False
C:\Users\annab\Documents\GitHub\masters_thesis_sdg\results\voting\unsloth_gemma-4-31B-it-unsloth-bnb-4bit\prompt_v4_run_2\Youtube\ONE#NIGHT#ULTIMATE#WEREWOLF#45##October#13th#2018_Game6.json,run_2,2,stochastic,1.0,prompt_v4_run_2,Youtube,ONE#NIGHT#ULTIMATE#WEREWOLF#45##October#13th#2018,Game6,Youtube / ONE#NIGHT#ULTIMATE#WEREWOLF#45##October#13th#2018 / Game6,Mitchell,"Mitchell's claims are highly contradictory throughout the discussion. He claims to be the Robber and asserts that he robbed Justin, yet Justin claims to be the Troublemaker. If Mitchell had actually robbed the Troublemaker, he would have become the Troublemaker himself, but he continues to insist he is the Robber. This blatant inconsistency indicates that Mitchell is lying, making him the most likely candidate for a Werewolf (or the Tanner), and thus the most logical choice for elimination to secure a Village win.",ONE#NIGHT#ULTIMATE#WEREWOLF#45##October#13th#2018_Game6,"[""Justin"", ""Mitchell"", ""Paul"", ""Mike""]","[""Troublemaker"", ""Robber"", ""Tanner"", ""Hunter""]",False,circle,[],player_vote,Mitchell,Mitchell,Mitchell,1.0,Robber,False,False
C:\Users\annab\Documents\GitHub\masters_thesis_sdg\results\voting\unsloth_gemma-4-31B-it-unsloth-bnb-4bit\prompt_v4_run_2\Youtube\One#Night#Ultimate#Werewolf#491#Classic#Werewolf_Game1.json,run_2,2,stochastic,1.0,prompt_v4_run_2,Youtube,One#Night#Ultimate#Werewolf#491#Classic#Werewolf,Game1,Youtube / One#Night#Ultimate#Werewolf#491#Classic#Werewolf / Game1,Pete,"Katie claimed to be the Troublemaker and stated she swapped the cards of Brett and Pete. Brett admitted to being the starting Werewolf, which would mean that after the swap, Pete became the Werewolf. Dustin's claim to have become a Werewolf via a Drunk swap is logically impossible because the Drunk does not look at their new card, suggesting he is either bluffing or the Tanner.",One#Night#Ultimate#Werewolf#491#Classic#Werewolf_Game1,"[""Pete"", ""Katie"", ""Brett"", ""Dustin""]","[""Seer"", ""Troublemaker"", ""Werewolf"", ""Robber""]",True,player,"[""Brett""]",player_vote,Pete,Pete,Pete,0.0,Seer,False,False
C:\Users\annab\Documents\GitHub\masters_thesis_sdg\results\voting\unsloth_gemma-4-31B-it-unsloth-bnb-4bit\prompt_v4_run_2\Youtube\One#Night#Ultimate#Werewolf#492#More#Classic#Werewolf_Game1.json,run_2,2,stochastic,1.0,prompt_v4_run_2,Youtube,One#Night#Ultimate#Werewolf#492#More#Classic#Werewolf,Game1,Youtube / One#Night#Ultimate#Werewolf#492#More#Classic#Werewolf / Game1,Katie,"Dustin claimed to be the Seer and stated he saw two Werewolves in the center. Brett claimed to be the Robber and confirmed he robbed Dustin's Seer card, which validates Dustin's role and information. Katie claimed to be the Drunk and swapped her card with one from the center; since Dustin identified Werewolves in the center, Katie likely swapped into a Werewolf role. Pete's erratic behavior and immediate admission of being a werewolf suggest he is playing the Tanner to attract votes.",One#Night#Ultimate#Werewolf#492#More#Classic#Werewolf_Game1,"[""Pete"", ""Katie"", ""Brett"", ""Dustin""]","[""Tanner"", ""Troublemaker"", ""Seer"", ""Robber""]",False,circle,[],player_vote,Katie,Katie,Katie,1.0,Troublemaker,False,False
C:\Users\annab\Documents\GitHub\masters_thesis_sdg\results\voting\unsloth_gemma-4-31B-it-unsloth-bnb-4bit\prompt_v4_run_2\Youtube\One#Night#Ultimate#Werewolf#493#Even#More#Classic#Werewolf_Game1.json,run_2,2,stochastic,1.0,prompt_v4_run_2,Youtube,One#Night#Ultimate#Werewolf#493#Even#More#Classic#Werewolf,Game1,Youtube / One#Night#Ultimate#Werewolf#493#Even#More#Classic#Werewolf / Game1,No Werewolf,"Brett claimed to be the Seer and identified Pete as the Robber, which Pete eventually confirmed. Dustin claimed to be the Drunk, and Katie, after initially claiming to be the Seer, admitted to being the Tanner. Since these four roles (Seer, Robber, Drunk, and Tanner) are all non-Werewolf roles and account for all four players, it is highly probable that no player is a Werewolf and the Werewolf cards are in the center.",One#Night#Ultimate#Werewolf#493#Even#More#Classic#Werewolf_Game1,"[""Pete"", ""Katie"", ""Brett"", ""Dustin""]","[""Robber"", ""Tanner"", ""Seer"", ""Werewolf""]",True,player,"[""Dustin""]",circle_vote,No Werewolf,,,,,False,True
C:\Users\annab\Documents\GitHub\masters_thesis_sdg\results\voting\unsloth_gemma-4-31B-it-unsloth-bnb-4bit\prompt_v4_run_2\Youtube\ONE#NIGHT#ULTIMATE#WEREWOLF#5##October#29th#2016_Game1.json,run_2,2,stochastic,1.0,prompt_v4_run_2,Youtube,ONE#NIGHT#ULTIMATE#WEREWOLF#5##October#29th#2016,Game1,Youtube / ONE#NIGHT#ULTIMATE#WEREWOLF#5##October#29th#2016 / Game1,Mike,"Caitlynn claims to be the Troublemaker and states she switched Chris and Mike. Chris admits that he was the starting Werewolf ('I 100% percent was the werewolf'). If Chris was the Werewolf and was switched with Mike, Mike is now the Werewolf. Furthermore, Mike's claims are highly contradictory, as he claims to be the Seer, then the Werewolf, and then claims to have seen a Werewolf in the center, making him the most likely candidate for elimination.",ONE#NIGHT#ULTIMATE#WEREWOLF#5##October#29th#2016_Game1,"[""Mitchell"", ""Chris"", ""Caitlynn"", ""Mike""]","[""Insomniac"", ""Werewolf"", ""Troublemaker"", ""Robber""]",True,player,"[""Chris""]",player_vote,Mike,Mike,Mike,3.0,Robber,False,False
C:\Users\annab\Documents\GitHub\masters_thesis_sdg\results\voting\unsloth_gemma-4-31B-it-unsloth-bnb-4bit\prompt_v4_run_2\Youtube\One#Night#Ultimate#Werewolf#531#Classic#ONUW_Game1.json,run_2,2,stochastic,1.0,prompt_v4_run_2,Youtube,One#Night#Ultimate#Werewolf#531#Classic#ONUW,Game1,Youtube / One#Night#Ultimate#Werewolf#531#Classic#ONUW / Game1,Katie,"Brett admitted to being the Werewolf at the start of the game. DeAndre claimed to be the Troublemaker and stated that he swapped Brett's card with Katie's, explicitly saying, 'I gave Katie a werewolf.' While Katie claimed to be the Tanner, this is a common bluff for a Werewolf to avoid being voted out, or she may have been the Tanner initially and was swapped into the Werewolf role. Based on the Troublemaker's swap, Katie is the most likely current Werewolf.",One#Night#Ultimate#Werewolf#531#Classic#ONUW_Game1,"[""Ryan"", ""Katie"", ""Brett"", ""DeAndre""]","[""Robber"", ""Minion"", ""Tanner"", ""Troublemaker""]",False,circle,[],player_vote,Katie,Katie,Katie,1.0,Minion,False,False
C:\Users\annab\Documents\GitHub\masters_thesis_sdg\results\voting\unsloth_gemma-4-31B-it-unsloth-bnb-4bit\prompt_v4_run_2\Youtube\One#Night#Ultimate#Werewolf#532#More#Classic#ONUW_Game1.json,run_2,2,stochastic,1.0,prompt_v4_run_2,Youtube,One#Night#Ultimate#Werewolf#532#More#Classic#ONUW,Game1,Youtube / One#Night#Ultimate#Werewolf#532#More#Classic#ONUW / Game1,DeAndre,"DeAndre and Katie both claimed to be the Werewolf, which is often a sign of a Werewolf/Minion bluffing or a Tanner attempting to be voted out. However, DeAndre's claims are highly contradictory, as he claimed to be both the Werewolf and the Troublemaker (claiming he swapped Katie and Ryan). Furthermore, DeAndre attempted to divert the vote toward Katie, which is atypical behavior for a Tanner. Given that the other players (Brett and Ryan) converged on DeAndre based on his initial admission and subsequent inconsistent claims, he is the most likely candidate for the Werewolf or Minion.",One#Night#Ultimate#Werewolf#532#More#Classic#ONUW_Game1,"[""Ryan"", ""Katie"", ""Brett"", ""DeAndre""]","[""Troublemaker"", ""Drunk"", ""Robber"", ""Werewolf""]",True,player,"[""DeAndre""]",player_vote,DeAndre,DeAndre,DeAndre,3.0,Werewolf,True,False
C:\Users\annab\Documents\GitHub\masters_thesis_sdg\results\voting\unsloth_gemma-4-31B-it-unsloth-bnb-4bit\prompt_v4_run_2\Youtube\One#Night#Ultimate#Werewolf#533#Even#More#Classic#ONUW_Game1.json,run_2,2,stochastic,1.0,prompt_v4_run_2,Youtube,One#Night#Ultimate#Werewolf#533#Even#More#Classic#ONUW,Game1,Youtube / One#Night#Ultimate#Werewolf#533#Even#More#Classic#ONUW / Game1,DeAndre,"Ryan claimed to be the Troublemaker and swapped Katie and Brett. Katie claimed to be the Robber and stole Ryan's Troublemaker card. Brett claimed to be the Tanner. DeAndre claimed to be the Drunk, and since the Drunk swaps their card with one from the center, he is the only player who could have ended the night as a Werewolf if a Werewolf card was in the center. Furthermore, DeAndre jokingly admitted to 'wolfing,' and the other players have converged on him as the most likely Werewolf.",One#Night#Ultimate#Werewolf#533#Even#More#Classic#ONUW_Game1,"[""Ryan"", ""Katie"", ""Brett"", ""DeAndre""]","[""Robber"", ""Tanner"", ""Troublemaker"", ""Minion""]",False,circle,[],player_vote,DeAndre,DeAndre,DeAndre,3.0,Minion,False,False
C:\Users\annab\Documents\GitHub\masters_thesis_sdg\results\voting\unsloth_gemma-4-31B-it-unsloth-bnb-4bit\prompt_v4_run_2\Youtube\ONE#NIGHT#ULTIMATE#WEREWOLF#55##January#26th#2019_Game3.json,run_2,2,stochastic,1.0,prompt_v4_run_2,Youtube,ONE#NIGHT#ULTIMATE#WEREWOLF#55##January#26th#2019,Game3,Youtube / ONE#NIGHT#ULTIMATE#WEREWOLF#55##January#26th#2019 / Game3,No Werewolf,"Mike claims to be the Seer and saw the Witch and Troublemaker in the center, meaning no cards were swapped by those roles. Mitchell claims to be the Insomniac and confirms he was not swapped. Justin's behavior—repeatedly begging the group to vote for him—is highly characteristic of the Tanner, whose goal is to be eliminated. Since voting out the Tanner results in a loss for Team Village and there is no evidence that Caitlynn or Brad are Werewolves, the most logical conclusion for Team Village to win is that the Werewolf card is the third card in the center.",ONE#NIGHT#ULTIMATE#WEREWOLF#55##January#26th#2019_Game3,"[""Justin"", ""Caitlynn"", ""Mitchell"", ""Brad"", ""Mike""]","[""Werewolf"", ""Werewolf"", ""Insomniac"", ""Tanner"", ""Seer""]",True,player,"[""Justin"", ""Caitlynn""]",circle_vote,No Werewolf,,,,,False,True
C:\Users\annab\Documents\GitHub\masters_thesis_sdg\results\voting\unsloth_gemma-4-31B-it-unsloth-bnb-4bit\prompt_v4_run_2\Youtube\ONE#NIGHT#ULTIMATE#WEREWOLF#6##November#6th#2016_Game1.json,run_2,2,stochastic,1.0,prompt_v4_run_2,Youtube,ONE#NIGHT#ULTIMATE#WEREWOLF#6##November#6th#2016,Game1,Youtube / ONE#NIGHT#ULTIMATE#WEREWOLF#6##November#6th#2016 / Game1,Caitlynn,"Caitlynn, Mike, and Mitchell all make claims suggesting Caitlynn is a werewolf. Mitchell claims he robbed Caitlynn and that Alana (the Troublemaker) subsequently swapped them, which would leave Caitlynn as the werewolf. Caitlynn herself admits to being a werewolf, and the other players have reached a consensus to vote for her.",ONE#NIGHT#ULTIMATE#WEREWOLF#6##November#6th#2016_Game1,"[""Caitlynn"", ""Mitchell"", ""Alana"", ""Mike""]","[""Robber"", ""Werewolf"", ""Troublemaker"", ""Werewolf""]",True,player,"[""Mitchell"", ""Mike""]",player_vote,Caitlynn,Caitlynn,Caitlynn,0.0,Robber,False,False
C:\Users\annab\Documents\GitHub\masters_thesis_sdg\results\voting\unsloth_gemma-4-31B-it-unsloth-bnb-4bit\prompt_v4_run_2\Youtube\ONE#NIGHT#ULTIMATE#WEREWOLF#6##November#6th#2016_Game2.json,run_2,2,stochastic,1.0,prompt_v4_run_2,Youtube,ONE#NIGHT#ULTIMATE#WEREWOLF#6##November#6th#2016,Game2,Youtube / ONE#NIGHT#ULTIMATE#WEREWOLF#6##November#6th#2016 / Game2,Mitchell,"Mitchell explicitly confesses to being the Werewolf twice during the discussion (lines 100 and 105), stating, 'I was the werewolf.' While there is significant confusion regarding role swaps involving the Robber and Troublemaker, a direct confession in this game format is the strongest indicator of a player's role. Although Caitlynn jokingly suggests she be killed, Mitchell's admission is a clear signal for the Village to vote him out to secure a win.",ONE#NIGHT#ULTIMATE#WEREWOLF#6##November#6th#2016_Game2,"[""Caitlynn"", ""Mitchell"", ""Alana"", ""Mike""]","[""Werewolf"", ""Robber"", ""Seer"", ""Troublemaker""]",True,player,"[""Caitlynn""]",player_vote,Mitchell,Mitchell,Mitchell,1.0,Robber,False,False
C:\Users\annab\Documents\GitHub\masters_thesis_sdg\results\voting\unsloth_gemma-4-31B-it-unsloth-bnb-4bit\prompt_v4_run_2\Youtube\ONE#NIGHT#ULTIMATE#WEREWOLF#62##March#23rd#2019_Game1.json,run_2,2,stochastic,1.0,prompt_v4_run_2,Youtube,ONE#NIGHT#ULTIMATE#WEREWOLF#62##March#23rd#2019,Game1,Youtube / ONE#NIGHT#ULTIMATE#WEREWOLF#62##March#23rd#2019 / Game1,James,"James claims he was the Seer, and Paul claims he is currently the Seer. Mitchell, the Troublemaker, confirms he swapped James and Paul. If James was the Seer and Paul was the Werewolf, the swap would make James the Werewolf and Paul the Seer, which aligns with both of their claims (James was the Seer, Paul is now the Seer). Justin's inconsistent claims and James's observation suggest Justin is the Tanner, leaving James as the most likely Werewolf after the swap.",ONE#NIGHT#ULTIMATE#WEREWOLF#62##March#23rd#2019_Game1,"[""Justin"", ""James"", ""Paul"", ""Mitchell""]","[""Werewolf"", ""Seer"", ""Tanner"", ""Troublemaker""]",True,player,"[""Justin""]",player_vote,James,James,James,1.0,Seer,False,False
C:\Users\annab\Documents\GitHub\masters_thesis_sdg\results\voting\unsloth_gemma-4-31B-it-unsloth-bnb-4bit\prompt_v4_run_2\Youtube\ONE#NIGHT#ULTIMATE#WEREWOLF#62##March#23rd#2019_Game2.json,run_2,2,stochastic,1.0,prompt_v4_run_2,Youtube,ONE#NIGHT#ULTIMATE#WEREWOLF#62##March#23rd#2019,Game2,Youtube / ONE#NIGHT#ULTIMATE#WEREWOLF#62##March#23rd#2019 / Game2,James,"Justin's immediate reaction during the night phase ('Yay, Troublemaker') strongly indicates he was the starting Troublemaker. James later claims to be the Troublemaker and says he swapped Justin and Mitchell, which is a direct contradiction and a blatant lie. Paul's request to be killed ('Actually you need to kill me') is a classic signal of the Tanner role. Therefore, James is the most likely Werewolf or Minion, as he is lying about his role to divert suspicion.",ONE#NIGHT#ULTIMATE#WEREWOLF#62##March#23rd#2019_Game2,"[""Justin"", ""James"", ""Paul"", ""Mitchell""]","[""Seer"", ""Troublemaker"", ""Werewolf"", ""Tanner""]",True,player,"[""Paul""]",player_vote,James,James,James,1.0,Troublemaker,False,False
C:\Users\annab\Documents\GitHub\masters_thesis_sdg\results\voting\unsloth_gemma-4-31B-it-unsloth-bnb-4bit\prompt_v4_run_2\Youtube\ONE#NIGHT#ULTIMATE#WEREWOLF#63##March#23rd#2019_Game1.json,run_2,2,stochastic,1.0,prompt_v4_run_2,Youtube,ONE#NIGHT#ULTIMATE#WEREWOLF#63##March#23rd#2019,Game1,Youtube / ONE#NIGHT#ULTIMATE#WEREWOLF#63##March#23rd#2019 / Game1,Justin,"Justin's claims are highly contradictory: he first claims to be the Robber, then admits to being a Werewolf, and finally claims he saw two Werewolves in the center. This erratic behavior is typical of a Werewolf attempting to confuse the group or a Tanner attempting to be voted out. Given that Mitchell claims to be the Robber who robbed James (the Seer) and Paul claims to be the Troublemaker, Justin is the most likely candidate to be the Werewolf.",ONE#NIGHT#ULTIMATE#WEREWOLF#63##March#23rd#2019_Game1,"[""Justin"", ""James"", ""Paul"", ""Mitchell""]","[""Tanner"", ""Werewolf"", ""Robber"", ""Werewolf""]",True,player,"[""James"", ""Mitchell""]",player_vote,Justin,Justin,Justin,0.0,Tanner,False,False
C:\Users\annab\Documents\GitHub\masters_thesis_sdg\results\voting\unsloth_gemma-4-31B-it-unsloth-bnb-4bit\prompt_v4_run_2\Youtube\ONE#NIGHT#ULTIMATE#WEREWOLF#64##March#23rd#2019_Game3.json,run_2,2,stochastic,1.0,prompt_v4_run_2,Youtube,ONE#NIGHT#ULTIMATE#WEREWOLF#64##March#23rd#2019,Game3,Youtube / ONE#NIGHT#ULTIMATE#WEREWOLF#64##March#23rd#2019 / Game3,Justin,"Justin explicitly admits to being a Werewolf ('I was a werewolf'). While James also claims to be a Werewolf, his behavior—begging the group to vote him out—is highly characteristic of the Tanner role. Mitchell's claims are contradictory, shifting from being the Seer who saw a Werewolf in the center to claiming he was a Werewolf himself. Therefore, Justin is the most reliable target for Team Village.",ONE#NIGHT#ULTIMATE#WEREWOLF#64##March#23rd#2019_Game3,"[""Justin"", ""James"", ""Paul"", ""Mitchell""]","[""Robber"", ""Werewolf"", ""Troublemaker"", ""Tanner""]",True,player,"[""James""]",player_vote,Justin,Justin,Justin,0.0,Robber,False,False
C:\Users\annab\Documents\GitHub\masters_thesis_sdg\results\voting\unsloth_gemma-4-31B-it-unsloth-bnb-4bit\prompt_v4_run_2\Youtube\ONE#NIGHT#ULTIMATE#WEREWOLF#64##March#23rd#2019_Game4.json,run_2,2,stochastic,1.0,prompt_v4_run_2,Youtube,ONE#NIGHT#ULTIMATE#WEREWOLF#64##March#23rd#2019,Game4,Youtube / ONE#NIGHT#ULTIMATE#WEREWOLF#64##March#23rd#2019 / Game4,Paul,"James is highly suspicious due to his fake Seer claim; both Justin and Paul noted that his physical actions during the Night phase did not match the behavior of a Seer looking at center cards. Justin claims to be the Troublemaker and states that he swapped the cards of James and Paul. If James was the starting Werewolf and Justin is the Troublemaker, the swap would make Paul the final Werewolf. Since James is aggressively pushing the vote toward Paul and Justin agrees, the most consistent conclusion is that Paul currently holds the Werewolf card.",ONE#NIGHT#ULTIMATE#WEREWOLF#64##March#23rd#2019_Game4,"[""Justin"", ""James"", ""Paul"", ""Mitchell""]","[""Werewolf"", ""Robber"", ""Werewolf"", ""Seer""]",True,player,"[""Justin"", ""Paul""]",player_vote,Paul,Paul,Paul,2.0,Werewolf,True,False
C:\Users\annab\Documents\GitHub\masters_thesis_sdg\results\voting\unsloth_gemma-4-31B-it-unsloth-bnb-4bit\prompt_v4_run_2\Youtube\ONE#NIGHT#ULTIMATE#WEREWOLF#64##March#23rd#2019_Game5.json,run_2,2,stochastic,1.0,prompt_v4_run_2,Youtube,ONE#NIGHT#ULTIMATE#WEREWOLF#64##March#23rd#2019,Game5,Youtube / ONE#NIGHT#ULTIMATE#WEREWOLF#64##March#23rd#2019 / Game5,Paul,"James admits to being a Werewolf ('I was a werewolf. I was alone'), and Paul subsequently claims to have robbed James ('I robbed from James'). According to the game rules, the Robber swaps their card with another player's card and takes on that role. If both claims are true, Paul has taken the Werewolf card from James and is now the Werewolf. While Justin claims to be the Tanner, this would mean Paul (the Werewolf) is attempting to divert suspicion toward Justin, which is consistent with the Werewolf's goal.",ONE#NIGHT#ULTIMATE#WEREWOLF#64##March#23rd#2019_Game5,"[""Justin"", ""James"", ""Paul"", ""Mitchell""]","[""Werewolf"", ""Robber"", ""Seer"", ""Troublemaker""]",True,player,"[""Justin""]",player_vote,Paul,Paul,Paul,2.0,Seer,False,False
C:\Users\annab\Documents\GitHub\masters_thesis_sdg\results\voting\unsloth_gemma-4-31B-it-unsloth-bnb-4bit\prompt_v4_run_2\Youtube\ONE#NIGHT#ULTIMATE#WEREWOLF#7##November#6th#2016_Game1.json,run_2,2,stochastic,1.0,prompt_v4_run_2,Youtube,ONE#NIGHT#ULTIMATE#WEREWOLF#7##November#6th#2016,Game1,Youtube / ONE#NIGHT#ULTIMATE#WEREWOLF#7##November#6th#2016 / Game1,Alana,"Caitlynn admitted to starting as the Werewolf. Mitchell claimed to be the Troublemaker and stated he swapped Caitlynn with Alana. Alana accepted this logic and concluded that she is now the Werewolf, repeatedly asking to be voted out. Despite some confusion regarding the Robber's actions, the players converged on the conclusion that Alana currently holds the Werewolf card.",ONE#NIGHT#ULTIMATE#WEREWOLF#7##November#6th#2016_Game1,"[""Caitlynn"", ""Mitchell"", ""Alana"", ""Mike""]","[""Troublemaker"", ""Robber"", ""Werewolf"", ""Villager""]",True,player,"[""Alana""]",player_vote,Alana,Alana,Alana,2.0,Werewolf,True,False
C:\Users\annab\Documents\GitHub\masters_thesis_sdg\results\voting\unsloth_gemma-4-31B-it-unsloth-bnb-4bit\prompt_v4_run_2\Youtube\ONE#NIGHT#ULTIMATE#WEREWOLF#7##November#6th#2016_Game2.json,run_2,2,stochastic,1.0,prompt_v4_run_2,Youtube,ONE#NIGHT#ULTIMATE#WEREWOLF#7##November#6th#2016,Game2,Youtube / ONE#NIGHT#ULTIMATE#WEREWOLF#7##November#6th#2016 / Game2,Caitlynn,"Mike claims to have been the Seer and saw a Werewolf and a Drunk in the center. Mitchell claims to have been the Robber and robbed Mike, effectively confirming Mike's starting role as the Seer. Mike suggests that since he saw one Werewolf in the center, there may still be another Werewolf among the players (implying two Werewolves in the game). Mitchell and Mike both conclude that Caitlynn is the most likely Werewolf based on her behavior and claims during the discussion.",ONE#NIGHT#ULTIMATE#WEREWOLF#7##November#6th#2016_Game2,"[""Caitlynn"", ""Mitchell"", ""Alana"", ""Mike""]","[""Tanner"", ""Seer"", ""Werewolf"", ""Robber""]",True,player,"[""Alana""]",player_vote,Caitlynn,Caitlynn,Caitlynn,0.0,Tanner,False,False
C:\Users\annab\Documents\GitHub\masters_thesis_sdg\results\voting\unsloth_gemma-4-31B-it-unsloth-bnb-4bit\prompt_v4_run_2\Youtube\ONE#NIGHT#ULTIMATE#WEREWOLF#7##November#6th#2016_Game3.json,run_2,2,stochastic,1.0,prompt_v4_run_2,Youtube,ONE#NIGHT#ULTIMATE#WEREWOLF#7##November#6th#2016,Game3,Youtube / ONE#NIGHT#ULTIMATE#WEREWOLF#7##November#6th#2016 / Game3,Mitchell,"Mitchell's claims are highly contradictory. He first claimed to have seen Mike's card and confirmed Mike was the Robber (implying he was the Seer or Robber), then later claimed he was the Tanner, and finally pivoted to urging the group to vote for Alana. This erratic behavior—switching from a role with information to a role that wants to die, and then trying to divert suspicion to a quiet player—is strongly indicative of a Werewolf attempting to deceive the group.",ONE#NIGHT#ULTIMATE#WEREWOLF#7##November#6th#2016_Game3,"[""Caitlynn"", ""Mitchell"", ""Alana"", ""Mike""]","[""Werewolf"", ""Werewolf"", ""Troublemaker"", ""Tanner""]",True,player,"[""Caitlynn"", ""Mitchell""]",player_vote,Mitchell,Mitchell,Mitchell,1.0,Werewolf,True,False
C:\Users\annab\Documents\GitHub\masters_thesis_sdg\results\voting\unsloth_gemma-4-31B-it-unsloth-bnb-4bit\prompt_v4_run_2\Youtube\ONE#NIGHT#ULTIMATE#WEREWOLF#7##November#6th#2016_Game4.json,run_2,2,stochastic,1.0,prompt_v4_run_2,Youtube,ONE#NIGHT#ULTIMATE#WEREWOLF#7##November#6th#2016,Game4,Youtube / ONE#NIGHT#ULTIMATE#WEREWOLF#7##November#6th#2016 / Game4,Caitlynn,"Alana claims to be the Seer and initially suspects Mitchell, but later shifts her target to Caitlynn, stating that Caitlynn was a werewolf and is now pretending to be the Troublemaker. Mitchell, claiming to be the Insomniac, also strongly supports voting for Caitlynn. Since Alana and Mitchell have converged on Caitlynn as the most likely Werewolf, and Caitlynn has not provided a clear role claim of her own, she is the most probable target for Team Village.",ONE#NIGHT#ULTIMATE#WEREWOLF#7##November#6th#2016_Game4,"[""Caitlynn"", ""Mitchell"", ""Alana"", ""Mike""]","[""Werewolf"", ""Werewolf"", ""Troublemaker"", ""Tanner""]",True,player,"[""Caitlynn"", ""Mitchell""]",player_vote,Caitlynn,Caitlynn,Caitlynn,0.0,Werewolf,True,False
C:\Users\annab\Documents\GitHub\masters_thesis_sdg\results\voting\unsloth_gemma-4-31B-it-unsloth-bnb-4bit\prompt_v4_run_2\Youtube\ONE#NIGHT#ULTIMATE#WEREWOLF#8##November#6th#2016_Game1.json,run_2,2,stochastic,1.0,prompt_v4_run_2,Youtube,ONE#NIGHT#ULTIMATE#WEREWOLF#8##November#6th#2016,Game1,Youtube / ONE#NIGHT#ULTIMATE#WEREWOLF#8##November#6th#2016 / Game1,Mitchell,"Mitchell made several contradictory claims throughout the discussion, first claiming to be the Tanner, then the Seer, and finally admitting to being the Werewolf. While he may have been bluffing or attempting to confuse the other players, his explicit admission ('I'm the werewolf') makes him the primary suspect. Even considering Matt's claim to have robbed Mitchell, Mitchell's final claim to be the Werewolf suggests he currently holds the role, making him the most viable target for Team Village.",ONE#NIGHT#ULTIMATE#WEREWOLF#8##November#6th#2016_Game1,"[""Matt"", ""Caitlynn"", ""Mitchell"", ""Alana"", ""Mike""]","[""Robber"", ""Werewolf"", ""Tanner"", ""Insomniac"", ""Troublemaker""]",True,player,"[""Caitlynn""]",player_vote,Mitchell,Mitchell,Mitchell,2.0,Tanner,False,False
C:\Users\annab\Documents\GitHub\masters_thesis_sdg\results\voting\unsloth_gemma-4-31B-it-unsloth-bnb-4bit\prompt_v4_run_2\Youtube\ONE#NIGHT#ULTIMATE#WEREWOLF#8##November#6th#2016_Game4.json,run_2,2,stochastic,1.0,prompt_v4_run_2,Youtube,ONE#NIGHT#ULTIMATE#WEREWOLF#8##November#6th#2016,Game4,Youtube / ONE#NIGHT#ULTIMATE#WEREWOLF#8##November#6th#2016 / Game4,Mike,"Mike's claims are highly contradictory and suspicious. He claims to be the Troublemaker ([33]), then suggests he is the Seer ([36]), and in a short span of time, he asks Alana if she was the Tanner ([41]) while simultaneously claiming he thinks she is the Werewolf ([49]). This level of inconsistency and the attempt to claim multiple roles suggest he is bluffing to create confusion, which is typical behavior for a Werewolf.",ONE#NIGHT#ULTIMATE#WEREWOLF#8##November#6th#2016_Game4,"[""Matt"", ""Caitlynn"", ""Mitchell"", ""Alana"", ""Mike""]","[""Tanner"", ""Seer"", ""Werewolf"", ""Insomniac"", ""Troublemaker""]",True,player,"[""Mitchell""]",player_vote,Mike,Mike,Mike,4.0,Troublemaker,False,False
C:\Users\annab\Documents\GitHub\masters_thesis_sdg\results\voting\unsloth_gemma-4-31B-it-unsloth-bnb-4bit\prompt_v4_run_2\Youtube\ONE#NIGHT#ULTIMATE#WEREWOLF#83##October#15th#2019_Game2.json,run_2,2,stochastic,1.0,prompt_v4_run_2,Youtube,ONE#NIGHT#ULTIMATE#WEREWOLF#83##October#15th#2019,Game2,Youtube / ONE#NIGHT#ULTIMATE#WEREWOLF#83##October#15th#2019 / Game2,Caitlynn,"Mike's claims are logically consistent with the game's mechanics: he states he 'was' the werewolf but now Caitlynn is, which suggests he was the Robber who robbed the Werewolf (Caitlynn) and was subsequently swapped back by the Troublemaker (Meghan). Caitlynn's claim that she robbed Mike and saw the Tanner is likely a bluff to avoid elimination, as she is the most probable final Werewolf in this scenario. Justin's claim as the Seer and Meghan's claim as the Troublemaker provide a consistent framework for this outcome.",ONE#NIGHT#ULTIMATE#WEREWOLF#83##October#15th#2019_Game2,"[""Justin"", ""Meghan"", ""Caitlynn"", ""Mike""]","[""Werewolf"", ""Troublemaker"", ""Robber"", ""Tanner""]",True,player,"[""Justin""]",player_vote,Caitlynn,Caitlynn,Caitlynn,2.0,Robber,False,False
C:\Users\annab\Documents\GitHub\masters_thesis_sdg\results\voting\unsloth_gemma-4-31B-it-unsloth-bnb-4bit\prompt_v4_run_2\Youtube\ONE#NIGHT#ULTIMATE#WEREWOLF#83##October#15th#2019_Game3.json,run_2,2,stochastic,1.0,prompt_v4_run_2,Youtube,ONE#NIGHT#ULTIMATE#WEREWOLF#83##October#15th#2019,Game3,Youtube / ONE#NIGHT#ULTIMATE#WEREWOLF#83##October#15th#2019 / Game3,Mike,"Mike explicitly admits to being a Werewolf twice during the discussion, stating 'I was a regular werewolf' and 'We killed one of you'. While he later attempts to divert the vote toward Meghan, his direct admissions are the strongest evidence of his role. Justin's attempt to label Mike as the Troublemaker may be a bluff to protect him, potentially as a Minion.",ONE#NIGHT#ULTIMATE#WEREWOLF#83##October#15th#2019_Game3,"[""Justin"", ""Meghan"", ""Caitlynn"", ""Mike""]","[""Troublemaker"", ""Werewolf"", ""Tanner"", ""Robber""]",True,player,"[""Meghan""]",player_vote,Mike,Mike,Mike,3.0,Robber,False,False
C:\Users\annab\Documents\GitHub\masters_thesis_sdg\results\voting\unsloth_gemma-4-31B-it-unsloth-bnb-4bit\prompt_v4_run_2\Youtube\ONE#NIGHT#ULTIMATE#WEREWOLF#86##November#9th#2019_Game1.json,run_2,2,stochastic,1.0,prompt_v4_run_2,Youtube,ONE#NIGHT#ULTIMATE#WEREWOLF#86##November#9th#2019,Game1,Youtube / ONE#NIGHT#ULTIMATE#WEREWOLF#86##November#9th#2019 / Game1,Paul,"Mike is highly suspicious due to his contradictory claims about being the Seer and Copycat, specifically regarding whether he saw a werewolf in the center. Justin claims to be the Troublemaker and states he switched Mike with Paul. If Mike was the Werewolf and was switched with Paul, Paul is now the Werewolf. Therefore, voting for Paul is the most logical move to ensure a Werewolf is eliminated.",ONE#NIGHT#ULTIMATE#WEREWOLF#86##November#9th#2019_Game1,"[""Justin"", ""Mitchell"", ""Paul"", ""Mike""]","[""Robber"", ""Werewolf"", ""Werewolf"", ""Troublemaker""]",True,player,"[""Mitchell"", ""Paul""]",player_vote,Paul,Paul,Paul,2.0,Werewolf,True,False
C:\Users\annab\Documents\GitHub\masters_thesis_sdg\results\voting\unsloth_gemma-4-31B-it-unsloth-bnb-4bit\prompt_v4_run_2\Youtube\ONE#NIGHT#ULTIMATE#WEREWOLF#86##November#9th#2019_Game3.json,run_2,2,stochastic,1.0,prompt_v4_run_2,Youtube,ONE#NIGHT#ULTIMATE#WEREWOLF#86##November#9th#2019,Game3,Youtube / ONE#NIGHT#ULTIMATE#WEREWOLF#86##November#9th#2019 / Game3,Justin,"Justin's claims are highly contradictory; he first claims to be the Troublemaker, then the Robber, and repeatedly states he 'robbed from Justin' (himself) before finally claiming he robbed Paul. This pattern of inconsistent bluffing is characteristic of a Werewolf attempting to divert suspicion. While Mitchell admits to being a Werewolf, such a blatant admission in this game often indicates a Tanner attempting to be voted out or a chaotic bluff, whereas Justin's erratic behavior is more indicative of a Werewolf's deception.",ONE#NIGHT#ULTIMATE#WEREWOLF#86##November#9th#2019_Game3,"[""Justin"", ""Mitchell"", ""Paul"", ""Mike""]","[""Troublemaker"", ""Robber"", ""Werewolf"", ""Werewolf""]",True,player,"[""Paul"", ""Mike""]",player_vote,Justin,Justin,Justin,0.0,Troublemaker,False,False
C:\Users\annab\Documents\GitHub\masters_thesis_sdg\results\voting\unsloth_gemma-4-31B-it-unsloth-bnb-4bit\prompt_v4_run_2\Youtube\ONE#NIGHT#ULTIMATE#WEREWOLF#86##November#9th#2019_Game4.json,run_2,2,stochastic,1.0,prompt_v4_run_2,Youtube,ONE#NIGHT#ULTIMATE#WEREWOLF#86##November#9th#2019,Game4,Youtube / ONE#NIGHT#ULTIMATE#WEREWOLF#86##November#9th#2019 / Game4,Mike,"Paul claims to be the Seer and saw Mitchell as a Werewolf. Justin claims to be the Troublemaker and states he swapped Mitchell and Mike. If these claims are true, the Werewolf role was moved from Mitchell to Mike. Mike's claim to be the Tanner further supports this, as the Tanner often attempts to attract votes, and if he was swapped with the Werewolf, he would now be the Werewolf while Mitchell became the Tanner.",ONE#NIGHT#ULTIMATE#WEREWOLF#86##November#9th#2019_Game4,"[""Justin"", ""Mitchell"", ""Paul"", ""Mike""]","[""Troublemaker"", ""Tanner"", ""Seer"", ""Werewolf""]",True,player,"[""Mike""]",player_vote,Mike,Mike,Mike,3.0,Werewolf,True,False
C:\Users\annab\Documents\GitHub\masters_thesis_sdg\results\voting\unsloth_gemma-4-31B-it-unsloth-bnb-4bit\prompt_v4_run_2\Youtube\ONE#NIGHT#ULTIMATE#WEREWOLF#87##November#9th#2019_Game1.json,run_2,2,stochastic,1.0,prompt_v4_run_2,Youtube,ONE#NIGHT#ULTIMATE#WEREWOLF#87##November#9th#2019,Game1,Youtube / ONE#NIGHT#ULTIMATE#WEREWOLF#87##November#9th#2019 / Game1,Mitchell,"Paul claims to be the Seer and identified Mitchell as the Robber. Mitchell claims to be the Robber but remains evasive about who he robbed, which is typical behavior for a Werewolf. Mike claims to be the Troublemaker and describes a swap between Justin and Paul; if these claims are true, Mitchell likely ended the night as a Werewolf by either robbing a Werewolf (Justin) or being the Doppelganger who copied a Werewolf card. Mitchell's vagueness and the combined claims of Paul and Mike make him the most likely Werewolf.",ONE#NIGHT#ULTIMATE#WEREWOLF#87##November#9th#2019_Game1,"[""Justin"", ""Mitchell"", ""Paul"", ""Mike""]","[""Werewolf"", ""Robber"", ""Werewolf"", ""Troublemaker""]",True,player,"[""Justin"", ""Paul""]",player_vote,Mitchell,Mitchell,Mitchell,1.0,Robber,False,False
C:\Users\annab\Documents\GitHub\masters_thesis_sdg\results\voting\unsloth_gemma-4-31B-it-unsloth-bnb-4bit\prompt_v4_run_2\Youtube\ONE#NIGHT#ULTIMATE#WEREWOLF#87##November#9th#2019_Game2.json,run_2,2,stochastic,1.0,prompt_v4_run_2,Youtube,ONE#NIGHT#ULTIMATE#WEREWOLF#87##November#9th#2019,Game2,Youtube / ONE#NIGHT#ULTIMATE#WEREWOLF#87##November#9th#2019 / Game2,Paul,"Paul explicitly admits to starting as a Werewolf ('I was a werewolf'). Mike, claiming to be the Seer, states he saw one Werewolf in the center, which suggests Paul is the only Werewolf currently in play. Justin, claiming to be the Troublemaker, asserts that he did not switch any cards, meaning Paul's role remained unchanged. While Paul's behavior of begging for votes is characteristic of a Tanner, the most direct evidence points to him being the Werewolf.",ONE#NIGHT#ULTIMATE#WEREWOLF#87##November#9th#2019_Game2,"[""Justin"", ""Mitchell"", ""Paul"", ""Mike""]","[""Robber"", ""Troublemaker"", ""Werewolf"", ""Tanner""]",True,player,"[""Paul""]",player_vote,Paul,Paul,Paul,2.0,Werewolf,True,False
C:\Users\annab\Documents\GitHub\masters_thesis_sdg\results\voting\unsloth_gemma-4-31B-it-unsloth-bnb-4bit\prompt_v4_run_2\Youtube\ONE#NIGHT#ULTIMATE#WEREWOLF#89##November#30th#2019_Game2.json,run_2,2,stochastic,1.0,prompt_v4_run_2,Youtube,ONE#NIGHT#ULTIMATE#WEREWOLF#89##November#30th#2019,Game2,Youtube / ONE#NIGHT#ULTIMATE#WEREWOLF#89##November#30th#2019 / Game2,James,"Justin is almost certainly the Tanner, as he explicitly claims the role and repeatedly encourages the other players to vote for him. James is aggressively pushing the vote toward Justin, which is a common strategy for a Werewolf attempting to trick the Village into voting out the Tanner to secure a win. Paul and Mitchell's claims are consistent with Village-aligned roles, leaving James as the most likely Werewolf who is lying about being the Troublemaker.",ONE#NIGHT#ULTIMATE#WEREWOLF#89##November#30th#2019_Game2,"[""Justin"", ""Mitchell"", ""Paul"", ""James""]","[""Werewolf"", ""Werewolf"", ""Robber"", ""Troublemaker""]",True,player,"[""Justin"", ""Mitchell""]",player_vote,James,James,James,3.0,Troublemaker,False,False
C:\Users\annab\Documents\GitHub\masters_thesis_sdg\results\voting\unsloth_gemma-4-31B-it-unsloth-bnb-4bit\prompt_v4_run_2\Youtube\ONE#NIGHT#ULTIMATE#WEREWOLF#89##November#30th#2019_Game3.json,run_2,2,stochastic,1.0,prompt_v4_run_2,Youtube,ONE#NIGHT#ULTIMATE#WEREWOLF#89##November#30th#2019,Game3,Youtube / ONE#NIGHT#ULTIMATE#WEREWOLF#89##November#30th#2019 / Game3,Mitchell,"Mitchell explicitly claims to be a werewolf, stating he is '100% sure' and offering to bet money on it. While James also makes claims about werewolves and eventually asks to be voted out, his behavior (begging to be eliminated and voting for himself) is highly characteristic of the Tanner role. Since the Tanner wins if they are eliminated and the Werewolf wins if they survive, Mitchell's claim to be a werewolf followed by his plea not to be voted out strongly suggests he is the actual Werewolf.",ONE#NIGHT#ULTIMATE#WEREWOLF#89##November#30th#2019_Game3,"[""Justin"", ""Mitchell"", ""Paul"", ""James""]","[""Robber"", ""Werewolf"", ""Werewolf"", ""Troublemaker""]",True,player,"[""Mitchell"", ""Paul""]",player_vote,Mitchell,Mitchell,Mitchell,1.0,Werewolf,True,False
C:\Users\annab\Documents\GitHub\masters_thesis_sdg\results\voting\unsloth_gemma-4-31B-it-unsloth-bnb-4bit\prompt_v4_run_2\Youtube\ONE#NIGHT#ULTIMATE#WEREWOLF#9##November#6th#2016_Game1.json,run_2,2,stochastic,1.0,prompt_v4_run_2,Youtube,ONE#NIGHT#ULTIMATE#WEREWOLF#9##November#6th#2016,Game1,Youtube / ONE#NIGHT#ULTIMATE#WEREWOLF#9##November#6th#2016 / Game1,Caitlynn,"Mitchell claims to be the Seer and Mike claims to be the Insomniac, both of whom are Village-aligned roles. They have reached a consensus to vote for Caitlynn, who has remained largely silent throughout the discussion. Alana's behavior—claiming to be the Troublemaker, contradicting Mike's role, and then admitting she 'fell into a trap'—is consistent with a Minion attempting to protect the Werewolf by creating confusion and diverting suspicion. Therefore, Caitlynn is the most likely Werewolf.",ONE#NIGHT#ULTIMATE#WEREWOLF#9##November#6th#2016_Game1,"[""Caitlynn"", ""Mitchell"", ""Alana"", ""Mike""]","[""Tanner"", ""Seer"", ""Werewolf"", ""Insomniac""]",True,player,"[""Alana""]",player_vote,Caitlynn,Caitlynn,Caitlynn,0.0,Tanner,False,False
C:\Users\annab\Documents\GitHub\masters_thesis_sdg\results\voting\unsloth_gemma-4-31B-it-unsloth-bnb-4bit\prompt_v4_run_2\Youtube\ONE#NIGHT#ULTIMATE#WEREWOLF#9##November#6th#2016_Game2.json,run_2,2,stochastic,1.0,prompt_v4_run_2,Youtube,ONE#NIGHT#ULTIMATE#WEREWOLF#9##November#6th#2016,Game2,Youtube / ONE#NIGHT#ULTIMATE#WEREWOLF#9##November#6th#2016 / Game2,Alana,"Caitlynn, Mitchell, and Mike all claimed power roles (Seer, Robber, and Troublemaker, respectively), while Alana made no such claim. Caitlynn specifically suggested voting out Alana based on information she saw in the center as the Seer. Given that the other three players have claimed roles that align with Team Village, Alana is the most likely candidate to be the Werewolf.",ONE#NIGHT#ULTIMATE#WEREWOLF#9##November#6th#2016_Game2,"[""Caitlynn"", ""Mitchell"", ""Alana"", ""Mike""]","[""Seer"", ""Troublemaker"", ""Werewolf"", ""Robber""]",True,player,"[""Alana""]",player_vote,Alana,Alana,Alana,2.0,Werewolf,True,False
C:\Users\annab\Documents\GitHub\masters_thesis_sdg\results\voting\unsloth_gemma-4-31B-it-unsloth-bnb-4bit\prompt_v4_run_2\Youtube\ONE#NIGHT#ULTIMATE#WEREWOLF#9##November#6th#2016_Game3.json,run_2,2,stochastic,1.0,prompt_v4_run_2,Youtube,ONE#NIGHT#ULTIMATE#WEREWOLF#9##November#6th#2016,Game3,Youtube / ONE#NIGHT#ULTIMATE#WEREWOLF#9##November#6th#2016 / Game3,Mike,"Alana, Mitchell, and Caitlynn have a consistent and interlocking story: Caitlynn (Seer) saw Mitchell as the Robber, and Mitchell (Robber) swapped cards with Alana (Insomniac), leaving Mitchell as the Insomniac and Alana as the Robber. Mike claimed to be the Insomniac, which directly contradicts the roles held by Alana and Mitchell. Because Mike is lying about his role and exhibiting nervous behavior, he is the most likely candidate to be the Werewolf.",ONE#NIGHT#ULTIMATE#WEREWOLF#9##November#6th#2016_Game3,"[""Caitlynn"", ""Mitchell"", ""Alana"", ""Mike""]","[""Werewolf"", ""Insomniac"", ""Robber"", ""Werewolf""]",True,player,"[""Caitlynn"", ""Mike""]",player_vote,Mike,Mike,Mike,3.0,Werewolf,True,False
C:\Users\annab\Documents\GitHub\masters_thesis_sdg\results\voting\unsloth_gemma-4-31B-it-unsloth-bnb-4bit\prompt_v4_run_2\Youtube\ONE#NIGHT#ULTIMATE#WEREWOLF#9##November#6th#2016_Game4.json,run_2,2,stochastic,1.0,prompt_v4_run_2,Youtube,ONE#NIGHT#ULTIMATE#WEREWOLF#9##November#6th#2016,Game4,Youtube / ONE#NIGHT#ULTIMATE#WEREWOLF#9##November#6th#2016 / Game4,Mike,"Mike's claims are logically inconsistent with the game rules. He claims to be the Robber and states that he stole from Mitchell, which would mean he became the Troublemaker (since he confirms Mitchell is the Troublemaker). However, he later insists, 'I'm still robber,' which is impossible if he had successfully stolen another player's card. This contradiction suggests he is lying about his role to divert suspicion and frame Mitchell, a common strategy for a Werewolf.",ONE#NIGHT#ULTIMATE#WEREWOLF#9##November#6th#2016_Game4,"[""Caitlynn"", ""Mitchell"", ""Alana"", ""Mike""]","[""Insomniac"", ""Troublemaker"", ""Werewolf"", ""Seer""]",True,player,"[""Alana""]",player_vote,Mike,Mike,Mike,3.0,Seer,False,False
C:\Users\annab\Documents\GitHub\masters_thesis_sdg\results\voting\unsloth_gemma-4-31B-it-unsloth-bnb-4bit\prompt_v4_run_2\Youtube\One#Night#Ultimate#Werewolf#GAME#NIGHT!!_Game2.json,run_2,2,stochastic,1.0,prompt_v4_run_2,Youtube,One#Night#Ultimate#Werewolf#GAME#NIGHT!!,Game2,Youtube / One#Night#Ultimate#Werewolf#GAME#NIGHT!! / Game2,Shane,"Shane claimed to be the Robber and stated that he swapped cards with Eric. Eric admitted that he was the starting Werewolf, which means that after the swap, Shane became the Werewolf. Shane explicitly confessed to being the Werewolf at the end of the discussion, making him the primary target for Team Village.",One#Night#Ultimate#Werewolf#GAME#NIGHT!!_Game2,"[""Eric"", ""Shane"", ""Calvin"", ""Aaron"", ""Rick""]","[""Robber"", ""Werewolf"", ""Villager"", ""Seer"", ""Villager""]",True,player,"[""Shane""]",player_vote,Shane,Shane,Shane,1.0,Werewolf,True,False
C:\Users\annab\Documents\GitHub\masters_thesis_sdg\results\voting\unsloth_gemma-4-31B-it-unsloth-bnb-4bit\prompt_v4_run_2\Youtube\Retrovision##ONE#NIGHT#ULTIMATE#WEREWOLF##Retro#7_Game1.json,run_2,2,stochastic,1.0,prompt_v4_run_2,Youtube,Retrovision##ONE#NIGHT#ULTIMATE#WEREWOLF##Retro#7,Game1,Youtube / Retrovision##ONE#NIGHT#ULTIMATE#WEREWOLF##Retro#7 / Game1,Paul,"Justin claims to be the Seer and states he saw the Troublemaker card in the center. Paul claims to be the Troublemaker, which directly contradicts Justin's information. Eric, claiming to be the Robber, supports Justin's truthfulness. Since Justin and Eric's claims align and contradict Paul's, Paul is the most likely candidate to be the Werewolf bluffing as the Troublemaker.",Retrovision##ONE#NIGHT#ULTIMATE#WEREWOLF##Retro#7_Game1,"[""Justin"", ""Eric"", ""Paul"", ""Mitchell"", ""Mike""]","[""Seer"", ""Werewolf"", ""Werewolf"", ""Robber"", ""Villager""]",True,player,"[""Eric"", ""Paul""]",player_vote,Paul,Paul,Paul,2.0,Werewolf,True,False
C:\Users\annab\Documents\GitHub\masters_thesis_sdg\results\voting\unsloth_gemma-4-31B-it-unsloth-bnb-4bit\prompt_v4_run_2\Youtube\Retrovision##ONE#NIGHT#ULTIMATE#WEREWOLF##Retro#7_Game2.json,run_2,2,stochastic,1.0,prompt_v4_run_2,Youtube,Retrovision##ONE#NIGHT#ULTIMATE#WEREWOLF##Retro#7,Game2,Youtube / Retrovision##ONE#NIGHT#ULTIMATE#WEREWOLF##Retro#7 / Game2,Mike,"Mike explicitly admitted to being the Werewolf multiple times during the discussion. Eric, claiming to be the Seer, stated that one Werewolf card was in the center, which implies that if Mike is a Werewolf, he is the only one among the players. Although Paul's claims about his role were inconsistent, Mike's direct admission makes him the primary target for Team Village to win.",Retrovision##ONE#NIGHT#ULTIMATE#WEREWOLF##Retro#7_Game2,"[""Justin"", ""Eric"", ""Paul"", ""Mitchell"", ""Mike""]","[""Insomniac"", ""Seer"", ""Villager"", ""Villager"", ""Werewolf""]",True,player,"[""Mike""]",player_vote,Mike,Mike,Mike,4.0,Werewolf,True,False
C:\Users\annab\Documents\GitHub\masters_thesis_sdg\results\voting\unsloth_gemma-4-31B-it-unsloth-bnb-4bit\prompt_v4_run_2\Youtube\Retrovision##ONE#NIGHT#ULTIMATE#WEREWOLF##Retro#7_Game3.json,run_2,2,stochastic,1.0,prompt_v4_run_2,Youtube,Retrovision##ONE#NIGHT#ULTIMATE#WEREWOLF##Retro#7,Game3,Youtube / Retrovision##ONE#NIGHT#ULTIMATE#WEREWOLF##Retro#7 / Game3,Mitchell,"Mitchell exhibits highly suspicious behavior throughout the discussion, refusing to clearly state his role and providing contradictory claims. He first claims his role was already claimed by someone else, then later suggests that Paul (the Tanner) took his role and that Justin is the werewolf. In contrast, Justin, Paul, Mike, and Eric provide relatively consistent claims (Seer, Troublemaker, Robber, and Villager, respectively). Mitchell's attempts to deflect suspicion and create confusion are characteristic of a Werewolf.",Retrovision##ONE#NIGHT#ULTIMATE#WEREWOLF##Retro#7_Game3,"[""Justin"", ""Eric"", ""Paul"", ""Mitchell"", ""Mike""]","[""Werewolf"", ""Villager"", ""Seer"", ""Troublemaker"", ""Robber""]",True,player,"[""Justin""]",player_vote,Mitchell,Mitchell,Mitchell,3.0,Troublemaker,False,False
C:\Users\annab\Documents\GitHub\masters_thesis_sdg\results\voting\unsloth_gemma-4-31B-it-unsloth-bnb-4bit\prompt_v4_run_2\Youtube\Retrovision##ONE#NIGHT#ULTIMATE#WEREWOLF##Retro#7_Game4.json,run_2,2,stochastic,1.0,prompt_v4_run_2,Youtube,Retrovision##ONE#NIGHT#ULTIMATE#WEREWOLF##Retro#7,Game4,Youtube / Retrovision##ONE#NIGHT#ULTIMATE#WEREWOLF##Retro#7 / Game4,Mike,"Mitchell claims to be the Troublemaker and states he swapped Mike and Eric. Eric admits he started as a Werewolf, which means if the swap occurred, Mike is now a Werewolf. Paul also claimed to start as a Werewolf, though he later retracted this; if Paul is the Tanner, Mike is the only Werewolf, and if Paul is also a Werewolf, both are targets. Therefore, Mike is the most consistent candidate for a Werewolf based on the provided claims and the Troublemaker's action.",Retrovision##ONE#NIGHT#ULTIMATE#WEREWOLF##Retro#7_Game4,"[""Justin"", ""Eric"", ""Paul"", ""Mitchell"", ""Mike""]","[""Werewolf"", ""Tanner"", ""Villager"", ""Troublemaker"", ""Werewolf""]",True,player,"[""Justin"", ""Mike""]",player_vote,Mike,Mike,Mike,4.0,Werewolf,True,False
C:\Users\annab\Documents\GitHub\masters_thesis_sdg\results\voting\unsloth_gemma-4-31B-it-unsloth-bnb-4bit\prompt_v4_run_2\Youtube\Retrovision##ONE#NIGHT#ULTIMATE#WEREWOLF##Retro#7_Game5.json,run_2,2,stochastic,1.0,prompt_v4_run_2,Youtube,Retrovision##ONE#NIGHT#ULTIMATE#WEREWOLF##Retro#7,Game5,Youtube / Retrovision##ONE#NIGHT#ULTIMATE#WEREWOLF##Retro#7 / Game5,Eric,"Eric and Mitchell both claim to have started as Werewolves, which is highly unusual and suggests either a bluff or the presence of the Tanner. Justin, claiming the Robber role, stated that he robbed Mitchell and found the Tanner card, which would mean Mitchell is the Tanner. If Mitchell is the Tanner, Eric's claim to be a Werewolf is more likely to be true, making him the primary target for Team Village to eliminate.",Retrovision##ONE#NIGHT#ULTIMATE#WEREWOLF##Retro#7_Game5,"[""Justin"", ""Eric"", ""Paul"", ""Mitchell"", ""Mike""]","[""Werewolf"", ""Tanner"", ""Villager"", ""Troublemaker"", ""Werewolf""]",True,player,"[""Justin"", ""Mike""]",player_vote,Eric,Eric,Eric,1.0,Tanner,False,False
C:\Users\annab\Documents\GitHub\masters_thesis_sdg\results\voting\unsloth_gemma-4-31B-it-unsloth-bnb-4bit\prompt_v4_run_2\Youtube\The#Return#of#the#King##ONE#NIGHT#ULTIMATE#WEREWOLF_Game5.json,run_2,2,stochastic,1.0,prompt_v4_run_2,Youtube,The#Return#of#the#King##ONE#NIGHT#ULTIMATE#WEREWOLF,Game5,Youtube / The#Return#of#the#King##ONE#NIGHT#ULTIMATE#WEREWOLF / Game5,Mitchell,"Mitchell is the most suspicious player due to a blatant contradiction in his role claims; he first claims to be the Robber (line 59) and later explicitly states, 'I'm not the Robber' (line 106). Both Justin (claiming Seer) and Paul (claiming Troublemaker) identify Mitchell as a Werewolf. Mitchell's aggressive attempts to divert the vote toward Justin are consistent with a Werewolf trying to avoid elimination.",The#Return#of#the#King##ONE#NIGHT#ULTIMATE#WEREWOLF_Game5,"[""Justin"", ""Mitchell"", ""Paul"", ""James"", ""Tyler""]","[""Tanner"", ""Werewolf"", ""Troublemaker"", ""Seer"", ""Werewolf""]",True,player,"[""Mitchell"", ""Tyler""]",player_vote,Mitchell,Mitchell,Mitchell,1.0,Werewolf,True,False
C:\Users\annab\Documents\GitHub\masters_thesis_sdg\results\voting\unsloth_gemma-4-31B-it-unsloth-bnb-4bit\prompt_v4_run_2\Youtube\The#Return#of#the#King##ONE#NIGHT#ULTIMATE#WEREWOLF_Game6.json,run_2,2,stochastic,1.0,prompt_v4_run_2,Youtube,The#Return#of#the#King##ONE#NIGHT#ULTIMATE#WEREWOLF,Game6,Youtube / The#Return#of#the#King##ONE#NIGHT#ULTIMATE#WEREWOLF / Game6,Tyler,"Mitchell claimed to be the Seer and saw Tyler as a Copycat. Tyler claimed to be the Robber and robbed Mitchell, and James claimed to be the Troublemaker and swapped Tyler and Mitchell. Following the night action order (Seer, then Robber, then Troublemaker), if these claims are true, Mitchell (Seer) saw Tyler (Copycat/Werewolf), Tyler took the Seer card, and James swapped them back, meaning Tyler ended the night as the Werewolf and Mitchell as the Seer. Paul's claim to be the Minion and his attempt to frame Mitchell by misinterpreting the swap's result suggests he is working with Tyler to divert suspicion.",The#Return#of#the#King##ONE#NIGHT#ULTIMATE#WEREWOLF_Game6,"[""Justin"", ""Mitchell"", ""Paul"", ""James"", ""Tyler""]","[""Tanner"", ""Robber"", ""Werewolf"", ""Werewolf"", ""Seer""]",True,player,"[""Paul"", ""James""]",player_vote,Tyler,Tyler,Tyler,4.0,Seer,False,False
C:\Users\annab\Documents\GitHub\masters_thesis_sdg\results\voting\unsloth_gemma-4-31B-it-unsloth-bnb-4bit\prompt_v4_run_2\Youtube\The#Return#of#the#King##ONE#NIGHT#ULTIMATE#WEREWOLF_Game7.json,run_2,2,stochastic,1.0,prompt_v4_run_2,Youtube,The#Return#of#the#King##ONE#NIGHT#ULTIMATE#WEREWOLF,Game7,Youtube / The#Return#of#the#King##ONE#NIGHT#ULTIMATE#WEREWOLF / Game7,James,"James is the most suspicious player due to his contradictory role claims and attempts to manipulate the group. He initially claims to be the Seer, then later claims to be the Robber who robbed Paul. Most tellingly, he attempts to frame Tyler as a Werewolf by claiming that seeing a card in the center is only possible for a Werewolf, which is false as the Seer can also look at center cards. This deliberate attempt to mislead the village about the game rules is a strong indicator of Werewolf behavior.",The#Return#of#the#King##ONE#NIGHT#ULTIMATE#WEREWOLF_Game7,"[""Justin"", ""Mitchell"", ""Paul"", ""James"", ""Tyler""]","[""Robber"", ""Minion"", ""Werewolf"", ""Troublemaker"", ""Tanner""]",True,player,"[""Paul""]",player_vote,James,James,James,3.0,Troublemaker,False,False
C:\Users\annab\Documents\GitHub\masters_thesis_sdg\results\voting\unsloth_gemma-4-31B-it-unsloth-bnb-4bit\prompt_v4_run_2\Youtube\Visions#from#2016##ONE#NIGHT#ULTIMATE#WEREWOLF##Retro#11_Game1.json,run_2,2,stochastic,1.0,prompt_v4_run_2,Youtube,Visions#from#2016##ONE#NIGHT#ULTIMATE#WEREWOLF##Retro#11,Game1,Youtube / Visions#from#2016##ONE#NIGHT#ULTIMATE#WEREWOLF##Retro#11 / Game1,Paul,"James and Paul both claim to be the Seer. James claims that a Werewolf and the Tanner are in the center, which implies one Werewolf remains among the players. Paul claims James is the Tanner and then inconsistently suggests Justin is the only possible Werewolf, despite claiming he only looked at James. Paul's contradictions and attempts to divert the vote make him the most likely Werewolf.",Visions#from#2016##ONE#NIGHT#ULTIMATE#WEREWOLF##Retro#11_Game1,"[""Justin"", ""Laura"", ""Paul"", ""James"", ""Mitchell""]","[""Werewolf"", ""Insomniac"", ""Seer"", ""Tanner"", ""Robber""]",True,player,"[""Justin""]",player_vote,Paul,Paul,Paul,2.0,Seer,False,False
C:\Users\annab\Documents\GitHub\masters_thesis_sdg\results\voting\unsloth_gemma-4-31B-it-unsloth-bnb-4bit\prompt_v4_run_2\Youtube\Visions#from#2016##ONE#NIGHT#ULTIMATE#WEREWOLF##Retro#11_Game2.json,run_2,2,stochastic,1.0,prompt_v4_run_2,Youtube,Visions#from#2016##ONE#NIGHT#ULTIMATE#WEREWOLF##Retro#11,Game2,Youtube / Visions#from#2016##ONE#NIGHT#ULTIMATE#WEREWOLF##Retro#11 / Game2,James,"During the Night phase, James and Mitchell are heard discussing their roles while the Announcer is calling the Werewolves, with Mitchell explicitly stating, 'I saw another werewolf,' and asking James who he is. Both players later claim different roles (James as Troublemaker and Mitchell as Mason) and coordinate to divert suspicion toward Paul. Since they are identified as Werewolves in the night phase dialogue, voting for either of them ensures a win for Team Village.",Visions#from#2016##ONE#NIGHT#ULTIMATE#WEREWOLF##Retro#11_Game2,"[""Justin"", ""Laura"", ""Paul"", ""James"", ""Mitchell""]","[""Werewolf"", ""Insomniac"", ""Tanner"", ""Troublemaker"", ""Mason""]",True,player,"[""Justin""]",player_vote,James,James,James,3.0,Troublemaker,False,False
C:\Users\annab\Documents\GitHub\masters_thesis_sdg\results\voting\unsloth_gemma-4-31B-it-unsloth-bnb-4bit\prompt_v4_run_2\Youtube\Visions#from#2016##ONE#NIGHT#ULTIMATE#WEREWOLF##Retro#11_Game3.json,run_2,2,stochastic,1.0,prompt_v4_run_2,Youtube,Visions#from#2016##ONE#NIGHT#ULTIMATE#WEREWOLF##Retro#11,Game3,Youtube / Visions#from#2016##ONE#NIGHT#ULTIMATE#WEREWOLF##Retro#11 / Game3,Paul,"James claims to be the Troublemaker and states that he swapped the cards of Paul and Laura. Laura admits that she was the Werewolf at the start of the game. If both these claims are true, Paul now holds the Werewolf card. While players may be bluffing, the convergence of the Troublemaker's swap and the former Werewolf's admission strongly points to Paul as the current Werewolf.",Visions#from#2016##ONE#NIGHT#ULTIMATE#WEREWOLF##Retro#11_Game3,"[""Justin"", ""Laura"", ""Paul"", ""James"", ""Mitchell""]","[""Tanner"", ""Werewolf"", ""Mason"", ""Werewolf"", ""Hunter""]",True,player,"[""Laura"", ""James""]",player_vote,Paul,Paul,Paul,2.0,Mason,False,False
C:\Users\annab\Documents\GitHub\masters_thesis_sdg\results\voting\unsloth_gemma-4-31B-it-unsloth-bnb-4bit\prompt_v4_run_2\Youtube\Visions#from#2016##ONE#NIGHT#ULTIMATE#WEREWOLF##Retro#11_Game4.json,run_2,2,stochastic,1.0,prompt_v4_run_2,Youtube,Visions#from#2016##ONE#NIGHT#ULTIMATE#WEREWOLF##Retro#11,Game4,Youtube / Visions#from#2016##ONE#NIGHT#ULTIMATE#WEREWOLF##Retro#11 / Game4,Paul,"Both Paul and Mitchell explicitly confessed to being Werewolves during the discussion. Paul initially claimed to be a Mason but later admitted, 'I'm the werewolf and you guys know it' and 'I was werewolf to begin with.' Since eliminating any Werewolf ensures a victory for Team Village, voting for Paul is a winning move.",Visions#from#2016##ONE#NIGHT#ULTIMATE#WEREWOLF##Retro#11_Game4,"[""Justin"", ""Laura"", ""Paul"", ""James"", ""Mitchell""]","[""Troublemaker"", ""Hunter"", ""Werewolf"", ""Tanner"", ""Mason""]",True,player,"[""Paul""]",player_vote,Paul,Paul,Paul,2.0,Werewolf,True,False
C:\Users\annab\Documents\GitHub\masters_thesis_sdg\results\voting\unsloth_gemma-4-31B-it-unsloth-bnb-4bit\prompt_v4_run_2\Youtube\Visions#from#2016##ONE#NIGHT#ULTIMATE#WEREWOLF##Retro#11_Game5.json,run_2,2,stochastic,1.0,prompt_v4_run_2,Youtube,Visions#from#2016##ONE#NIGHT#ULTIMATE#WEREWOLF##Retro#11,Game5,Youtube / Visions#from#2016##ONE#NIGHT#ULTIMATE#WEREWOLF##Retro#11 / Game5,Justin,"Justin and Mitchell both provided contradictory and shifting claims throughout the discussion. They both initially claimed to be the Hunter, and then both suddenly claimed to be Masons, which is a strong indicator of bluffing by Team Werewolf (likely a Werewolf and a Minion). Justin's behavior is particularly suspicious as he admitted to lying about his role and was the primary target of the other players' suspicions by the end of the discussion.",Visions#from#2016##ONE#NIGHT#ULTIMATE#WEREWOLF##Retro#11_Game5,"[""Justin"", ""Laura"", ""Paul"", ""James"", ""Mitchell""]","[""Tanner"", ""Insomniac"", ""Mason"", ""Mason"", ""Werewolf""]",True,player,"[""Mitchell""]",player_vote,Justin,Justin,Justin,0.0,Tanner,False,False
C:\Users\annab\Documents\GitHub\masters_thesis_sdg\results\voting\unsloth_gemma-4-31B-it-unsloth-bnb-4bit\prompt_v4_run_2\Youtube\Way#Way#Back##ONE#NIGHT#ULTIMATE#WEREWOLF##Retro#10_Game1.json,run_2,2,stochastic,1.0,prompt_v4_run_2,Youtube,Way#Way#Back##ONE#NIGHT#ULTIMATE#WEREWOLF##Retro#10,Game1,Youtube / Way#Way#Back##ONE#NIGHT#ULTIMATE#WEREWOLF##Retro#10 / Game1,Laura,"Justin admits to starting as a Werewolf, and Paul claims to be the Troublemaker who swapped Justin's card with Laura's. If both these claims are true, Laura currently holds the Werewolf card. While Justin's behavior is erratic (initially claiming to be the Seer), the combination of his admission and Paul's swap makes Laura the most likely target for Team Village.",Way#Way#Back##ONE#NIGHT#ULTIMATE#WEREWOLF##Retro#10_Game1,"[""Justin"", ""Laura"", ""Paul"", ""James"", ""Mitchell""]","[""Villager"", ""Werewolf"", ""Troublemaker"", ""Insomniac"", ""Tanner""]",True,player,"[""Laura""]",player_vote,Laura,Laura,Laura,1.0,Werewolf,True,False
C:\Users\annab\Documents\GitHub\masters_thesis_sdg\results\voting\unsloth_gemma-4-31B-it-unsloth-bnb-4bit\prompt_v4_run_2\Youtube\Way#Way#Back##ONE#NIGHT#ULTIMATE#WEREWOLF##Retro#10_Game2.json,run_2,2,stochastic,1.0,prompt_v4_run_2,Youtube,Way#Way#Back##ONE#NIGHT#ULTIMATE#WEREWOLF##Retro#10,Game2,Youtube / Way#Way#Back##ONE#NIGHT#ULTIMATE#WEREWOLF##Retro#10 / Game2,James,"James is the most suspicious player due to his contradictory claims; he first claimed to be the Tanner [107] and later changed his story to being a 'lonely nobody' [132]. Justin also claimed to be the Tanner early on [31], and since there is only one Tanner card, James's claim was likely a lie to divert suspicion or create confusion. Both Mitchell (claiming to be the Seer) and Justin eventually pointed to James as the Werewolf, making him the most probable target for Team Village.",Way#Way#Back##ONE#NIGHT#ULTIMATE#WEREWOLF##Retro#10_Game2,"[""Justin"", ""Laura"", ""Paul"", ""James"", ""Mitchell""]","[""Werewolf"", ""Troublemaker"", ""Tanner"", ""Villager"", ""Seer""]",True,player,"[""Justin""]",player_vote,James,James,James,3.0,Villager,False,False
C:\Users\annab\Documents\GitHub\masters_thesis_sdg\results\voting\unsloth_gemma-4-31B-it-unsloth-bnb-4bit\prompt_v4_run_2\Youtube\Way#Way#Back##ONE#NIGHT#ULTIMATE#WEREWOLF##Retro#10_Game3.json,run_2,2,stochastic,1.0,prompt_v4_run_2,Youtube,Way#Way#Back##ONE#NIGHT#ULTIMATE#WEREWOLF##Retro#10,Game3,Youtube / Way#Way#Back##ONE#NIGHT#ULTIMATE#WEREWOLF##Retro#10 / Game3,James,"James's claims are highly inconsistent and contradictory. He first claims to be the Robber who stole Mitchell's Insomniac card, but Mitchell confirms he woke up as the Insomniac. James then attempts to reconcile this by suggesting Paul (the Troublemaker) switched him and Mitchell, despite Paul explicitly stating he switched Justin and James. Furthermore, James's accusations are erratic, targeting Paul and Justin, then shifting to Laura, then back to Paul, and finally to Laura again, which is characteristic of a Werewolf attempting to divert suspicion.",Way#Way#Back##ONE#NIGHT#ULTIMATE#WEREWOLF##Retro#10_Game3,"[""Justin"", ""Laura"", ""Paul"", ""James"", ""Mitchell""]","[""Werewolf"", ""Werewolf"", ""Troublemaker"", ""Robber"", ""Insomniac""]",True,player,"[""Justin"", ""Laura""]",player_vote,James,James,James,3.0,Robber,False,False
C:\Users\annab\Documents\GitHub\masters_thesis_sdg\results\voting\unsloth_gemma-4-31B-it-unsloth-bnb-4bit\prompt_v4_run_2\Youtube\Way#Way#Back##ONE#NIGHT#ULTIMATE#WEREWOLF##Retro#10_Game4.json,run_2,2,stochastic,1.0,prompt_v4_run_2,Youtube,Way#Way#Back##ONE#NIGHT#ULTIMATE#WEREWOLF##Retro#10,Game4,Youtube / Way#Way#Back##ONE#NIGHT#ULTIMATE#WEREWOLF##Retro#10 / Game4,Laura,"Laura claims to be the Seer but provides contradictory information. In line 32, she states, 'There wasn't a werewolf,' but later in line 133, she says, 'I only saw one werewolf,' and in line 136, she points to Paul as the werewolf. This inconsistency is a strong indicator that she is bluffing her role to hide her identity as a Werewolf. While James is also inconsistent, his early claim to be the Tanner suggests he is attempting to attract votes for that role's win condition.",Way#Way#Back##ONE#NIGHT#ULTIMATE#WEREWOLF##Retro#10_Game4,"[""Justin"", ""Laura"", ""Paul"", ""James"", ""Mitchell""]","[""Insomniac"", ""Werewolf"", ""Hunter"", ""Tanner"", ""Troublemaker""]",True,player,"[""Laura""]",player_vote,Laura,Laura,Laura,1.0,Werewolf,True,False
C:\Users\annab\Documents\GitHub\masters_thesis_sdg\results\voting\unsloth_gemma-4-31B-it-unsloth-bnb-4bit\prompt_v4_run_2\Youtube\Way#Way#Back##ONE#NIGHT#ULTIMATE#WEREWOLF##Retro#10_Game5.json,run_2,2,stochastic,1.0,prompt_v4_run_2,Youtube,Way#Way#Back##ONE#NIGHT#ULTIMATE#WEREWOLF##Retro#10,Game5,Youtube / Way#Way#Back##ONE#NIGHT#ULTIMATE#WEREWOLF##Retro#10 / Game5,Laura,"Laura explicitly admits to being a werewolf in the final part of the transcript ('Yes. I'm a werewolf'). While she initially claimed to be the Troublemaker, her admission confirms her identity as the target for Team Village. Voting for her ensures a win for Team Village as long as she is indeed a werewolf.",Way#Way#Back##ONE#NIGHT#ULTIMATE#WEREWOLF##Retro#10_Game5,"[""Justin"", ""Laura"", ""Paul"", ""James"", ""Mitchell""]","[""Insomniac"", ""Werewolf"", ""Robber"", ""Werewolf"", ""Hunter""]",True,player,"[""Laura"", ""James""]",player_vote,Laura,Laura,Laura,1.0,Werewolf,True,False
C:\Users\annab\Documents\GitHub\masters_thesis_sdg\results\voting\unsloth_gemma-4-31B-it-unsloth-bnb-4bit\prompt_v4_run_2\Youtube\Ye#Olde#Times##ONE#NIGHT#ULTIMATE#WEREWOLF##Retro#8_Game1.json,run_2,2,stochastic,1.0,prompt_v4_run_2,Youtube,Ye#Olde#Times##ONE#NIGHT#ULTIMATE#WEREWOLF##Retro#8,Game1,Youtube / Ye#Olde#Times##ONE#NIGHT#ULTIMATE#WEREWOLF##Retro#8 / Game1,Justin,"Justin explicitly claimed to be the Werewolf during the discussion, stating he saw the Insomniac in the center. While Mitchell (claiming Seer) mentioned seeing a Werewolf in the center, which could imply multiple Werewolves or a bluff, Justin's own admission makes him the primary target. Voting for Justin is the most direct way for Team Village to win, provided he is not the Tanner bluffing to be eliminated.",Ye#Olde#Times##ONE#NIGHT#ULTIMATE#WEREWOLF##Retro#8_Game1,"[""Justin"", ""Eric"", ""Paul"", ""Mitchell"", ""Mike""]","[""Werewolf"", ""Seer"", ""Troublemaker"", ""Hunter"", ""Robber""]",True,player,"[""Justin""]",player_vote,Justin,Justin,Justin,0.0,Werewolf,True,False
C:\Users\annab\Documents\GitHub\masters_thesis_sdg\results\voting\unsloth_gemma-4-31B-it-unsloth-bnb-4bit\prompt_v4_run_2\Youtube\Ye#Olde#Times##ONE#NIGHT#ULTIMATE#WEREWOLF##Retro#8_Game2.json,run_2,2,stochastic,1.0,prompt_v4_run_2,Youtube,Ye#Olde#Times##ONE#NIGHT#ULTIMATE#WEREWOLF##Retro#8,Game2,Youtube / Ye#Olde#Times##ONE#NIGHT#ULTIMATE#WEREWOLF##Retro#8 / Game2,No Werewolf,"The players' claims, though confusingly communicated, suggest a scenario where the Robber (Mike) stole from the Tanner (Paul), and the Troublemaker (Mitchell) swapped the Robber card to Eric. This leaves Mike as the Tanner and the others as village-aligned roles (Justin as Hunter, Eric as Robber, Paul as Insomniac, and Mitchell as Troublemaker). The players collectively conclude that the werewolves are likely in the center and agree to a voting pattern where no one dies to secure a village win.",Ye#Olde#Times##ONE#NIGHT#ULTIMATE#WEREWOLF##Retro#8_Game2,"[""Justin"", ""Eric"", ""Paul"", ""Mitchell"", ""Mike""]","[""Hunter"", ""Robber"", ""Insomniac"", ""Troublemaker"", ""Tanner""]",False,circle,[],circle_vote,No Werewolf,,,,,True,True
C:\Users\annab\Documents\GitHub\masters_thesis_sdg\results\voting\unsloth_gemma-4-31B-it-unsloth-bnb-4bit\prompt_v4_run_2\Youtube\Ye#Olde#Times##ONE#NIGHT#ULTIMATE#WEREWOLF##Retro#8_Game3.json,run_2,2,stochastic,1.0,prompt_v4_run_2,Youtube,Ye#Olde#Times##ONE#NIGHT#ULTIMATE#WEREWOLF##Retro#8,Game3,Youtube / Ye#Olde#Times##ONE#NIGHT#ULTIMATE#WEREWOLF##Retro#8 / Game3,Paul,"Paul admitted to being the Werewolf, although he claimed he was switched with Justin. However, Eric, who claimed to be the Troublemaker, stated he switched Mitchell and Justin, not Paul and Justin. If Eric is the Troublemaker, Paul's claim of being switched is false, meaning Paul remains the Werewolf. While Paul could be the Tanner attempting to get voted out, he is the only player who admitted to the Werewolf role, making him the most likely target for Team Village.",Ye#Olde#Times##ONE#NIGHT#ULTIMATE#WEREWOLF##Retro#8_Game3,"[""Justin"", ""Eric"", ""Paul"", ""Mitchell"", ""Mike""]","[""Hunter"", ""Troublemaker"", ""Werewolf"", ""Insomniac"", ""Seer""]",True,player,"[""Paul""]",player_vote,Paul,Paul,Paul,2.0,Werewolf,True,False
C:\Users\annab\Documents\GitHub\masters_thesis_sdg\results\voting\unsloth_gemma-4-31B-it-unsloth-bnb-4bit\prompt_v4_run_2\Youtube\Ye#Olde#Times##ONE#NIGHT#ULTIMATE#WEREWOLF##Retro#8_Game4.json,run_2,2,stochastic,1.0,prompt_v4_run_2,Youtube,Ye#Olde#Times##ONE#NIGHT#ULTIMATE#WEREWOLF##Retro#8,Game4,Youtube / Ye#Olde#Times##ONE#NIGHT#ULTIMATE#WEREWOLF##Retro#8 / Game4,Justin,"Justin makes contradictory claims, stating he was the Seer who looked at Paul and also the Robber who robbed Paul. Since a player cannot be both the Seer and the Robber, he is likely lying to deceive the group. Mitchell's erratic claims (Hunter, then Tanner, then Werewolf) are characteristic of a Tanner attempting to attract votes. Given Justin's blatant contradictions and the other players' suspicions, he is the most likely candidate for the Werewolf.",Ye#Olde#Times##ONE#NIGHT#ULTIMATE#WEREWOLF##Retro#8_Game4,"[""Justin"", ""Eric"", ""Paul"", ""Mitchell"", ""Mike""]","[""Werewolf"", ""Hunter"", ""Tanner"", ""Robber"", ""Troublemaker""]",True,player,"[""Justin""]",player_vote,Justin,Justin,Justin,0.0,Werewolf,True,False
C:\Users\annab\Documents\GitHub\masters_thesis_sdg\results\voting\unsloth_gemma-4-31B-it-unsloth-bnb-4bit\prompt_v4_run_3\Ego4D\0a6ef9dc-a2dc-452b-a907-d6fa2ed4cae0_Game1.json,run_3,3,stochastic,1.0,prompt_v4_run_3,Ego4D,0a6ef9dc-a2dc-452b-a907-d6fa2ed4cae0,Game1,Ego4D / 0a6ef9dc-a2dc-452b-a907-d6fa2ed4cae0 / Game1,Erin,"Erin explicitly admitted to being the Werewolf multiple times during the discussion ('I was the werewolf'). While she later suggested her card might have been swapped by the Troublemaker, there is no definitive evidence or consensus on who she was swapped with. In the absence of a Tanner (as indicated by the narrator), Erin's admission is the most direct and reliable piece of evidence for identifying the Werewolf.",0a6ef9dc-a2dc-452b-a907-d6fa2ed4cae0_Game1,"[""Erin"", ""Sebastian"", ""Jack"", ""Brent"", ""Hailey""]","[""Robber"", ""Seer"", ""Moderator"", ""Werewolf"", ""Troublemaker""]",True,player,"[""Brent""]",player_vote,Erin,Erin,Erin,0.0,Robber,False,False
C:\Users\annab\Documents\GitHub\masters_thesis_sdg\results\voting\unsloth_gemma-4-31B-it-unsloth-bnb-4bit\prompt_v4_run_3\Ego4D\0a6ef9dc-a2dc-452b-a907-d6fa2ed4cae0_Game2.json,run_3,3,stochastic,1.0,prompt_v4_run_3,Ego4D,0a6ef9dc-a2dc-452b-a907-d6fa2ed4cae0,Game2,Ego4D / 0a6ef9dc-a2dc-452b-a907-d6fa2ed4cae0 / Game2,Jack,"Jack claimed to be the Troublemaker and stated that he swapped his own card with Brent's. According to the game rules, the Troublemaker must swap the cards of two other players and cannot swap their own card. This fundamental contradiction of the role's ability suggests that Jack is lying about his identity to deceive the group, making him the most likely Werewolf.",0a6ef9dc-a2dc-452b-a907-d6fa2ed4cae0_Game2,"[""Erin"", ""Sebastian"", ""Jack"", ""Brent"", ""Hailey""]","[""Moderator"", ""Villager"", ""Werewolf"", ""Villager"", ""Robber""]",True,player,"[""Jack""]",player_vote,Jack,Jack,Jack,2.0,Werewolf,True,False
C:\Users\annab\Documents\GitHub\masters_thesis_sdg\results\voting\unsloth_gemma-4-31B-it-unsloth-bnb-4bit\prompt_v4_run_3\Ego4D\0c2659db-7bd4-4b37-9b08-4e247befe382_Game4.json,run_3,3,stochastic,1.0,prompt_v4_run_3,Ego4D,0c2659db-7bd4-4b37-9b08-4e247befe382,Game4,Ego4D / 0c2659db-7bd4-4b37-9b08-4e247befe382 / Game4,Elliot,"Ashley admitted to being the Werewolf, and Elliot admitted to being the Robber and swapping cards with Ashley. According to the game rules, the Robber swaps their card with another player and takes on that role's alignment. Therefore, if Ashley was the Werewolf and Elliot swapped with her, Elliot is now the Werewolf. Chris's claim as the Seer, stating the Troublemaker was in the center, suggests no other swaps occurred to change this state.",0c2659db-7bd4-4b37-9b08-4e247befe382_Game4,"[""Elliot"", ""Ashley"", ""James"", ""Chris"", ""Sukeshi"", ""Sian""]","[""Tanner"", ""Werewolf"", ""Insomniac"", ""Seer"", ""Werewolf"", ""Robber""]",True,player,"[""Ashley"", ""Sukeshi""]",player_vote,Elliot,Elliot,Elliot,0.0,Tanner,False,False
C:\Users\annab\Documents\GitHub\masters_thesis_sdg\results\voting\unsloth_gemma-4-31B-it-unsloth-bnb-4bit\prompt_v4_run_3\Ego4D\0c2659db-7bd4-4b37-9b08-4e247befe382_Game5.json,run_3,3,stochastic,1.0,prompt_v4_run_3,Ego4D,0c2659db-7bd4-4b37-9b08-4e247befe382,Game5,Ego4D / 0c2659db-7bd4-4b37-9b08-4e247befe382 / Game5,Sian,"Sian attempted to assign or claim the Robber role but demonstrated a complete lack of understanding of the role's mechanics, eventually admitting she did not know how to play it. Elliot's contradictory claims of being both the Seer and the Tanner make his accusation against Chris unreliable. Sian's failure to correctly describe the Robber's abilities while attempting to influence the discussion is a strong indicator of a Werewolf bluffing poorly.",0c2659db-7bd4-4b37-9b08-4e247befe382_Game5,"[""Elliot"", ""Ashley"", ""James"", ""Chris"", ""Sukeshi"", ""Sian""]","[""Seer"", ""Werewolf"", ""Doppelganger"", ""Werewolf"", ""Insomniac"", ""Villager""]",True,player,"[""Ashley"", ""Chris""]",player_vote,Sian,Sian,Sian,5.0,Villager,False,False
C:\Users\annab\Documents\GitHub\masters_thesis_sdg\results\voting\unsloth_gemma-4-31B-it-unsloth-bnb-4bit\prompt_v4_run_3\Ego4D\0c2659db-7bd4-4b37-9b08-4e247befe382_Game6.json,run_3,3,stochastic,1.0,prompt_v4_run_3,Ego4D,0c2659db-7bd4-4b37-9b08-4e247befe382,Game6,Ego4D / 0c2659db-7bd4-4b37-9b08-4e247befe382 / Game6,Elliot,"Ashley claims to be the Seer and identifies Sian as the Tanner. Sukeshi, claiming to be the Robber, confirms Ashley's role as the Seer, adding credibility to Ashley's claim. James (Troublemaker) and Chris (Hunter) provide a consistent narrative regarding a role swap. Elliot's claim to be the Doppelganger who became the Insomniac is unsupported and viewed as suspicious by the other players, making him the most likely Werewolf.",0c2659db-7bd4-4b37-9b08-4e247befe382_Game6,"[""Elliot"", ""Ashley"", ""James"", ""Chris"", ""Sukeshi"", ""Sian""]","[""Werewolf"", ""Robber"", ""Troublemaker"", ""Seer"", ""Hunter"", ""Tanner""]",True,player,"[""Elliot""]",player_vote,Elliot,Elliot,Elliot,0.0,Werewolf,True,False
C:\Users\annab\Documents\GitHub\masters_thesis_sdg\results\voting\unsloth_gemma-4-31B-it-unsloth-bnb-4bit\prompt_v4_run_3\Ego4D\0c2659db-7bd4-4b37-9b08-4e247befe382_Game7.json,run_3,3,stochastic,1.0,prompt_v4_run_3,Ego4D,0c2659db-7bd4-4b37-9b08-4e247befe382,Game7,Ego4D / 0c2659db-7bd4-4b37-9b08-4e247befe382 / Game7,Sukeshi,"Sukeshi's claims are highly contradictory; she first claims to be the Seer, then later explicitly states, 'actually I was a fucking werewolf.' While Sian is likely the Minion (based on Ashley's admission that she is no longer the Minion and Chris's claim to have swapped Ashley and Sian), the goal of Team Village is to eliminate a Werewolf. Sukeshi's admission, even if presented confusingly, makes her the most probable Werewolf in the game.",0c2659db-7bd4-4b37-9b08-4e247befe382_Game7,"[""Elliot"", ""Ashley"", ""James"", ""Chris"", ""Sukeshi"", ""Sian""]","[""Tanner"", ""Doppelganger"", ""Seer"", ""Troublemaker"", ""Robber"", ""Minion""]",False,circle,[],player_vote,Sukeshi,Sukeshi,Sukeshi,4.0,Robber,False,False
C:\Users\annab\Documents\GitHub\masters_thesis_sdg\results\voting\unsloth_gemma-4-31B-it-unsloth-bnb-4bit\prompt_v4_run_3\Ego4D\0c2659db-7bd4-4b37-9b08-4e247befe382_Game8.json,run_3,3,stochastic,1.0,prompt_v4_run_3,Ego4D,0c2659db-7bd4-4b37-9b08-4e247befe382,Game8,Ego4D / 0c2659db-7bd4-4b37-9b08-4e247befe382 / Game8,Sian,"Sian is the only player who did not claim a role and remained silent throughout the discussion. The other five players provided consistent role claims (Sukeshi as Seer, Elliot as Troublemaker, Ashley as Robber, James as Doppelganger, and Chris as Hunter) that corroborate one another. Since the other players' claims form a consistent narrative of the night's events, Sian is the most likely candidate to be the Werewolf.",0c2659db-7bd4-4b37-9b08-4e247befe382_Game8,"[""Elliot"", ""Ashley"", ""James"", ""Chris"", ""Sukeshi"", ""Sian""]","[""Werewolf"", ""Hunter"", ""Robber"", ""Doppelganger"", ""Minion"", ""Tanner""]",True,player,"[""Elliot""]",player_vote,Sian,Sian,Sian,5.0,Tanner,False,False
C:\Users\annab\Documents\GitHub\masters_thesis_sdg\results\voting\unsloth_gemma-4-31B-it-unsloth-bnb-4bit\prompt_v4_run_3\Ego4D\0c2659db-7bd4-4b37-9b08-4e247befe382_Game9.json,run_3,3,stochastic,1.0,prompt_v4_run_3,Ego4D,0c2659db-7bd4-4b37-9b08-4e247befe382,Game9,Ego4D / 0c2659db-7bd4-4b37-9b08-4e247befe382 / Game9,James,"Sian claims to be the Seer and identifies James and Sukeshi as Werewolves. While James claims to be the Robber and asserts that Sukeshi is a Villager, this is a common bluff for Werewolves to protect their teammates. Given the direct accusation from the claimed Seer and the mutual defense between James and Sukeshi, James is a high-probability target for Team Village.",0c2659db-7bd4-4b37-9b08-4e247befe382_Game9,"[""Elliot"", ""Ashley"", ""James"", ""Chris"", ""Sukeshi"", ""Sian""]","[""Villager"", ""Hunter"", ""Villager"", ""Werewolf"", ""Robber"", ""Seer""]",True,player,"[""Chris""]",player_vote,James,James,James,2.0,Villager,False,False
C:\Users\annab\Documents\GitHub\masters_thesis_sdg\results\voting\unsloth_gemma-4-31B-it-unsloth-bnb-4bit\prompt_v4_run_3\Ego4D\1a0d3e22-a6d6-4723-91a0-52fc2c87d5ce_Game10.json,run_3,3,stochastic,1.0,prompt_v4_run_3,Ego4D,1a0d3e22-a6d6-4723-91a0-52fc2c87d5ce,Game10,Ego4D / 1a0d3e22-a6d6-4723-91a0-52fc2c87d5ce / Game10,Zack,"Zack is the most suspicious player due to several factors: he is immediately accused by Sean at the start of the day, he makes a very unconvincing attempt to claim the Seer role (stating he forgot what he saw), and he makes an ambiguous admission in line 74 ('Oh it was just me') when the number of werewolves is mentioned. While Hunter claims to be the Troublemaker and suggests a swap occurred, Zack's failure to maintain a consistent bluff and his own confusing statements strongly point to him being the Werewolf.",1a0d3e22-a6d6-4723-91a0-52fc2c87d5ce_Game10,"[""Zack"", ""Sean"", ""Hunter"", ""Jacob""]","[""Villager"", ""Werewolf"", ""Troublemaker"", ""Werewolf""]",True,player,"[""Sean"", ""Jacob""]",player_vote,Zack,Zack,Zack,0.0,Villager,False,False
C:\Users\annab\Documents\GitHub\masters_thesis_sdg\results\voting\unsloth_gemma-4-31B-it-unsloth-bnb-4bit\prompt_v4_run_3\Ego4D\1a0d3e22-a6d6-4723-91a0-52fc2c87d5ce_Game11.json,run_3,3,stochastic,1.0,prompt_v4_run_3,Ego4D,1a0d3e22-a6d6-4723-91a0-52fc2c87d5ce,Game11,Ego4D / 1a0d3e22-a6d6-4723-91a0-52fc2c87d5ce / Game11,No Werewolf,"The players' claims are surprisingly consistent. Jacob claims to have started as the Drunk, and Hunter claims to be the Troublemaker who swapped Jacob and Zack. If Jacob (Drunk) swapped the Drunk card into the center and then Hunter (Troublemaker) swapped Jacob with Zack, Zack would end up with the Drunk card. This explains why Zack, as the Insomniac, checked his card at the end of the night and found he was the Drunk. Since Zack, Jacob, and Hunter's roles are all Team Village and Sean claims to be a Villager, it is highly probable that no Werewolf is present among the players.",1a0d3e22-a6d6-4723-91a0-52fc2c87d5ce_Game11,"[""Zack"", ""Sean"", ""Hunter"", ""Jacob""]","[""Drunk"", ""Werewolf"", ""Troublemaker"", ""Villager""]",True,player,"[""Sean""]",circle_vote,No Werewolf,,,,,False,True
C:\Users\annab\Documents\GitHub\masters_thesis_sdg\results\voting\unsloth_gemma-4-31B-it-unsloth-bnb-4bit\prompt_v4_run_3\Ego4D\1a0d3e22-a6d6-4723-91a0-52fc2c87d5ce_Game6.json,run_3,3,stochastic,1.0,prompt_v4_run_3,Ego4D,1a0d3e22-a6d6-4723-91a0-52fc2c87d5ce,Game6,Ego4D / 1a0d3e22-a6d6-4723-91a0-52fc2c87d5ce / Game6,No Werewolf,"Jacob claims to be the Seer and states that he saw a Werewolf and a Troublemaker among the center cards. Zack claims to be the Robber and confirms he stole from a Villager, while Sean and Hunter claim to be Villagers. If Jacob's information is accurate, the Werewolf is in the center and not held by any player. The players' final agreement to vote for themselves further suggests a consensus that no player is a Werewolf.",1a0d3e22-a6d6-4723-91a0-52fc2c87d5ce_Game6,"[""Zack"", ""Sean"", ""Hunter"", ""Jacob""]","[""Villager"", ""Robber"", ""Villager"", ""Seer""]",False,circle,[],circle_vote,No Werewolf,,,,,True,True
C:\Users\annab\Documents\GitHub\masters_thesis_sdg\results\voting\unsloth_gemma-4-31B-it-unsloth-bnb-4bit\prompt_v4_run_3\Ego4D\1a0d3e22-a6d6-4723-91a0-52fc2c87d5ce_Game7.json,run_3,3,stochastic,1.0,prompt_v4_run_3,Ego4D,1a0d3e22-a6d6-4723-91a0-52fc2c87d5ce,Game7,Ego4D / 1a0d3e22-a6d6-4723-91a0-52fc2c87d5ce / Game7,Sean,"Sean claims to be the Seer and asserts that Hunter was a Werewolf whose card was subsequently switched. However, Jacob claims to be the Robber and states that he swapped cards with Hunter, confirming that Hunter was actually the Troublemaker. Since the Robber has direct knowledge of the card they stole, Jacob's claim is more reliable than Sean's, suggesting that Sean is lying about his role and Hunter's identity to divert suspicion. Therefore, Sean is the most likely Werewolf.",1a0d3e22-a6d6-4723-91a0-52fc2c87d5ce_Game7,"[""Zack"", ""Sean"", ""Hunter"", ""Jacob""]","[""Seer"", ""Werewolf"", ""Robber"", ""Troublemaker""]",True,player,"[""Sean""]",player_vote,Sean,Sean,Sean,1.0,Werewolf,True,False
C:\Users\annab\Documents\GitHub\masters_thesis_sdg\results\voting\unsloth_gemma-4-31B-it-unsloth-bnb-4bit\prompt_v4_run_3\Ego4D\1a0d3e22-a6d6-4723-91a0-52fc2c87d5ce_Game8.json,run_3,3,stochastic,1.0,prompt_v4_run_3,Ego4D,1a0d3e22-a6d6-4723-91a0-52fc2c87d5ce,Game8,Ego4D / 1a0d3e22-a6d6-4723-91a0-52fc2c87d5ce / Game8,Hunter,"Jacob, Sean, and Zack all claimed roles (Villager, Troublemaker, and Robber, respectively), leaving Hunter as the only player who did not claim a role. Hunter is aggressively directing the vote toward Zack, claiming Zack is the werewolf without providing any evidence or claiming a role (such as Seer) that would grant him that knowledge. This behavior—avoiding a role claim while framing another player—is characteristic of a Werewolf attempting to divert suspicion.",1a0d3e22-a6d6-4723-91a0-52fc2c87d5ce_Game8,"[""Zack"", ""Sean"", ""Hunter"", ""Jacob""]","[""Werewolf"", ""Robber"", ""Troublemaker"", ""Villager""]",True,player,"[""Zack""]",player_vote,Hunter,Hunter,Hunter,2.0,Troublemaker,False,False
C:\Users\annab\Documents\GitHub\masters_thesis_sdg\results\voting\unsloth_gemma-4-31B-it-unsloth-bnb-4bit\prompt_v4_run_3\Ego4D\1a0d3e22-a6d6-4723-91a0-52fc2c87d5ce_Game9.json,run_3,3,stochastic,1.0,prompt_v4_run_3,Ego4D,1a0d3e22-a6d6-4723-91a0-52fc2c87d5ce,Game9,Ego4D / 1a0d3e22-a6d6-4723-91a0-52fc2c87d5ce / Game9,Sean,"Jacob claims to be the Seer and states he saw that Zack was the Werewolf. He further suspects that Sean was the Robber and swapped cards with Zack, which would make Sean the current Werewolf. Zack's admission that he 'was' the only werewolf supports the theory that the werewolf card was initially his, and Jacob's behavioral analysis leads him to conclude that Sean is now the Werewolf.",1a0d3e22-a6d6-4723-91a0-52fc2c87d5ce_Game9,"[""Zack"", ""Sean"", ""Hunter"", ""Jacob""]","[""Werewolf"", ""Villager"", ""Villager"", ""Seer""]",True,player,"[""Zack""]",player_vote,Sean,Sean,Sean,1.0,Villager,False,False
C:\Users\annab\Documents\GitHub\masters_thesis_sdg\results\voting\unsloth_gemma-4-31B-it-unsloth-bnb-4bit\prompt_v4_run_3\Ego4D\2ba4023c-a8bf-43ad-ad5a-80ba222ce990_Game10.json,run_3,3,stochastic,1.0,prompt_v4_run_3,Ego4D,2ba4023c-a8bf-43ad-ad5a-80ba222ce990,Game10,Ego4D / 2ba4023c-a8bf-43ad-ad5a-80ba222ce990 / Game10,Clint,"Clint claims to be the Robber who robbed Erin and became the Insomniac. However, Erin contradicts this, stating that while she holds the Robber card, she was not the Insomniac. If Erin is telling the truth—either as the starting Robber or as someone who knows her starting role—then Clint is lying about his identity and actions, which is a strong indicator that he is the Werewolf.",2ba4023c-a8bf-43ad-ad5a-80ba222ce990_Game10,"[""Tyler"", ""Margaret"", ""Erin"", ""Clint""]","[""Werewolf"", ""Robber"", ""Werewolf"", ""Tanner""]",True,player,"[""Tyler"", ""Erin""]",player_vote,Clint,Clint,Clint,3.0,Tanner,False,False
C:\Users\annab\Documents\GitHub\masters_thesis_sdg\results\voting\unsloth_gemma-4-31B-it-unsloth-bnb-4bit\prompt_v4_run_3\Ego4D\2ba4023c-a8bf-43ad-ad5a-80ba222ce990_Game6.json,run_3,3,stochastic,1.0,prompt_v4_run_3,Ego4D,2ba4023c-a8bf-43ad-ad5a-80ba222ce990,Game6,Ego4D / 2ba4023c-a8bf-43ad-ad5a-80ba222ce990 / Game6,Clint,"Tyler claims to be the Seer and identifies Clint as the Werewolf. Erin (claiming to be the Robber) and Margaret (claiming to be the Troublemaker) eventually agree with Tyler's assessment. Clint claims he was the Drunk, which means he could have swapped his starting card for a Werewolf card from the center, and he admits he could very well be the Werewolf.",2ba4023c-a8bf-43ad-ad5a-80ba222ce990_Game6,"[""Tyler"", ""Margaret"", ""Erin"", ""Clint""]","[""Werewolf"", ""Robber"", ""Drunk"", ""Werewolf""]",True,player,"[""Tyler"", ""Clint""]",player_vote,Clint,Clint,Clint,3.0,Werewolf,True,False
C:\Users\annab\Documents\GitHub\masters_thesis_sdg\results\voting\unsloth_gemma-4-31B-it-unsloth-bnb-4bit\prompt_v4_run_3\Ego4D\2ba4023c-a8bf-43ad-ad5a-80ba222ce990_Game7.json,run_3,3,stochastic,1.0,prompt_v4_run_3,Ego4D,2ba4023c-a8bf-43ad-ad5a-80ba222ce990,Game7,Ego4D / 2ba4023c-a8bf-43ad-ad5a-80ba222ce990 / Game7,Erin,"Erin claims to be the Drunk and asks if swapping her card with the center makes her the Werewolf. However, according to the rules, the Drunk swaps their card without looking at the new one, meaning Erin could not possibly know if she became the Werewolf. This inconsistency suggests she is either lying about her role or is the Werewolf attempting to bluff. Since the other three players (Tyler, Margaret, and Clint) have converged on the conclusion that Erin is the Werewolf, she is the most logical choice for elimination.",2ba4023c-a8bf-43ad-ad5a-80ba222ce990_Game7,"[""Tyler"", ""Margaret"", ""Erin"", ""Clint""]","[""Robber"", ""Insomniac"", ""Hunter"", ""Werewolf""]",True,player,"[""Clint""]",player_vote,Erin,Erin,Erin,2.0,Hunter,False,False
C:\Users\annab\Documents\GitHub\masters_thesis_sdg\results\voting\unsloth_gemma-4-31B-it-unsloth-bnb-4bit\prompt_v4_run_3\Ego4D\2ba4023c-a8bf-43ad-ad5a-80ba222ce990_Game8.json,run_3,3,stochastic,1.0,prompt_v4_run_3,Ego4D,2ba4023c-a8bf-43ad-ad5a-80ba222ce990,Game8,Ego4D / 2ba4023c-a8bf-43ad-ad5a-80ba222ce990 / Game8,Tyler,"Tyler and Clint's claims are mutually exclusive: Tyler claims he was the Robber and stole the Insomniac card from Clint, while Clint claims he was the Insomniac and remained so at the end of the night. Their coordinated effort to frame Erin, combined with Tyler's immediate and aggressive accusations, strongly suggests they are the Werewolf team working together to deceive the group. Since at least one of them must be lying about their role, voting for Tyler is a strategic move to eliminate a member of Team Werewolf.",2ba4023c-a8bf-43ad-ad5a-80ba222ce990_Game8,"[""Tyler"", ""Margaret"", ""Erin"", ""Clint""]","[""Werewolf"", ""Hunter"", ""Troublemaker"", ""Werewolf""]",True,player,"[""Tyler"", ""Clint""]",player_vote,Tyler,Tyler,Tyler,0.0,Werewolf,True,False
C:\Users\annab\Documents\GitHub\masters_thesis_sdg\results\voting\unsloth_gemma-4-31B-it-unsloth-bnb-4bit\prompt_v4_run_3\Ego4D\2ba4023c-a8bf-43ad-ad5a-80ba222ce990_Game9.json,run_3,3,stochastic,1.0,prompt_v4_run_3,Ego4D,2ba4023c-a8bf-43ad-ad5a-80ba222ce990,Game9,Ego4D / 2ba4023c-a8bf-43ad-ad5a-80ba222ce990 / Game9,Tyler,"Tyler claimed to be the Drunk, but his accusations against Erin were unsupported and perceived as deflections by the other players. Clint, Margaret, and Erin all converged on Tyler as the most likely Werewolf, with Erin specifically noting that Tyler lies the most. While Margaret's claims were inconsistent (switching from Troublemaker to Robber), the overall consensus of the group identifies Tyler as the Werewolf.",2ba4023c-a8bf-43ad-ad5a-80ba222ce990_Game9,"[""Tyler"", ""Margaret"", ""Erin"", ""Clint""]","[""Werewolf"", ""Hunter"", ""Insomniac"", ""Robber""]",True,player,"[""Tyler""]",player_vote,Tyler,Tyler,Tyler,0.0,Werewolf,True,False
C:\Users\annab\Documents\GitHub\masters_thesis_sdg\results\voting\unsloth_gemma-4-31B-it-unsloth-bnb-4bit\prompt_v4_run_3\Ego4D\324bccd2-adff-4e9a-8ff4-03491e144ac3_Game1.json,run_3,3,stochastic,1.0,prompt_v4_run_3,Ego4D,324bccd2-adff-4e9a-8ff4-03491e144ac3,Game1,Ego4D / 324bccd2-adff-4e9a-8ff4-03491e144ac3 / Game1,No Werewolf,"The players (Zack, Sean, and Jacob) explicitly discuss and agree that they do not believe any of them are the Werewolf, stating 'I don't think it's any of us' and seconding that sentiment. While Hunter made a contradictory claim about being the Robber or Troublemaker, the group's final consensus is that no one is the Werewolf. According to the rules, if no player is a Werewolf and no one is voted out, Team Village wins.",324bccd2-adff-4e9a-8ff4-03491e144ac3_Game1,"[""Zack"", ""Sean"", ""Hunter"", ""Jacob""]","[""Troublemaker"", ""Villager"", ""Werewolf"", ""Villager""]",True,player,"[""Hunter""]",circle_vote,No Werewolf,,,,,False,True
C:\Users\annab\Documents\GitHub\masters_thesis_sdg\results\voting\unsloth_gemma-4-31B-it-unsloth-bnb-4bit\prompt_v4_run_3\Ego4D\324bccd2-adff-4e9a-8ff4-03491e144ac3_Game2.json,run_3,3,stochastic,1.0,prompt_v4_run_3,Ego4D,324bccd2-adff-4e9a-8ff4-03491e144ac3,Game2,Ego4D / 324bccd2-adff-4e9a-8ff4-03491e144ac3 / Game2,Sean,"Sean claimed to be the Seer and identified Hunter as the Werewolf, which Hunter subsequently admitted to being. Jacob claimed to be the Troublemaker and stated that he swapped the cards of Sean and Hunter. Consequently, if these claims are true, Sean currently holds the Werewolf card and must be eliminated for Team Village to win.",324bccd2-adff-4e9a-8ff4-03491e144ac3_Game2,"[""Zack"", ""Sean"", ""Hunter"", ""Jacob""]","[""Werewolf"", ""Robber"", ""Seer"", ""Troublemaker""]",True,player,"[""Zack""]",player_vote,Sean,Sean,Sean,1.0,Robber,False,False
C:\Users\annab\Documents\GitHub\masters_thesis_sdg\results\voting\unsloth_gemma-4-31B-it-unsloth-bnb-4bit\prompt_v4_run_3\Ego4D\324bccd2-adff-4e9a-8ff4-03491e144ac3_Game3.json,run_3,3,stochastic,1.0,prompt_v4_run_3,Ego4D,324bccd2-adff-4e9a-8ff4-03491e144ac3,Game3,Ego4D / 324bccd2-adff-4e9a-8ff4-03491e144ac3 / Game3,No Werewolf,"All four players have claimed distinct roles aligned with Team Village: Zack claims to be the Seer, Jacob claims to be the Villager, Sean claims to be the Troublemaker, and Hunter claims to be the Robber. Zack's claim as Seer is supported by Jacob's confirmation of starting as a Villager, and Sean's claim as Troublemaker is supported by Hunter's observation of movement during the Troublemaker phase. Since there are no contradictions and all players are claiming Village-aligned roles, it is most likely that no Werewolf is present among the players.",324bccd2-adff-4e9a-8ff4-03491e144ac3_Game3,"[""Zack"", ""Sean"", ""Hunter"", ""Jacob""]","[""Seer"", ""Troublemaker"", ""Robber"", ""Werewolf""]",True,player,"[""Jacob""]",circle_vote,No Werewolf,,,,,False,True
C:\Users\annab\Documents\GitHub\masters_thesis_sdg\results\voting\unsloth_gemma-4-31B-it-unsloth-bnb-4bit\prompt_v4_run_3\Ego4D\324bccd2-adff-4e9a-8ff4-03491e144ac3_Game4.json,run_3,3,stochastic,1.0,prompt_v4_run_3,Ego4D,324bccd2-adff-4e9a-8ff4-03491e144ac3,Game4,Ego4D / 324bccd2-adff-4e9a-8ff4-03491e144ac3 / Game4,No Werewolf,"Zack claims to have started as the Seer and explicitly states that he saw a Werewolf and a Villager among the center cards. If this information is accurate, then no player is currently a Werewolf. The other players (Sean, Hunter, and Jacob) claim to be Village-aligned roles (Robber, Troublemaker, and Villager), and there is no evidence to contradict Zack's claim or suggest that any player is lying about their alignment to hide a Werewolf role.",324bccd2-adff-4e9a-8ff4-03491e144ac3_Game4,"[""Zack"", ""Sean"", ""Hunter"", ""Jacob""]","[""Troublemaker"", ""Robber"", ""Werewolf"", ""Werewolf""]",True,player,"[""Hunter"", ""Jacob""]",circle_vote,No Werewolf,,,,,False,True
C:\Users\annab\Documents\GitHub\masters_thesis_sdg\results\voting\unsloth_gemma-4-31B-it-unsloth-bnb-4bit\prompt_v4_run_3\Ego4D\324bccd2-adff-4e9a-8ff4-03491e144ac3_Game5.json,run_3,3,stochastic,1.0,prompt_v4_run_3,Ego4D,324bccd2-adff-4e9a-8ff4-03491e144ac3,Game5,Ego4D / 324bccd2-adff-4e9a-8ff4-03491e144ac3 / Game5,Sean,"Jacob admitted to starting as the Werewolf, and Hunter claimed to be the Troublemaker who swapped Jacob's card with Sean's. If these claims are true, Sean is currently the Werewolf. Sean's behavior was suspicious and contradictory, claiming to be both the Tanner and a Villager, which further suggests he is bluffing to avoid elimination.",324bccd2-adff-4e9a-8ff4-03491e144ac3_Game5,"[""Zack"", ""Sean"", ""Hunter"", ""Jacob""]","[""Villager"", ""Werewolf"", ""Troublemaker"", ""Werewolf""]",True,player,"[""Sean"", ""Jacob""]",player_vote,Sean,Sean,Sean,1.0,Werewolf,True,False
C:\Users\annab\Documents\GitHub\masters_thesis_sdg\results\voting\unsloth_gemma-4-31B-it-unsloth-bnb-4bit\prompt_v4_run_3\Ego4D\3ba069be-60fa-47fc-bd7b-f85bf649a5bd_Game1.json,run_3,3,stochastic,1.0,prompt_v4_run_3,Ego4D,3ba069be-60fa-47fc-bd7b-f85bf649a5bd,Game1,Ego4D / 3ba069be-60fa-47fc-bd7b-f85bf649a5bd / Game1,Daniel,"Jessica claimed to be the Minion and stated she saw no Werewolf, which implies that no player started as a Werewolf and the Werewolf card was in the center. Daniel claimed to be the Drunk, and the Drunk's ability is to swap their card with one from the center. If the Werewolf card was in the center, Daniel would have swapped his card for it, making him the Werewolf. Kevin's final comments directed at Daniel further suggest that Daniel was the Werewolf.",3ba069be-60fa-47fc-bd7b-f85bf649a5bd_Game1,"[""Kevin"", ""Kaelan"", ""Jessica"", ""Daniel""]","[""Werewolf"", ""Robber"", ""Troublemaker"", ""Center Card""]",True,player,"[""Kevin""]",player_vote,Daniel,Daniel,Daniel,3.0,Center Card,False,False
C:\Users\annab\Documents\GitHub\masters_thesis_sdg\results\voting\unsloth_gemma-4-31B-it-unsloth-bnb-4bit\prompt_v4_run_3\Ego4D\3ba069be-60fa-47fc-bd7b-f85bf649a5bd_Game2.json,run_3,3,stochastic,1.0,prompt_v4_run_3,Ego4D,3ba069be-60fa-47fc-bd7b-f85bf649a5bd,Game2,Ego4D / 3ba069be-60fa-47fc-bd7b-f85bf649a5bd / Game2,No Werewolf,"Jessica claims she was the Minion and saw no Werewolves. Kaelan claims he was the Robber and robbed Jessica, which would make him the Minion, but Kevin (the Troublemaker) then swapped Kaelan and Jessica, potentially returning the Minion role to Jessica. Since the Minion saw no Werewolves and the players (Kevin, Daniel, and Jessica) all agree to vote for the center, it is highly likely that no Werewolf is present among the players.",3ba069be-60fa-47fc-bd7b-f85bf649a5bd_Game2,"[""Kevin"", ""Kaelan"", ""Jessica"", ""Daniel""]","[""Troublemaker"", ""Minion"", ""Villager"", ""Robber""]",False,circle,[],circle_vote,No Werewolf,,,,,True,True
C:\Users\annab\Documents\GitHub\masters_thesis_sdg\results\voting\unsloth_gemma-4-31B-it-unsloth-bnb-4bit\prompt_v4_run_3\Ego4D\3ba069be-60fa-47fc-bd7b-f85bf649a5bd_Game3.json,run_3,3,stochastic,1.0,prompt_v4_run_3,Ego4D,3ba069be-60fa-47fc-bd7b-f85bf649a5bd,Game3,Ego4D / 3ba069be-60fa-47fc-bd7b-f85bf649a5bd / Game3,No Werewolf,"Daniel initially claimed to be the Seer and stated he saw a Werewolf in the center, which would mean no player is currently a Werewolf. His subsequent claim to be the Minion and his accusation that Jessica is the Werewolf are highly contradictory, as a Minion (who is on the Werewolf team) would not reveal the Werewolf to the Village. Furthermore, Kevin also claimed to be the Minion, making Daniel's second claim unreliable. Given the initial consensus among the players to vote for the center, it is most likely that the Werewolf card is in the role pool.",3ba069be-60fa-47fc-bd7b-f85bf649a5bd_Game3,"[""Kevin"", ""Kaelan"", ""Jessica"", ""Daniel""]","[""Doppelganger"", ""Troublemaker"", ""Werewolf"", ""Minion""]",True,player,"[""Jessica""]",circle_vote,No Werewolf,,,,,False,True
C:\Users\annab\Documents\GitHub\masters_thesis_sdg\results\voting\unsloth_gemma-4-31B-it-unsloth-bnb-4bit\prompt_v4_run_3\Ego4D\3ba069be-60fa-47fc-bd7b-f85bf649a5bd_Game4.json,run_3,3,stochastic,1.0,prompt_v4_run_3,Ego4D,3ba069be-60fa-47fc-bd7b-f85bf649a5bd,Game4,Ego4D / 3ba069be-60fa-47fc-bd7b-f85bf649a5bd / Game4,Daniel,"Daniel is the most suspicious player due to his contradictory role claims. He first claimed to be the Robber, which was immediately contested by Jessica, and later admitted to being the Minion. This inconsistency, combined with Kaelan's initial claim as the Seer identifying a Werewolf, strongly suggests Daniel is lying to hide his true alignment as part of Team Werewolf.",3ba069be-60fa-47fc-bd7b-f85bf649a5bd_Game4,"[""Kevin"", ""Kaelan"", ""Jessica"", ""Daniel""]","[""Troublemaker"", ""Minion"", ""Seer"", ""Robber""]",False,circle,[],player_vote,Daniel,Daniel,Daniel,3.0,Robber,False,False
C:\Users\annab\Documents\GitHub\masters_thesis_sdg\results\voting\unsloth_gemma-4-31B-it-unsloth-bnb-4bit\prompt_v4_run_3\Ego4D\3ba069be-60fa-47fc-bd7b-f85bf649a5bd_Game5.json,run_3,3,stochastic,1.0,prompt_v4_run_3,Ego4D,3ba069be-60fa-47fc-bd7b-f85bf649a5bd,Game5,Ego4D / 3ba069be-60fa-47fc-bd7b-f85bf649a5bd / Game5,Daniel,"Daniel is the most suspicious player as he is the only one who has not claimed a role and has remained consistently evasive when asked for his identity. While Kevin's claim to be the Troublemaker is logically flawed according to the game rules, Daniel's complete lack of a claim and his avoidance of the conversation are stronger indicators of a Werewolf attempting to hide. Jessica's claim to be the Tanner and Kaelan's claim to be the Drunk provide them with specific identities, whereas Daniel's silence makes him the primary target for Team Village.",3ba069be-60fa-47fc-bd7b-f85bf649a5bd_Game5,"[""Kevin"", ""Kaelan"", ""Jessica"", ""Daniel""]","[""Robber"", ""Center Card"", ""Troublemaker"", ""Tanner""]",False,circle,[],player_vote,Daniel,Daniel,Daniel,3.0,Tanner,False,False
C:\Users\annab\Documents\GitHub\masters_thesis_sdg\results\voting\unsloth_gemma-4-31B-it-unsloth-bnb-4bit\prompt_v4_run_3\Ego4D\3ba069be-60fa-47fc-bd7b-f85bf649a5bd_Game6.json,run_3,3,stochastic,1.0,prompt_v4_run_3,Ego4D,3ba069be-60fa-47fc-bd7b-f85bf649a5bd,Game6,Ego4D / 3ba069be-60fa-47fc-bd7b-f85bf649a5bd / Game6,Kevin,"Kevin claims to be the Doppelganger but describes actions that are impossible for that role, such as swapping cards with the center. His explanation of the night's events is contradictory and does not align with the game rules, mixing up the abilities of the Doppelganger, Robber, and Drunk. This level of inconsistency strongly suggests he is bluffing to hide his identity as a Werewolf.",3ba069be-60fa-47fc-bd7b-f85bf649a5bd_Game6,"[""Kevin"", ""Kaelan"", ""Jessica"", ""Daniel""]","[""Robber"", ""Center Card"", ""Insomniac"", ""Center Card""]",False,circle,[],player_vote,Kevin,Kevin,Kevin,0.0,Robber,False,False
C:\Users\annab\Documents\GitHub\masters_thesis_sdg\results\voting\unsloth_gemma-4-31B-it-unsloth-bnb-4bit\prompt_v4_run_3\Ego4D\62c4bc58-3776-4791-ac30-4c9ca5619503_Game10.json,run_3,3,stochastic,1.0,prompt_v4_run_3,Ego4D,62c4bc58-3776-4791-ac30-4c9ca5619503,Game10,Ego4D / 62c4bc58-3776-4791-ac30-4c9ca5619503 / Game10,No Werewolf,"Kaelan and Jessica both claim to be Villagers. Although Daniel initially suggests Kaelan might be the Tanner or the Werewolf, he later asks if they are 'good with the center,' and Kevin agrees. This indicates a consensus among the players that the Werewolf cards are in the center and no player is a Werewolf.",62c4bc58-3776-4791-ac30-4c9ca5619503_Game10,"[""Kevin"", ""Kaelan"", ""Jessica"", ""Daniel""]","[""Minion"", ""Villager"", ""Villager"", ""Werewolf""]",True,player,"[""Daniel""]",circle_vote,No Werewolf,,,,,False,True
C:\Users\annab\Documents\GitHub\masters_thesis_sdg\results\voting\unsloth_gemma-4-31B-it-unsloth-bnb-4bit\prompt_v4_run_3\Ego4D\62c4bc58-3776-4791-ac30-4c9ca5619503_Game11.json,run_3,3,stochastic,1.0,prompt_v4_run_3,Ego4D,62c4bc58-3776-4791-ac30-4c9ca5619503,Game11,Ego4D / 62c4bc58-3776-4791-ac30-4c9ca5619503 / Game11,Kevin,"Kaelan is confirmed as the Minion in the post-game reveal (line 66). Since the Minion and Werewolf are on the same team, and both Kaelan and Kevin reacted with 'I fucking knew it' after the group decided to vote 'center' (lines 62-63), it is highly likely they were collaborating to ensure the Werewolf survived. Kaelan's initial vote for Daniel (line 55) serves as a diversion to protect the actual Werewolf, and Jessica's behavior is consistent with the Tanner role. Therefore, Kevin is the most likely Werewolf.",62c4bc58-3776-4791-ac30-4c9ca5619503_Game11,"[""Kevin"", ""Kaelan"", ""Jessica"", ""Daniel""]","[""Villager"", ""Villager"", ""Minion"", ""Werewolf""]",True,player,"[""Daniel""]",player_vote,Kevin,Kevin,Kevin,0.0,Villager,False,False
C:\Users\annab\Documents\GitHub\masters_thesis_sdg\results\voting\unsloth_gemma-4-31B-it-unsloth-bnb-4bit\prompt_v4_run_3\Ego4D\62c4bc58-3776-4791-ac30-4c9ca5619503_Game12.json,run_3,3,stochastic,1.0,prompt_v4_run_3,Ego4D,62c4bc58-3776-4791-ac30-4c9ca5619503,Game12,Ego4D / 62c4bc58-3776-4791-ac30-4c9ca5619503 / Game12,Kaelan,"Kaelan claims to be the Troublemaker and asserts that he swapped Kevin and Daniel, a strong claim often used as a bluff by Werewolves to divert suspicion. Jessica's confusing comments about the 'Drunk' role draw suspicion to her, which Daniel later identifies as typical behavior for a Minion ('The minion is supposed to draw a sus on themselves'). If Jessica is the Minion, the Werewolf must be one of the other players; Kaelan's aggressive claiming and his immediate correction of Kevin's belief that the Town won make him the most likely Werewolf.",62c4bc58-3776-4791-ac30-4c9ca5619503_Game12,"[""Kevin"", ""Kaelan"", ""Jessica"", ""Daniel""]","[""Seer"", ""Troublemaker"", ""Minion"", ""Mason""]",False,circle,[],player_vote,Kaelan,Kaelan,Kaelan,1.0,Troublemaker,False,False
C:\Users\annab\Documents\GitHub\masters_thesis_sdg\results\voting\unsloth_gemma-4-31B-it-unsloth-bnb-4bit\prompt_v4_run_3\Ego4D\62c4bc58-3776-4791-ac30-4c9ca5619503_Game7.json,run_3,3,stochastic,1.0,prompt_v4_run_3,Ego4D,62c4bc58-3776-4791-ac30-4c9ca5619503,Game7,Ego4D / 62c4bc58-3776-4791-ac30-4c9ca5619503 / Game7,Daniel,"Daniel makes two contradictory claims about his role: he first states he was the Insomniac and remained the Insomniac upon waking, but then claims he was the Seer and saw that Kaelan was the Drunk. Since a player can only have one starting role, and his use of the word 'still' implies he did not change roles, these claims are logically impossible. This blatant inconsistency strongly suggests that Daniel is lying to manipulate the discussion, which is characteristic of a Werewolf.",62c4bc58-3776-4791-ac30-4c9ca5619503_Game7,"[""Kevin"", ""Kaelan"", ""Jessica"", ""Daniel""]","[""Seer"", ""Center Card"", ""Werewolf"", ""Werewolf""]",True,player,"[""Jessica"", ""Daniel""]",player_vote,Daniel,Daniel,Daniel,3.0,Werewolf,True,False
C:\Users\annab\Documents\GitHub\masters_thesis_sdg\results\voting\unsloth_gemma-4-31B-it-unsloth-bnb-4bit\prompt_v4_run_3\Ego4D\62c4bc58-3776-4791-ac30-4c9ca5619503_Game8.json,run_3,3,stochastic,1.0,prompt_v4_run_3,Ego4D,62c4bc58-3776-4791-ac30-4c9ca5619503,Game8,Ego4D / 62c4bc58-3776-4791-ac30-4c9ca5619503 / Game8,No Werewolf,"Jessica claims to be the Minion, and Kevin, claiming to be the Seer, confirms her role. Jessica explicitly states that she does not see any Werewolves among the players, indicating that the Werewolf cards are in the center. Since the Minion knows the identity of the Werewolves, her statement suggests that no player currently holds the Werewolf card.",62c4bc58-3776-4791-ac30-4c9ca5619503_Game8,"[""Kevin"", ""Kaelan"", ""Jessica"", ""Daniel""]","[""Seer"", ""Drunk"", ""Minion"", ""Center Card""]",False,circle,[],circle_vote,No Werewolf,,,,,True,True
C:\Users\annab\Documents\GitHub\masters_thesis_sdg\results\voting\unsloth_gemma-4-31B-it-unsloth-bnb-4bit\prompt_v4_run_3\Ego4D\62c4bc58-3776-4791-ac30-4c9ca5619503_Game9.json,run_3,3,stochastic,1.0,prompt_v4_run_3,Ego4D,62c4bc58-3776-4791-ac30-4c9ca5619503,Game9,Ego4D / 62c4bc58-3776-4791-ac30-4c9ca5619503 / Game9,Daniel,"Daniel claims to be the Robber, but his statements are logically impossible according to the game rules. He states that when he robbed Jessica, 'the Robber card was there,' which would mean Jessica was the Robber, contradicting his own claim. Furthermore, he claims he 'robbed my own card,' which is not possible as the Robber must swap cards with another player. These contradictions strongly suggest Daniel is lying about his role to hide the fact that he is a Werewolf.",62c4bc58-3776-4791-ac30-4c9ca5619503_Game9,"[""Kevin"", ""Kaelan"", ""Jessica"", ""Daniel""]","[""Troublemaker"", ""Robber"", ""Werewolf"", ""Doppelganger""]",True,player,"[""Jessica""]",player_vote,Daniel,Daniel,Daniel,3.0,Doppelganger,False,False
C:\Users\annab\Documents\GitHub\masters_thesis_sdg\results\voting\unsloth_gemma-4-31B-it-unsloth-bnb-4bit\prompt_v4_run_3\Ego4D\64076f60-f3fc-4ee6-93e1-3489d8ec7b12_Game3.json,run_3,3,stochastic,1.0,prompt_v4_run_3,Ego4D,64076f60-f3fc-4ee6-93e1-3489d8ec7b12,Game3,Ego4D / 64076f60-f3fc-4ee6-93e1-3489d8ec7b12 / Game3,Brent,"According to the post-game reveal, Jack started as the Werewolf. Hailey, acting as the Robber, swapped cards with Jack, which transferred the Werewolf role to her. Subsequently, Erin, acting as the Troublemaker, swapped the cards of Hailey and Brent. This sequence of events resulted in Brent holding the Werewolf card at the end of the Night phase.",64076f60-f3fc-4ee6-93e1-3489d8ec7b12_Game3,"[""Erin"", ""Sebastian"", ""Jack"", ""Brent"", ""Hailey""]","[""Troublemaker"", ""Moderator"", ""Robber"", ""Werewolf"", ""Villager""]",True,player,"[""Brent""]",player_vote,Brent,Brent,Brent,3.0,Werewolf,True,False
C:\Users\annab\Documents\GitHub\masters_thesis_sdg\results\voting\unsloth_gemma-4-31B-it-unsloth-bnb-4bit\prompt_v4_run_3\Ego4D\698f6bbe-4347-4a06-bd5d-3482f5e4fbbe_Game1.json,run_3,3,stochastic,1.0,prompt_v4_run_3,Ego4D,698f6bbe-4347-4a06-bd5d-3482f5e4fbbe,Game1,Ego4D / 698f6bbe-4347-4a06-bd5d-3482f5e4fbbe / Game1,James,"James is the most suspicious player due to his highly contradictory claims; he first claims to be the Seer (Line 93) and later claims he was a Werewolf (Line 206). He then attempts to frame Elliot by claiming that Elliot, as the Robber, swapped cards with him, making Elliot the Werewolf. This erratic behavior and blatant contradiction suggest that James is either the Werewolf attempting to manipulate the group or the Tanner, but given the goal to eliminate a Werewolf, James is the most logical target based on the public discussion.",698f6bbe-4347-4a06-bd5d-3482f5e4fbbe_Game1,"[""Elliot"", ""Ashley"", ""James"", ""Chris"", ""Sukeshi"", ""Sian""]","[""Werewolf"", ""Werewolf"", ""Robber"", ""Drunk"", ""Troublemaker"", ""Seer""]",True,player,"[""Elliot"", ""Ashley""]",player_vote,James,James,James,2.0,Robber,False,False
C:\Users\annab\Documents\GitHub\masters_thesis_sdg\results\voting\unsloth_gemma-4-31B-it-unsloth-bnb-4bit\prompt_v4_run_3\Ego4D\698f6bbe-4347-4a06-bd5d-3482f5e4fbbe_Game2.json,run_3,3,stochastic,1.0,prompt_v4_run_3,Ego4D,698f6bbe-4347-4a06-bd5d-3482f5e4fbbe,Game2,Ego4D / 698f6bbe-4347-4a06-bd5d-3482f5e4fbbe / Game2,Sukeshi,"Sukeshi repeatedly claims to be a werewolf, which is typical behavior for either a Tanner or a player attempting to confuse the group. If Ashley's claim of being the Troublemaker and swapping Sukeshi and Elliot is true, and Sukeshi started as the Tanner, then Sukeshi would now be the Werewolf if Elliot started as one. Given that Sukeshi is the only player openly admitting to the role and the other players are converging on her, she is the most likely candidate for elimination to secure a win for Team Village.",698f6bbe-4347-4a06-bd5d-3482f5e4fbbe_Game2,"[""Elliot"", ""Ashley"", ""James"", ""Chris"", ""Sukeshi"", ""Sian""]","[""Seer"", ""Troublemaker"", ""Hunter"", ""Villager"", ""Werewolf"", ""Robber""]",True,player,"[""Sukeshi""]",player_vote,Sukeshi,Sukeshi,Sukeshi,4.0,Werewolf,True,False
C:\Users\annab\Documents\GitHub\masters_thesis_sdg\results\voting\unsloth_gemma-4-31B-it-unsloth-bnb-4bit\prompt_v4_run_3\Ego4D\698f6bbe-4347-4a06-bd5d-3482f5e4fbbe_Game3.json,run_3,3,stochastic,1.0,prompt_v4_run_3,Ego4D,698f6bbe-4347-4a06-bd5d-3482f5e4fbbe,Game3,Ego4D / 698f6bbe-4347-4a06-bd5d-3482f5e4fbbe / Game3,James,"Sukeshi claimed to be the Seer and stated she saw two Werewolf cards in the center. She reasoned that since James was the Drunk and swapped his card with one from the center, James must have become a Werewolf. James did not effectively refute this claim and eventually accepted the group's consensus to vote him out.",698f6bbe-4347-4a06-bd5d-3482f5e4fbbe_Game3,"[""Elliot"", ""Ashley"", ""James"", ""Chris"", ""Sukeshi"", ""Sian""]","[""Robber"", ""Troublemaker"", ""Werewolf"", ""Hunter"", ""Villager"", ""Seer""]",True,player,"[""James""]",player_vote,James,James,James,2.0,Werewolf,True,False
C:\Users\annab\Documents\GitHub\masters_thesis_sdg\results\voting\unsloth_gemma-4-31B-it-unsloth-bnb-4bit\prompt_v4_run_3\Youtube\Flashback##ONE#NIGHT#ULTIMATE#WEREWOLF##Retro#9_Game1.json,run_3,3,stochastic,1.0,prompt_v4_run_3,Youtube,Flashback##ONE#NIGHT#ULTIMATE#WEREWOLF##Retro#9,Game1,Youtube / Flashback##ONE#NIGHT#ULTIMATE#WEREWOLF##Retro#9 / Game1,Justin,"Justin provides contradictory claims about his role during the discussion. At [46], he claims to be the Seer to validate James's claim as the Robber, but at [107], he claims to be the Insomniac while defending Mitchell. This blatant inconsistency is a strong indicator of deception, making him the most likely candidate to be a Werewolf.",Flashback##ONE#NIGHT#ULTIMATE#WEREWOLF##Retro#9_Game1,"[""Justin"", ""Laura"", ""Paul"", ""James"", ""Mitchell""]","[""Werewolf"", ""Villager"", ""Robber"", ""Villager"", ""Insomniac""]",True,player,"[""Justin""]",player_vote,Justin,Justin,Justin,0.0,Werewolf,True,False
C:\Users\annab\Documents\GitHub\masters_thesis_sdg\results\voting\unsloth_gemma-4-31B-it-unsloth-bnb-4bit\prompt_v4_run_3\Youtube\Flashback##ONE#NIGHT#ULTIMATE#WEREWOLF##Retro#9_Game2.json,run_3,3,stochastic,1.0,prompt_v4_run_3,Youtube,Flashback##ONE#NIGHT#ULTIMATE#WEREWOLF##Retro#9,Game2,Youtube / Flashback##ONE#NIGHT#ULTIMATE#WEREWOLF##Retro#9 / Game2,James,"James admitted to being the Werewolf during the discussion (transcript [114]), although he later claimed he was joking to see how others would react. Justin, the Troublemaker, confirmed that he switched Paul and Mitchell but did not switch James, meaning if James was the Werewolf, he remains the Werewolf. Both Justin and Paul conclude that James is the most likely Werewolf based on this admission and the fact that he was not involved in the card swap.",Flashback##ONE#NIGHT#ULTIMATE#WEREWOLF##Retro#9_Game2,"[""Justin"", ""Laura"", ""Paul"", ""James"", ""Mitchell""]","[""Troublemaker"", ""Werewolf"", ""Seer"", ""Villager"", ""Villager""]",True,player,"[""Laura""]",player_vote,James,James,James,3.0,Villager,False,False
C:\Users\annab\Documents\GitHub\masters_thesis_sdg\results\voting\unsloth_gemma-4-31B-it-unsloth-bnb-4bit\prompt_v4_run_3\Youtube\Flashback##ONE#NIGHT#ULTIMATE#WEREWOLF##Retro#9_Game3.json,run_3,3,stochastic,1.0,prompt_v4_run_3,Youtube,Flashback##ONE#NIGHT#ULTIMATE#WEREWOLF##Retro#9,Game3,Youtube / Flashback##ONE#NIGHT#ULTIMATE#WEREWOLF##Retro#9 / Game3,No Werewolf,"The players' claims are consistent with a scenario where no one is a Werewolf. Laura (starting Seer) saw a Werewolf in the center, and Mitchell (starting Robber) confirmed Laura's role by stealing from her. Justin (starting Troublemaker) swapped James and Laura, and Paul claimed to be the Insomniac. The group explicitly discusses the possibility that both Werewolves are in the center and agrees to 'vote to the left,' which Mitchell and Paul clarify means they believe there is no Werewolf among the players.",Flashback##ONE#NIGHT#ULTIMATE#WEREWOLF##Retro#9_Game3,"[""Justin"", ""Laura"", ""Paul"", ""James"", ""Mitchell""]","[""Troublemaker"", ""Villager"", ""Robber"", ""Seer"", ""Werewolf""]",True,player,"[""Mitchell""]",circle_vote,No Werewolf,,,,,False,True
C:\Users\annab\Documents\GitHub\masters_thesis_sdg\results\voting\unsloth_gemma-4-31B-it-unsloth-bnb-4bit\prompt_v4_run_3\Youtube\Flashback##ONE#NIGHT#ULTIMATE#WEREWOLF##Retro#9_Game4.json,run_3,3,stochastic,1.0,prompt_v4_run_3,Youtube,Flashback##ONE#NIGHT#ULTIMATE#WEREWOLF##Retro#9,Game4,Youtube / Flashback##ONE#NIGHT#ULTIMATE#WEREWOLF##Retro#9 / Game4,James,"James claims to be the Seer and specifically identifies Paul as a Werewolf ('I think it was brown'). However, he later contradicts this by suggesting that everyone 'vote to the left' so that 'no one needs to die.' A Village-aligned Seer who has identified a Werewolf would not suggest a voting strategy that ensures the Werewolf survives. This contradiction, combined with the fact that Paul is the only player opposing the 'vote left' strategy, strongly suggests that James is the Werewolf and is fabricating his Seer claim to frame Paul while attempting to secure his own survival.",Flashback##ONE#NIGHT#ULTIMATE#WEREWOLF##Retro#9_Game4,"[""Justin"", ""Laura"", ""Paul"", ""James"", ""Mitchell""]","[""Troublemaker"", ""Villager"", ""Villager"", ""Seer"", ""Robber""]",False,circle,[],player_vote,James,James,James,3.0,Seer,False,False
C:\Users\annab\Documents\GitHub\masters_thesis_sdg\results\voting\unsloth_gemma-4-31B-it-unsloth-bnb-4bit\prompt_v4_run_3\Youtube\Flashback##ONE#NIGHT#ULTIMATE#WEREWOLF##Retro#9_Game5.json,run_3,3,stochastic,1.0,prompt_v4_run_3,Youtube,Flashback##ONE#NIGHT#ULTIMATE#WEREWOLF##Retro#9,Game5,Youtube / Flashback##ONE#NIGHT#ULTIMATE#WEREWOLF##Retro#9 / Game5,Mitchell,"Paul claims to be the Troublemaker and states that he swapped the cards of Laura and Mitchell. Laura confirms that she was the Werewolf, which means that after the swap, Mitchell now holds the Werewolf card. While there is a conflict between James (claiming Seer) and Justin (claiming Insomniac), the admission from Laura regarding her starting role makes Mitchell the most certain target for Team Village.",Flashback##ONE#NIGHT#ULTIMATE#WEREWOLF##Retro#9_Game5,"[""Justin"", ""Laura"", ""Paul"", ""James"", ""Mitchell""]","[""Insomniac"", ""Werewolf"", ""Werewolf"", ""Seer"", ""Villager""]",True,player,"[""Laura"", ""Paul""]",player_vote,Mitchell,Mitchell,Mitchell,4.0,Villager,False,False
C:\Users\annab\Documents\GitHub\masters_thesis_sdg\results\voting\unsloth_gemma-4-31B-it-unsloth-bnb-4bit\prompt_v4_run_3\Youtube\One#Night#Ultimate#Love#Letter##ONE#NIGHT#ULTIMATE#WEREWOLF_Game2.json,run_3,3,stochastic,1.0,prompt_v4_run_3,Youtube,One#Night#Ultimate#Love#Letter##ONE#NIGHT#ULTIMATE#WEREWOLF,Game2,Youtube / One#Night#Ultimate#Love#Letter##ONE#NIGHT#ULTIMATE#WEREWOLF / Game2,Justin,"Tyler (Seer) identified Mitchell as a Werewolf, and Mitchell admitted to starting as the Werewolf but claimed Justin robbed him. Justin's claims are highly contradictory; he first claims to be the Troublemaker, then later states he is the Troublemaker but did not switch anyone, which is impossible according to the game rules. This blatant lie, combined with Mitchell's admission of being robbed, strongly suggests that Justin is the Robber who stole the Werewolf card and is now the current Werewolf.",One#Night#Ultimate#Love#Letter##ONE#NIGHT#ULTIMATE#WEREWOLF_Game2,"[""Justin"", ""Mitchell"", ""Paul"", ""Tyler""]","[""Troublemaker"", ""Werewolf"", ""Werewolf"", ""Seer""]",True,player,"[""Mitchell"", ""Paul""]",player_vote,Justin,Justin,Justin,0.0,Troublemaker,False,False
C:\Users\annab\Documents\GitHub\masters_thesis_sdg\results\voting\unsloth_gemma-4-31B-it-unsloth-bnb-4bit\prompt_v4_run_3\Youtube\One#Night#Ultimate#Love#Letter##ONE#NIGHT#ULTIMATE#WEREWOLF_Game3.json,run_3,3,stochastic,1.0,prompt_v4_run_3,Youtube,One#Night#Ultimate#Love#Letter##ONE#NIGHT#ULTIMATE#WEREWOLF,Game3,Youtube / One#Night#Ultimate#Love#Letter##ONE#NIGHT#ULTIMATE#WEREWOLF / Game3,Justin,"Justin and Tyler both claim to be Werewolves (or a Copycat-Werewolf). Paul, claiming to be the Troublemaker, states he swapped Justin and Tyler and believes Tyler was the original Werewolf, meaning Justin now holds the Werewolf card. Since Justin also openly claims to be a Werewolf, voting him out is the most logical move for Team Village to win.",One#Night#Ultimate#Love#Letter##ONE#NIGHT#ULTIMATE#WEREWOLF_Game3,"[""Justin"", ""Mitchell"", ""Paul"", ""Tyler""]","[""Werewolf"", ""Seer"", ""Troublemaker"", ""Werewolf""]",True,player,"[""Justin"", ""Tyler""]",player_vote,Justin,Justin,Justin,0.0,Werewolf,True,False
C:\Users\annab\Documents\GitHub\masters_thesis_sdg\results\voting\unsloth_gemma-4-31B-it-unsloth-bnb-4bit\prompt_v4_run_3\Youtube\One#Night#Ultimate#Love#Letter##ONE#NIGHT#ULTIMATE#WEREWOLF_Game7.json,run_3,3,stochastic,1.0,prompt_v4_run_3,Youtube,One#Night#Ultimate#Love#Letter##ONE#NIGHT#ULTIMATE#WEREWOLF,Game7,Youtube / One#Night#Ultimate#Love#Letter##ONE#NIGHT#ULTIMATE#WEREWOLF / Game7,No Werewolf,"Tyler claims to be the Seer and explicitly states in multiple instances ([19], [54]) that he saw cards in the middle. He further specifies that the Copycat and Werewolf cards were in those center locations ([61], [63]). While other players (Justin and Mitchell) provide conflicting role claims, these can be attributed to the effects of the Robber, Troublemaker, or Drunk roles. If Tyler's information as the Seer is accurate, no player is a Werewolf.",One#Night#Ultimate#Love#Letter##ONE#NIGHT#ULTIMATE#WEREWOLF_Game7,"[""Justin"", ""Mitchell"", ""Paul"", ""Tyler""]","[""Werewolf"", ""Tanner"", ""Troublemaker"", ""Drunk""]",True,player,"[""Justin""]",circle_vote,No Werewolf,,,,,False,True
C:\Users\annab\Documents\GitHub\masters_thesis_sdg\results\voting\unsloth_gemma-4-31B-it-unsloth-bnb-4bit\prompt_v4_run_3\Youtube\ONE#NIGHT#ULTIMATE#WEREWOLF##Retro#1_Game1.json,run_3,3,stochastic,1.0,prompt_v4_run_3,Youtube,ONE#NIGHT#ULTIMATE#WEREWOLF##Retro#1,Game1,Youtube / ONE#NIGHT#ULTIMATE#WEREWOLF##Retro#1 / Game1,Mitchell,"Mitchell claims to be the Troublemaker but states that he swapped his own card with Alvin's. According to the game rules, the Troublemaker swaps the cards of two other players and cannot swap their own card. This contradiction indicates that Mitchell is lying about his role, making him the most likely candidate for the Werewolf.",ONE#NIGHT#ULTIMATE#WEREWOLF##Retro#1_Game1,"[""Justin"", ""Alvin"", ""James"", ""Mitchell""]","[""Villager"", ""Villager"", ""Robber"", ""Werewolf""]",True,player,"[""Mitchell""]",player_vote,Mitchell,Mitchell,Mitchell,3.0,Werewolf,True,False
C:\Users\annab\Documents\GitHub\masters_thesis_sdg\results\voting\unsloth_gemma-4-31B-it-unsloth-bnb-4bit\prompt_v4_run_3\Youtube\ONE#NIGHT#ULTIMATE#WEREWOLF##Retro#1_Game10.json,run_3,3,stochastic,1.0,prompt_v4_run_3,Youtube,ONE#NIGHT#ULTIMATE#WEREWOLF##Retro#1,Game10,Youtube / ONE#NIGHT#ULTIMATE#WEREWOLF##Retro#1 / Game10,Justin,"Alvin claims to be the Seer and identifies Justin as the Werewolf. Both James and Mitchell claim to be the Robber and both attempt to verify Alvin's role as the Seer, although they contradict each other on who the actual Robber is. Justin eventually admits to being the Werewolf during the discussion, making him the most likely target for Team Village.",ONE#NIGHT#ULTIMATE#WEREWOLF##Retro#1_Game10,"[""Justin"", ""Alvin"", ""James"", ""Mitchell""]","[""Robber"", ""Seer"", ""Tanner"", ""Werewolf""]",True,player,"[""Mitchell""]",player_vote,Justin,Justin,Justin,0.0,Robber,False,False
C:\Users\annab\Documents\GitHub\masters_thesis_sdg\results\voting\unsloth_gemma-4-31B-it-unsloth-bnb-4bit\prompt_v4_run_3\Youtube\ONE#NIGHT#ULTIMATE#WEREWOLF##Retro#1_Game2.json,run_3,3,stochastic,1.0,prompt_v4_run_3,Youtube,ONE#NIGHT#ULTIMATE#WEREWOLF##Retro#1,Game2,Youtube / ONE#NIGHT#ULTIMATE#WEREWOLF##Retro#1 / Game2,James,"James is acting highly suspiciously by repeatedly insisting that the group vote him out, claiming that he believes he is the Werewolf due to a role swap performed by Justin (the Troublemaker). While this behavior is characteristic of the Tanner, it is also a common bluff for a Werewolf attempting to appear as the Tanner to avoid being voted out. Given that James is the only player actively suggesting his own elimination and providing a logic for why he might be the Werewolf, he is the most likely candidate for elimination to secure a win for Team Village.",ONE#NIGHT#ULTIMATE#WEREWOLF##Retro#1_Game2,"[""Justin"", ""Alvin"", ""James"", ""Mitchell""]","[""Werewolf"", ""Villager"", ""Robber"", ""Villager""]",True,player,"[""Justin""]",player_vote,James,James,James,2.0,Robber,False,False
C:\Users\annab\Documents\GitHub\masters_thesis_sdg\results\voting\unsloth_gemma-4-31B-it-unsloth-bnb-4bit\prompt_v4_run_3\Youtube\ONE#NIGHT#ULTIMATE#WEREWOLF##Retro#1_Game3.json,run_3,3,stochastic,1.0,prompt_v4_run_3,Youtube,ONE#NIGHT#ULTIMATE#WEREWOLF##Retro#1,Game3,Youtube / ONE#NIGHT#ULTIMATE#WEREWOLF##Retro#1 / Game3,Justin,"Alvin claims to be the Seer and explicitly states that he looked at Justin's card and saw it was a Werewolf. Justin denies this, claiming to be a Villager, but provides no supporting evidence or role claim to contradict the Seer. While card swaps (Robber/Troublemaker) could have occurred, no players claimed those roles to explain a change in Justin's alignment, making Alvin's claim the most actionable piece of information.",ONE#NIGHT#ULTIMATE#WEREWOLF##Retro#1_Game3,"[""Justin"", ""Alvin"", ""James"", ""Mitchell""]","[""Robber"", ""Seer"", ""Villager"", ""Werewolf""]",True,player,"[""Mitchell""]",player_vote,Justin,Justin,Justin,0.0,Robber,False,False
C:\Users\annab\Documents\GitHub\masters_thesis_sdg\results\voting\unsloth_gemma-4-31B-it-unsloth-bnb-4bit\prompt_v4_run_3\Youtube\ONE#NIGHT#ULTIMATE#WEREWOLF##Retro#1_Game4.json,run_3,3,stochastic,1.0,prompt_v4_run_3,Youtube,ONE#NIGHT#ULTIMATE#WEREWOLF##Retro#1,Game4,Youtube / ONE#NIGHT#ULTIMATE#WEREWOLF##Retro#1 / Game4,James,"James is the most suspicious player because he contradicted his own role claims. He initially claimed to be a Villager multiple times (at [72] and [80]), but later suddenly claimed to be the Seer (at [93]). His subsequent claim that he saw a Werewolf in the center is likely a bluff to convince the group to vote 'No Werewolf', which would allow him to survive as the Werewolf.",ONE#NIGHT#ULTIMATE#WEREWOLF##Retro#1_Game4,"[""Justin"", ""Alvin"", ""James"", ""Mitchell""]","[""Robber"", ""Seer"", ""Villager"", ""Werewolf""]",True,player,"[""Mitchell""]",player_vote,James,James,James,2.0,Villager,False,False
C:\Users\annab\Documents\GitHub\masters_thesis_sdg\results\voting\unsloth_gemma-4-31B-it-unsloth-bnb-4bit\prompt_v4_run_3\Youtube\ONE#NIGHT#ULTIMATE#WEREWOLF##Retro#1_Game5.json,run_3,3,stochastic,1.0,prompt_v4_run_3,Youtube,ONE#NIGHT#ULTIMATE#WEREWOLF##Retro#1,Game5,Youtube / ONE#NIGHT#ULTIMATE#WEREWOLF##Retro#1 / Game5,Mitchell,"Mitchell claims to be the Seer and attempts to frame Alvin as the Werewolf. However, his behavior is highly suspicious; he 'slow-rolls' his information and uses tentative phrasing ('If you believe me'), which are common indicators of a bluff. Given that both Justin and James have expressed strong distrust in Mitchell's claims, he is the most likely candidate to be the Werewolf attempting to deceive the group.",ONE#NIGHT#ULTIMATE#WEREWOLF##Retro#1_Game5,"[""Justin"", ""Alvin"", ""James"", ""Mitchell""]","[""Villager"", ""Robber"", ""Villager"", ""Werewolf""]",True,player,"[""Mitchell""]",player_vote,Mitchell,Mitchell,Mitchell,3.0,Werewolf,True,False
C:\Users\annab\Documents\GitHub\masters_thesis_sdg\results\voting\unsloth_gemma-4-31B-it-unsloth-bnb-4bit\prompt_v4_run_3\Youtube\ONE#NIGHT#ULTIMATE#WEREWOLF##Retro#1_Game6.json,run_3,3,stochastic,1.0,prompt_v4_run_3,Youtube,ONE#NIGHT#ULTIMATE#WEREWOLF##Retro#1,Game6,Youtube / ONE#NIGHT#ULTIMATE#WEREWOLF##Retro#1 / Game6,Mitchell,"James, Alvin, and Justin have a mutually reinforcing set of claims: James claims to be the Hunter, Alvin claims to be the Seer who verified James, and Justin claims to be the Robber who swapped with Alvin. Justin's claim explains how he can verify Alvin's role as the Seer, creating a consistent chain of verification. Mitchell is the only player without a verified role and repeatedly attempts to convince the group that no Werewolf is present, which is a common strategy for a Werewolf to avoid elimination.",ONE#NIGHT#ULTIMATE#WEREWOLF##Retro#1_Game6,"[""Justin"", ""Alvin"", ""James"", ""Mitchell""]","[""Werewolf"", ""Seer"", ""Hunter"", ""Robber""]",True,player,"[""Justin""]",player_vote,Mitchell,Mitchell,Mitchell,3.0,Robber,False,False
C:\Users\annab\Documents\GitHub\masters_thesis_sdg\results\voting\unsloth_gemma-4-31B-it-unsloth-bnb-4bit\prompt_v4_run_3\Youtube\ONE#NIGHT#ULTIMATE#WEREWOLF##Retro#1_Game7.json,run_3,3,stochastic,1.0,prompt_v4_run_3,Youtube,ONE#NIGHT#ULTIMATE#WEREWOLF##Retro#1,Game7,Youtube / ONE#NIGHT#ULTIMATE#WEREWOLF##Retro#1 / Game7,James,"James explicitly admits to being the Werewolf, stating, 'I'm admitting I'm the werewolf' and 'My first play was to look at this card, werewolf.' Justin, claiming to be the Seer, corroborates this by stating he looked at James's card and it was a Werewolf. There is no evidence in the transcript that James's card was swapped by the Robber or Troublemaker, making him the most certain target for Team Village.",ONE#NIGHT#ULTIMATE#WEREWOLF##Retro#1_Game7,"[""Justin"", ""Alvin"", ""James"", ""Mitchell""]","[""Seer"", ""Drunk"", ""Werewolf"", ""Werewolf""]",True,player,"[""James"", ""Mitchell""]",player_vote,James,James,James,2.0,Werewolf,True,False
C:\Users\annab\Documents\GitHub\masters_thesis_sdg\results\voting\unsloth_gemma-4-31B-it-unsloth-bnb-4bit\prompt_v4_run_3\Youtube\ONE#NIGHT#ULTIMATE#WEREWOLF##Retro#1_Game8.json,run_3,3,stochastic,1.0,prompt_v4_run_3,Youtube,ONE#NIGHT#ULTIMATE#WEREWOLF##Retro#1,Game8,Youtube / ONE#NIGHT#ULTIMATE#WEREWOLF##Retro#1 / Game8,Alvin,"Alvin is the most suspicious player due to a blatant contradiction in his claims. He initially claimed to be the Seer ([26]), stating he looked at James's card and saw a villager. However, he later changed his story, claiming he was actually the Robber ([89]) to explain how he knew James's role. Since there is only one Robber and Justin also claimed that role, Alvin's inconsistency strongly suggests he is lying to deceive the group, which is characteristic of a Werewolf.",ONE#NIGHT#ULTIMATE#WEREWOLF##Retro#1_Game8,"[""Justin"", ""Alvin"", ""James"", ""Mitchell""]","[""Villager"", ""Werewolf"", ""Robber"", ""Werewolf""]",True,player,"[""Alvin"", ""Mitchell""]",player_vote,Alvin,Alvin,Alvin,1.0,Werewolf,True,False
C:\Users\annab\Documents\GitHub\masters_thesis_sdg\results\voting\unsloth_gemma-4-31B-it-unsloth-bnb-4bit\prompt_v4_run_3\Youtube\ONE#NIGHT#ULTIMATE#WEREWOLF##Retro#1_Game9.json,run_3,3,stochastic,1.0,prompt_v4_run_3,Youtube,ONE#NIGHT#ULTIMATE#WEREWOLF##Retro#1,Game9,Youtube / ONE#NIGHT#ULTIMATE#WEREWOLF##Retro#1 / Game9,Justin,"Justin and Mitchell both claim to be the Seer, but Justin's claim that he saw a Werewolf and a Drunk in the center is a common bluff used by Werewolves to convince the group that no one is a Werewolf, thereby avoiding elimination. Mitchell's behavior—acting aggressively and claiming the Seer role first—is more consistent with the Tanner, who wants to be voted out. Alvin and Mitchell both suspect Justin, and while James is confident Mitchell is the Werewolf, Justin's specific bluff about the center cards is highly suspicious in the context of the game's mechanics.",ONE#NIGHT#ULTIMATE#WEREWOLF##Retro#1_Game9,"[""Justin"", ""Alvin"", ""James"", ""Mitchell""]","[""Seer"", ""Robber"", ""Villager"", ""Werewolf""]",True,player,"[""Mitchell""]",player_vote,Justin,Justin,Justin,0.0,Seer,False,False
C:\Users\annab\Documents\GitHub\masters_thesis_sdg\results\voting\unsloth_gemma-4-31B-it-unsloth-bnb-4bit\prompt_v4_run_3\Youtube\ONE#NIGHT#ULTIMATE#WEREWOLF##Retro#2_Game1.json,run_3,3,stochastic,1.0,prompt_v4_run_3,Youtube,ONE#NIGHT#ULTIMATE#WEREWOLF##Retro#2,Game1,Youtube / ONE#NIGHT#ULTIMATE#WEREWOLF##Retro#2 / Game1,Caitlynn,"Justin admits to being the starting Werewolf and states he was the only one, having seen the Robber card in the center. Dan claims to be the Troublemaker and states he swapped the cards of Justin and Caitlynn. If these claims are true, the Werewolf card was moved from Justin to Caitlynn, making Caitlynn the current Werewolf. Mitchell, claiming to be the Seer, supports the honesty of the players involved, and Caitlynn's claim of being a Villager is consistent with a Werewolf's attempt to deceive.",ONE#NIGHT#ULTIMATE#WEREWOLF##Retro#2_Game1,"[""Justin"", ""Dan"", ""Mitchell"", ""Caitlynn"", ""Mike""]","[""Villager"", ""Troublemaker"", ""Seer"", ""Werewolf"", ""Villager""]",True,player,"[""Caitlynn""]",player_vote,Caitlynn,Caitlynn,Caitlynn,3.0,Werewolf,True,False
C:\Users\annab\Documents\GitHub\masters_thesis_sdg\results\voting\unsloth_gemma-4-31B-it-unsloth-bnb-4bit\prompt_v4_run_3\Youtube\ONE#NIGHT#ULTIMATE#WEREWOLF##Retro#2_Game2.json,run_3,3,stochastic,1.0,prompt_v4_run_3,Youtube,ONE#NIGHT#ULTIMATE#WEREWOLF##Retro#2,Game2,Youtube / ONE#NIGHT#ULTIMATE#WEREWOLF##Retro#2 / Game2,Mike,"Justin claims to be the Seer and identified Mitchell as a Villager. Caitlynn claims to be the Robber and swapped cards with Mitchell. Dan claims to be a Villager. Mike is the only player who has not claimed a role and is actively encouraging a 'vote left' strategy, which would result in no one being eliminated—a strategy that directly benefits a Werewolf. Therefore, Mike is the most suspicious player.",ONE#NIGHT#ULTIMATE#WEREWOLF##Retro#2_Game2,"[""Justin"", ""Dan"", ""Mitchell"", ""Caitlynn"", ""Mike""]","[""Villager"", ""Seer"", ""Robber"", ""Villager"", ""Troublemaker""]",False,circle,[],player_vote,Mike,Mike,Mike,4.0,Troublemaker,False,False
C:\Users\annab\Documents\GitHub\masters_thesis_sdg\results\voting\unsloth_gemma-4-31B-it-unsloth-bnb-4bit\prompt_v4_run_3\Youtube\ONE#NIGHT#ULTIMATE#WEREWOLF##Retro#2_Game3.json,run_3,3,stochastic,1.0,prompt_v4_run_3,Youtube,ONE#NIGHT#ULTIMATE#WEREWOLF##Retro#2,Game3,Youtube / ONE#NIGHT#ULTIMATE#WEREWOLF##Retro#2 / Game3,Justin,"Justin explicitly admits to being a Werewolf twice during the discussion (lines 45 and 64). While Mike's claims about being the Troublemaker are logically inconsistent (claiming to switch players 'back', which is impossible in a single night), Justin's direct confession makes him the most likely target for Team Village to eliminate a Werewolf.",ONE#NIGHT#ULTIMATE#WEREWOLF##Retro#2_Game3,"[""Justin"", ""Dan"", ""Mitchell"", ""Caitlynn"", ""Mike""]","[""Werewolf"", ""Villager"", ""Robber"", ""Villager"", ""Troublemaker""]",True,player,"[""Justin""]",player_vote,Justin,Justin,Justin,0.0,Werewolf,True,False
C:\Users\annab\Documents\GitHub\masters_thesis_sdg\results\voting\unsloth_gemma-4-31B-it-unsloth-bnb-4bit\prompt_v4_run_3\Youtube\ONE#NIGHT#ULTIMATE#WEREWOLF##Retro#2_Game4.json,run_3,3,stochastic,1.0,prompt_v4_run_3,Youtube,ONE#NIGHT#ULTIMATE#WEREWOLF##Retro#2,Game4,Youtube / ONE#NIGHT#ULTIMATE#WEREWOLF##Retro#2 / Game4,Mike,"Dan claims to be the Seer and explicitly identifies Mike as the Werewolf. Mike claims to be the Troublemaker and says he switched Dan and Caitlynn, but this is a common bluff for a Werewolf to divert suspicion and create confusion about roles. Both Justin and Caitlynn express trust in Dan's late reveal, suggesting they believe his claim over Mike's.",ONE#NIGHT#ULTIMATE#WEREWOLF##Retro#2_Game4,"[""Justin"", ""Dan"", ""Mitchell"", ""Caitlynn"", ""Mike""]","[""Villager"", ""Seer"", ""Villager"", ""Robber"", ""Werewolf""]",True,player,"[""Mike""]",player_vote,Mike,Mike,Mike,4.0,Werewolf,True,False
C:\Users\annab\Documents\GitHub\masters_thesis_sdg\results\voting\unsloth_gemma-4-31B-it-unsloth-bnb-4bit\prompt_v4_run_3\Youtube\ONE#NIGHT#ULTIMATE#WEREWOLF##Retro#2_Game5.json,run_3,3,stochastic,1.0,prompt_v4_run_3,Youtube,ONE#NIGHT#ULTIMATE#WEREWOLF##Retro#2,Game5,Youtube / ONE#NIGHT#ULTIMATE#WEREWOLF##Retro#2 / Game5,Justin,"Caitlynn claims to be the Seer and explicitly states that she looked at Justin's card and found him to be the Werewolf. While Justin claims to be the Seer who looked at the center, this is a common bluff for a Werewolf. Mike also identifies Justin as the Werewolf, and although he claims to be the Troublemaker who swapped cards, the combined accusations from Caitlynn and Mike make Justin the most probable target for Team Village.",ONE#NIGHT#ULTIMATE#WEREWOLF##Retro#2_Game5,"[""Justin"", ""Dan"", ""Mitchell"", ""Caitlynn"", ""Mike""]","[""Robber"", ""Tanner"", ""Seer"", ""Werewolf"", ""Troublemaker""]",True,player,"[""Caitlynn""]",player_vote,Justin,Justin,Justin,0.0,Robber,False,False
C:\Users\annab\Documents\GitHub\masters_thesis_sdg\results\voting\unsloth_gemma-4-31B-it-unsloth-bnb-4bit\prompt_v4_run_3\Youtube\ONE#NIGHT#ULTIMATE#WEREWOLF##Retro#2_Game6.json,run_3,3,stochastic,1.0,prompt_v4_run_3,Youtube,ONE#NIGHT#ULTIMATE#WEREWOLF##Retro#2,Game6,Youtube / ONE#NIGHT#ULTIMATE#WEREWOLF##Retro#2 / Game6,Mitchell,"Justin claims to be the Seer and identifies Mitchell as a werewolf, but later contradicts himself by claiming he saw two villagers in the center; a Seer can only perform one of these actions. Dan also claims to be the Seer and provides a consistent account of seeing Caitlynn (the Troublemaker) move. Caitlynn confirms she swapped Justin and Mitchell. If Justin was the Werewolf and was swapped with Mitchell, Mitchell is now the Werewolf. If Justin was the Seer and Mitchell was the Werewolf, and they were swapped, Justin would now be the Werewolf, but Justin's contradictory claims make it more likely he was the original Werewolf.",ONE#NIGHT#ULTIMATE#WEREWOLF##Retro#2_Game6,"[""Justin"", ""Dan"", ""Mitchell"", ""Caitlynn"", ""Mike""]","[""Werewolf"", ""Seer"", ""Tanner"", ""Troublemaker"", ""Werewolf""]",True,player,"[""Justin"", ""Mike""]",player_vote,Mitchell,Mitchell,Mitchell,2.0,Tanner,False,False
C:\Users\annab\Documents\GitHub\masters_thesis_sdg\results\voting\unsloth_gemma-4-31B-it-unsloth-bnb-4bit\prompt_v4_run_3\Youtube\ONE#NIGHT#ULTIMATE#WEREWOLF##Retro#2_Game7.json,run_3,3,stochastic,1.0,prompt_v4_run_3,Youtube,ONE#NIGHT#ULTIMATE#WEREWOLF##Retro#2,Game7,Youtube / ONE#NIGHT#ULTIMATE#WEREWOLF##Retro#2 / Game7,Justin,"Justin provides contradictory claims about his role throughout the discussion. He first claims to be the Seer who looked at two center cards [25, 109], but later claims he was the Robber and switched cards with Dan [111]. Since a player cannot be both the Seer and the Robber, Justin is clearly lying, which is a strong indicator that he is a Werewolf attempting to bluff his way through the game.",ONE#NIGHT#ULTIMATE#WEREWOLF##Retro#2_Game7,"[""Justin"", ""Dan"", ""Mitchell"", ""Caitlynn"", ""Mike""]","[""Seer"", ""Robber"", ""Werewolf"", ""Werewolf"", ""Villager""]",True,player,"[""Mitchell"", ""Caitlynn""]",player_vote,Justin,Justin,Justin,0.0,Seer,False,False
C:\Users\annab\Documents\GitHub\masters_thesis_sdg\results\voting\unsloth_gemma-4-31B-it-unsloth-bnb-4bit\prompt_v4_run_3\Youtube\ONE#NIGHT#ULTIMATE#WEREWOLF##Retro#2_Game8.json,run_3,3,stochastic,1.0,prompt_v4_run_3,Youtube,ONE#NIGHT#ULTIMATE#WEREWOLF##Retro#2,Game8,Youtube / ONE#NIGHT#ULTIMATE#WEREWOLF##Retro#2 / Game8,No Werewolf,"Dan claims to be the Seer and specifically states that he saw two werewolf cards in the center. If this claim is true, no player is a werewolf, and Team Village wins by voting 'No Werewolf'. Justin's erratic role claims (initially claiming Robber, then shifting to Tanner/Drunk, and finally Tanner) are characteristic of the Tanner role, and Mitchell's claim to be the Robber remains consistent. In the absence of contradictory information, Dan's specific claim about the center cards is the most reliable piece of evidence.",ONE#NIGHT#ULTIMATE#WEREWOLF##Retro#2_Game8,"[""Justin"", ""Dan"", ""Mitchell"", ""Caitlynn"", ""Mike""]","[""Seer"", ""Werewolf"", ""Robber"", ""Tanner"", ""Villager""]",True,player,"[""Dan""]",circle_vote,No Werewolf,,,,,False,True
C:\Users\annab\Documents\GitHub\masters_thesis_sdg\results\voting\unsloth_gemma-4-31B-it-unsloth-bnb-4bit\prompt_v4_run_3\Youtube\ONE#NIGHT#ULTIMATE#WEREWOLF##Retro#3_Game2.json,run_3,3,stochastic,1.0,prompt_v4_run_3,Youtube,ONE#NIGHT#ULTIMATE#WEREWOLF##Retro#3,Game2,Youtube / ONE#NIGHT#ULTIMATE#WEREWOLF##Retro#3 / Game2,Mike,"Mike's behavior is highly suspicious; he claims to be a villager but is questioned by Mitchell about why he previously mentioned being the Insomniac. Mike's explanation—that he said it 'to see if anyone else would say it'—is an illogical strategy for a village-aligned player and suggests a failed bluff. Furthermore, the other three players (Justin, James, and Mitchell) have converged on Mike as the most likely Werewolf based on these inconsistencies.",ONE#NIGHT#ULTIMATE#WEREWOLF##Retro#3_Game2,"[""Justin"", ""Mike"", ""James"", ""Mitchell""]","[""Villager"", ""Villager"", ""Robber"", ""Werewolf""]",True,player,"[""Mitchell""]",player_vote,Mike,Mike,Mike,1.0,Villager,False,False
C:\Users\annab\Documents\GitHub\masters_thesis_sdg\results\voting\unsloth_gemma-4-31B-it-unsloth-bnb-4bit\prompt_v4_run_3\Youtube\ONE#NIGHT#ULTIMATE#WEREWOLF##Retro#3_Game3.json,run_3,3,stochastic,1.0,prompt_v4_run_3,Youtube,ONE#NIGHT#ULTIMATE#WEREWOLF##Retro#3,Game3,Youtube / ONE#NIGHT#ULTIMATE#WEREWOLF##Retro#3 / Game3,No Werewolf,"Mitchell claims to be the Seer and states that he saw two werewolves in the center. Mike supports this by claiming to be the Robber who switched cards with Mitchell, thereby confirming Mitchell's starting role as the Seer. If these claims are true, then no player is currently a werewolf, and the Village wins by voting 'No Werewolf'.",ONE#NIGHT#ULTIMATE#WEREWOLF##Retro#3_Game3,"[""Justin"", ""Mike"", ""James"", ""Mitchell""]","[""Villager"", ""Seer"", ""Villager"", ""Robber""]",False,circle,[],circle_vote,No Werewolf,,,,,True,True
C:\Users\annab\Documents\GitHub\masters_thesis_sdg\results\voting\unsloth_gemma-4-31B-it-unsloth-bnb-4bit\prompt_v4_run_3\Youtube\ONE#NIGHT#ULTIMATE#WEREWOLF##Retro#3_Game4.json,run_3,3,stochastic,1.0,prompt_v4_run_3,Youtube,ONE#NIGHT#ULTIMATE#WEREWOLF##Retro#3,Game4,Youtube / ONE#NIGHT#ULTIMATE#WEREWOLF##Retro#3 / Game4,Mitchell,"There is a direct conflict between Mike and Mitchell regarding the Robber's action. Mike claims he switched cards with James, while Mitchell claims he was the Tanner and Mike switched with him. Mitchell's claim to be a 'former' Tanner is a complex bluff, as a real Tanner would typically try to attract votes to win, and a Robber knows exactly whose card they stole. Given that Mike's claim is more straightforward and James was initially convinced Mitchell was the Werewolf, Mitchell is the most likely candidate for the Werewolf role.",ONE#NIGHT#ULTIMATE#WEREWOLF##Retro#3_Game4,"[""Justin"", ""Mike"", ""James"", ""Mitchell""]","[""Insomniac"", ""Werewolf"", ""Villager"", ""Tanner""]",True,player,"[""Mike""]",player_vote,Mitchell,Mitchell,Mitchell,3.0,Tanner,False,False
C:\Users\annab\Documents\GitHub\masters_thesis_sdg\results\voting\unsloth_gemma-4-31B-it-unsloth-bnb-4bit\prompt_v4_run_3\Youtube\ONE#NIGHT#ULTIMATE#WEREWOLF##Retro#3_Game5.json,run_3,3,stochastic,1.0,prompt_v4_run_3,Youtube,ONE#NIGHT#ULTIMATE#WEREWOLF##Retro#3,Game5,Youtube / ONE#NIGHT#ULTIMATE#WEREWOLF##Retro#3 / Game5,James,"James explicitly confesses to being the werewolf in line 129 ('Mitchell is bullshitting and I am the werewolf so...'). While Mitchell also made contradictory claims about being a werewolf and then a Tanner, James's direct admission is the strongest piece of evidence available in the transcript. Justin and Mike's claims as Troublemaker and Robber are consistent with each other, leaving James as the most likely target for Team Village.",ONE#NIGHT#ULTIMATE#WEREWOLF##Retro#3_Game5,"[""Justin"", ""Mike"", ""James"", ""Mitchell""]","[""Troublemaker"", ""Werewolf"", ""Villager"", ""Insomniac""]",True,player,"[""Mike""]",player_vote,James,James,James,2.0,Villager,False,False
C:\Users\annab\Documents\GitHub\masters_thesis_sdg\results\voting\unsloth_gemma-4-31B-it-unsloth-bnb-4bit\prompt_v4_run_3\Youtube\ONE#NIGHT#ULTIMATE#WEREWOLF##Retro#3_Game6.json,run_3,3,stochastic,1.0,prompt_v4_run_3,Youtube,ONE#NIGHT#ULTIMATE#WEREWOLF##Retro#3,Game6,Youtube / ONE#NIGHT#ULTIMATE#WEREWOLF##Retro#3 / Game6,No Werewolf,"Mike claims to be the Seer and states he saw two werewolves in the center. If this is true, no player is a werewolf. The conflicting claims of James and Justin (both claiming Troublemaker) and Mitchell's confusing claims (starting as Robber, stealing from Justin, and mentioning the Tanner) suggest a mix of Robber, Troublemaker, and Tanner roles. Specifically, if Mitchell (Robber) stole the Tanner card from Justin, and James (Troublemaker) then swapped Justin and Mitchell, Justin would end the game as the Tanner. This scenario is consistent with Mike's claim that no werewolves are among the players.",ONE#NIGHT#ULTIMATE#WEREWOLF##Retro#3_Game6,"[""Justin"", ""Mike"", ""James"", ""Mitchell""]","[""Insomniac"", ""Werewolf"", ""Troublemaker"", ""Tanner""]",True,player,"[""Mike""]",circle_vote,No Werewolf,,,,,False,True
C:\Users\annab\Documents\GitHub\masters_thesis_sdg\results\voting\unsloth_gemma-4-31B-it-unsloth-bnb-4bit\prompt_v4_run_3\Youtube\ONE#NIGHT#ULTIMATE#WEREWOLF##Retro#3_Game7.json,run_3,3,stochastic,1.0,prompt_v4_run_3,Youtube,ONE#NIGHT#ULTIMATE#WEREWOLF##Retro#3,Game7,Youtube / ONE#NIGHT#ULTIMATE#WEREWOLF##Retro#3 / Game7,Mitchell,"James and Mitchell both claim to have started as the Tanner, but only one Tanner can exist. James's claim is supported by Mike, who claims to be the Troublemaker and says he switched James and Justin. If James started as the Tanner and was switched with Justin (the Seer), James is now the Seer and would want to eliminate the Werewolf, which explains why he is aggressively pushing the vote toward Mitchell. Mitchell's claim to be the Tanner is contradicted by his own statement that 'this sucks' and he 'lost this game,' whereas a real Tanner would want to be voted out to win.",ONE#NIGHT#ULTIMATE#WEREWOLF##Retro#3_Game7,"[""Justin"", ""Mike"", ""James"", ""Mitchell""]","[""Tanner"", ""Troublemaker"", ""Seer"", ""Werewolf""]",True,player,"[""Mitchell""]",player_vote,Mitchell,Mitchell,Mitchell,3.0,Werewolf,True,False
C:\Users\annab\Documents\GitHub\masters_thesis_sdg\results\voting\unsloth_gemma-4-31B-it-unsloth-bnb-4bit\prompt_v4_run_3\Youtube\ONE#NIGHT#ULTIMATE#WEREWOLF##Retro#3_Game8.json,run_3,3,stochastic,1.0,prompt_v4_run_3,Youtube,ONE#NIGHT#ULTIMATE#WEREWOLF##Retro#3,Game8,Youtube / ONE#NIGHT#ULTIMATE#WEREWOLF##Retro#3 / Game8,No Werewolf,"James claims to be the Seer and explicitly states that there are two werewolves in the center. If this information is true, no player can be a werewolf. The other players' claims (Justin as Troublemaker and Mitchell as Insomniac) are consistent with this, and Mike's behavior of voting for himself is characteristic of the Tanner. Therefore, it is most likely that no werewolf is present among the players.",ONE#NIGHT#ULTIMATE#WEREWOLF##Retro#3_Game8,"[""Justin"", ""Mike"", ""James"", ""Mitchell""]","[""Troublemaker"", ""Insomniac"", ""Seer"", ""Tanner""]",False,circle,[],circle_vote,No Werewolf,,,,,True,True
C:\Users\annab\Documents\GitHub\masters_thesis_sdg\results\voting\unsloth_gemma-4-31B-it-unsloth-bnb-4bit\prompt_v4_run_3\Youtube\ONE#NIGHT#ULTIMATE#WEREWOLF##Retro#4_Game10.json,run_3,3,stochastic,1.0,prompt_v4_run_3,Youtube,ONE#NIGHT#ULTIMATE#WEREWOLF##Retro#4,Game10,Youtube / ONE#NIGHT#ULTIMATE#WEREWOLF##Retro#4 / Game10,James,"Mike claims to be the Seer and identifies Caitlynn as the Troublemaker, which she confirms. Justin is identified as the Robber based on his admission that he 'fucked up' by not looking at his card. James repeatedly claims to be the Robber, which is impossible if Justin is the Robber, and he later pivots to push the vote toward Mitchell. Mitchell's behavior—begging to be voted out—is highly characteristic of the Tanner, making James the most likely Werewolf.",ONE#NIGHT#ULTIMATE#WEREWOLF##Retro#4_Game10,"[""Justin"", ""Caitlynn"", ""Mike"", ""James"", ""Mitchell""]","[""Werewolf"", ""Troublemaker"", ""Werewolf"", ""Seer"", ""Robber""]",True,player,"[""Justin"", ""Mike""]",player_vote,James,James,James,3.0,Seer,False,False
C:\Users\annab\Documents\GitHub\masters_thesis_sdg\results\voting\unsloth_gemma-4-31B-it-unsloth-bnb-4bit\prompt_v4_run_3\Youtube\ONE#NIGHT#ULTIMATE#WEREWOLF##Retro#4_Game11.json,run_3,3,stochastic,1.0,prompt_v4_run_3,Youtube,ONE#NIGHT#ULTIMATE#WEREWOLF##Retro#4,Game11,Youtube / ONE#NIGHT#ULTIMATE#WEREWOLF##Retro#4 / Game11,Justin,"Mitchell claims he started as the Minion and identified Justin as the Werewolf. This is corroborated by Caitlynn, who claims she started as the Insomniac and ended as the Minion, and James, who claims to be the Troublemaker. If James swapped Mitchell and Caitlynn, Mitchell's transition from Minion to Insomniac and Caitlynn's transition from Insomniac to Minion are consistent, leaving Justin as the Werewolf.",ONE#NIGHT#ULTIMATE#WEREWOLF##Retro#4_Game11,"[""Justin"", ""Caitlynn"", ""Mike"", ""James"", ""Mitchell""]","[""Werewolf"", ""Minion"", ""Robber"", ""Troublemaker"", ""Insomniac""]",True,player,"[""Justin""]",player_vote,Justin,Justin,Justin,0.0,Werewolf,True,False
C:\Users\annab\Documents\GitHub\masters_thesis_sdg\results\voting\unsloth_gemma-4-31B-it-unsloth-bnb-4bit\prompt_v4_run_3\Youtube\ONE#NIGHT#ULTIMATE#WEREWOLF##Retro#4_Game3.json,run_3,3,stochastic,1.0,prompt_v4_run_3,Youtube,ONE#NIGHT#ULTIMATE#WEREWOLF##Retro#4,Game3,Youtube / ONE#NIGHT#ULTIMATE#WEREWOLF##Retro#4 / Game3,Mike,"James claims to be the Insomniac who woke up as the Seer, which is a very specific claim. If James is the Seer, then both Mike and Mitchell are lying about being the Seer. Mike is aggressively framing Mitchell as the Werewolf and is supported by Justin, whose phrasing ('I'm going to confirm Mike's story') suggests a coordinated bluff. In One Night Ultimate Werewolf, such coordinated aggression from a self-proclaimed Seer often indicates the Werewolf/Minion team, making Mike the most likely Werewolf.",ONE#NIGHT#ULTIMATE#WEREWOLF##Retro#4_Game3,"[""Justin"", ""Caitlynn"", ""Mike"", ""James"", ""Mitchell""]","[""Troublemaker"", ""Werewolf"", ""Insomniac"", ""Seer"", ""Werewolf""]",True,player,"[""Caitlynn"", ""Mitchell""]",player_vote,Mike,Mike,Mike,2.0,Insomniac,False,False
C:\Users\annab\Documents\GitHub\masters_thesis_sdg\results\voting\unsloth_gemma-4-31B-it-unsloth-bnb-4bit\prompt_v4_run_3\Youtube\ONE#NIGHT#ULTIMATE#WEREWOLF##Retro#4_Game4.json,run_3,3,stochastic,1.0,prompt_v4_run_3,Youtube,ONE#NIGHT#ULTIMATE#WEREWOLF##Retro#4,Game4,Youtube / ONE#NIGHT#ULTIMATE#WEREWOLF##Retro#4 / Game4,Mitchell,"Mike claimed to be the Seer and stated he looked at two cards in the center. James suggested that if Mike saw werewolves in the center, Mitchell (who claimed to be the Drunk and swapped his card with one from the center) likely picked up a werewolf card. Mitchell's defensive behavior and attempts to divert votes toward Caitlynn further increase the suspicion that he is the Werewolf.",ONE#NIGHT#ULTIMATE#WEREWOLF##Retro#4_Game4,"[""Justin"", ""Caitlynn"", ""Mike"", ""James"", ""Mitchell""]","[""Werewolf"", ""Minion"", ""Insomniac"", ""Troublemaker"", ""Robber""]",True,player,"[""Justin""]",player_vote,Mitchell,Mitchell,Mitchell,4.0,Robber,False,False
C:\Users\annab\Documents\GitHub\masters_thesis_sdg\results\voting\unsloth_gemma-4-31B-it-unsloth-bnb-4bit\prompt_v4_run_3\Youtube\ONE#NIGHT#ULTIMATE#WEREWOLF##Retro#4_Game5.json,run_3,3,stochastic,1.0,prompt_v4_run_3,Youtube,ONE#NIGHT#ULTIMATE#WEREWOLF##Retro#4,Game5,Youtube / ONE#NIGHT#ULTIMATE#WEREWOLF##Retro#4 / Game5,James,"Justin admitted to being a Werewolf, and Mike (claiming Seer) confirmed this. James admitted to being the Robber and stealing Justin's card. Since the Robber swaps their card with the target, James became the Werewolf and Justin became the Robber. Therefore, James is the current Werewolf and should be voted out for Team Village to win.",ONE#NIGHT#ULTIMATE#WEREWOLF##Retro#4_Game5,"[""Justin"", ""Caitlynn"", ""Mike"", ""James"", ""Mitchell""]","[""Robber"", ""Minion"", ""Seer"", ""Werewolf"", ""Insomniac""]",True,player,"[""James""]",player_vote,James,James,James,3.0,Werewolf,True,False
C:\Users\annab\Documents\GitHub\masters_thesis_sdg\results\voting\unsloth_gemma-4-31B-it-unsloth-bnb-4bit\prompt_v4_run_3\Youtube\ONE#NIGHT#ULTIMATE#WEREWOLF##Retro#4_Game6.json,run_3,3,stochastic,1.0,prompt_v4_run_3,Youtube,ONE#NIGHT#ULTIMATE#WEREWOLF##Retro#4,Game6,Youtube / ONE#NIGHT#ULTIMATE#WEREWOLF##Retro#4 / Game6,Caitlynn,"James claims to be the Seer and identifies Justin as the Insomniac, which Justin confirms. Mike claims to be the Troublemaker, and Mitchell claims to be the Drunk, although his explanation of the Drunk's ability is logically flawed and he actively encourages the group to vote him out, which is characteristic of the Tanner. Caitlynn remains almost entirely silent throughout the discussion, a common behavior for a Werewolf attempting to avoid suspicion. Given the claims of the other four players, Caitlynn is the most likely candidate to be the Werewolf.",ONE#NIGHT#ULTIMATE#WEREWOLF##Retro#4_Game6,"[""Justin"", ""Caitlynn"", ""Mike"", ""James"", ""Mitchell""]","[""Insomniac"", ""Drunk"", ""Troublemaker"", ""Minion"", ""Robber""]",False,circle,[],player_vote,Caitlynn,Caitlynn,Caitlynn,1.0,Drunk,False,False
C:\Users\annab\Documents\GitHub\masters_thesis_sdg\results\voting\unsloth_gemma-4-31B-it-unsloth-bnb-4bit\prompt_v4_run_3\Youtube\ONE#NIGHT#ULTIMATE#WEREWOLF##Retro#4_Game7.json,run_3,3,stochastic,1.0,prompt_v4_run_3,Youtube,ONE#NIGHT#ULTIMATE#WEREWOLF##Retro#4,Game7,Youtube / ONE#NIGHT#ULTIMATE#WEREWOLF##Retro#4 / Game7,No Werewolf,"Justin claims to be the Minion and states he saw no werewolves, which Mike (claiming Seer) confirms by stating he saw Justin as the Minion. If these claims are true, no player started as a Werewolf. While the Drunk could have swapped into a Werewolf role, there is no evidence to support this, and the Minion's attempt to convince the group that no werewolves exist is a classic bluff to bait the Village into voting someone out, which would prevent a 'no one dies' victory for the Village. Therefore, the most likely scenario is that all Werewolf cards are in the center.",ONE#NIGHT#ULTIMATE#WEREWOLF##Retro#4_Game7,"[""Justin"", ""Caitlynn"", ""Mike"", ""James"", ""Mitchell""]","[""Drunk"", ""Insomniac"", ""Seer"", ""Troublemaker"", ""Minion""]",False,circle,[],circle_vote,No Werewolf,,,,,True,True
C:\Users\annab\Documents\GitHub\masters_thesis_sdg\results\voting\unsloth_gemma-4-31B-it-unsloth-bnb-4bit\prompt_v4_run_3\Youtube\ONE#NIGHT#ULTIMATE#WEREWOLF##Retro#4_Game9.json,run_3,3,stochastic,1.0,prompt_v4_run_3,Youtube,ONE#NIGHT#ULTIMATE#WEREWOLF##Retro#4,Game9,Youtube / ONE#NIGHT#ULTIMATE#WEREWOLF##Retro#4 / Game9,Justin,"Justin's claims are highly inconsistent; he first claims to be the Robber who stole from Mike, then later claims he stole from James. Mike, claiming to be the Seer, suggests that Justin ended up with the Werewolf card. James also explicitly identifies Justin as the Werewolf at the end of the discussion. Given the contradictions in Justin's story and the accusations from other players, he is the most likely candidate for the Werewolf.",ONE#NIGHT#ULTIMATE#WEREWOLF##Retro#4_Game9,"[""Justin"", ""Caitlynn"", ""Mike"", ""James"", ""Mitchell""]","[""Minion"", ""Werewolf"", ""Seer"", ""Werewolf"", ""Insomniac""]",True,player,"[""Caitlynn"", ""James""]",player_vote,Justin,Justin,Justin,0.0,Minion,False,False
C:\Users\annab\Documents\GitHub\masters_thesis_sdg\results\voting\unsloth_gemma-4-31B-it-unsloth-bnb-4bit\prompt_v4_run_3\Youtube\ONE#NIGHT#ULTIMATE#WEREWOLF##Retro#5_Game1.json,run_3,3,stochastic,1.0,prompt_v4_run_3,Youtube,ONE#NIGHT#ULTIMATE#WEREWOLF##Retro#5,Game1,Youtube / ONE#NIGHT#ULTIMATE#WEREWOLF##Retro#5 / Game1,Mitchell,"Mitchell's opening claim is highly contradictory, stating he is either the Seer who saw two werewolves (which would mean no one is a werewolf) or a Werewolf who saw a Seer. This erratic behavior and his insistence that the group should not vote anyone out ('Don't kill me. We're good') are characteristic of a Werewolf attempting to divert suspicion and avoid elimination. While Justin claims to be the Troublemaker and Paul claims he was not a werewolf, Mitchell's confusing narrative makes him the most likely candidate for the Werewolf role.",ONE#NIGHT#ULTIMATE#WEREWOLF##Retro#5_Game1,"[""Justin"", ""Paul"", ""Mitchell""]","[""Troublemaker"", ""Seer"", ""Villager""]",False,circle,[],player_vote,Mitchell,Mitchell,Mitchell,2.0,Villager,False,False
C:\Users\annab\Documents\GitHub\masters_thesis_sdg\results\voting\unsloth_gemma-4-31B-it-unsloth-bnb-4bit\prompt_v4_run_3\Youtube\ONE#NIGHT#ULTIMATE#WEREWOLF##Retro#5_Game2.json,run_3,3,stochastic,1.0,prompt_v4_run_3,Youtube,ONE#NIGHT#ULTIMATE#WEREWOLF##Retro#5,Game2,Youtube / ONE#NIGHT#ULTIMATE#WEREWOLF##Retro#5 / Game2,Justin,"Justin's claims are highly contradictory, shifting from accusing Mitchell, to claiming he was the Robber, and finally confessing, 'I was the Werewolf from the beginning.' Mitchell also claims that he was the Werewolf but that Justin (acting as the Robber) stole the card, meaning Justin is the current Werewolf. Since both players eventually point to Justin as the current holder of the Werewolf card, he is the most logical choice for elimination.",ONE#NIGHT#ULTIMATE#WEREWOLF##Retro#5_Game2,"[""Justin"", ""Paul"", ""Mitchell""]","[""Villager"", ""Troublemaker"", ""Werewolf""]",True,player,"[""Mitchell""]",player_vote,Justin,Justin,Justin,0.0,Villager,False,False
C:\Users\annab\Documents\GitHub\masters_thesis_sdg\results\voting\unsloth_gemma-4-31B-it-unsloth-bnb-4bit\prompt_v4_run_3\Youtube\ONE#NIGHT#ULTIMATE#WEREWOLF##Retro#5_Game3.json,run_3,3,stochastic,1.0,prompt_v4_run_3,Youtube,ONE#NIGHT#ULTIMATE#WEREWOLF##Retro#5,Game3,Youtube / ONE#NIGHT#ULTIMATE#WEREWOLF##Retro#5 / Game3,Paul,"Paul explicitly admits to starting as the Werewolf ('I was a werewolf. A hundred percent', 'I was the only werewolf'). Mitchell claims to be the Seer and identifies Paul as the Werewolf. Justin, claiming to be the Troublemaker, states he did not switch any players, which invalidates Paul's attempt to argue that the Werewolf role was swapped to Mitchell.",ONE#NIGHT#ULTIMATE#WEREWOLF##Retro#5_Game3,"[""Justin"", ""Paul"", ""Mitchell""]","[""Troublemaker"", ""Werewolf"", ""Seer""]",True,player,"[""Paul""]",player_vote,Paul,Paul,Paul,1.0,Werewolf,True,False
C:\Users\annab\Documents\GitHub\masters_thesis_sdg\results\voting\unsloth_gemma-4-31B-it-unsloth-bnb-4bit\prompt_v4_run_3\Youtube\ONE#NIGHT#ULTIMATE#WEREWOLF##Retro#5_Game4.json,run_3,3,stochastic,1.0,prompt_v4_run_3,Youtube,ONE#NIGHT#ULTIMATE#WEREWOLF##Retro#5,Game4,Youtube / ONE#NIGHT#ULTIMATE#WEREWOLF##Retro#5 / Game4,Justin,"Paul claims he was the Robber and stole from Justin. He later explains a complex sequence (Line 79) where he believes he acted as the Troublemaker and swapped Justin and Mitchell, which would only happen if he stole the Troublemaker card from Justin. If Paul (Robber) stole the Troublemaker card from Justin and then swapped Justin (now Robber) with Mitchell (Werewolf), Justin would end the night as the Werewolf. Mitchell's claim to be the Insomniac is likely a bluff to avoid suspicion, as it contradicts the Robber/Troublemaker logic Paul is describing.",ONE#NIGHT#ULTIMATE#WEREWOLF##Retro#5_Game4,"[""Justin"", ""Paul"", ""Mitchell""]","[""Troublemaker"", ""Robber"", ""Insomniac""]",False,circle,[],player_vote,Justin,Justin,Justin,0.0,Troublemaker,False,False
C:\Users\annab\Documents\GitHub\masters_thesis_sdg\results\voting\unsloth_gemma-4-31B-it-unsloth-bnb-4bit\prompt_v4_run_3\Youtube\ONE#NIGHT#ULTIMATE#WEREWOLF##Retro#5_Game5.json,run_3,3,stochastic,1.0,prompt_v4_run_3,Youtube,ONE#NIGHT#ULTIMATE#WEREWOLF##Retro#5,Game5,Youtube / ONE#NIGHT#ULTIMATE#WEREWOLF##Retro#5 / Game5,Justin,"Paul claims to be the Seer and states he saw that Justin started as a Werewolf. Mitchell claims to be the Insomniac and confirms he woke up as himself, which suggests he was not swapped by the Robber or Troublemaker. Most importantly, Justin explicitly admits to starting as a Werewolf, making him the most likely candidate for elimination to ensure a Team Village win.",ONE#NIGHT#ULTIMATE#WEREWOLF##Retro#5_Game5,"[""Justin"", ""Paul"", ""Mitchell""]","[""Werewolf"", ""Werewolf"", ""Insomniac""]",True,player,"[""Justin"", ""Paul""]",player_vote,Justin,Justin,Justin,0.0,Werewolf,True,False
C:\Users\annab\Documents\GitHub\masters_thesis_sdg\results\voting\unsloth_gemma-4-31B-it-unsloth-bnb-4bit\prompt_v4_run_3\Youtube\ONE#NIGHT#ULTIMATE#WEREWOLF##Retro#5_Game6.json,run_3,3,stochastic,1.0,prompt_v4_run_3,Youtube,ONE#NIGHT#ULTIMATE#WEREWOLF##Retro#5,Game6,Youtube / ONE#NIGHT#ULTIMATE#WEREWOLF##Retro#5 / Game6,Mitchell,"During the Night phase, when the Announcer called for the Werewolves to wake up, both Mitchell and Justin explicitly acknowledged each other as fellow werewolves. Although they later claimed to be the Seer and Troublemaker, these claims are inconsistent with their behavior during the Night phase and are likely a coordinated bluff to divert suspicion. Therefore, Mitchell is a Werewolf, and voting him out ensures a win for Team Village.",ONE#NIGHT#ULTIMATE#WEREWOLF##Retro#5_Game6,"[""Justin"", ""Paul"", ""Mitchell""]","[""Werewolf"", ""Werewolf"", ""Insomniac""]",True,player,"[""Justin"", ""Paul""]",player_vote,Mitchell,Mitchell,Mitchell,2.0,Insomniac,False,False
C:\Users\annab\Documents\GitHub\masters_thesis_sdg\results\voting\unsloth_gemma-4-31B-it-unsloth-bnb-4bit\prompt_v4_run_3\Youtube\ONE#NIGHT#ULTIMATE#WEREWOLF##Retro#5_Game7.json,run_3,3,stochastic,1.0,prompt_v4_run_3,Youtube,ONE#NIGHT#ULTIMATE#WEREWOLF##Retro#5,Game7,Youtube / ONE#NIGHT#ULTIMATE#WEREWOLF##Retro#5 / Game7,Paul,"Justin claims to be the Insomniac and Mitchell claims to be the Troublemaker (who did not perform a swap). Paul claims to have information and asserts that both Justin and Mitchell are werewolves. In a three-player game, it is logically impossible for a Seer or a standard Village role to know for certain that both other players are werewolves, as the Seer can only check one player's card or two center cards. Paul's aggressive and logically unsupported accusation suggests he is the Werewolf attempting to deflect suspicion.",ONE#NIGHT#ULTIMATE#WEREWOLF##Retro#5_Game7,"[""Justin"", ""Paul"", ""Mitchell""]","[""Insomniac"", ""Werewolf"", ""Troublemaker""]",True,player,"[""Paul""]",player_vote,Paul,Paul,Paul,1.0,Werewolf,True,False
C:\Users\annab\Documents\GitHub\masters_thesis_sdg\results\voting\unsloth_gemma-4-31B-it-unsloth-bnb-4bit\prompt_v4_run_3\Youtube\ONE#NIGHT#ULTIMATE#WEREWOLF##Retro#5_Game8.json,run_3,3,stochastic,1.0,prompt_v4_run_3,Youtube,ONE#NIGHT#ULTIMATE#WEREWOLF##Retro#5,Game8,Youtube / ONE#NIGHT#ULTIMATE#WEREWOLF##Retro#5 / Game8,No Werewolf,"Justin claims to be the Seer and states he saw two 'normal' cards in the center, implying the third center card could be the Werewolf. Mitchell claims to be the Robber who stole from Paul, and Paul claims he started as the Insomniac; these two stories are mutually consistent, as Mitchell would have become the Insomniac and woken up at the end of the night. If all three players are telling the truth about their roles (Seer, Robber, and Insomniac), then no player is a Werewolf, and the Werewolf card must be in the center. Justin's suggestion to vote in a way that no one dies further supports the conclusion that no Werewolf is present among the players.",ONE#NIGHT#ULTIMATE#WEREWOLF##Retro#5_Game8,"[""Justin"", ""Paul"", ""Mitchell""]","[""Werewolf"", ""Werewolf"", ""Tanner""]",True,player,"[""Justin"", ""Paul""]",circle_vote,No Werewolf,,,,,False,True
C:\Users\annab\Documents\GitHub\masters_thesis_sdg\results\voting\unsloth_gemma-4-31B-it-unsloth-bnb-4bit\prompt_v4_run_3\Youtube\ONE#NIGHT#ULTIMATE#WEREWOLF#-#Drinking#Play#Through_Game1.json,run_3,3,stochastic,1.0,prompt_v4_run_3,Youtube,ONE#NIGHT#ULTIMATE#WEREWOLF#-#Drinking#Play#Through,Game1,Youtube / ONE#NIGHT#ULTIMATE#WEREWOLF#-#Drinking#Play#Through / Game1,Haak,"Jordan2's claims are logically impossible for a Robber; he claims to have swapped cards with Haak (Line 53) and later claims to have looked at Meryl's card to see she was the Seer (Line 147), but a Robber only swaps once and looks at their new card. Haak and Jordan2 are corroborating each other's stories, which is a common tactic for Team Werewolf to divert suspicion. Furthermore, Meryl's claim as Seer that the Troublemaker card was in the center contradicts Haak's claim to be the Troublemaker, suggesting Haak is lying to hide his identity as a Werewolf.",ONE#NIGHT#ULTIMATE#WEREWOLF#-#Drinking#Play#Through_Game1,"[""Sarah"", ""Jordan1"", ""Haak"", ""Robin"", ""Jordan2"", ""Meryl""]","[""Robber"", ""Hunter"", ""Werewolf"", ""Minion"", ""Tanner"", ""Seer""]",True,player,"[""Haak""]",player_vote,Haak,Haak,Haak,2.0,Werewolf,True,False
C:\Users\annab\Documents\GitHub\masters_thesis_sdg\results\voting\unsloth_gemma-4-31B-it-unsloth-bnb-4bit\prompt_v4_run_3\Youtube\ONE#NIGHT#ULTIMATE#WEREWOLF#-#Drinking#Play#Through_Game2.json,run_3,3,stochastic,1.0,prompt_v4_run_3,Youtube,ONE#NIGHT#ULTIMATE#WEREWOLF#-#Drinking#Play#Through,Game2,Youtube / ONE#NIGHT#ULTIMATE#WEREWOLF#-#Drinking#Play#Through / Game2,Jordan2,"Jordan2's behavior is highly erratic and suspicious. He initially claims to be the Seer, then jokingly claims to be the Minion, and finally attempts to divert the vote toward Haak. His Seer claim is contradicted by Meryl's claim to be the Troublemaker, and his attempt to frame Haak suggests he is trying to avoid suspicion, which is typical for a Werewolf or Minion.",ONE#NIGHT#ULTIMATE#WEREWOLF#-#Drinking#Play#Through_Game2,"[""Sarah"", ""Jordan1"", ""Haak"", ""Robin"", ""Jordan2"", ""Meryl""]","[""Drunk"", ""Minion"", ""Hunter"", ""Seer"", ""Tanner"", ""Werewolf""]",True,player,"[""Meryl""]",player_vote,Jordan2,Jordan2,Jordan2,4.0,Tanner,False,False
C:\Users\annab\Documents\GitHub\masters_thesis_sdg\results\voting\unsloth_gemma-4-31B-it-unsloth-bnb-4bit\prompt_v4_run_3\Youtube\ONE#NIGHT#ULTIMATE#WEREWOLF#1##July#5th#2016_Game2.json,run_3,3,stochastic,1.0,prompt_v4_run_3,Youtube,ONE#NIGHT#ULTIMATE#WEREWOLF#1##July#5th#2016,Game2,Youtube / ONE#NIGHT#ULTIMATE#WEREWOLF#1##July#5th#2016 / Game2,Mike,"James claims to be the Seer and states he saw the Revealer card in the center. Justin claims he was the Drunk and swapped his card with the center, which would make him the Revealer. Mike also claims to be the Revealer, which creates a direct contradiction; if James and Justin are telling the truth, Mike must be lying. Since Mike is lying about his role and is not acting like the Tanner (who would want to be voted out), he is the most likely candidate for the Werewolf.",ONE#NIGHT#ULTIMATE#WEREWOLF#1##July#5th#2016_Game2,"[""Justin"", ""Julie"", ""Alban"", ""James"", ""Mitchell"", ""Mike""]","[""Revealer"", ""Werewolf"", ""Insomniac"", ""Seer"", ""Werewolf"", ""Tanner""]",True,player,"[""Julie"", ""Mitchell""]",player_vote,Mike,Mike,Mike,5.0,Tanner,False,False
C:\Users\annab\Documents\GitHub\masters_thesis_sdg\results\voting\unsloth_gemma-4-31B-it-unsloth-bnb-4bit\prompt_v4_run_3\Youtube\One#Night#Ultimate#Werewolf#1#How-To#and#Playthrough_Game1.json,run_3,3,stochastic,1.0,prompt_v4_run_3,Youtube,One#Night#Ultimate#Werewolf#1#How-To#and#Playthrough,Game1,Youtube / One#Night#Ultimate#Werewolf#1#How-To#and#Playthrough / Game1,Brett,"Dan claimed to be the Seer and identified Brett as a Werewolf. Dylan claimed to be the Troublemaker and stated he swapped Dan and Ed; since the Seer acts before the Troublemaker, Dan's information about Brett remains valid regardless of the swap. While Brett strongly denies being a Werewolf, his defensive behavior and the direct accusation from the claimed Seer make him the most likely target for Team Village.",One#Night#Ultimate#Werewolf#1#How-To#and#Playthrough_Game1,"[""Dan"", ""Ed"", ""Katie"", ""Brett"", ""Audrey"", ""Dylan""]","[""Werewolf"", ""Seer"", ""Werewolf"", ""Villager"", ""Villager"", ""Troublemaker""]",True,player,"[""Dan"", ""Katie""]",player_vote,Brett,Brett,Brett,3.0,Villager,False,False
C:\Users\annab\Documents\GitHub\masters_thesis_sdg\results\voting\unsloth_gemma-4-31B-it-unsloth-bnb-4bit\prompt_v4_run_3\Youtube\ONE#NIGHT#ULTIMATE#WEREWOLF#10##November#6th#2016_Game1.json,run_3,3,stochastic,1.0,prompt_v4_run_3,Youtube,ONE#NIGHT#ULTIMATE#WEREWOLF#10##November#6th#2016,Game1,Youtube / ONE#NIGHT#ULTIMATE#WEREWOLF#10##November#6th#2016 / Game1,No Werewolf,"All players have claimed roles aligned with Team Village or the Tanner: Matt (Seer), Mike (Robber), Alana (Insomniac), and Mitchell (Troublemaker). Their stories are consistent, with Matt confirming Mike's role as Robber. Mitchell's eagerness to be voted out is characteristic of the Tanner, who wins by being eliminated, rather than a Werewolf, who wins by surviving. Since there is no evidence of a Werewolf among the players and the claims are consistent, the most likely scenario is that all Werewolf cards are in the center.",ONE#NIGHT#ULTIMATE#WEREWOLF#10##November#6th#2016_Game1,"[""Matt"", ""Mitchell"", ""Alana"", ""Mike""]","[""Insomniac"", ""Troublemaker"", ""Robber"", ""Seer""]",False,circle,[],circle_vote,No Werewolf,,,,,True,True
C:\Users\annab\Documents\GitHub\masters_thesis_sdg\results\voting\unsloth_gemma-4-31B-it-unsloth-bnb-4bit\prompt_v4_run_3\Youtube\ONE#NIGHT#ULTIMATE#WEREWOLF#13##July#29th#2017_Game1.json,run_3,3,stochastic,1.0,prompt_v4_run_3,Youtube,ONE#NIGHT#ULTIMATE#WEREWOLF#13##July#29th#2017,Game1,Youtube / ONE#NIGHT#ULTIMATE#WEREWOLF#13##July#29th#2017 / Game1,No Werewolf,"Justin, Mike, and Mitchell have consistent stories: Justin claims he was the Drunk, Mike claims he was the Robber who stole the Drunk card from Justin, and Mitchell claims he was the Troublemaker who swapped Mike and Julie. If these claims are true, Julie is the only remaining player. Julie's behavior—contradicting herself about waking up and explicitly asking to be killed—is characteristic of the Tanner role. If Julie is the Tanner and the other three are telling the truth about their roles, no Werewolf is present among the players.",ONE#NIGHT#ULTIMATE#WEREWOLF#13##July#29th#2017_Game1,"[""Justin"", ""Julie"", ""Mitchell"", ""Mike""]","[""Seer"", ""Tanner"", ""Werewolf"", ""Werewolf""]",True,player,"[""Mitchell"", ""Mike""]",circle_vote,No Werewolf,,,,,False,True
C:\Users\annab\Documents\GitHub\masters_thesis_sdg\results\voting\unsloth_gemma-4-31B-it-unsloth-bnb-4bit\prompt_v4_run_3\Youtube\ONE#NIGHT#ULTIMATE#WEREWOLF#13##July#29th#2017_Game2.json,run_3,3,stochastic,1.0,prompt_v4_run_3,Youtube,ONE#NIGHT#ULTIMATE#WEREWOLF#13##July#29th#2017,Game2,Youtube / ONE#NIGHT#ULTIMATE#WEREWOLF#13##July#29th#2017 / Game2,No Werewolf,"Justin, Mike, and Julie have consistent claims: Mike (Robber) and Julie (Seer) both confirm that Justin started as the Troublemaker. Mitchell's behavior is highly erratic, as he claims to be the Troublemaker, Robber, Werewolf, and Tanner in rapid succession, which is characteristic of a Tanner attempting to attract votes. If Justin, Mike, and Julie are their claimed roles and Mitchell is the Tanner, then no player holds the Werewolf card, and the Werewolf cards must be in the center.",ONE#NIGHT#ULTIMATE#WEREWOLF#13##July#29th#2017_Game2,"[""Justin"", ""Julie"", ""Mitchell"", ""Mike""]","[""Robber"", ""Werewolf"", ""Werewolf"", ""Troublemaker""]",True,player,"[""Julie"", ""Mitchell""]",circle_vote,No Werewolf,,,,,False,True
C:\Users\annab\Documents\GitHub\masters_thesis_sdg\results\voting\unsloth_gemma-4-31B-it-unsloth-bnb-4bit\prompt_v4_run_3\Youtube\ONE#NIGHT#ULTIMATE#WEREWOLF#13##July#29th#2017_Game3.json,run_3,3,stochastic,1.0,prompt_v4_run_3,Youtube,ONE#NIGHT#ULTIMATE#WEREWOLF#13##July#29th#2017,Game3,Youtube / ONE#NIGHT#ULTIMATE#WEREWOLF#13##July#29th#2017 / Game3,No Werewolf,"Justin's behavior is highly characteristic of the Tanner; he repeatedly and contradictorily claims to be the Werewolf, the Tanner, and the Drunk to attract votes. Julie, Mike, and Mitchell provide a consistent narrative: Julie (Seer) saw Justin as the Drunk, Mike (Troublemaker) swapped Justin and Julie, and Mitchell (Robber) also performed an action. If this story is true, Justin started as the Drunk and is not a Werewolf, and since the other three are claiming Village roles and supporting each other, it is highly probable that no Werewolf is present among the players.",ONE#NIGHT#ULTIMATE#WEREWOLF#13##July#29th#2017_Game3,"[""Justin"", ""Julie"", ""Mitchell"", ""Mike""]","[""Troublemaker"", ""Seer"", ""Werewolf"", ""Werewolf""]",True,player,"[""Mitchell"", ""Mike""]",circle_vote,No Werewolf,,,,,False,True
C:\Users\annab\Documents\GitHub\masters_thesis_sdg\results\voting\unsloth_gemma-4-31B-it-unsloth-bnb-4bit\prompt_v4_run_3\Youtube\ONE#NIGHT#ULTIMATE#WEREWOLF#14##August#26th#2017_Game1.json,run_3,3,stochastic,1.0,prompt_v4_run_3,Youtube,ONE#NIGHT#ULTIMATE#WEREWOLF#14##August#26th#2017,Game1,Youtube / ONE#NIGHT#ULTIMATE#WEREWOLF#14##August#26th#2017 / Game1,Justin,"Caitlynn and Justin both claimed to be the Werewolf, which is a common tactic for the Tanner to attract votes. Caitlynn claimed it first, which often identifies the Tanner. Justin then claimed to be the Werewolf while simultaneously calling Caitlynn the Tanner, a manipulative move likely intended to divert suspicion or confuse the village. If Caitlynn is the Tanner, Justin is the most probable Werewolf, and voting him out would secure a win for Team Village.",ONE#NIGHT#ULTIMATE#WEREWOLF#14##August#26th#2017_Game1,"[""Justin"", ""Mitchell"", ""Caitlynn"", ""Mike""]","[""Tanner"", ""Insomniac"", ""Werewolf"", ""Werewolf""]",True,player,"[""Caitlynn"", ""Mike""]",player_vote,Justin,Justin,Justin,0.0,Tanner,False,False
C:\Users\annab\Documents\GitHub\masters_thesis_sdg\results\voting\unsloth_gemma-4-31B-it-unsloth-bnb-4bit\prompt_v4_run_3\Youtube\ONE#NIGHT#ULTIMATE#WEREWOLF#14##August#26th#2017_Game2.json,run_3,3,stochastic,1.0,prompt_v4_run_3,Youtube,ONE#NIGHT#ULTIMATE#WEREWOLF#14##August#26th#2017,Game2,Youtube / ONE#NIGHT#ULTIMATE#WEREWOLF#14##August#26th#2017 / Game2,Mike,"Mike claims to be the Troublemaker but provides contradictory information about his actions, first stating he switched Justin and Mitchell (Line 75) and later stating he didn't switch anyone (Line 138). This inconsistency is a strong indicator of bluffing, which is typical for a Werewolf. Justin's repeated claims of being a Werewolf are likely a bluff to attract votes as the Tanner, whereas Mitchell's insistence that Mike is lying suggests he may have seen Mike's card as the Revealer.",ONE#NIGHT#ULTIMATE#WEREWOLF#14##August#26th#2017_Game2,"[""Justin"", ""Mitchell"", ""Caitlynn"", ""Mike""]","[""Werewolf"", ""Insomniac"", ""Tanner"", ""Werewolf""]",True,player,"[""Justin"", ""Mike""]",player_vote,Mike,Mike,Mike,3.0,Werewolf,True,False
C:\Users\annab\Documents\GitHub\masters_thesis_sdg\results\voting\unsloth_gemma-4-31B-it-unsloth-bnb-4bit\prompt_v4_run_3\Youtube\ONE#NIGHT#ULTIMATE#WEREWOLF#18##September#30th#2017_Game1.json,run_3,3,stochastic,1.0,prompt_v4_run_3,Youtube,ONE#NIGHT#ULTIMATE#WEREWOLF#18##September#30th#2017,Game1,Youtube / ONE#NIGHT#ULTIMATE#WEREWOLF#18##September#30th#2017 / Game1,Mitchell,"Mitchell claims to be the Robber who stole the Revealer card from Justin. However, Justin claims to have performed the reveal action himself ('I looked at one of you motherfuckers'), which would be impossible if Mitchell had already stolen the card, as the Robber acts before the Revealer. This suggests Mitchell is lying about his role to frame Paul, making Mitchell the most likely Werewolf. Paul's bizarre admission of being a Werewolf is likely a Tanner bluff or a result of confusion, while Julie remains passive.",ONE#NIGHT#ULTIMATE#WEREWOLF#18##September#30th#2017_Game1,"[""Justin"", ""Julie"", ""Paul"", ""Mitchell""]","[""Werewolf"", ""Tanner"", ""Robber"", ""Werewolf""]",True,player,"[""Justin"", ""Mitchell""]",player_vote,Mitchell,Mitchell,Mitchell,3.0,Werewolf,True,False
C:\Users\annab\Documents\GitHub\masters_thesis_sdg\results\voting\unsloth_gemma-4-31B-it-unsloth-bnb-4bit\prompt_v4_run_3\Youtube\One#Night#Ultimate#Werewolf#2#The#Drunk_Game1.json,run_3,3,stochastic,1.0,prompt_v4_run_3,Youtube,One#Night#Ultimate#Werewolf#2#The#Drunk,Game1,Youtube / One#Night#Ultimate#Werewolf#2#The#Drunk / Game1,Dan,"Dylan explicitly claimed multiple times that he was the Werewolf ('I was the werewolf' in lines 91 and 151). Brett claimed to be the Troublemaker and stated that he swapped Dylan and Dan (lines 88 and 142). If both these claims are true, the Werewolf card was moved from Dylan to Dan, making Dan the current Werewolf.",One#Night#Ultimate#Werewolf#2#The#Drunk_Game1,"[""Dan"", ""Ed"", ""Katie"", ""Brett"", ""Audrey"", ""Dylan""]","[""Werewolf"", ""Seer"", ""Werewolf"", ""Troublemaker"", ""Villager"", ""Mason""]",True,player,"[""Dan"", ""Katie""]",player_vote,Dan,Dan,Dan,0.0,Werewolf,True,False
C:\Users\annab\Documents\GitHub\masters_thesis_sdg\results\voting\unsloth_gemma-4-31B-it-unsloth-bnb-4bit\prompt_v4_run_3\Youtube\ONE#NIGHT#ULTIMATE#WEREWOLF#26##January#20th#2018_Game2.json,run_3,3,stochastic,1.0,prompt_v4_run_3,Youtube,ONE#NIGHT#ULTIMATE#WEREWOLF#26##January#20th#2018,Game2,Youtube / ONE#NIGHT#ULTIMATE#WEREWOLF#26##January#20th#2018 / Game2,Mike,"Meghan admits to being a Werewolf, but this is a common tactic for the Tanner to attract votes. Mike's behavior is highly suspicious; he claims to be the Revealer and initially identifies Meghan as a Werewolf, but then abruptly changes his story to say he was lying and that she is actually the Tanner. This flip-flopping is a strong indicator of a Werewolf attempting to manipulate the group's perception and protect themselves. Therefore, Mike is the most likely candidate for the Werewolf.",ONE#NIGHT#ULTIMATE#WEREWOLF#26##January#20th#2018_Game2,"[""Justin"", ""Meghan"", ""Paul"", ""Mitchell"", ""Mike""]","[""Troublemaker"", ""Werewolf"", ""Tanner"", ""Werewolf"", ""Robber""]",True,player,"[""Meghan"", ""Mitchell""]",player_vote,Mike,Mike,Mike,4.0,Robber,False,False
C:\Users\annab\Documents\GitHub\masters_thesis_sdg\results\voting\unsloth_gemma-4-31B-it-unsloth-bnb-4bit\prompt_v4_run_3\Youtube\ONE#NIGHT#ULTIMATE#WEREWOLF#26##January#20th#2018_Game3.json,run_3,3,stochastic,1.0,prompt_v4_run_3,Youtube,ONE#NIGHT#ULTIMATE#WEREWOLF#26##January#20th#2018,Game3,Youtube / ONE#NIGHT#ULTIMATE#WEREWOLF#26##January#20th#2018 / Game3,Meghan,"Mitchell claimed to be the Seer and stated he saw a werewolf card in the center. Meghan admitted to being the Drunk and swapping her card with one from the center. Since the Drunk's action occurs after the Seer's and is the final swap of the night, Meghan is the most likely player to have ended the night as a werewolf.",ONE#NIGHT#ULTIMATE#WEREWOLF#26##January#20th#2018_Game3,"[""Justin"", ""Meghan"", ""Paul"", ""Mitchell"", ""Mike""]","[""Robber"", ""Werewolf"", ""Troublemaker"", ""Werewolf"", ""Tanner""]",True,player,"[""Meghan"", ""Mitchell""]",player_vote,Meghan,Meghan,Meghan,1.0,Werewolf,True,False
C:\Users\annab\Documents\GitHub\masters_thesis_sdg\results\voting\unsloth_gemma-4-31B-it-unsloth-bnb-4bit\prompt_v4_run_3\Youtube\ONE#NIGHT#ULTIMATE#WEREWOLF#28##February#17th#2018_Game1.json,run_3,3,stochastic,1.0,prompt_v4_run_3,Youtube,ONE#NIGHT#ULTIMATE#WEREWOLF#28##February#17th#2018,Game1,Youtube / ONE#NIGHT#ULTIMATE#WEREWOLF#28##February#17th#2018 / Game1,Alysha,"Alysha and Paul both claim to be the Seer, meaning at least one is lying. Alysha claims she saw the Robber card in the center, but Caitlynn claims to be the Robber, a claim supported by Mitchell's statement that he was robbed by her. Since the Robber's action occurs before the Troublemaker's, the Robber card could not have been in the center if Caitlynn was the Robber. Therefore, Alysha is likely lying and is the most probable Werewolf, while Mitchell's claim to be a werewolf is a typical bluff by the Tanner to attract votes.",ONE#NIGHT#ULTIMATE#WEREWOLF#28##February#17th#2018_Game1,"[""Justin"", ""Caitlynn"", ""Paul"", ""Alysha"", ""Mitchell"", ""Mike""]","[""Troublemaker"", ""Drunk"", ""Robber"", ""Werewolf"", ""Werewolf"", ""Tanner""]",True,player,"[""Alysha"", ""Mitchell""]",player_vote,Alysha,Alysha,Alysha,3.0,Werewolf,True,False
C:\Users\annab\Documents\GitHub\masters_thesis_sdg\results\voting\unsloth_gemma-4-31B-it-unsloth-bnb-4bit\prompt_v4_run_3\Youtube\ONE#NIGHT#ULTIMATE#WEREWOLF#28##February#17th#2018_Game2.json,run_3,3,stochastic,1.0,prompt_v4_run_3,Youtube,ONE#NIGHT#ULTIMATE#WEREWOLF#28##February#17th#2018,Game2,Youtube / ONE#NIGHT#ULTIMATE#WEREWOLF#28##February#17th#2018 / Game2,Caitlynn,"Based on the night phase transcript, Paul started as the Werewolf and Mike started as the Minion. Mitchell, claiming the Troublemaker role, stated that he swapped the cards of Paul and Caitlynn. Since Caitlynn admitted to starting as the Tanner, the swap between Paul (Werewolf) and Caitlynn (Tanner) means Caitlynn ended the night as the Werewolf. Therefore, eliminating Caitlynn is the only way for Team Village to win.",ONE#NIGHT#ULTIMATE#WEREWOLF#28##February#17th#2018_Game2,"[""Justin"", ""Caitlynn"", ""Paul"", ""Alysha"", ""Mitchell"", ""Mike""]","[""Robber"", ""Werewolf"", ""Tanner"", ""Minion"", ""Troublemaker"", ""Seer""]",True,player,"[""Caitlynn""]",player_vote,Caitlynn,Caitlynn,Caitlynn,1.0,Werewolf,True,False
C:\Users\annab\Documents\GitHub\masters_thesis_sdg\results\voting\unsloth_gemma-4-31B-it-unsloth-bnb-4bit\prompt_v4_run_3\Youtube\ONE#NIGHT#ULTIMATE#WEREWOLF#28##February#17th#2018_Game3.json,run_3,3,stochastic,1.0,prompt_v4_run_3,Youtube,ONE#NIGHT#ULTIMATE#WEREWOLF#28##February#17th#2018,Game3,Youtube / ONE#NIGHT#ULTIMATE#WEREWOLF#28##February#17th#2018 / Game3,Justin,"Alysha claims to be the Seer and identifies Justin as the Werewolf. Caitlynn claims to be the Revealer and identifies Paul as the Tanner, which Paul eventually confirms. Since the Tanner wants to be voted out and the Village wants to eliminate a Werewolf, the most reliable evidence for a Werewolf is Alysha's Seer claim regarding Justin. Mike and Justin both claim to be the Troublemaker, but given the other roles' claims, Justin is the most likely candidate for the Werewolf.",ONE#NIGHT#ULTIMATE#WEREWOLF#28##February#17th#2018_Game3,"[""Justin"", ""Caitlynn"", ""Paul"", ""Alysha"", ""Mitchell"", ""Mike""]","[""Robber"", ""Werewolf"", ""Tanner"", ""Minion"", ""Troublemaker"", ""Seer""]",True,player,"[""Caitlynn""]",player_vote,Justin,Justin,Justin,0.0,Robber,False,False
C:\Users\annab\Documents\GitHub\masters_thesis_sdg\results\voting\unsloth_gemma-4-31B-it-unsloth-bnb-4bit\prompt_v4_run_3\Youtube\One#Night#Ultimate#Werewolf#3#Insomniac_Game1.json,run_3,3,stochastic,1.0,prompt_v4_run_3,Youtube,One#Night#Ultimate#Werewolf#3#Insomniac,Game1,Youtube / One#Night#Ultimate#Werewolf#3#Insomniac / Game1,Brett,"The players' claims form two consistent blocks: Audrey and Dylan's story regarding the Robber and Seer roles is logically sound, and Dan, Ed, and Katie's story regarding the Troublemaker, Insomniac, and Mason roles is also logically consistent with the game's night action order. Brett is the only player whose claim (Drunk) is not corroborated by any other player's actions or observations. Given that the other five players have interlocking stories that account for five distinct village roles, Brett is the most likely candidate to be the Werewolf lying about his role.",One#Night#Ultimate#Werewolf#3#Insomniac_Game1,"[""Dan"", ""Ed"", ""Katie"", ""Brett"", ""Audrey"", ""Dylan""]","[""Troublemaker"", ""Mason"", ""Insomniac"", ""Werewolf"", ""Seer"", ""Robber""]",True,player,"[""Brett""]",player_vote,Brett,Brett,Brett,3.0,Werewolf,True,False
C:\Users\annab\Documents\GitHub\masters_thesis_sdg\results\voting\unsloth_gemma-4-31B-it-unsloth-bnb-4bit\prompt_v4_run_3\Youtube\ONE#NIGHT#ULTIMATE#WEREWOLF#30##February#17th#2018_Game2.json,run_3,3,stochastic,1.0,prompt_v4_run_3,Youtube,ONE#NIGHT#ULTIMATE#WEREWOLF#30##February#17th#2018,Game2,Youtube / ONE#NIGHT#ULTIMATE#WEREWOLF#30##February#17th#2018 / Game2,Paul,"Paul explicitly confessed to being a Werewolf twice, stating 'I was a werewolf' and 'I started as a werewolf by myself.' While this is unusual behavior, it is the most direct evidence of a Werewolf's identity in the transcript. Additionally, Alysha's claim as the Seer that the Minion and Witch are in the center contradicts the claims made by Mike and Justin, making Paul the most likely target for Team Village.",ONE#NIGHT#ULTIMATE#WEREWOLF#30##February#17th#2018_Game2,"[""Justin"", ""Caitlynn"", ""Paul"", ""Alysha"", ""Mitchell"", ""Mike""]","[""Robber"", ""Insomniac"", ""Werewolf"", ""Seer"", ""Werewolf"", ""Tanner""]",True,player,"[""Paul"", ""Mitchell""]",player_vote,Paul,Paul,Paul,2.0,Werewolf,True,False
C:\Users\annab\Documents\GitHub\masters_thesis_sdg\results\voting\unsloth_gemma-4-31B-it-unsloth-bnb-4bit\prompt_v4_run_3\Youtube\ONE#NIGHT#ULTIMATE#WEREWOLF#30##February#17th#2018_Game4.json,run_3,3,stochastic,1.0,prompt_v4_run_3,Youtube,ONE#NIGHT#ULTIMATE#WEREWOLF#30##February#17th#2018,Game4,Youtube / ONE#NIGHT#ULTIMATE#WEREWOLF#30##February#17th#2018 / Game4,Justin,"Justin claimed to be the Robber and stated he saw a 'Witch' when robbing Mike. However, Mike and Mitchell (the Seer) confirmed that Mike was actually the Troublemaker, and Caitlynn (who also claimed to be the Robber) correctly identified Mike as the Troublemaker. Because Justin lied about the role he saw and is aggressively attempting to deflect suspicion onto Alysha, he is the most likely Werewolf.",ONE#NIGHT#ULTIMATE#WEREWOLF#30##February#17th#2018_Game4,"[""Justin"", ""Caitlynn"", ""Paul"", ""Alysha"", ""Mitchell"", ""Mike""]","[""Minion"", ""Seer"", ""Werewolf"", ""Tanner"", ""Troublemaker"", ""Robber""]",True,player,"[""Paul""]",player_vote,Justin,Justin,Justin,0.0,Minion,False,False
C:\Users\annab\Documents\GitHub\masters_thesis_sdg\results\voting\unsloth_gemma-4-31B-it-unsloth-bnb-4bit\prompt_v4_run_3\Youtube\ONE#NIGHT#ULTIMATE#WEREWOLF#34##March#24th#2018_Game2.json,run_3,3,stochastic,1.0,prompt_v4_run_3,Youtube,ONE#NIGHT#ULTIMATE#WEREWOLF#34##March#24th#2018,Game2,Youtube / ONE#NIGHT#ULTIMATE#WEREWOLF#34##March#24th#2018 / Game2,Mitchell,"Carly claims to be the Troublemaker and states she swapped the cards of Paul and Mitchell. Mike, claiming to be the Seer, says he saw a Werewolf and a Tanner in the center, implying only one Werewolf/Minion is in play. Carly explicitly identifies Mitchell as the current Werewolf following the swap. Paul's inconsistent claims (first Troublemaker, then Hunter) suggest he was either the original Werewolf/Minion or is bluffing, but the swap makes Mitchell the primary target for elimination.",ONE#NIGHT#ULTIMATE#WEREWOLF#34##March#24th#2018_Game2,"[""Justin"", ""Carly"", ""Paul"", ""Mitchell"", ""Mike""]","[""Tanner"", ""Troublemaker"", ""Werewolf"", ""Hunter"", ""Seer""]",True,player,"[""Paul""]",player_vote,Mitchell,Mitchell,Mitchell,3.0,Hunter,False,False
C:\Users\annab\Documents\GitHub\masters_thesis_sdg\results\voting\unsloth_gemma-4-31B-it-unsloth-bnb-4bit\prompt_v4_run_3\Youtube\ONE#NIGHT#ULTIMATE#WEREWOLF#34##March#24th#2018_Game3.json,run_3,3,stochastic,1.0,prompt_v4_run_3,Youtube,ONE#NIGHT#ULTIMATE#WEREWOLF#34##March#24th#2018,Game3,Youtube / ONE#NIGHT#ULTIMATE#WEREWOLF#34##March#24th#2018 / Game3,Mitchell,"Mitchell claimed to be the Revealer and aggressively accused Justin of being the Tanner. However, Mike explicitly accused Mitchell of being a Werewolf, stating that Mitchell and Carly (after a potential swap) were the Werewolves. Mitchell's aggressive behavior and attempt to frame Justin are typical of a Werewolf trying to divert suspicion, making him the most likely target for Team Village.",ONE#NIGHT#ULTIMATE#WEREWOLF#34##March#24th#2018_Game3,"[""Justin"", ""Carly"", ""Paul"", ""Mitchell"", ""Mike""]","[""Tanner"", ""Minion"", ""Seer"", ""Werewolf"", ""Werewolf""]",True,player,"[""Mitchell"", ""Mike""]",player_vote,Mitchell,Mitchell,Mitchell,3.0,Werewolf,True,False
C:\Users\annab\Documents\GitHub\masters_thesis_sdg\results\voting\unsloth_gemma-4-31B-it-unsloth-bnb-4bit\prompt_v4_run_3\Youtube\One#Night#Ultimate#Werewolf#361#Classic#Werewolf_Game1.json,run_3,3,stochastic,1.0,prompt_v4_run_3,Youtube,One#Night#Ultimate#Werewolf#361#Classic#Werewolf,Game1,Youtube / One#Night#Ultimate#Werewolf#361#Classic#Werewolf / Game1,Dylan,"Dylan explicitly claimed to be a Werewolf multiple times throughout the discussion. Although he later suggested he might have been robbed or trouble-made to create doubt (a common tactic to mimic the Tanner's goal of being voted out), this specific type of backtracking is often a bluff used by Werewolves to avoid elimination. Other players' claims (Brett as Troublemaker, Pete/Katie as Mason/Drunk) are relatively consistent, and Kelsey's late claim to be the Robber is less definitive than Dylan's admission.",One#Night#Ultimate#Werewolf#361#Classic#Werewolf_Game1,"[""Pete"", ""Katie"", ""Brett"", ""George"", ""Kelsey"", ""Dylan""]","[""Drunk"", ""Minion"", ""Troublemaker"", ""Robber"", ""Werewolf"", ""Werewolf""]",True,player,"[""Kelsey"", ""Dylan""]",player_vote,Dylan,Dylan,Dylan,5.0,Werewolf,True,False
C:\Users\annab\Documents\GitHub\masters_thesis_sdg\results\voting\unsloth_gemma-4-31B-it-unsloth-bnb-4bit\prompt_v4_run_3\Youtube\One#Night#Ultimate#Werewolf#362#More#Classic#Werewolf_Game1.json,run_3,3,stochastic,1.0,prompt_v4_run_3,Youtube,One#Night#Ultimate#Werewolf#362#More#Classic#Werewolf,Game1,Youtube / One#Night#Ultimate#Werewolf#362#More#Classic#Werewolf / Game1,Kelsey,"Kelsey's claims are highly inconsistent, shifting from Troublemaker to Robber, then to Tanner, and finally denying being the Tanner. This erratic behavior is characteristic of a Werewolf attempting to bluff or a Tanner attempting to attract votes. While Pete's claim to be a Minion is unusual, Kelsey's multiple contradictions make her the most suspicious candidate for the Werewolf role.",One#Night#Ultimate#Werewolf#362#More#Classic#Werewolf_Game1,"[""Pete"", ""Katie"", ""Brett"", ""George"", ""Kelsey"", ""Dylan""]","[""Werewolf"", ""Werewolf"", ""Robber"", ""Minion"", ""Tanner"", ""Mason""]",True,player,"[""Pete"", ""Katie""]",player_vote,Kelsey,Kelsey,Kelsey,4.0,Tanner,False,False
C:\Users\annab\Documents\GitHub\masters_thesis_sdg\results\voting\unsloth_gemma-4-31B-it-unsloth-bnb-4bit\prompt_v4_run_3\Youtube\One#Night#Ultimate#Werewolf#363#Even#More#Classic#Werewolf_Game1.json,run_3,3,stochastic,1.0,prompt_v4_run_3,Youtube,One#Night#Ultimate#Werewolf#363#Even#More#Classic#Werewolf,Game1,Youtube / One#Night#Ultimate#Werewolf#363#Even#More#Classic#Werewolf / Game1,Dylan,"Dylan claims to be the Drunk, but he also claims to know that two Werewolves are in the center of the table. According to the rules, the Drunk swaps their card with one from the center without looking at it, making it impossible for them to know the contents of the center. This logical inconsistency, combined with the fact that Kelsey also claimed to be the Drunk, strongly suggests that Dylan is lying to deceive the village and avoid detection, likely as a Werewolf or Minion.",One#Night#Ultimate#Werewolf#363#Even#More#Classic#Werewolf_Game1,"[""Pete"", ""Katie"", ""Brett"", ""George"", ""Kelsey"", ""Dylan""]","[""Robber"", ""Werewolf"", ""Mason"", ""Mason"", ""Minion"", ""Troublemaker""]",True,player,"[""Katie""]",player_vote,Dylan,Dylan,Dylan,5.0,Troublemaker,False,False
C:\Users\annab\Documents\GitHub\masters_thesis_sdg\results\voting\unsloth_gemma-4-31B-it-unsloth-bnb-4bit\prompt_v4_run_3\Youtube\ONE#NIGHT#ULTIMATE#WEREWOLF#37##April#21st#2018_Game2.json,run_3,3,stochastic,1.0,prompt_v4_run_3,Youtube,ONE#NIGHT#ULTIMATE#WEREWOLF#37##April#21st#2018,Game2,Youtube / ONE#NIGHT#ULTIMATE#WEREWOLF#37##April#21st#2018 / Game2,Mike,"Mitchell claims to be the Revealer and identifies Mike as a Werewolf. His claim is supported by his knowledge of the Revealer's specific mechanic—that a revealed Werewolf card is turned back face down—which matches the announcer's instructions. Mike's defense that he was the Troublemaker does not invalidate Mitchell's discovery, as the Revealer acts after the Troublemaker in the night sequence. Justin and Caitlynn's claims do not contradict this, and the overall weight of evidence points to Mike being the Werewolf.",ONE#NIGHT#ULTIMATE#WEREWOLF#37##April#21st#2018_Game2,"[""Justin"", ""Caitlynn"", ""Mitchell"", ""James"", ""Mike""]","[""Minion"", ""Werewolf"", ""Werewolf"", ""Tanner"", ""Troublemaker""]",True,player,"[""Caitlynn"", ""Mitchell""]",player_vote,Mike,Mike,Mike,4.0,Troublemaker,False,False
C:\Users\annab\Documents\GitHub\masters_thesis_sdg\results\voting\unsloth_gemma-4-31B-it-unsloth-bnb-4bit\prompt_v4_run_3\Youtube\ONE#NIGHT#ULTIMATE#WEREWOLF#38##April#21st#2018_Game3.json,run_3,3,stochastic,1.0,prompt_v4_run_3,Youtube,ONE#NIGHT#ULTIMATE#WEREWOLF#38##April#21st#2018,Game3,Youtube / ONE#NIGHT#ULTIMATE#WEREWOLF#38##April#21st#2018 / Game3,James,"James explicitly admitted to being a Werewolf twice during the discussion, stating 'I was werewolf' and 'Me and Mike are werewolves.' While Mike also claimed to be the Tanner, James's repeated admissions and his pleas of 'Don't kill me' are inconsistent with the Tanner's goal of being eliminated. Therefore, James is the most likely player to hold the Werewolf card.",ONE#NIGHT#ULTIMATE#WEREWOLF#38##April#21st#2018_Game3,"[""Justin"", ""Caitlynn"", ""Mitchell"", ""James"", ""Mike""]","[""Werewolf"", ""Tanner"", ""Seer"", ""Robber"", ""Werewolf""]",True,player,"[""Justin"", ""Mike""]",player_vote,James,James,James,3.0,Robber,False,False
C:\Users\annab\Documents\GitHub\masters_thesis_sdg\results\voting\unsloth_gemma-4-31B-it-unsloth-bnb-4bit\prompt_v4_run_3\Youtube\ONE#NIGHT#ULTIMATE#WEREWOLF#38##April#21st#2018_Game4.json,run_3,3,stochastic,1.0,prompt_v4_run_3,Youtube,ONE#NIGHT#ULTIMATE#WEREWOLF#38##April#21st#2018,Game4,Youtube / ONE#NIGHT#ULTIMATE#WEREWOLF#38##April#21st#2018 / Game4,Mike,"Mike claims to be the Seer but provides contradictory information about the center cards, first stating he saw a Troublemaker [38] and later claiming he saw a Werewolf [149]. Justin claims to be the Revealer and states he saw that Mike's card was 'not good' (a Werewolf) [151], a claim that Mitchell confirms [144, 146]. With three players (Justin, Mitchell, and James) converging on Mike and Mike's own inconsistent claims, he is the most likely Werewolf.",ONE#NIGHT#ULTIMATE#WEREWOLF#38##April#21st#2018_Game4,"[""Justin"", ""Caitlynn"", ""Mitchell"", ""James"", ""Mike""]","[""Werewolf"", ""Robber"", ""Minion"", ""Tanner"", ""Seer""]",True,player,"[""Justin""]",player_vote,Mike,Mike,Mike,4.0,Seer,False,False
C:\Users\annab\Documents\GitHub\masters_thesis_sdg\results\voting\unsloth_gemma-4-31B-it-unsloth-bnb-4bit\prompt_v4_run_3\Youtube\One#Night#Ultimate#Werewolf#381#The#Hunt#Is#On_Game1.json,run_3,3,stochastic,1.0,prompt_v4_run_3,Youtube,One#Night#Ultimate#Werewolf#381#The#Hunt#Is#On,Game1,Youtube / One#Night#Ultimate#Werewolf#381#The#Hunt#Is#On / Game1,No Werewolf,"Brett claims to be the Seer and states he saw two werewolves in the center of the table. If this claim is true, no player is a werewolf, and Team Village wins if no one is voted out. The conflict between Dustin and Dylan, who both claim to be the Insomniac, suggests that one of them is likely the Tanner attempting to attract votes, which aligns with Brett's assertion that no werewolves are present among the players.",One#Night#Ultimate#Werewolf#381#The#Hunt#Is#On_Game1,"[""Ed"", ""Dustin"", ""Katie"", ""Brett"", ""Kelsey"", ""Dylan""]","[""Robber"", ""Insomniac"", ""Seer"", ""Troublemaker"", ""Hunter"", ""Tanner""]",False,circle,[],circle_vote,No Werewolf,,,,,True,True
C:\Users\annab\Documents\GitHub\masters_thesis_sdg\results\voting\unsloth_gemma-4-31B-it-unsloth-bnb-4bit\prompt_v4_run_3\Youtube\One#Night#Ultimate#Werewolf#382#Game#100!!_Game1.json,run_3,3,stochastic,1.0,prompt_v4_run_3,Youtube,One#Night#Ultimate#Werewolf#382#Game#100!!,Game1,Youtube / One#Night#Ultimate#Werewolf#382#Game#100!! / Game1,Dustin,"Dylan admitted to being the Werewolf and stated he woke up alone, meaning he was the only Werewolf in play. Brett, who claimed the Troublemaker role (confirmed by Ed, the Seer), stated he swapped Dylan and Dustin. Since the Werewolf card was moved from Dylan to Dustin, Dustin is currently the Werewolf.",One#Night#Ultimate#Werewolf#382#Game#100!!_Game1,"[""Ed"", ""Dustin"", ""Katie"", ""Brett"", ""Kelsey"", ""Dylan""]","[""Seer"", ""Werewolf"", ""Tanner"", ""Troublemaker"", ""Robber"", ""Insomniac""]",True,player,"[""Dustin""]",player_vote,Dustin,Dustin,Dustin,1.0,Werewolf,True,False
C:\Users\annab\Documents\GitHub\masters_thesis_sdg\results\voting\unsloth_gemma-4-31B-it-unsloth-bnb-4bit\prompt_v4_run_3\Youtube\ONE#NIGHT#ULTIMATE#WEREWOLF#39##April#21st#2018_Game3.json,run_3,3,stochastic,1.0,prompt_v4_run_3,Youtube,ONE#NIGHT#ULTIMATE#WEREWOLF#39##April#21st#2018,Game3,Youtube / ONE#NIGHT#ULTIMATE#WEREWOLF#39##April#21st#2018 / Game3,Mike,"Justin's behavior is highly characteristic of the Tanner; he admits to lying about his Seer claim and explicitly suggests that he might be the Tanner to steer the vote away from himself and toward Mike. Mike claims to be the Seer but provides a logically flawed explanation regarding the center cards ('I saw two good things in the middle. So there is two werewolves'), which suggests he is bluffing. Since Justin is likely the Tanner and Mike's claim is suspicious, Mike is the most probable Werewolf.",ONE#NIGHT#ULTIMATE#WEREWOLF#39##April#21st#2018_Game3,"[""Justin"", ""Caitlynn"", ""Mitchell"", ""James"", ""Mike""]","[""Werewolf"", ""Robber"", ""Tanner"", ""Werewolf"", ""Seer""]",True,player,"[""Justin"", ""James""]",player_vote,Mike,Mike,Mike,4.0,Seer,False,False
C:\Users\annab\Documents\GitHub\masters_thesis_sdg\results\voting\unsloth_gemma-4-31B-it-unsloth-bnb-4bit\prompt_v4_run_3\Youtube\ONE#NIGHT#ULTIMATE#WEREWOLF#4##July#14th#2016_Game1.json,run_3,3,stochastic,1.0,prompt_v4_run_3,Youtube,ONE#NIGHT#ULTIMATE#WEREWOLF#4##July#14th#2016,Game1,Youtube / ONE#NIGHT#ULTIMATE#WEREWOLF#4##July#14th#2016 / Game1,No Werewolf,"Mike claimed to be the Seer and stated twice that he saw two Werewolves in the center of the table. If this claim is true, no player is a Werewolf, and Team Village wins by voting 'No Werewolf'. Other players' claims are contradictory: Justin claimed to be the Robber and then the Drunk, and Paul's claim of robbing the Seer (Justin) is inconsistent with Justin's erratic behavior. Given Mike's consistent and specific claim, it is the most reliable piece of information available.",ONE#NIGHT#ULTIMATE#WEREWOLF#4##July#14th#2016_Game1,"[""Justin"", ""Paul"", ""Mitchell"", ""Mike""]","[""Werewolf"", ""Seer"", ""Tanner"", ""Robber""]",True,player,"[""Justin""]",circle_vote,No Werewolf,,,,,False,True
C:\Users\annab\Documents\GitHub\masters_thesis_sdg\results\voting\unsloth_gemma-4-31B-it-unsloth-bnb-4bit\prompt_v4_run_3\Youtube\ONE#NIGHT#ULTIMATE#WEREWOLF#4##July#14th#2016_Game2.json,run_3,3,stochastic,1.0,prompt_v4_run_3,Youtube,ONE#NIGHT#ULTIMATE#WEREWOLF#4##July#14th#2016,Game2,Youtube / ONE#NIGHT#ULTIMATE#WEREWOLF#4##July#14th#2016 / Game2,Mitchell,"Mitchell is the most suspicious player due to his contradictory claims; he first claimed to be the Drunk, then claimed to be the Troublemaker who swapped Justin and Paul, and finally admitted he lied about the swap. Mike claimed to be the Seer and saw two 'good' cards in the center, and Paul supported Mike's claim, leaving Mitchell as the primary suspect. Justin claimed to be the Tanner, and since only one Tanner exists, Mitchell's erratic behavior strongly suggests he is the Werewolf attempting to confuse the group.",ONE#NIGHT#ULTIMATE#WEREWOLF#4##July#14th#2016_Game2,"[""Justin"", ""Paul"", ""Mitchell"", ""Mike""]","[""Werewolf"", ""Seer"", ""Werewolf"", ""Robber""]",True,player,"[""Justin"", ""Mitchell""]",player_vote,Mitchell,Mitchell,Mitchell,2.0,Werewolf,True,False
C:\Users\annab\Documents\GitHub\masters_thesis_sdg\results\voting\unsloth_gemma-4-31B-it-unsloth-bnb-4bit\prompt_v4_run_3\Youtube\ONE#NIGHT#ULTIMATE#WEREWOLF#4##July#14th#2016_Game3.json,run_3,3,stochastic,1.0,prompt_v4_run_3,Youtube,ONE#NIGHT#ULTIMATE#WEREWOLF#4##July#14th#2016,Game3,Youtube / ONE#NIGHT#ULTIMATE#WEREWOLF#4##July#14th#2016 / Game3,Paul,"Based on the players' claims, Mitchell was the Seer and saw one Werewolf in the center. Justin was the Robber and stole from Paul, who was the Drunk. Mike was the Troublemaker and swapped Paul and Mitchell. Finally, Paul (as the Drunk) swapped his card with the center. If the claims are true, Paul is the only player who could have ended the night as a Werewolf by swapping with the center, and the other players have collectively converged on this conclusion.",ONE#NIGHT#ULTIMATE#WEREWOLF#4##July#14th#2016_Game3,"[""Justin"", ""Paul"", ""Mitchell"", ""Mike""]","[""Seer"", ""Tanner"", ""Drunk"", ""Troublemaker""]",False,circle,[],player_vote,Paul,Paul,Paul,1.0,Tanner,False,False
C:\Users\annab\Documents\GitHub\masters_thesis_sdg\results\voting\unsloth_gemma-4-31B-it-unsloth-bnb-4bit\prompt_v4_run_3\Youtube\ONE#NIGHT#ULTIMATE#WEREWOLF#43##October#13th#2018_Game1.json,run_3,3,stochastic,1.0,prompt_v4_run_3,Youtube,ONE#NIGHT#ULTIMATE#WEREWOLF#43##October#13th#2018,Game1,Youtube / ONE#NIGHT#ULTIMATE#WEREWOLF#43##October#13th#2018 / Game1,Mitchell,"Mike claims to be the Revealer and explicitly identifies Mitchell as a Werewolf. Justin, claiming to be the Seer, states he saw a Werewolf in the center, which implies that Mitchell is the only Werewolf among the active players. Although Paul expresses skepticism and suggests voting for Mike, there is no concrete evidence to contradict Mike's claim, making Mitchell the most likely target for Team Village.",ONE#NIGHT#ULTIMATE#WEREWOLF#43##October#13th#2018_Game1,"[""Justin"", ""Mitchell"", ""Paul"", ""Mike""]","[""Robber"", ""Werewolf"", ""Tanner"", ""Troublemaker""]",True,player,"[""Mitchell""]",player_vote,Mitchell,Mitchell,Mitchell,1.0,Werewolf,True,False
C:\Users\annab\Documents\GitHub\masters_thesis_sdg\results\voting\unsloth_gemma-4-31B-it-unsloth-bnb-4bit\prompt_v4_run_3\Youtube\ONE#NIGHT#ULTIMATE#WEREWOLF#43##October#13th#2018_Game3.json,run_3,3,stochastic,1.0,prompt_v4_run_3,Youtube,ONE#NIGHT#ULTIMATE#WEREWOLF#43##October#13th#2018,Game3,Youtube / ONE#NIGHT#ULTIMATE#WEREWOLF#43##October#13th#2018 / Game3,Justin,"Justin explicitly admits to being a Werewolf in line 123 ('I was a werewolf, so there's a werewolf in here'). Paul claims to be the Tanner (line 106), and Mike claims to be the Robber (line 113), while Mitchell claims to be the Troublemaker. Since the goal of Team Village is to eliminate a Werewolf, and Justin has confessed to the role, he is the most logical choice for elimination.",ONE#NIGHT#ULTIMATE#WEREWOLF#43##October#13th#2018_Game3,"[""Justin"", ""Mitchell"", ""Paul"", ""Mike""]","[""Tanner"", ""Troublemaker"", ""Robber"", ""Werewolf""]",True,player,"[""Mike""]",player_vote,Justin,Justin,Justin,0.0,Tanner,False,False
C:\Users\annab\Documents\GitHub\masters_thesis_sdg\results\voting\unsloth_gemma-4-31B-it-unsloth-bnb-4bit\prompt_v4_run_3\Youtube\ONE#NIGHT#ULTIMATE#WEREWOLF#43##October#13th#2018_Game4.json,run_3,3,stochastic,1.0,prompt_v4_run_3,Youtube,ONE#NIGHT#ULTIMATE#WEREWOLF#43##October#13th#2018,Game4,Youtube / ONE#NIGHT#ULTIMATE#WEREWOLF#43##October#13th#2018 / Game4,Mike,"Both Mike and Mitchell explicitly admit to being werewolves during the discussion (lines 72, 74, and 76). While they contradict their earlier role claims, these admissions are direct. Mike attempts to divert the vote toward Paul (lines 80, 82), which is typical behavior for a werewolf trying to avoid elimination. Therefore, voting for Mike ensures a win for Team Village.",ONE#NIGHT#ULTIMATE#WEREWOLF#43##October#13th#2018_Game4,"[""Justin"", ""Mitchell"", ""Paul"", ""Mike""]","[""Troublemaker"", ""Tanner"", ""Werewolf"", ""Robber""]",True,player,"[""Paul""]",player_vote,Mike,Mike,Mike,3.0,Robber,False,False
C:\Users\annab\Documents\GitHub\masters_thesis_sdg\results\voting\unsloth_gemma-4-31B-it-unsloth-bnb-4bit\prompt_v4_run_3\Youtube\ONE#NIGHT#ULTIMATE#WEREWOLF#44##October#13th#2018_Game1.json,run_3,3,stochastic,1.0,prompt_v4_run_3,Youtube,ONE#NIGHT#ULTIMATE#WEREWOLF#44##October#13th#2018,Game1,Youtube / ONE#NIGHT#ULTIMATE#WEREWOLF#44##October#13th#2018 / Game1,Justin,"Mitchell claims to be the Seer and states he saw the Robber card in the center. If this is true, Justin's claim to be the Robber is a lie. Furthermore, Mike claims to be the Insomniac and woke up as such, which contradicts Justin's narrative that he robbed Paul (whom Justin implies was the Insomniac). Justin's aggressive attempts to steer the vote and his inconsistent story make him the most likely Werewolf.",ONE#NIGHT#ULTIMATE#WEREWOLF#44##October#13th#2018_Game1,"[""Justin"", ""Mitchell"", ""Paul"", ""Mike""]","[""Werewolf"", ""Seer"", ""Tanner"", ""Insomniac""]",True,player,"[""Justin""]",player_vote,Justin,Justin,Justin,0.0,Werewolf,True,False
C:\Users\annab\Documents\GitHub\masters_thesis_sdg\results\voting\unsloth_gemma-4-31B-it-unsloth-bnb-4bit\prompt_v4_run_3\Youtube\ONE#NIGHT#ULTIMATE#WEREWOLF#44##October#13th#2018_Game2.json,run_3,3,stochastic,1.0,prompt_v4_run_3,Youtube,ONE#NIGHT#ULTIMATE#WEREWOLF#44##October#13th#2018,Game2,Youtube / ONE#NIGHT#ULTIMATE#WEREWOLF#44##October#13th#2018 / Game2,Justin,"Justin's claims are highly inconsistent, as he claims to be the Insomniac, the Seer, the Werewolf, and the Tanner at different points in the discussion. Mike and Paul provide a consistent narrative as the Robber and Troublemaker, respectively, and their combined actions (Robber robbing Mitchell, then Troublemaker swapping Mike and Mitchell) would return Mitchell to his original role. Since Mitchell consistently claims to be the Tanner and Mike and Paul's roles are aligned with the Village, Justin is the most likely Werewolf attempting to confuse the group with contradictory claims.",ONE#NIGHT#ULTIMATE#WEREWOLF#44##October#13th#2018_Game2,"[""Justin"", ""Mitchell"", ""Paul"", ""Mike""]","[""Werewolf"", ""Tanner"", ""Troublemaker"", ""Robber""]",True,player,"[""Justin""]",player_vote,Justin,Justin,Justin,0.0,Werewolf,True,False
C:\Users\annab\Documents\GitHub\masters_thesis_sdg\results\voting\unsloth_gemma-4-31B-it-unsloth-bnb-4bit\prompt_v4_run_3\Youtube\ONE#NIGHT#ULTIMATE#WEREWOLF#44##October#13th#2018_Game3.json,run_3,3,stochastic,1.0,prompt_v4_run_3,Youtube,ONE#NIGHT#ULTIMATE#WEREWOLF#44##October#13th#2018,Game3,Youtube / ONE#NIGHT#ULTIMATE#WEREWOLF#44##October#13th#2018 / Game3,No Werewolf,"Justin claims to be the Seer and states he saw two Werewolves in the center, which would mean no player is currently a Werewolf. Paul initially claimed to have robbed a Werewolf from Justin but later admitted he was lying and was actually the Tanner. Mike claims to be the Troublemaker and switched Paul and Mitchell. Given that Paul admitted his bluff and Justin's claim remains consistent, there is no evidence that any player is a Werewolf.",ONE#NIGHT#ULTIMATE#WEREWOLF#44##October#13th#2018_Game3,"[""Justin"", ""Mitchell"", ""Paul"", ""Mike""]","[""Seer"", ""Robber"", ""Tanner"", ""Troublemaker""]",False,circle,[],circle_vote,No Werewolf,,,,,True,True
C:\Users\annab\Documents\GitHub\masters_thesis_sdg\results\voting\unsloth_gemma-4-31B-it-unsloth-bnb-4bit\prompt_v4_run_3\Youtube\ONE#NIGHT#ULTIMATE#WEREWOLF#44##October#13th#2018_Game4.json,run_3,3,stochastic,1.0,prompt_v4_run_3,Youtube,ONE#NIGHT#ULTIMATE#WEREWOLF#44##October#13th#2018,Game4,Youtube / ONE#NIGHT#ULTIMATE#WEREWOLF#44##October#13th#2018 / Game4,No Werewolf,"Paul claims to be the Seer and explicitly states that he saw two werewolves in the center. Justin claims to be the Insomniac, and Mitchell states he is not a werewolf. If Paul's claim is truthful, then no player currently holds a werewolf card, meaning Team Village wins by voting 'No Werewolf'.",ONE#NIGHT#ULTIMATE#WEREWOLF#44##October#13th#2018_Game4,"[""Justin"", ""Mitchell"", ""Paul"", ""Mike""]","[""Insomniac"", ""Troublemaker"", ""Seer"", ""Tanner""]",False,circle,[],circle_vote,No Werewolf,,,,,True,True
C:\Users\annab\Documents\GitHub\masters_thesis_sdg\results\voting\unsloth_gemma-4-31B-it-unsloth-bnb-4bit\prompt_v4_run_3\Youtube\ONE#NIGHT#ULTIMATE#WEREWOLF#44##October#13th#2018_Game5.json,run_3,3,stochastic,1.0,prompt_v4_run_3,Youtube,ONE#NIGHT#ULTIMATE#WEREWOLF#44##October#13th#2018,Game5,Youtube / ONE#NIGHT#ULTIMATE#WEREWOLF#44##October#13th#2018 / Game5,Mitchell,"Justin claims to be the Seer and states he saw a Werewolf in the center, meaning at most one Werewolf is among the players. Paul claims to be the Troublemaker and says he swapped Mitchell and Mike. Mitchell's claims are highly inconsistent; he first suggests being voted out, then claims he swapped Mike and Justin, and later expresses confusion about whether he swapped anyone at all. This erratic behavior and failed attempt to claim a role make Mitchell the most likely Werewolf.",ONE#NIGHT#ULTIMATE#WEREWOLF#44##October#13th#2018_Game5,"[""Justin"", ""Mitchell"", ""Paul"", ""Mike""]","[""Robber"", ""Troublemaker"", ""Seer"", ""Werewolf""]",True,player,"[""Mike""]",player_vote,Mitchell,Mitchell,Mitchell,1.0,Troublemaker,False,False
C:\Users\annab\Documents\GitHub\masters_thesis_sdg\results\voting\unsloth_gemma-4-31B-it-unsloth-bnb-4bit\prompt_v4_run_3\Youtube\ONE#NIGHT#ULTIMATE#WEREWOLF#45##October#13th#2018_Game4.json,run_3,3,stochastic,1.0,prompt_v4_run_3,Youtube,ONE#NIGHT#ULTIMATE#WEREWOLF#45##October#13th#2018,Game4,Youtube / ONE#NIGHT#ULTIMATE#WEREWOLF#45##October#13th#2018 / Game4,Justin,"Paul consistently claims to be the Tanner, and Mitchell and Mike's claims about the Robber/Hunter swap are consistent with each other. Justin's claims are erratic and contradictory, particularly in statement [122] where he attempts to assign multiple roles to others and himself. Furthermore, Justin's claim to have seen the Apprentice Seer in the center is consistent with the ability of a lone Werewolf to look at a center card, making him the most likely Werewolf.",ONE#NIGHT#ULTIMATE#WEREWOLF#45##October#13th#2018_Game4,"[""Justin"", ""Mitchell"", ""Paul"", ""Mike""]","[""Tanner"", ""Werewolf"", ""Robber"", ""Werewolf""]",True,player,"[""Mitchell"", ""Mike""]",player_vote,Justin,Justin,Justin,0.0,Tanner,False,False
C:\Users\annab\Documents\GitHub\masters_thesis_sdg\results\voting\unsloth_gemma-4-31B-it-unsloth-bnb-4bit\prompt_v4_run_3\Youtube\ONE#NIGHT#ULTIMATE#WEREWOLF#45##October#13th#2018_Game6.json,run_3,3,stochastic,1.0,prompt_v4_run_3,Youtube,ONE#NIGHT#ULTIMATE#WEREWOLF#45##October#13th#2018,Game6,Youtube / ONE#NIGHT#ULTIMATE#WEREWOLF#45##October#13th#2018 / Game6,Mitchell,"Mitchell's claims are highly contradictory throughout the discussion. He first accuses Mike of being the werewolf, then claims to be the Tanner, then immediately denies being the Tanner and asks for votes, and finally claims to be the Robber. This erratic behavior is characteristic of a Werewolf attempting to confuse the other players or a Tanner, but given the strong suspicions from Paul, Mike, and Justin, Mitchell is the most likely candidate for the Werewolf.",ONE#NIGHT#ULTIMATE#WEREWOLF#45##October#13th#2018_Game6,"[""Justin"", ""Mitchell"", ""Paul"", ""Mike""]","[""Troublemaker"", ""Robber"", ""Tanner"", ""Hunter""]",False,circle,[],player_vote,Mitchell,Mitchell,Mitchell,1.0,Robber,False,False
C:\Users\annab\Documents\GitHub\masters_thesis_sdg\results\voting\unsloth_gemma-4-31B-it-unsloth-bnb-4bit\prompt_v4_run_3\Youtube\One#Night#Ultimate#Werewolf#491#Classic#Werewolf_Game1.json,run_3,3,stochastic,1.0,prompt_v4_run_3,Youtube,One#Night#Ultimate#Werewolf#491#Classic#Werewolf,Game1,Youtube / One#Night#Ultimate#Werewolf#491#Classic#Werewolf / Game1,Pete,"Katie claims to be the Troublemaker and states she swapped Brett and Pete. Brett claims he was the starting Werewolf, which, if true, means Pete is now the final Werewolf after the swap. Dustin's claim to be the Drunk who knows he swapped into a Werewolf is mechanically impossible according to the rules, strongly suggesting he is the Tanner attempting to attract votes. Therefore, Pete is the most likely candidate for the final Werewolf.",One#Night#Ultimate#Werewolf#491#Classic#Werewolf_Game1,"[""Pete"", ""Katie"", ""Brett"", ""Dustin""]","[""Seer"", ""Troublemaker"", ""Werewolf"", ""Robber""]",True,player,"[""Brett""]",player_vote,Pete,Pete,Pete,0.0,Seer,False,False
C:\Users\annab\Documents\GitHub\masters_thesis_sdg\results\voting\unsloth_gemma-4-31B-it-unsloth-bnb-4bit\prompt_v4_run_3\Youtube\One#Night#Ultimate#Werewolf#492#More#Classic#Werewolf_Game1.json,run_3,3,stochastic,1.0,prompt_v4_run_3,Youtube,One#Night#Ultimate#Werewolf#492#More#Classic#Werewolf,Game1,Youtube / One#Night#Ultimate#Werewolf#492#More#Classic#Werewolf / Game1,Katie,"Dustin claimed to be the Seer and stated he saw two Werewolf cards in the center. Katie claimed to be the Drunk and admitted to swapping her card with one from the center. If Dustin's information is correct, Katie is the only player who could have acquired a Werewolf card during the Night phase. Pete's behavior, specifically claiming to be the Werewolf early on, is highly characteristic of the Tanner attempting to attract votes.",One#Night#Ultimate#Werewolf#492#More#Classic#Werewolf_Game1,"[""Pete"", ""Katie"", ""Brett"", ""Dustin""]","[""Tanner"", ""Troublemaker"", ""Seer"", ""Robber""]",False,circle,[],player_vote,Katie,Katie,Katie,1.0,Troublemaker,False,False
C:\Users\annab\Documents\GitHub\masters_thesis_sdg\results\voting\unsloth_gemma-4-31B-it-unsloth-bnb-4bit\prompt_v4_run_3\Youtube\One#Night#Ultimate#Werewolf#493#Even#More#Classic#Werewolf_Game1.json,run_3,3,stochastic,1.0,prompt_v4_run_3,Youtube,One#Night#Ultimate#Werewolf#493#Even#More#Classic#Werewolf,Game1,Youtube / One#Night#Ultimate#Werewolf#493#Even#More#Classic#Werewolf / Game1,No Werewolf,"Brett claims to be the Seer and identifies Pete as the Robber, while Dustin claims to be the Drunk. Katie initially claims to be the Seer and asserts she saw two Werewolves in the center, but later admits to being the Tanner. If Brett, Dustin, and Pete are their claimed roles (Seer, Drunk, and Robber), and Katie is the Tanner, then all Werewolf cards must be in the center. In this scenario, the only way for Team Village to win is to vote 'No Werewolf'.",One#Night#Ultimate#Werewolf#493#Even#More#Classic#Werewolf_Game1,"[""Pete"", ""Katie"", ""Brett"", ""Dustin""]","[""Robber"", ""Tanner"", ""Seer"", ""Werewolf""]",True,player,"[""Dustin""]",circle_vote,No Werewolf,,,,,False,True
C:\Users\annab\Documents\GitHub\masters_thesis_sdg\results\voting\unsloth_gemma-4-31B-it-unsloth-bnb-4bit\prompt_v4_run_3\Youtube\ONE#NIGHT#ULTIMATE#WEREWOLF#5##October#29th#2016_Game1.json,run_3,3,stochastic,1.0,prompt_v4_run_3,Youtube,ONE#NIGHT#ULTIMATE#WEREWOLF#5##October#29th#2016,Game1,Youtube / ONE#NIGHT#ULTIMATE#WEREWOLF#5##October#29th#2016 / Game1,Mike,"Caitlynn claims to be the Troublemaker and states she switched Chris and Mike. Chris admits that he was the starting Werewolf ('I 100% percent was the werewolf'). Since the Troublemaker swapped Chris and Mike, the Werewolf card moved from Chris to Mike. Therefore, Mike is the current Werewolf and the correct target for Team Village.",ONE#NIGHT#ULTIMATE#WEREWOLF#5##October#29th#2016_Game1,"[""Mitchell"", ""Chris"", ""Caitlynn"", ""Mike""]","[""Insomniac"", ""Werewolf"", ""Troublemaker"", ""Robber""]",True,player,"[""Chris""]",player_vote,Mike,Mike,Mike,3.0,Robber,False,False
C:\Users\annab\Documents\GitHub\masters_thesis_sdg\results\voting\unsloth_gemma-4-31B-it-unsloth-bnb-4bit\prompt_v4_run_3\Youtube\One#Night#Ultimate#Werewolf#531#Classic#ONUW_Game1.json,run_3,3,stochastic,1.0,prompt_v4_run_3,Youtube,One#Night#Ultimate#Werewolf#531#Classic#ONUW,Game1,Youtube / One#Night#Ultimate#Werewolf#531#Classic#ONUW / Game1,Katie,"Brett admitted to starting as the Werewolf, and DeAndre claimed to be the Troublemaker who swapped Brett's card with Katie's. This means Katie is currently the Werewolf and Brett is now the Tanner. Katie's behavior—claiming to be the Tanner but urging others not to vote for Brett—is contradictory to the Tanner's goal of being eliminated, suggesting she is the Werewolf attempting to avoid detection. Therefore, voting for Katie is the best move for Team Village.",One#Night#Ultimate#Werewolf#531#Classic#ONUW_Game1,"[""Ryan"", ""Katie"", ""Brett"", ""DeAndre""]","[""Robber"", ""Minion"", ""Tanner"", ""Troublemaker""]",False,circle,[],player_vote,Katie,Katie,Katie,1.0,Minion,False,False
C:\Users\annab\Documents\GitHub\masters_thesis_sdg\results\voting\unsloth_gemma-4-31B-it-unsloth-bnb-4bit\prompt_v4_run_3\Youtube\One#Night#Ultimate#Werewolf#532#More#Classic#ONUW_Game1.json,run_3,3,stochastic,1.0,prompt_v4_run_3,Youtube,One#Night#Ultimate#Werewolf#532#More#Classic#ONUW,Game1,Youtube / One#Night#Ultimate#Werewolf#532#More#Classic#ONUW / Game1,DeAndre,"DeAndre and Katie both claimed to be Werewolves, which often indicates that one is the Werewolf and the other is the Tanner. DeAndre's claims were contradictory, as he claimed to be both a Werewolf and the Troublemaker. While Brett claimed to have swapped DeAndre and Katie, DeAndre's attempt to divert the vote toward Katie at the end of the discussion is characteristic of a Werewolf trying to avoid elimination. Given the consensus between Ryan and Brett, DeAndre is the most likely candidate for the Werewolf role.",One#Night#Ultimate#Werewolf#532#More#Classic#ONUW_Game1,"[""Ryan"", ""Katie"", ""Brett"", ""DeAndre""]","[""Troublemaker"", ""Drunk"", ""Robber"", ""Werewolf""]",True,player,"[""DeAndre""]",player_vote,DeAndre,DeAndre,DeAndre,3.0,Werewolf,True,False
C:\Users\annab\Documents\GitHub\masters_thesis_sdg\results\voting\unsloth_gemma-4-31B-it-unsloth-bnb-4bit\prompt_v4_run_3\Youtube\One#Night#Ultimate#Werewolf#533#Even#More#Classic#ONUW_Game1.json,run_3,3,stochastic,1.0,prompt_v4_run_3,Youtube,One#Night#Ultimate#Werewolf#533#Even#More#Classic#ONUW,Game1,Youtube / One#Night#Ultimate#Werewolf#533#Even#More#Classic#ONUW / Game1,DeAndre,"DeAndre initially claimed to be the Drunk, but when specifically asked by Brett whether he was 'wolfing' or 'drunken', he answered 'Wolfing'. Although this may have been intended as a joke, in the context of the game, it is a strong indicator of his role. Furthermore, the other three players (Ryan, Katie, and Brett) have converged on the conclusion that DeAndre is the most likely Werewolf or Minion, and DeAndre's attempts to deflect suspicion toward Brett are unconvincing.",One#Night#Ultimate#Werewolf#533#Even#More#Classic#ONUW_Game1,"[""Ryan"", ""Katie"", ""Brett"", ""DeAndre""]","[""Robber"", ""Tanner"", ""Troublemaker"", ""Minion""]",False,circle,[],player_vote,DeAndre,DeAndre,DeAndre,3.0,Minion,False,False
C:\Users\annab\Documents\GitHub\masters_thesis_sdg\results\voting\unsloth_gemma-4-31B-it-unsloth-bnb-4bit\prompt_v4_run_3\Youtube\ONE#NIGHT#ULTIMATE#WEREWOLF#55##January#26th#2019_Game3.json,run_3,3,stochastic,1.0,prompt_v4_run_3,Youtube,ONE#NIGHT#ULTIMATE#WEREWOLF#55##January#26th#2019,Game3,Youtube / ONE#NIGHT#ULTIMATE#WEREWOLF#55##January#26th#2019 / Game3,Caitlynn,"Justin's behavior is highly characteristic of the Tanner, as he repeatedly begs the group to vote for him. In this scenario, voting for Justin would result in a win for the Tanner and a loss for Team Village. Mike (claiming Seer) and Mitchell (claiming Insomniac) appear to be aligned with the Village. Between the remaining players, Caitlynn is the most suspicious because she actively steers the vote toward Justin, a common tactic for a Werewolf attempting to trick the Village into eliminating the Tanner. Therefore, Caitlynn is the most likely Werewolf.",ONE#NIGHT#ULTIMATE#WEREWOLF#55##January#26th#2019_Game3,"[""Justin"", ""Caitlynn"", ""Mitchell"", ""Brad"", ""Mike""]","[""Werewolf"", ""Werewolf"", ""Insomniac"", ""Tanner"", ""Seer""]",True,player,"[""Justin"", ""Caitlynn""]",player_vote,Caitlynn,Caitlynn,Caitlynn,1.0,Werewolf,True,False
C:\Users\annab\Documents\GitHub\masters_thesis_sdg\results\voting\unsloth_gemma-4-31B-it-unsloth-bnb-4bit\prompt_v4_run_3\Youtube\ONE#NIGHT#ULTIMATE#WEREWOLF#6##November#6th#2016_Game1.json,run_3,3,stochastic,1.0,prompt_v4_run_3,Youtube,ONE#NIGHT#ULTIMATE#WEREWOLF#6##November#6th#2016,Game1,Youtube / ONE#NIGHT#ULTIMATE#WEREWOLF#6##November#6th#2016 / Game1,Caitlynn,"Caitlynn, Mike, and Mitchell all provide conflicting claims, but the group converges on Caitlynn. Mitchell claims to be the Robber who robbed Caitlynn, and Alana claims to be the Troublemaker who swapped them, which according to Mitchell's logic, results in Caitlynn being the Werewolf. Additionally, both Mike and Caitlynn herself claim that she is a Werewolf, making her the most likely target for Team Village to win.",ONE#NIGHT#ULTIMATE#WEREWOLF#6##November#6th#2016_Game1,"[""Caitlynn"", ""Mitchell"", ""Alana"", ""Mike""]","[""Robber"", ""Werewolf"", ""Troublemaker"", ""Werewolf""]",True,player,"[""Mitchell"", ""Mike""]",player_vote,Caitlynn,Caitlynn,Caitlynn,0.0,Robber,False,False
C:\Users\annab\Documents\GitHub\masters_thesis_sdg\results\voting\unsloth_gemma-4-31B-it-unsloth-bnb-4bit\prompt_v4_run_3\Youtube\ONE#NIGHT#ULTIMATE#WEREWOLF#6##November#6th#2016_Game2.json,run_3,3,stochastic,1.0,prompt_v4_run_3,Youtube,ONE#NIGHT#ULTIMATE#WEREWOLF#6##November#6th#2016,Game2,Youtube / ONE#NIGHT#ULTIMATE#WEREWOLF#6##November#6th#2016 / Game2,Caitlynn,"Mitchell admits to being the starting Werewolf ('I was the werewolf'). Mike claims to have been the Troublemaker and switched the cards of Caitlynn and Mitchell. Based on this sequence, the Werewolf card moved from Mitchell to Caitlynn, making Caitlynn the final Werewolf. Caitlynn acknowledges this logic ('So I'm the werewolf, fucking kill me'), and the other players conclude that she is the target for the vote.",ONE#NIGHT#ULTIMATE#WEREWOLF#6##November#6th#2016_Game2,"[""Caitlynn"", ""Mitchell"", ""Alana"", ""Mike""]","[""Werewolf"", ""Robber"", ""Seer"", ""Troublemaker""]",True,player,"[""Caitlynn""]",player_vote,Caitlynn,Caitlynn,Caitlynn,0.0,Werewolf,True,False
C:\Users\annab\Documents\GitHub\masters_thesis_sdg\results\voting\unsloth_gemma-4-31B-it-unsloth-bnb-4bit\prompt_v4_run_3\Youtube\ONE#NIGHT#ULTIMATE#WEREWOLF#62##March#23rd#2019_Game1.json,run_3,3,stochastic,1.0,prompt_v4_run_3,Youtube,ONE#NIGHT#ULTIMATE#WEREWOLF#62##March#23rd#2019,Game1,Youtube / ONE#NIGHT#ULTIMATE#WEREWOLF#62##March#23rd#2019 / Game1,Paul,"James consistently claims to be the Seer and identifies Justin as the Tanner, a claim Justin eventually supports by stating he started as the Tanner. Mitchell claims to be the Troublemaker and supports James's credibility. Paul, however, is highly inconsistent, first claiming to be the Robber who robbed James, and then later claiming to be the Seer himself while stating the Robber is in the center. This contradiction, combined with his attempt to frame Justin as the Werewolf, strongly suggests that Paul is the Werewolf.",ONE#NIGHT#ULTIMATE#WEREWOLF#62##March#23rd#2019_Game1,"[""Justin"", ""James"", ""Paul"", ""Mitchell""]","[""Werewolf"", ""Seer"", ""Tanner"", ""Troublemaker""]",True,player,"[""Justin""]",player_vote,Paul,Paul,Paul,2.0,Tanner,False,False
C:\Users\annab\Documents\GitHub\masters_thesis_sdg\results\voting\unsloth_gemma-4-31B-it-unsloth-bnb-4bit\prompt_v4_run_3\Youtube\ONE#NIGHT#ULTIMATE#WEREWOLF#62##March#23rd#2019_Game2.json,run_3,3,stochastic,1.0,prompt_v4_run_3,Youtube,ONE#NIGHT#ULTIMATE#WEREWOLF#62##March#23rd#2019,Game2,Youtube / ONE#NIGHT#ULTIMATE#WEREWOLF#62##March#23rd#2019 / Game2,James,"Justin is confirmed as the Troublemaker because he performed the Troublemaker's night action (swapping Mitchell and James) as called by the announcer. James later claims to be the Troublemaker and asserts that he swapped Justin and Mitchell, which is a direct contradiction of the observed night actions, meaning James is lying. Paul's statement 'Actually you need to kill me' is characteristic of the Tanner role, who wants to be eliminated. Since James is lying about his role to divert suspicion and push the vote toward Paul, he is the most likely Werewolf.",ONE#NIGHT#ULTIMATE#WEREWOLF#62##March#23rd#2019_Game2,"[""Justin"", ""James"", ""Paul"", ""Mitchell""]","[""Seer"", ""Troublemaker"", ""Werewolf"", ""Tanner""]",True,player,"[""Paul""]",player_vote,James,James,James,1.0,Troublemaker,False,False
C:\Users\annab\Documents\GitHub\masters_thesis_sdg\results\voting\unsloth_gemma-4-31B-it-unsloth-bnb-4bit\prompt_v4_run_3\Youtube\ONE#NIGHT#ULTIMATE#WEREWOLF#63##March#23rd#2019_Game1.json,run_3,3,stochastic,1.0,prompt_v4_run_3,Youtube,ONE#NIGHT#ULTIMATE#WEREWOLF#63##March#23rd#2019,Game1,Youtube / ONE#NIGHT#ULTIMATE#WEREWOLF#63##March#23rd#2019 / Game1,Justin,"Justin's claims are completely contradictory throughout the discussion; he claims to be the Robber, then a Werewolf, and then a Seer who saw two Werewolves in the center. In contrast, Paul (Copycat/Troublemaker), Mitchell (Robber), and James (implied Seer) maintain a more consistent narrative. This erratic behavior is characteristic of a Werewolf attempting to confuse the group or a Tanner, but based on the available claims, Justin is the most likely candidate for the Werewolf.",ONE#NIGHT#ULTIMATE#WEREWOLF#63##March#23rd#2019_Game1,"[""Justin"", ""James"", ""Paul"", ""Mitchell""]","[""Tanner"", ""Werewolf"", ""Robber"", ""Werewolf""]",True,player,"[""James"", ""Mitchell""]",player_vote,Justin,Justin,Justin,0.0,Tanner,False,False
C:\Users\annab\Documents\GitHub\masters_thesis_sdg\results\voting\unsloth_gemma-4-31B-it-unsloth-bnb-4bit\prompt_v4_run_3\Youtube\ONE#NIGHT#ULTIMATE#WEREWOLF#64##March#23rd#2019_Game3.json,run_3,3,stochastic,1.0,prompt_v4_run_3,Youtube,ONE#NIGHT#ULTIMATE#WEREWOLF#64##March#23rd#2019,Game3,Youtube / ONE#NIGHT#ULTIMATE#WEREWOLF#64##March#23rd#2019 / Game3,James,"James explicitly claims to be the current Werewolf, stating that he was the Robber and stole the Werewolf card from Mitchell. Mitchell corroborates this by admitting he was a Werewolf and believes James robbed him, making James the current Werewolf. While James's request to be killed could suggest he is the Tanner, the combined claims of James and Mitchell strongly point to James holding the Werewolf card.",ONE#NIGHT#ULTIMATE#WEREWOLF#64##March#23rd#2019_Game3,"[""Justin"", ""James"", ""Paul"", ""Mitchell""]","[""Robber"", ""Werewolf"", ""Troublemaker"", ""Tanner""]",True,player,"[""James""]",player_vote,James,James,James,1.0,Werewolf,True,False
C:\Users\annab\Documents\GitHub\masters_thesis_sdg\results\voting\unsloth_gemma-4-31B-it-unsloth-bnb-4bit\prompt_v4_run_3\Youtube\ONE#NIGHT#ULTIMATE#WEREWOLF#64##March#23rd#2019_Game4.json,run_3,3,stochastic,1.0,prompt_v4_run_3,Youtube,ONE#NIGHT#ULTIMATE#WEREWOLF#64##March#23rd#2019,Game4,Youtube / ONE#NIGHT#ULTIMATE#WEREWOLF#64##March#23rd#2019 / Game4,Paul,"James exhibits aggressive behavior typical of a Werewolf, attempting to frame Paul and Justin. Justin claims to be the Troublemaker and states he swapped James and Paul. If James was the starting Werewolf and was swapped with Paul, Paul is now the current Werewolf. Since James is pushing the vote toward Paul and Justin agrees, voting for Paul is the most likely way for Team Village to win.",ONE#NIGHT#ULTIMATE#WEREWOLF#64##March#23rd#2019_Game4,"[""Justin"", ""James"", ""Paul"", ""Mitchell""]","[""Werewolf"", ""Robber"", ""Werewolf"", ""Seer""]",True,player,"[""Justin"", ""Paul""]",player_vote,Paul,Paul,Paul,2.0,Werewolf,True,False
C:\Users\annab\Documents\GitHub\masters_thesis_sdg\results\voting\unsloth_gemma-4-31B-it-unsloth-bnb-4bit\prompt_v4_run_3\Youtube\ONE#NIGHT#ULTIMATE#WEREWOLF#64##March#23rd#2019_Game5.json,run_3,3,stochastic,1.0,prompt_v4_run_3,Youtube,ONE#NIGHT#ULTIMATE#WEREWOLF#64##March#23rd#2019,Game5,Youtube / ONE#NIGHT#ULTIMATE#WEREWOLF#64##March#23rd#2019 / Game5,James,"James explicitly admits to being a Werewolf in multiple instances ([71], [110]). While Paul claims to have robbed James ([84], [86]), which would make Paul the Werewolf, it is unlikely a Werewolf would openly admit to robbing the Werewolf role. Justin claims to be the Tanner ([117]), which supports the theory that James is the actual Werewolf. Therefore, voting for James is the most reliable way for Team Village to win.",ONE#NIGHT#ULTIMATE#WEREWOLF#64##March#23rd#2019_Game5,"[""Justin"", ""James"", ""Paul"", ""Mitchell""]","[""Werewolf"", ""Robber"", ""Seer"", ""Troublemaker""]",True,player,"[""Justin""]",player_vote,James,James,James,1.0,Robber,False,False
C:\Users\annab\Documents\GitHub\masters_thesis_sdg\results\voting\unsloth_gemma-4-31B-it-unsloth-bnb-4bit\prompt_v4_run_3\Youtube\ONE#NIGHT#ULTIMATE#WEREWOLF#7##November#6th#2016_Game1.json,run_3,3,stochastic,1.0,prompt_v4_run_3,Youtube,ONE#NIGHT#ULTIMATE#WEREWOLF#7##November#6th#2016,Game1,Youtube / ONE#NIGHT#ULTIMATE#WEREWOLF#7##November#6th#2016 / Game1,Alana,"Caitlynn admitted to starting as the Werewolf. Mitchell claimed to be the Troublemaker and stated that he swapped Caitlynn with Alana. Alana, who claimed to be the Robber, accepted this and concluded that she is now the Werewolf. Although there is some confusion in the transcript regarding who robbed whom, the players have converged on the conclusion that Alana currently holds the Werewolf card.",ONE#NIGHT#ULTIMATE#WEREWOLF#7##November#6th#2016_Game1,"[""Caitlynn"", ""Mitchell"", ""Alana"", ""Mike""]","[""Troublemaker"", ""Robber"", ""Werewolf"", ""Villager""]",True,player,"[""Alana""]",player_vote,Alana,Alana,Alana,2.0,Werewolf,True,False
C:\Users\annab\Documents\GitHub\masters_thesis_sdg\results\voting\unsloth_gemma-4-31B-it-unsloth-bnb-4bit\prompt_v4_run_3\Youtube\ONE#NIGHT#ULTIMATE#WEREWOLF#7##November#6th#2016_Game2.json,run_3,3,stochastic,1.0,prompt_v4_run_3,Youtube,ONE#NIGHT#ULTIMATE#WEREWOLF#7##November#6th#2016,Game2,Youtube / ONE#NIGHT#ULTIMATE#WEREWOLF#7##November#6th#2016 / Game2,Caitlynn,"Mike and Mitchell claim to be the Seer and Robber, respectively, and have coordinated their stories to verify each other's roles. They both suspect Caitlynn of being the Werewolf, particularly after she jokingly claimed to be a 'cute fluffy wolf.' While Alana is also a suspect, she has remained passive, and the informed players (Mike and Mitchell) have converged on Caitlynn as the most likely Werewolf.",ONE#NIGHT#ULTIMATE#WEREWOLF#7##November#6th#2016_Game2,"[""Caitlynn"", ""Mitchell"", ""Alana"", ""Mike""]","[""Tanner"", ""Seer"", ""Werewolf"", ""Robber""]",True,player,"[""Alana""]",player_vote,Caitlynn,Caitlynn,Caitlynn,0.0,Tanner,False,False
C:\Users\annab\Documents\GitHub\masters_thesis_sdg\results\voting\unsloth_gemma-4-31B-it-unsloth-bnb-4bit\prompt_v4_run_3\Youtube\ONE#NIGHT#ULTIMATE#WEREWOLF#7##November#6th#2016_Game3.json,run_3,3,stochastic,1.0,prompt_v4_run_3,Youtube,ONE#NIGHT#ULTIMATE#WEREWOLF#7##November#6th#2016,Game3,Youtube / ONE#NIGHT#ULTIMATE#WEREWOLF#7##November#6th#2016 / Game3,Mitchell,"Mitchell provides contradictory claims: he first asserts that he saw Mike's card (a Seer or Robber action) in line 58, but later claims he was the Tanner in line 89. Since the Tanner does not wake up during the night and cannot see other players' cards, Mitchell is clearly lying. This inconsistency, combined with his sudden attempt to divert the vote toward Alana at the end of the discussion, strongly suggests he is the Werewolf.",ONE#NIGHT#ULTIMATE#WEREWOLF#7##November#6th#2016_Game3,"[""Caitlynn"", ""Mitchell"", ""Alana"", ""Mike""]","[""Werewolf"", ""Werewolf"", ""Troublemaker"", ""Tanner""]",True,player,"[""Caitlynn"", ""Mitchell""]",player_vote,Mitchell,Mitchell,Mitchell,1.0,Werewolf,True,False
C:\Users\annab\Documents\GitHub\masters_thesis_sdg\results\voting\unsloth_gemma-4-31B-it-unsloth-bnb-4bit\prompt_v4_run_3\Youtube\ONE#NIGHT#ULTIMATE#WEREWOLF#7##November#6th#2016_Game4.json,run_3,3,stochastic,1.0,prompt_v4_run_3,Youtube,ONE#NIGHT#ULTIMATE#WEREWOLF#7##November#6th#2016,Game4,Youtube / ONE#NIGHT#ULTIMATE#WEREWOLF#7##November#6th#2016 / Game4,Caitlynn,"Alana claims to be the Seer and initially identifies Mitchell as the werewolf, but later shifts her target to Caitlynn, suggesting that a Troublemaker may have swapped their cards. Mitchell also strongly supports voting for Caitlynn, and Caitlynn remains passive throughout the discussion without providing a strong role claim or defense. Given the consensus between Alana and Mitchell and the Seer's identification, Caitlynn is the most likely candidate for the werewolf.",ONE#NIGHT#ULTIMATE#WEREWOLF#7##November#6th#2016_Game4,"[""Caitlynn"", ""Mitchell"", ""Alana"", ""Mike""]","[""Werewolf"", ""Werewolf"", ""Troublemaker"", ""Tanner""]",True,player,"[""Caitlynn"", ""Mitchell""]",player_vote,Caitlynn,Caitlynn,Caitlynn,0.0,Werewolf,True,False
C:\Users\annab\Documents\GitHub\masters_thesis_sdg\results\voting\unsloth_gemma-4-31B-it-unsloth-bnb-4bit\prompt_v4_run_3\Youtube\ONE#NIGHT#ULTIMATE#WEREWOLF#8##November#6th#2016_Game1.json,run_3,3,stochastic,1.0,prompt_v4_run_3,Youtube,ONE#NIGHT#ULTIMATE#WEREWOLF#8##November#6th#2016,Game1,Youtube / ONE#NIGHT#ULTIMATE#WEREWOLF#8##November#6th#2016 / Game1,Mitchell,"Mitchell explicitly claimed to be the Werewolf multiple times ([123], [136], [151]), despite earlier contradictory claims of being the Tanner and Seer. He then attempted to divert the group's attention by urging them to 'vote left' and explicitly stating, 'Just don't vote for me, that's for sure' ([161]). This pattern of admitting the role while simultaneously trying to avoid the vote is highly indicative of a Werewolf attempting to survive.",ONE#NIGHT#ULTIMATE#WEREWOLF#8##November#6th#2016_Game1,"[""Matt"", ""Caitlynn"", ""Mitchell"", ""Alana"", ""Mike""]","[""Robber"", ""Werewolf"", ""Tanner"", ""Insomniac"", ""Troublemaker""]",True,player,"[""Caitlynn""]",player_vote,Mitchell,Mitchell,Mitchell,2.0,Tanner,False,False
C:\Users\annab\Documents\GitHub\masters_thesis_sdg\results\voting\unsloth_gemma-4-31B-it-unsloth-bnb-4bit\prompt_v4_run_3\Youtube\ONE#NIGHT#ULTIMATE#WEREWOLF#8##November#6th#2016_Game4.json,run_3,3,stochastic,1.0,prompt_v4_run_3,Youtube,ONE#NIGHT#ULTIMATE#WEREWOLF#8##November#6th#2016,Game4,Youtube / ONE#NIGHT#ULTIMATE#WEREWOLF#8##November#6th#2016 / Game4,Mitchell,"Mike claims to be the Troublemaker and states he swapped Alana and Matt. Alana confirms she started as the Tanner and is now the Insomniac, which implies Matt started as the Insomniac and is now the Tanner. Caitlynn claims to be the Seer, having looked at the center cards. This leaves Mitchell as the only player who could be the Werewolf, and he further draws suspicion by jokingly suggesting the group vote for him.",ONE#NIGHT#ULTIMATE#WEREWOLF#8##November#6th#2016_Game4,"[""Matt"", ""Caitlynn"", ""Mitchell"", ""Alana"", ""Mike""]","[""Tanner"", ""Seer"", ""Werewolf"", ""Insomniac"", ""Troublemaker""]",True,player,"[""Mitchell""]",player_vote,Mitchell,Mitchell,Mitchell,2.0,Werewolf,True,False
C:\Users\annab\Documents\GitHub\masters_thesis_sdg\results\voting\unsloth_gemma-4-31B-it-unsloth-bnb-4bit\prompt_v4_run_3\Youtube\ONE#NIGHT#ULTIMATE#WEREWOLF#83##October#15th#2019_Game2.json,run_3,3,stochastic,1.0,prompt_v4_run_3,Youtube,ONE#NIGHT#ULTIMATE#WEREWOLF#83##October#15th#2019,Game2,Youtube / ONE#NIGHT#ULTIMATE#WEREWOLF#83##October#15th#2019 / Game2,Mike,"Mike repeatedly admits to being the Werewolf ('I was the werewolf' in [100], [114], [127], and [136]), which is a strong indicator of his role, even if he attempts to divert the vote toward Caitlynn. Caitlynn's behavior, specifically her statement 'Sure, kill me' [118], is highly characteristic of the Tanner, who wants to be eliminated. Mike's strategy of pushing the vote toward Caitlynn is consistent with a Werewolf attempting to trick the Village into voting for the Tanner, which would result in a win for Team Werewolf. Therefore, Mike is the most likely Werewolf.",ONE#NIGHT#ULTIMATE#WEREWOLF#83##October#15th#2019_Game2,"[""Justin"", ""Meghan"", ""Caitlynn"", ""Mike""]","[""Werewolf"", ""Troublemaker"", ""Robber"", ""Tanner""]",True,player,"[""Justin""]",player_vote,Mike,Mike,Mike,3.0,Tanner,False,False
C:\Users\annab\Documents\GitHub\masters_thesis_sdg\results\voting\unsloth_gemma-4-31B-it-unsloth-bnb-4bit\prompt_v4_run_3\Youtube\ONE#NIGHT#ULTIMATE#WEREWOLF#83##October#15th#2019_Game3.json,run_3,3,stochastic,1.0,prompt_v4_run_3,Youtube,ONE#NIGHT#ULTIMATE#WEREWOLF#83##October#15th#2019,Game3,Youtube / ONE#NIGHT#ULTIMATE#WEREWOLF#83##October#15th#2019 / Game3,Mike,"Mike's claims are highly contradictory; he first claims to be the Troublemaker who swapped Meghan and Caitlynn, but later explicitly states, 'I was a regular werewolf.' Justin attempts to support Mike's initial Troublemaker claim, suggesting they are coordinating as Team Werewolf (Werewolf and Minion). While Caitlynn and Meghan provide conflicting information about the center cards, Mike's direct admission of being a Werewolf is the strongest evidence for Team Village to act upon.",ONE#NIGHT#ULTIMATE#WEREWOLF#83##October#15th#2019_Game3,"[""Justin"", ""Meghan"", ""Caitlynn"", ""Mike""]","[""Troublemaker"", ""Werewolf"", ""Tanner"", ""Robber""]",True,player,"[""Meghan""]",player_vote,Mike,Mike,Mike,3.0,Robber,False,False
C:\Users\annab\Documents\GitHub\masters_thesis_sdg\results\voting\unsloth_gemma-4-31B-it-unsloth-bnb-4bit\prompt_v4_run_3\Youtube\ONE#NIGHT#ULTIMATE#WEREWOLF#86##November#9th#2019_Game1.json,run_3,3,stochastic,1.0,prompt_v4_run_3,Youtube,ONE#NIGHT#ULTIMATE#WEREWOLF#86##November#9th#2019,Game1,Youtube / ONE#NIGHT#ULTIMATE#WEREWOLF#86##November#9th#2019 / Game1,Paul,"Mike is highly suspicious due to his contradictory statements about seeing a werewolf in the center, which is a common tell for a Werewolf. Justin claims to be the Troublemaker and states that he swapped Mike with Paul. If Mike was the Werewolf and was swapped with Paul, then Paul is now the Werewolf. Despite Paul's Tanner-like behavior in asking to be voted out, the internal logic provided by Justin's claimed swap makes Paul the most likely target for Team Village to win.",ONE#NIGHT#ULTIMATE#WEREWOLF#86##November#9th#2019_Game1,"[""Justin"", ""Mitchell"", ""Paul"", ""Mike""]","[""Robber"", ""Werewolf"", ""Werewolf"", ""Troublemaker""]",True,player,"[""Mitchell"", ""Paul""]",player_vote,Paul,Paul,Paul,2.0,Werewolf,True,False
C:\Users\annab\Documents\GitHub\masters_thesis_sdg\results\voting\unsloth_gemma-4-31B-it-unsloth-bnb-4bit\prompt_v4_run_3\Youtube\ONE#NIGHT#ULTIMATE#WEREWOLF#86##November#9th#2019_Game3.json,run_3,3,stochastic,1.0,prompt_v4_run_3,Youtube,ONE#NIGHT#ULTIMATE#WEREWOLF#86##November#9th#2019,Game3,Youtube / ONE#NIGHT#ULTIMATE#WEREWOLF#86##November#9th#2019 / Game3,Paul,"Paul and Justin both claim to be the Troublemaker, but Mike (the Robber) robbed Justin and subsequently supports Justin's claim, suggesting Paul is lying. Mitchell admits he started as a Werewolf, and if Justin (the Troublemaker) swapped Paul and Mitchell, Paul would now be the Werewolf. Paul's attempt to divert votes toward Justin further suggests he is hiding his current role as the Werewolf.",ONE#NIGHT#ULTIMATE#WEREWOLF#86##November#9th#2019_Game3,"[""Justin"", ""Mitchell"", ""Paul"", ""Mike""]","[""Troublemaker"", ""Robber"", ""Werewolf"", ""Werewolf""]",True,player,"[""Paul"", ""Mike""]",player_vote,Paul,Paul,Paul,2.0,Werewolf,True,False
C:\Users\annab\Documents\GitHub\masters_thesis_sdg\results\voting\unsloth_gemma-4-31B-it-unsloth-bnb-4bit\prompt_v4_run_3\Youtube\ONE#NIGHT#ULTIMATE#WEREWOLF#86##November#9th#2019_Game4.json,run_3,3,stochastic,1.0,prompt_v4_run_3,Youtube,ONE#NIGHT#ULTIMATE#WEREWOLF#86##November#9th#2019,Game4,Youtube / ONE#NIGHT#ULTIMATE#WEREWOLF#86##November#9th#2019 / Game4,Mike,"Paul claims to be the Seer and states he saw Mitchell as a Werewolf. Justin claims to be the Troublemaker and states he swapped Mitchell and Mike. If these claims are true, Mitchell started as the Werewolf but was swapped with Mike, making Mike the current Werewolf. Mike's claim to be the Tanner is a common bluff for a Werewolf or an actual Tanner, but based on the combined information from Paul and Justin, Mike is the most likely target for Team Village.",ONE#NIGHT#ULTIMATE#WEREWOLF#86##November#9th#2019_Game4,"[""Justin"", ""Mitchell"", ""Paul"", ""Mike""]","[""Troublemaker"", ""Tanner"", ""Seer"", ""Werewolf""]",True,player,"[""Mike""]",player_vote,Mike,Mike,Mike,3.0,Werewolf,True,False
C:\Users\annab\Documents\GitHub\masters_thesis_sdg\results\voting\unsloth_gemma-4-31B-it-unsloth-bnb-4bit\prompt_v4_run_3\Youtube\ONE#NIGHT#ULTIMATE#WEREWOLF#87##November#9th#2019_Game1.json,run_3,3,stochastic,1.0,prompt_v4_run_3,Youtube,ONE#NIGHT#ULTIMATE#WEREWOLF#87##November#9th#2019,Game1,Youtube / ONE#NIGHT#ULTIMATE#WEREWOLF#87##November#9th#2019 / Game1,Mitchell,"Paul claims to be the Seer and confirms Mitchell was the Robber. Mike claims to be the Troublemaker and states he switched Justin and Paul. According to Mike's explanation, Mitchell (the Robber) robbed Justin, and then Mike switched Justin (who now held the Robber card) with Paul (the Seer). This means Mitchell ended up with Justin's starting card, which Mike identifies as the 'bad card' (the Copycat/Werewolf). If these claims are true, Mitchell is currently the Werewolf.",ONE#NIGHT#ULTIMATE#WEREWOLF#87##November#9th#2019_Game1,"[""Justin"", ""Mitchell"", ""Paul"", ""Mike""]","[""Werewolf"", ""Robber"", ""Werewolf"", ""Troublemaker""]",True,player,"[""Justin"", ""Paul""]",player_vote,Mitchell,Mitchell,Mitchell,1.0,Robber,False,False
C:\Users\annab\Documents\GitHub\masters_thesis_sdg\results\voting\unsloth_gemma-4-31B-it-unsloth-bnb-4bit\prompt_v4_run_3\Youtube\ONE#NIGHT#ULTIMATE#WEREWOLF#87##November#9th#2019_Game2.json,run_3,3,stochastic,1.0,prompt_v4_run_3,Youtube,ONE#NIGHT#ULTIMATE#WEREWOLF#87##November#9th#2019,Game2,Youtube / ONE#NIGHT#ULTIMATE#WEREWOLF#87##November#9th#2019 / Game2,Paul,"Paul explicitly admits to being a Werewolf ('I was a werewolf'). Justin claims to be the Troublemaker and states he did not switch any cards, which is supported by Mitchell, who claims to be the Robber and says he robbed Justin and saw the Troublemaker card. Mike claims to be the Seer and saw a Werewolf and a Copycat in the center, which is consistent with Paul being a Werewolf (meaning there were two Werewolf cards in the game). Therefore, Paul is the most likely Werewolf.",ONE#NIGHT#ULTIMATE#WEREWOLF#87##November#9th#2019_Game2,"[""Justin"", ""Mitchell"", ""Paul"", ""Mike""]","[""Robber"", ""Troublemaker"", ""Werewolf"", ""Tanner""]",True,player,"[""Paul""]",player_vote,Paul,Paul,Paul,2.0,Werewolf,True,False
C:\Users\annab\Documents\GitHub\masters_thesis_sdg\results\voting\unsloth_gemma-4-31B-it-unsloth-bnb-4bit\prompt_v4_run_3\Youtube\ONE#NIGHT#ULTIMATE#WEREWOLF#89##November#30th#2019_Game2.json,run_3,3,stochastic,1.0,prompt_v4_run_3,Youtube,ONE#NIGHT#ULTIMATE#WEREWOLF#89##November#30th#2019,Game2,Youtube / ONE#NIGHT#ULTIMATE#WEREWOLF#89##November#30th#2019 / Game2,No Werewolf,"Justin's behavior is highly characteristic of the Tanner; he repeatedly encourages the other players to vote for him and creates a convoluted narrative to make himself appear to be the Werewolf. Paul claims to be the Witch, James claims to be the Troublemaker, and Paul identifies Mitchell as the Apprentice Seer. If these claims are true, all four players are either Village-aligned or the Tanner, meaning the Werewolf card must be in the center. In this scenario, Team Village wins if no one is voted out.",ONE#NIGHT#ULTIMATE#WEREWOLF#89##November#30th#2019_Game2,"[""Justin"", ""Mitchell"", ""Paul"", ""James""]","[""Werewolf"", ""Werewolf"", ""Robber"", ""Troublemaker""]",True,player,"[""Justin"", ""Mitchell""]",circle_vote,No Werewolf,,,,,False,True
C:\Users\annab\Documents\GitHub\masters_thesis_sdg\results\voting\unsloth_gemma-4-31B-it-unsloth-bnb-4bit\prompt_v4_run_3\Youtube\ONE#NIGHT#ULTIMATE#WEREWOLF#89##November#30th#2019_Game3.json,run_3,3,stochastic,1.0,prompt_v4_run_3,Youtube,ONE#NIGHT#ULTIMATE#WEREWOLF#89##November#30th#2019,Game3,Youtube / ONE#NIGHT#ULTIMATE#WEREWOLF#89##November#30th#2019 / Game3,James,"James exhibits highly suspicious behavior, claiming three different roles (Witch, Troublemaker, and Werewolf) throughout the discussion. He eventually claims to be a werewolf and votes for himself, which is characteristic of either a Werewolf attempting to confuse the group or a Tanner. Given that the other players, including Mitchell and Justin, have converged on James as the target, he is the most likely candidate for elimination to achieve a Team Village win.",ONE#NIGHT#ULTIMATE#WEREWOLF#89##November#30th#2019_Game3,"[""Justin"", ""Mitchell"", ""Paul"", ""James""]","[""Robber"", ""Werewolf"", ""Werewolf"", ""Troublemaker""]",True,player,"[""Mitchell"", ""Paul""]",player_vote,James,James,James,3.0,Troublemaker,False,False
C:\Users\annab\Documents\GitHub\masters_thesis_sdg\results\voting\unsloth_gemma-4-31B-it-unsloth-bnb-4bit\prompt_v4_run_3\Youtube\ONE#NIGHT#ULTIMATE#WEREWOLF#9##November#6th#2016_Game1.json,run_3,3,stochastic,1.0,prompt_v4_run_3,Youtube,ONE#NIGHT#ULTIMATE#WEREWOLF#9##November#6th#2016,Game1,Youtube / ONE#NIGHT#ULTIMATE#WEREWOLF#9##November#6th#2016 / Game1,Mike,"Mike provides a direct contradiction regarding his role. In line 12, he states, 'I did not wake up as Insomniac,' but in line 30, he claims, 'I woke up as the Insomniac.' Since the Insomniac is the final role to wake up during the Night phase, Mike would have known his final role before the Day phase began, making this contradiction a clear lie. This deception strongly suggests that Mike is the Werewolf attempting to bluff a confirmed village role to avoid suspicion.",ONE#NIGHT#ULTIMATE#WEREWOLF#9##November#6th#2016_Game1,"[""Caitlynn"", ""Mitchell"", ""Alana"", ""Mike""]","[""Tanner"", ""Seer"", ""Werewolf"", ""Insomniac""]",True,player,"[""Alana""]",player_vote,Mike,Mike,Mike,3.0,Insomniac,False,False
C:\Users\annab\Documents\GitHub\masters_thesis_sdg\results\voting\unsloth_gemma-4-31B-it-unsloth-bnb-4bit\prompt_v4_run_3\Youtube\ONE#NIGHT#ULTIMATE#WEREWOLF#9##November#6th#2016_Game2.json,run_3,3,stochastic,1.0,prompt_v4_run_3,Youtube,ONE#NIGHT#ULTIMATE#WEREWOLF#9##November#6th#2016,Game2,Youtube / ONE#NIGHT#ULTIMATE#WEREWOLF#9##November#6th#2016 / Game2,Alana,"Caitlynn claims to be the Seer and states that based on what she saw in the center, Alana should be eliminated. Mitchell claims to be the Robber and Mike claims to be the Troublemaker, and both support the idea that Alana is the Werewolf. Since three players have claimed distinct Village roles and are converging on Alana, she is the most likely candidate for the Werewolf.",ONE#NIGHT#ULTIMATE#WEREWOLF#9##November#6th#2016_Game2,"[""Caitlynn"", ""Mitchell"", ""Alana"", ""Mike""]","[""Seer"", ""Troublemaker"", ""Werewolf"", ""Robber""]",True,player,"[""Alana""]",player_vote,Alana,Alana,Alana,2.0,Werewolf,True,False
C:\Users\annab\Documents\GitHub\masters_thesis_sdg\results\voting\unsloth_gemma-4-31B-it-unsloth-bnb-4bit\prompt_v4_run_3\Youtube\ONE#NIGHT#ULTIMATE#WEREWOLF#9##November#6th#2016_Game3.json,run_3,3,stochastic,1.0,prompt_v4_run_3,Youtube,ONE#NIGHT#ULTIMATE#WEREWOLF#9##November#6th#2016,Game3,Youtube / ONE#NIGHT#ULTIMATE#WEREWOLF#9##November#6th#2016 / Game3,Mike,"Caitlynn, Mitchell, and Alana have a consistent and interlocking narrative: Caitlynn (Seer) saw Mitchell as the Robber, and Mitchell (Robber) swapped cards with Alana (Insomniac). This accounts for three players with confirmed Village-aligned roles. Mike is the only player without a confirmed role and has behaved suspiciously, making him the most likely Werewolf. While the players in the game debated a draw to avoid potentially killing the Tanner, the most probable way for Team Village to win is to eliminate the only remaining suspect.",ONE#NIGHT#ULTIMATE#WEREWOLF#9##November#6th#2016_Game3,"[""Caitlynn"", ""Mitchell"", ""Alana"", ""Mike""]","[""Werewolf"", ""Insomniac"", ""Robber"", ""Werewolf""]",True,player,"[""Caitlynn"", ""Mike""]",player_vote,Mike,Mike,Mike,3.0,Werewolf,True,False
C:\Users\annab\Documents\GitHub\masters_thesis_sdg\results\voting\unsloth_gemma-4-31B-it-unsloth-bnb-4bit\prompt_v4_run_3\Youtube\ONE#NIGHT#ULTIMATE#WEREWOLF#9##November#6th#2016_Game4.json,run_3,3,stochastic,1.0,prompt_v4_run_3,Youtube,ONE#NIGHT#ULTIMATE#WEREWOLF#9##November#6th#2016,Game4,Youtube / ONE#NIGHT#ULTIMATE#WEREWOLF#9##November#6th#2016 / Game4,No Werewolf,"All four players have claimed roles aligned with Team Village: Caitlynn as the Insomniac, Mitchell as the Troublemaker, Mike as the Robber, and Alana as the Seer. While there is a logical inconsistency in Mike's claim that he is 'still the robber' after being swapped by the Troublemaker, the overall tone of the discussion suggests the players are confused by the swaps rather than deceiving each other. The players explicitly agree that they believe they are 'good' and that no Werewolf is present among them, implying the Werewolf cards are in the center.",ONE#NIGHT#ULTIMATE#WEREWOLF#9##November#6th#2016_Game4,"[""Caitlynn"", ""Mitchell"", ""Alana"", ""Mike""]","[""Insomniac"", ""Troublemaker"", ""Werewolf"", ""Seer""]",True,player,"[""Alana""]",circle_vote,No Werewolf,,,,,False,True
C:\Users\annab\Documents\GitHub\masters_thesis_sdg\results\voting\unsloth_gemma-4-31B-it-unsloth-bnb-4bit\prompt_v4_run_3\Youtube\One#Night#Ultimate#Werewolf#GAME#NIGHT!!_Game2.json,run_3,3,stochastic,1.0,prompt_v4_run_3,Youtube,One#Night#Ultimate#Werewolf#GAME#NIGHT!!,Game2,Youtube / One#Night#Ultimate#Werewolf#GAME#NIGHT!! / Game2,Eric,"Eric admits to having the Werewolf card at the start of the night ('I looked at that card because no one else was a friend of mine'). Shane claims to be the Robber and says he swapped cards with Eric, making Shane the current Werewolf. However, Shane's explicit statement 'I want to die' is a strong indicator that he is actually the Tanner, whose sole win condition is to be voted out. If Shane is the Tanner, he is lying about being the Robber, meaning no swap occurred and Eric remains the Werewolf. Therefore, voting for Eric is the most reliable way to ensure Team Village wins.",One#Night#Ultimate#Werewolf#GAME#NIGHT!!_Game2,"[""Eric"", ""Shane"", ""Calvin"", ""Aaron"", ""Rick""]","[""Robber"", ""Werewolf"", ""Villager"", ""Seer"", ""Villager""]",True,player,"[""Shane""]",player_vote,Eric,Eric,Eric,0.0,Robber,False,False
C:\Users\annab\Documents\GitHub\masters_thesis_sdg\results\voting\unsloth_gemma-4-31B-it-unsloth-bnb-4bit\prompt_v4_run_3\Youtube\Retrovision##ONE#NIGHT#ULTIMATE#WEREWOLF##Retro#7_Game1.json,run_3,3,stochastic,1.0,prompt_v4_run_3,Youtube,Retrovision##ONE#NIGHT#ULTIMATE#WEREWOLF##Retro#7,Game1,Youtube / Retrovision##ONE#NIGHT#ULTIMATE#WEREWOLF##Retro#7 / Game1,Paul,"Justin claims to be the Seer and states he saw the Troublemaker card in the center. Paul claims to be the Troublemaker and says he swapped Eric's card. These two claims are mutually exclusive; if Justin is telling the truth about the center cards, Paul must be lying. Since Eric supports Justin's credibility, Paul is the most likely candidate to be the Werewolf bluffing as the Troublemaker.",Retrovision##ONE#NIGHT#ULTIMATE#WEREWOLF##Retro#7_Game1,"[""Justin"", ""Eric"", ""Paul"", ""Mitchell"", ""Mike""]","[""Seer"", ""Werewolf"", ""Werewolf"", ""Robber"", ""Villager""]",True,player,"[""Eric"", ""Paul""]",player_vote,Paul,Paul,Paul,2.0,Werewolf,True,False
C:\Users\annab\Documents\GitHub\masters_thesis_sdg\results\voting\unsloth_gemma-4-31B-it-unsloth-bnb-4bit\prompt_v4_run_3\Youtube\Retrovision##ONE#NIGHT#ULTIMATE#WEREWOLF##Retro#7_Game2.json,run_3,3,stochastic,1.0,prompt_v4_run_3,Youtube,Retrovision##ONE#NIGHT#ULTIMATE#WEREWOLF##Retro#7,Game2,Youtube / Retrovision##ONE#NIGHT#ULTIMATE#WEREWOLF##Retro#7 / Game2,Mike,"Mike explicitly admitted to being the Werewolf, although he later attempted to claim his card was swapped by the Robber or Troublemaker. Both Paul (who claimed to be the Troublemaker) and Mitchell (who was suspected of being the Robber) denied swapping or robbing Mike. While Eric (the Seer) claimed the Werewolf was in the center, this contradicts Mike's own admission, making Mike the most likely Werewolf remaining in play.",Retrovision##ONE#NIGHT#ULTIMATE#WEREWOLF##Retro#7_Game2,"[""Justin"", ""Eric"", ""Paul"", ""Mitchell"", ""Mike""]","[""Insomniac"", ""Seer"", ""Villager"", ""Villager"", ""Werewolf""]",True,player,"[""Mike""]",player_vote,Mike,Mike,Mike,4.0,Werewolf,True,False
C:\Users\annab\Documents\GitHub\masters_thesis_sdg\results\voting\unsloth_gemma-4-31B-it-unsloth-bnb-4bit\prompt_v4_run_3\Youtube\Retrovision##ONE#NIGHT#ULTIMATE#WEREWOLF##Retro#7_Game3.json,run_3,3,stochastic,1.0,prompt_v4_run_3,Youtube,Retrovision##ONE#NIGHT#ULTIMATE#WEREWOLF##Retro#7,Game3,Youtube / Retrovision##ONE#NIGHT#ULTIMATE#WEREWOLF##Retro#7 / Game3,Mitchell,"Mitchell is the most suspicious player as he avoids claiming a specific role, stating only that his role was 'already claimed' without specifying which one. He makes contradictory and desperate accusations, claiming Paul is the Tanner and Justin is the Werewolf, while Justin (claiming Seer) asserts the Tanner is in the center. His behavior—avoiding transparency and attempting to sow confusion—is characteristic of a Werewolf rather than a Tanner, who would actively seek elimination.",Retrovision##ONE#NIGHT#ULTIMATE#WEREWOLF##Retro#7_Game3,"[""Justin"", ""Eric"", ""Paul"", ""Mitchell"", ""Mike""]","[""Werewolf"", ""Villager"", ""Seer"", ""Troublemaker"", ""Robber""]",True,player,"[""Justin""]",player_vote,Mitchell,Mitchell,Mitchell,3.0,Troublemaker,False,False
C:\Users\annab\Documents\GitHub\masters_thesis_sdg\results\voting\unsloth_gemma-4-31B-it-unsloth-bnb-4bit\prompt_v4_run_3\Youtube\Retrovision##ONE#NIGHT#ULTIMATE#WEREWOLF##Retro#7_Game4.json,run_3,3,stochastic,1.0,prompt_v4_run_3,Youtube,Retrovision##ONE#NIGHT#ULTIMATE#WEREWOLF##Retro#7,Game4,Youtube / Retrovision##ONE#NIGHT#ULTIMATE#WEREWOLF##Retro#7 / Game4,Eric,"Eric explicitly claimed, 'I was a werewolf in the beginning,' which is a strong indicator of his role, regardless of whether he is bluffing as the Tanner or actually the Werewolf. While Mitchell claimed to have switched Eric and Mike (which would move the Werewolf role to Mike), Justin, who claimed to be the Insomniac, suggested voting for Eric. Given the conflicting claims of Troublemaker between Mitchell and Mike, and the fact that Eric is the only player who did not retract his claim of being a Werewolf, he is the most likely target for Team Village.",Retrovision##ONE#NIGHT#ULTIMATE#WEREWOLF##Retro#7_Game4,"[""Justin"", ""Eric"", ""Paul"", ""Mitchell"", ""Mike""]","[""Werewolf"", ""Tanner"", ""Villager"", ""Troublemaker"", ""Werewolf""]",True,player,"[""Justin"", ""Mike""]",player_vote,Eric,Eric,Eric,1.0,Tanner,False,False
C:\Users\annab\Documents\GitHub\masters_thesis_sdg\results\voting\unsloth_gemma-4-31B-it-unsloth-bnb-4bit\prompt_v4_run_3\Youtube\Retrovision##ONE#NIGHT#ULTIMATE#WEREWOLF##Retro#7_Game5.json,run_3,3,stochastic,1.0,prompt_v4_run_3,Youtube,Retrovision##ONE#NIGHT#ULTIMATE#WEREWOLF##Retro#7,Game5,Youtube / Retrovision##ONE#NIGHT#ULTIMATE#WEREWOLF##Retro#7 / Game5,Eric,"Both Eric and Mitchell claim to have started as Werewolves, which is highly unusual and suggests either bluffing or a desire to confuse the group. Justin claims that Mitchell was the Tanner, and Mike claims to have switched Justin and Mitchell, which would potentially make Mitchell the Tanner. Eric's behavior—admitting to being a Werewolf while simultaneously pushing the vote toward Mitchell—is a common strategy for a Werewolf attempting to divert suspicion or a Tanner attempting to be voted out, but given the conflicting claims, Eric is the most suspicious target for Team Village.",Retrovision##ONE#NIGHT#ULTIMATE#WEREWOLF##Retro#7_Game5,"[""Justin"", ""Eric"", ""Paul"", ""Mitchell"", ""Mike""]","[""Werewolf"", ""Tanner"", ""Villager"", ""Troublemaker"", ""Werewolf""]",True,player,"[""Justin"", ""Mike""]",player_vote,Eric,Eric,Eric,1.0,Tanner,False,False
C:\Users\annab\Documents\GitHub\masters_thesis_sdg\results\voting\unsloth_gemma-4-31B-it-unsloth-bnb-4bit\prompt_v4_run_3\Youtube\The#Return#of#the#King##ONE#NIGHT#ULTIMATE#WEREWOLF_Game5.json,run_3,3,stochastic,1.0,prompt_v4_run_3,Youtube,The#Return#of#the#King##ONE#NIGHT#ULTIMATE#WEREWOLF,Game5,Youtube / The#Return#of#the#King##ONE#NIGHT#ULTIMATE#WEREWOLF / Game5,Mitchell,"Mitchell exhibits highly suspicious behavior, most notably a blatant contradiction regarding his role: he first claims to be the Robber (Line 59) and later explicitly denies being the Robber (Line 106). Additionally, he aggressively attempts to divert suspicion toward Justin (Lines 151, 176, 181, 190), which is a common strategy for Werewolves. Both Justin and Paul identify Mitchell as the Werewolf, and Mitchell's desperation to avoid the vote suggests he is protecting a Werewolf role.",The#Return#of#the#King##ONE#NIGHT#ULTIMATE#WEREWOLF_Game5,"[""Justin"", ""Mitchell"", ""Paul"", ""James"", ""Tyler""]","[""Tanner"", ""Werewolf"", ""Troublemaker"", ""Seer"", ""Werewolf""]",True,player,"[""Mitchell"", ""Tyler""]",player_vote,Mitchell,Mitchell,Mitchell,1.0,Werewolf,True,False
C:\Users\annab\Documents\GitHub\masters_thesis_sdg\results\voting\unsloth_gemma-4-31B-it-unsloth-bnb-4bit\prompt_v4_run_3\Youtube\The#Return#of#the#King##ONE#NIGHT#ULTIMATE#WEREWOLF_Game6.json,run_3,3,stochastic,1.0,prompt_v4_run_3,Youtube,The#Return#of#the#King##ONE#NIGHT#ULTIMATE#WEREWOLF,Game6,Youtube / The#Return#of#the#King##ONE#NIGHT#ULTIMATE#WEREWOLF / Game6,Justin,"Mitchell, Tyler, and James have consistent stories: Mitchell was the Seer, Tyler robbed him, and James swapped them, meaning Mitchell ended as the Seer. Paul claims to be the Minion and mentions 'three of us' (Team Werewolf), implying there are two Werewolves and a Minion. Since Justin is verified as the Doppelganger (Copycat) who copied a card from the center, he is the most likely candidate for the Werewolf role, especially as Paul is actively trying to divert suspicion toward Mitchell.",The#Return#of#the#King##ONE#NIGHT#ULTIMATE#WEREWOLF_Game6,"[""Justin"", ""Mitchell"", ""Paul"", ""James"", ""Tyler""]","[""Tanner"", ""Robber"", ""Werewolf"", ""Werewolf"", ""Seer""]",True,player,"[""Paul"", ""James""]",player_vote,Justin,Justin,Justin,0.0,Tanner,False,False
C:\Users\annab\Documents\GitHub\masters_thesis_sdg\results\voting\unsloth_gemma-4-31B-it-unsloth-bnb-4bit\prompt_v4_run_3\Youtube\The#Return#of#the#King##ONE#NIGHT#ULTIMATE#WEREWOLF_Game7.json,run_3,3,stochastic,1.0,prompt_v4_run_3,Youtube,The#Return#of#the#King##ONE#NIGHT#ULTIMATE#WEREWOLF,Game7,Youtube / The#Return#of#the#King##ONE#NIGHT#ULTIMATE#WEREWOLF / Game7,James,"James is the most inconsistent player, claiming to be the Seer (looking at Tyler) and later claiming to be the Robber (who robbed Paul). These roles are mutually exclusive. Mitchell's claims to be both the Robber and the Troublemaker are consistent if he robbed Paul, who was the original Troublemaker. Tyler's claim to be the Seer and see a werewolf in the center is consistent, making James's initial Seer claim a likely lie.",The#Return#of#the#King##ONE#NIGHT#ULTIMATE#WEREWOLF_Game7,"[""Justin"", ""Mitchell"", ""Paul"", ""James"", ""Tyler""]","[""Robber"", ""Minion"", ""Werewolf"", ""Troublemaker"", ""Tanner""]",True,player,"[""Paul""]",player_vote,James,James,James,3.0,Troublemaker,False,False
C:\Users\annab\Documents\GitHub\masters_thesis_sdg\results\voting\unsloth_gemma-4-31B-it-unsloth-bnb-4bit\prompt_v4_run_3\Youtube\Visions#from#2016##ONE#NIGHT#ULTIMATE#WEREWOLF##Retro#11_Game1.json,run_3,3,stochastic,1.0,prompt_v4_run_3,Youtube,Visions#from#2016##ONE#NIGHT#ULTIMATE#WEREWOLF##Retro#11,Game1,Youtube / Visions#from#2016##ONE#NIGHT#ULTIMATE#WEREWOLF##Retro#11 / Game1,No Werewolf,"James claims to be the Seer and states that both the Tanner and the Werewolf are in the center. Paul also claims to be the Seer and asserts that James is the Tanner. If James is the Seer and telling the truth, then no player is a Werewolf, and Team Village wins by voting 'No Werewolf'. Paul's claim is suspicious because he attempts to divert the vote toward Justin without providing any Seer-based evidence for doing so, suggesting he may be bluffing. Given the conflict, the most consistent interpretation that allows for a Village win is that the Werewolf is indeed in the center.",Visions#from#2016##ONE#NIGHT#ULTIMATE#WEREWOLF##Retro#11_Game1,"[""Justin"", ""Laura"", ""Paul"", ""James"", ""Mitchell""]","[""Werewolf"", ""Insomniac"", ""Seer"", ""Tanner"", ""Robber""]",True,player,"[""Justin""]",circle_vote,No Werewolf,,,,,False,True
C:\Users\annab\Documents\GitHub\masters_thesis_sdg\results\voting\unsloth_gemma-4-31B-it-unsloth-bnb-4bit\prompt_v4_run_3\Youtube\Visions#from#2016##ONE#NIGHT#ULTIMATE#WEREWOLF##Retro#11_Game2.json,run_3,3,stochastic,1.0,prompt_v4_run_3,Youtube,Visions#from#2016##ONE#NIGHT#ULTIMATE#WEREWOLF##Retro#11,Game2,Youtube / Visions#from#2016##ONE#NIGHT#ULTIMATE#WEREWOLF##Retro#11 / Game2,James,"During the Night phase, James and Mitchell are heard talking to each other specifically when the Announcer calls for the Werewolves to wake up, with Mitchell explicitly stating, 'I saw another werewolf. Who's yous James?' This is a direct admission of their roles. Although the group is attempting to vote for Paul, the evidence from the Night phase confirms that James and Mitchell are the actual Werewolves.",Visions#from#2016##ONE#NIGHT#ULTIMATE#WEREWOLF##Retro#11_Game2,"[""Justin"", ""Laura"", ""Paul"", ""James"", ""Mitchell""]","[""Werewolf"", ""Insomniac"", ""Tanner"", ""Troublemaker"", ""Mason""]",True,player,"[""Justin""]",player_vote,James,James,James,3.0,Troublemaker,False,False
C:\Users\annab\Documents\GitHub\masters_thesis_sdg\results\voting\unsloth_gemma-4-31B-it-unsloth-bnb-4bit\prompt_v4_run_3\Youtube\Visions#from#2016##ONE#NIGHT#ULTIMATE#WEREWOLF##Retro#11_Game3.json,run_3,3,stochastic,1.0,prompt_v4_run_3,Youtube,Visions#from#2016##ONE#NIGHT#ULTIMATE#WEREWOLF##Retro#11,Game3,Youtube / Visions#from#2016##ONE#NIGHT#ULTIMATE#WEREWOLF##Retro#11 / Game3,Paul,"James claims to be the Troublemaker and states he swapped the cards of Paul and Laura. Laura admits that her starting role was the Werewolf. If both James and Laura are telling the truth, the Werewolf card was moved from Laura to Paul, making Paul the current Werewolf. Therefore, voting for Paul is the most logical move for Team Village to win.",Visions#from#2016##ONE#NIGHT#ULTIMATE#WEREWOLF##Retro#11_Game3,"[""Justin"", ""Laura"", ""Paul"", ""James"", ""Mitchell""]","[""Tanner"", ""Werewolf"", ""Mason"", ""Werewolf"", ""Hunter""]",True,player,"[""Laura"", ""James""]",player_vote,Paul,Paul,Paul,2.0,Mason,False,False
C:\Users\annab\Documents\GitHub\masters_thesis_sdg\results\voting\unsloth_gemma-4-31B-it-unsloth-bnb-4bit\prompt_v4_run_3\Youtube\Visions#from#2016##ONE#NIGHT#ULTIMATE#WEREWOLF##Retro#11_Game4.json,run_3,3,stochastic,1.0,prompt_v4_run_3,Youtube,Visions#from#2016##ONE#NIGHT#ULTIMATE#WEREWOLF##Retro#11,Game4,Youtube / Visions#from#2016##ONE#NIGHT#ULTIMATE#WEREWOLF##Retro#11 / Game4,Paul,"Both Paul and Mitchell admitted to being werewolves during the discussion. Paul explicitly stated he was a werewolf and suggested that the group could vote for either him or Mitchell to win. Since Team Village wins by eliminating at least one werewolf, voting for Paul is a guaranteed win for the village.",Visions#from#2016##ONE#NIGHT#ULTIMATE#WEREWOLF##Retro#11_Game4,"[""Justin"", ""Laura"", ""Paul"", ""James"", ""Mitchell""]","[""Troublemaker"", ""Hunter"", ""Werewolf"", ""Tanner"", ""Mason""]",True,player,"[""Paul""]",player_vote,Paul,Paul,Paul,2.0,Werewolf,True,False
C:\Users\annab\Documents\GitHub\masters_thesis_sdg\results\voting\unsloth_gemma-4-31B-it-unsloth-bnb-4bit\prompt_v4_run_3\Youtube\Visions#from#2016##ONE#NIGHT#ULTIMATE#WEREWOLF##Retro#11_Game5.json,run_3,3,stochastic,1.0,prompt_v4_run_3,Youtube,Visions#from#2016##ONE#NIGHT#ULTIMATE#WEREWOLF##Retro#11,Game5,Youtube / Visions#from#2016##ONE#NIGHT#ULTIMATE#WEREWOLF##Retro#11 / Game5,Justin,"Justin provided highly inconsistent claims throughout the discussion. He first claimed to be one of the 'Hunter/Insomniac' pair, then explicitly claimed to be the Hunter, and finally claimed to be a Mason. Such contradictions are a strong indicator of bluffing, making him the most likely candidate for the Werewolf.",Visions#from#2016##ONE#NIGHT#ULTIMATE#WEREWOLF##Retro#11_Game5,"[""Justin"", ""Laura"", ""Paul"", ""James"", ""Mitchell""]","[""Tanner"", ""Insomniac"", ""Mason"", ""Mason"", ""Werewolf""]",True,player,"[""Mitchell""]",player_vote,Justin,Justin,Justin,0.0,Tanner,False,False
C:\Users\annab\Documents\GitHub\masters_thesis_sdg\results\voting\unsloth_gemma-4-31B-it-unsloth-bnb-4bit\prompt_v4_run_3\Youtube\Way#Way#Back##ONE#NIGHT#ULTIMATE#WEREWOLF##Retro#10_Game1.json,run_3,3,stochastic,1.0,prompt_v4_run_3,Youtube,Way#Way#Back##ONE#NIGHT#ULTIMATE#WEREWOLF##Retro#10,Game1,Youtube / Way#Way#Back##ONE#NIGHT#ULTIMATE#WEREWOLF##Retro#10 / Game1,Laura,"Paul claims to be the Troublemaker and states he swapped Justin and Laura. Justin initially claimed to be the Seer but later admitted he was actually a Werewolf at the start of the game. If Paul's swap is legitimate and Justin was the starting Werewolf, then Laura is now the Werewolf. Despite Justin's contradictory claims, the combination of the Troublemaker's swap and Justin's admission points to Laura as the current Werewolf.",Way#Way#Back##ONE#NIGHT#ULTIMATE#WEREWOLF##Retro#10_Game1,"[""Justin"", ""Laura"", ""Paul"", ""James"", ""Mitchell""]","[""Villager"", ""Werewolf"", ""Troublemaker"", ""Insomniac"", ""Tanner""]",True,player,"[""Laura""]",player_vote,Laura,Laura,Laura,1.0,Werewolf,True,False
C:\Users\annab\Documents\GitHub\masters_thesis_sdg\results\voting\unsloth_gemma-4-31B-it-unsloth-bnb-4bit\prompt_v4_run_3\Youtube\Way#Way#Back##ONE#NIGHT#ULTIMATE#WEREWOLF##Retro#10_Game2.json,run_3,3,stochastic,1.0,prompt_v4_run_3,Youtube,Way#Way#Back##ONE#NIGHT#ULTIMATE#WEREWOLF##Retro#10,Game2,Youtube / Way#Way#Back##ONE#NIGHT#ULTIMATE#WEREWOLF##Retro#10 / Game2,James,"James is the most suspicious player due to his contradictory claims. He first claimed to be the Tanner [107], then retracted this to say he was a 'lonely nobody' [132], which is inconsistent with the behavior of a real Tanner who would want to be voted out. Mitchell, claiming to be the Seer, stated he saw one Werewolf in the center [78], implying one Werewolf is still among the players. Given the inconsistencies in James's story, he is the most likely candidate for the Werewolf.",Way#Way#Back##ONE#NIGHT#ULTIMATE#WEREWOLF##Retro#10_Game2,"[""Justin"", ""Laura"", ""Paul"", ""James"", ""Mitchell""]","[""Werewolf"", ""Troublemaker"", ""Tanner"", ""Villager"", ""Seer""]",True,player,"[""Justin""]",player_vote,James,James,James,3.0,Villager,False,False
C:\Users\annab\Documents\GitHub\masters_thesis_sdg\results\voting\unsloth_gemma-4-31B-it-unsloth-bnb-4bit\prompt_v4_run_3\Youtube\Way#Way#Back##ONE#NIGHT#ULTIMATE#WEREWOLF##Retro#10_Game3.json,run_3,3,stochastic,1.0,prompt_v4_run_3,Youtube,Way#Way#Back##ONE#NIGHT#ULTIMATE#WEREWOLF##Retro#10,Game3,Youtube / Way#Way#Back##ONE#NIGHT#ULTIMATE#WEREWOLF##Retro#10 / Game3,Laura,"Paul, James, and Mitchell have all claimed roles (Troublemaker, Robber, and Insomniac, respectively) that are consistent with each other's narratives, and Justin has claimed to be the Tanner. Laura is the only player who has not claimed a role and is the primary target of the group's suspicion. Given that the other four players have claimed roles that align with Team Village or the Tanner, Laura is the most likely candidate to be the Werewolf.",Way#Way#Back##ONE#NIGHT#ULTIMATE#WEREWOLF##Retro#10_Game3,"[""Justin"", ""Laura"", ""Paul"", ""James"", ""Mitchell""]","[""Werewolf"", ""Werewolf"", ""Troublemaker"", ""Robber"", ""Insomniac""]",True,player,"[""Justin"", ""Laura""]",player_vote,Laura,Laura,Laura,1.0,Werewolf,True,False
C:\Users\annab\Documents\GitHub\masters_thesis_sdg\results\voting\unsloth_gemma-4-31B-it-unsloth-bnb-4bit\prompt_v4_run_3\Youtube\Way#Way#Back##ONE#NIGHT#ULTIMATE#WEREWOLF##Retro#10_Game4.json,run_3,3,stochastic,1.0,prompt_v4_run_3,Youtube,Way#Way#Back##ONE#NIGHT#ULTIMATE#WEREWOLF##Retro#10,Game4,Youtube / Way#Way#Back##ONE#NIGHT#ULTIMATE#WEREWOLF##Retro#10 / Game4,No Werewolf,"Laura claims to be the Seer and states that she saw a werewolf in the center (Lines 133, 139). In a 5-player game, it is highly probable that only one Werewolf card is in play. If the Werewolf card is in the center, then no player is a Werewolf, and Team Village wins by voting for 'No Werewolf'.",Way#Way#Back##ONE#NIGHT#ULTIMATE#WEREWOLF##Retro#10_Game4,"[""Justin"", ""Laura"", ""Paul"", ""James"", ""Mitchell""]","[""Insomniac"", ""Werewolf"", ""Hunter"", ""Tanner"", ""Troublemaker""]",True,player,"[""Laura""]",circle_vote,No Werewolf,,,,,False,True
C:\Users\annab\Documents\GitHub\masters_thesis_sdg\results\voting\unsloth_gemma-4-31B-it-unsloth-bnb-4bit\prompt_v4_run_3\Youtube\Way#Way#Back##ONE#NIGHT#ULTIMATE#WEREWOLF##Retro#10_Game5.json,run_3,3,stochastic,1.0,prompt_v4_run_3,Youtube,Way#Way#Back##ONE#NIGHT#ULTIMATE#WEREWOLF##Retro#10,Game5,Youtube / Way#Way#Back##ONE#NIGHT#ULTIMATE#WEREWOLF##Retro#10 / Game5,Laura,"Laura explicitly admits to being a Werewolf at the end of the discussion (Line 186). Paul and Justin's claims as Robber and Insomniac are consistent with each other, and Mitchell's claim as Hunter further supports the village's effort to identify the werewolf. Since Laura confessed her role, voting for her guarantees a win for Team Village.",Way#Way#Back##ONE#NIGHT#ULTIMATE#WEREWOLF##Retro#10_Game5,"[""Justin"", ""Laura"", ""Paul"", ""James"", ""Mitchell""]","[""Insomniac"", ""Werewolf"", ""Robber"", ""Werewolf"", ""Hunter""]",True,player,"[""Laura"", ""James""]",player_vote,Laura,Laura,Laura,1.0,Werewolf,True,False
C:\Users\annab\Documents\GitHub\masters_thesis_sdg\results\voting\unsloth_gemma-4-31B-it-unsloth-bnb-4bit\prompt_v4_run_3\Youtube\Ye#Olde#Times##ONE#NIGHT#ULTIMATE#WEREWOLF##Retro#8_Game1.json,run_3,3,stochastic,1.0,prompt_v4_run_3,Youtube,Ye#Olde#Times##ONE#NIGHT#ULTIMATE#WEREWOLF##Retro#8,Game1,Youtube / Ye#Olde#Times##ONE#NIGHT#ULTIMATE#WEREWOLF##Retro#8 / Game1,Mitchell,"Justin's claim to be the Werewolf and his insistence on being voted out are classic behaviors of the Tanner, who wins by being eliminated. Mitchell's claim to be the Seer and his assertion that a Werewolf is in the center is a common bluff used by Werewolves to convince the Village that no one at the table is a Werewolf. If Justin is the Tanner, Mitchell's claim that the Tanner is also in the center must be a lie, further suggesting that Mitchell is the Werewolf. Therefore, voting for Mitchell is the most strategic move for Team Village to ensure a win.",Ye#Olde#Times##ONE#NIGHT#ULTIMATE#WEREWOLF##Retro#8_Game1,"[""Justin"", ""Eric"", ""Paul"", ""Mitchell"", ""Mike""]","[""Werewolf"", ""Seer"", ""Troublemaker"", ""Hunter"", ""Robber""]",True,player,"[""Justin""]",player_vote,Mitchell,Mitchell,Mitchell,3.0,Hunter,False,False
C:\Users\annab\Documents\GitHub\masters_thesis_sdg\results\voting\unsloth_gemma-4-31B-it-unsloth-bnb-4bit\prompt_v4_run_3\Youtube\Ye#Olde#Times##ONE#NIGHT#ULTIMATE#WEREWOLF##Retro#8_Game2.json,run_3,3,stochastic,1.0,prompt_v4_run_3,Youtube,Ye#Olde#Times##ONE#NIGHT#ULTIMATE#WEREWOLF##Retro#8,Game2,Youtube / Ye#Olde#Times##ONE#NIGHT#ULTIMATE#WEREWOLF##Retro#8 / Game2,No Werewolf,"The players' claims suggest a sequence of events where the Robber (Mike) stole from the Tanner (Paul), and the Troublemaker (Mitchell) then swapped the current holders of those roles (Mike and Eric). The players, including Paul, Eric, and Mitchell, eventually reach a consensus that the Werewolf cards are in the center. Since Team Village wins if no player is a Werewolf and no one dies, and the evidence suggests no Werewolf is present among the players, 'No Werewolf' is the optimal choice.",Ye#Olde#Times##ONE#NIGHT#ULTIMATE#WEREWOLF##Retro#8_Game2,"[""Justin"", ""Eric"", ""Paul"", ""Mitchell"", ""Mike""]","[""Hunter"", ""Robber"", ""Insomniac"", ""Troublemaker"", ""Tanner""]",False,circle,[],circle_vote,No Werewolf,,,,,True,True
C:\Users\annab\Documents\GitHub\masters_thesis_sdg\results\voting\unsloth_gemma-4-31B-it-unsloth-bnb-4bit\prompt_v4_run_3\Youtube\Ye#Olde#Times##ONE#NIGHT#ULTIMATE#WEREWOLF##Retro#8_Game3.json,run_3,3,stochastic,1.0,prompt_v4_run_3,Youtube,Ye#Olde#Times##ONE#NIGHT#ULTIMATE#WEREWOLF##Retro#8,Game3,Youtube / Ye#Olde#Times##ONE#NIGHT#ULTIMATE#WEREWOLF##Retro#8 / Game3,Paul,"Paul explicitly admitted to being the Werewolf, although he attempted to claim he had been switched by the Troublemaker. Eric, who claimed to be the Troublemaker, contradicted this by stating he switched Justin and Mitchell, meaning Paul would still be the Werewolf if his initial claim were true. While the players discussed the possibility of Paul being the Tanner, his admission makes him the most likely candidate for the Werewolf.",Ye#Olde#Times##ONE#NIGHT#ULTIMATE#WEREWOLF##Retro#8_Game3,"[""Justin"", ""Eric"", ""Paul"", ""Mitchell"", ""Mike""]","[""Hunter"", ""Troublemaker"", ""Werewolf"", ""Insomniac"", ""Seer""]",True,player,"[""Paul""]",player_vote,Paul,Paul,Paul,2.0,Werewolf,True,False
C:\Users\annab\Documents\GitHub\masters_thesis_sdg\results\voting\unsloth_gemma-4-31B-it-unsloth-bnb-4bit\prompt_v4_run_3\Youtube\Ye#Olde#Times##ONE#NIGHT#ULTIMATE#WEREWOLF##Retro#8_Game4.json,run_3,3,stochastic,1.0,prompt_v4_run_3,Youtube,Ye#Olde#Times##ONE#NIGHT#ULTIMATE#WEREWOLF##Retro#8,Game4,Youtube / Ye#Olde#Times##ONE#NIGHT#ULTIMATE#WEREWOLF##Retro#8 / Game4,Justin,"Justin is the most inconsistent player, claiming to be both the Seer and the Robber, which is impossible as they are distinct roles with different night actions. He specifically attempts to frame Paul as the Tanner, a common strategy for Werewolves to divert suspicion or create confusion. While Mitchell is also erratic, his claims are chaotic and less strategic, whereas Justin's lies are focused on manipulating the group's perception of Paul's role.",Ye#Olde#Times##ONE#NIGHT#ULTIMATE#WEREWOLF##Retro#8_Game4,"[""Justin"", ""Eric"", ""Paul"", ""Mitchell"", ""Mike""]","[""Werewolf"", ""Hunter"", ""Tanner"", ""Robber"", ""Troublemaker""]",True,player,"[""Justin""]",player_vote,Justin,Justin,Justin,0.0,Werewolf,True,False
C:\Users\annab\Documents\GitHub\masters_thesis_sdg\results\voting\unsloth_gemma-4-31B-it-unsloth-bnb-4bit\prompt_v4_t0\Ego4D\0a6ef9dc-a2dc-452b-a907-d6fa2ed4cae0_Game1.json,greedy_t0,0,greedy,0.0,prompt_v4_t0,Ego4D,0a6ef9dc-a2dc-452b-a907-d6fa2ed4cae0,Game1,Ego4D / 0a6ef9dc-a2dc-452b-a907-d6fa2ed4cae0 / Game1,Brent,"Erin admitted to starting as the Werewolf, and Sebastian's claim to be the Robber who took the Seer card from Brent suggests Brent started as the Seer. Hailey, the Troublemaker, swapped two players; Erin felt her card move, and Brent later expressed his belief that he was the one swapped with Erin. If the Werewolf card (originally Erin's) was swapped with Brent, Brent became the final Werewolf.",0a6ef9dc-a2dc-452b-a907-d6fa2ed4cae0_Game1,"[""Erin"", ""Sebastian"", ""Jack"", ""Brent"", ""Hailey""]","[""Robber"", ""Seer"", ""Moderator"", ""Werewolf"", ""Troublemaker""]",True,player,"[""Brent""]",player_vote,Brent,Brent,Brent,3.0,Werewolf,True,False
C:\Users\annab\Documents\GitHub\masters_thesis_sdg\results\voting\unsloth_gemma-4-31B-it-unsloth-bnb-4bit\prompt_v4_t0\Ego4D\0a6ef9dc-a2dc-452b-a907-d6fa2ed4cae0_Game2.json,greedy_t0,0,greedy,0.0,prompt_v4_t0,Ego4D,0a6ef9dc-a2dc-452b-a907-d6fa2ed4cae0,Game2,Ego4D / 0a6ef9dc-a2dc-452b-a907-d6fa2ed4cae0 / Game2,Jack,"Jack claimed to be the Troublemaker and stated that he swapped his own card with Brent's. According to the game rules, the Troublemaker swaps the cards of two other players and cannot swap their own card. This contradiction indicates that Jack is lying about his role, making him the most likely candidate to be the Werewolf.",0a6ef9dc-a2dc-452b-a907-d6fa2ed4cae0_Game2,"[""Erin"", ""Sebastian"", ""Jack"", ""Brent"", ""Hailey""]","[""Moderator"", ""Villager"", ""Werewolf"", ""Villager"", ""Robber""]",True,player,"[""Jack""]",player_vote,Jack,Jack,Jack,2.0,Werewolf,True,False
C:\Users\annab\Documents\GitHub\masters_thesis_sdg\results\voting\unsloth_gemma-4-31B-it-unsloth-bnb-4bit\prompt_v4_t0\Ego4D\0c2659db-7bd4-4b37-9b08-4e247befe382_Game4.json,greedy_t0,0,greedy,0.0,prompt_v4_t0,Ego4D,0c2659db-7bd4-4b37-9b08-4e247befe382,Game4,Ego4D / 0c2659db-7bd4-4b37-9b08-4e247befe382 / Game4,Elliot,"Ashley admitted to being a Werewolf, and Elliot later admitted to being the Robber and swapping cards with Ashley. According to the game rules, the Robber takes the role and alignment of the player they swap with. Therefore, if both claims are true, Elliot is now the Werewolf. Chris (claiming Seer) stated that the Troublemaker was in the center, meaning no other swaps occurred to change Elliot's role after the Robber's action.",0c2659db-7bd4-4b37-9b08-4e247befe382_Game4,"[""Elliot"", ""Ashley"", ""James"", ""Chris"", ""Sukeshi"", ""Sian""]","[""Tanner"", ""Werewolf"", ""Insomniac"", ""Seer"", ""Werewolf"", ""Robber""]",True,player,"[""Ashley"", ""Sukeshi""]",player_vote,Elliot,Elliot,Elliot,0.0,Tanner,False,False
C:\Users\annab\Documents\GitHub\masters_thesis_sdg\results\voting\unsloth_gemma-4-31B-it-unsloth-bnb-4bit\prompt_v4_t0\Ego4D\0c2659db-7bd4-4b37-9b08-4e247befe382_Game5.json,greedy_t0,0,greedy,0.0,prompt_v4_t0,Ego4D,0c2659db-7bd4-4b37-9b08-4e247befe382,Game5,Ego4D / 0c2659db-7bd4-4b37-9b08-4e247befe382 / Game5,Sian,"Sian claimed to be the Robber but demonstrated a complete lack of understanding of the role's mechanics, eventually admitting she did not know how to play it. In One Night Ultimate Werewolf, claiming a role and failing to describe its basic ability is a strong indicator of a bluff, typically used by Werewolves. While Elliot's claims were inconsistent, Sian's failure to correctly identify the Robber's function makes her the most suspicious player.",0c2659db-7bd4-4b37-9b08-4e247befe382_Game5,"[""Elliot"", ""Ashley"", ""James"", ""Chris"", ""Sukeshi"", ""Sian""]","[""Seer"", ""Werewolf"", ""Doppelganger"", ""Werewolf"", ""Insomniac"", ""Villager""]",True,player,"[""Ashley"", ""Chris""]",player_vote,Sian,Sian,Sian,5.0,Villager,False,False
C:\Users\annab\Documents\GitHub\masters_thesis_sdg\results\voting\unsloth_gemma-4-31B-it-unsloth-bnb-4bit\prompt_v4_t0\Ego4D\0c2659db-7bd4-4b37-9b08-4e247befe382_Game6.json,greedy_t0,0,greedy,0.0,prompt_v4_t0,Ego4D,0c2659db-7bd4-4b37-9b08-4e247befe382,Game6,Ego4D / 0c2659db-7bd4-4b37-9b08-4e247befe382 / Game6,Elliot,"Elliot's claims are inconsistent; he first claims to be the Doppelganger who took the Insomniac role, but later suggests he might be the Tanner. Ashley (claiming Seer) and Sukeshi (claiming Robber) provide a consistent narrative that supports each other's roles, and Ashley identifies Sian as the Tanner. Since Sian is likely the Tanner and the other players' roles align, Elliot is the most probable Werewolf.",0c2659db-7bd4-4b37-9b08-4e247befe382_Game6,"[""Elliot"", ""Ashley"", ""James"", ""Chris"", ""Sukeshi"", ""Sian""]","[""Werewolf"", ""Robber"", ""Troublemaker"", ""Seer"", ""Hunter"", ""Tanner""]",True,player,"[""Elliot""]",player_vote,Elliot,Elliot,Elliot,0.0,Werewolf,True,False
C:\Users\annab\Documents\GitHub\masters_thesis_sdg\results\voting\unsloth_gemma-4-31B-it-unsloth-bnb-4bit\prompt_v4_t0\Ego4D\0c2659db-7bd4-4b37-9b08-4e247befe382_Game7.json,greedy_t0,0,greedy,0.0,prompt_v4_t0,Ego4D,0c2659db-7bd4-4b37-9b08-4e247befe382,Game7,Ego4D / 0c2659db-7bd4-4b37-9b08-4e247befe382 / Game7,Sukeshi,"Sukeshi's claims are highly contradictory; she first claims to be the Seer, then later explicitly admits, 'I was a fucking werewolf.' While she suggests she might have been swapped, Chris (claiming to be the Troublemaker) states he swapped Ashley and Sian, meaning Sukeshi's role would not have changed. Additionally, both Sukeshi and Sian claim to be the Seer and accuse Chris, but Ashley's admission of being the Minion and Chris's claim to be the Troublemaker suggest that Sian and Sukeshi are likely bluffing to frame Chris.",0c2659db-7bd4-4b37-9b08-4e247befe382_Game7,"[""Elliot"", ""Ashley"", ""James"", ""Chris"", ""Sukeshi"", ""Sian""]","[""Tanner"", ""Doppelganger"", ""Seer"", ""Troublemaker"", ""Robber"", ""Minion""]",False,circle,[],player_vote,Sukeshi,Sukeshi,Sukeshi,4.0,Robber,False,False
C:\Users\annab\Documents\GitHub\masters_thesis_sdg\results\voting\unsloth_gemma-4-31B-it-unsloth-bnb-4bit\prompt_v4_t0\Ego4D\0c2659db-7bd4-4b37-9b08-4e247befe382_Game8.json,greedy_t0,0,greedy,0.0,prompt_v4_t0,Ego4D,0c2659db-7bd4-4b37-9b08-4e247befe382,Game8,Ego4D / 0c2659db-7bd4-4b37-9b08-4e247befe382 / Game8,Sian,"Sian is the only player who did not claim a village role and remained notably silent during the discussion. The other five players provided claims (Seer, Troublemaker, Robber, Doppelganger, and Hunter) that are mutually consistent and support one another. Consequently, Sian is the most likely candidate to be the Werewolf, as all other players have aligned themselves with Team Village.",0c2659db-7bd4-4b37-9b08-4e247befe382_Game8,"[""Elliot"", ""Ashley"", ""James"", ""Chris"", ""Sukeshi"", ""Sian""]","[""Werewolf"", ""Hunter"", ""Robber"", ""Doppelganger"", ""Minion"", ""Tanner""]",True,player,"[""Elliot""]",player_vote,Sian,Sian,Sian,5.0,Tanner,False,False
C:\Users\annab\Documents\GitHub\masters_thesis_sdg\results\voting\unsloth_gemma-4-31B-it-unsloth-bnb-4bit\prompt_v4_t0\Ego4D\0c2659db-7bd4-4b37-9b08-4e247befe382_Game9.json,greedy_t0,0,greedy,0.0,prompt_v4_t0,Ego4D,0c2659db-7bd4-4b37-9b08-4e247befe382,Game9,Ego4D / 0c2659db-7bd4-4b37-9b08-4e247befe382 / Game9,Sian,"Sian claims to be the Seer and identifies James and Sukeshi as potential Werewolves. However, when asked for her reasoning, she admits it is a 'hunch' (Line 120), which contradicts the role of the Seer who has direct knowledge of cards. She later attempts to re-assert her role as the Seer (Line 158) and eventually shifts her suspicion to Chris (Line 183), indicating an inconsistent bluff. In contrast, James and Sukeshi provide a consistent narrative about the Robber and Villager roles.",0c2659db-7bd4-4b37-9b08-4e247befe382_Game9,"[""Elliot"", ""Ashley"", ""James"", ""Chris"", ""Sukeshi"", ""Sian""]","[""Villager"", ""Hunter"", ""Villager"", ""Werewolf"", ""Robber"", ""Seer""]",True,player,"[""Chris""]",player_vote,Sian,Sian,Sian,5.0,Seer,False,False
C:\Users\annab\Documents\GitHub\masters_thesis_sdg\results\voting\unsloth_gemma-4-31B-it-unsloth-bnb-4bit\prompt_v4_t0\Ego4D\1a0d3e22-a6d6-4723-91a0-52fc2c87d5ce_Game10.json,greedy_t0,0,greedy,0.0,prompt_v4_t0,Ego4D,1a0d3e22-a6d6-4723-91a0-52fc2c87d5ce,Game10,Ego4D / 1a0d3e22-a6d6-4723-91a0-52fc2c87d5ce / Game10,Hunter,"Hunter claims to be the Troublemaker and asserts that he swapped Zack and Jacob, creating a complex narrative to control the flow of information and divert suspicion. His dominance in the discussion and his attempt to use the logic of the Troublemaker role to prove his innocence are characteristic of a Werewolf's bluffing strategy. Furthermore, Jacob's final explicit call to vote for Hunter suggests that Hunter's claims were perceived as untrustworthy.",1a0d3e22-a6d6-4723-91a0-52fc2c87d5ce_Game10,"[""Zack"", ""Sean"", ""Hunter"", ""Jacob""]","[""Villager"", ""Werewolf"", ""Troublemaker"", ""Werewolf""]",True,player,"[""Sean"", ""Jacob""]",player_vote,Hunter,Hunter,Hunter,2.0,Troublemaker,False,False
C:\Users\annab\Documents\GitHub\masters_thesis_sdg\results\voting\unsloth_gemma-4-31B-it-unsloth-bnb-4bit\prompt_v4_t0\Ego4D\1a0d3e22-a6d6-4723-91a0-52fc2c87d5ce_Game11.json,greedy_t0,0,greedy,0.0,prompt_v4_t0,Ego4D,1a0d3e22-a6d6-4723-91a0-52fc2c87d5ce,Game11,Ego4D / 1a0d3e22-a6d6-4723-91a0-52fc2c87d5ce / Game11,Zack,"Zack claims he started as the Insomniac and, upon checking his card at the end of the night, discovered he was the Drunk. According to the game rules, the Drunk always swaps their card with one from the center, meaning it is logically impossible for any player to end the night as the Drunk (unless they were the Doppelganger, but even then, the copied Drunk role would have swapped the card away). This blatant inconsistency suggests Zack is lying about his role, making him the most likely candidate for the Werewolf.",1a0d3e22-a6d6-4723-91a0-52fc2c87d5ce_Game11,"[""Zack"", ""Sean"", ""Hunter"", ""Jacob""]","[""Drunk"", ""Werewolf"", ""Troublemaker"", ""Villager""]",True,player,"[""Sean""]",player_vote,Zack,Zack,Zack,0.0,Drunk,False,False
C:\Users\annab\Documents\GitHub\masters_thesis_sdg\results\voting\unsloth_gemma-4-31B-it-unsloth-bnb-4bit\prompt_v4_t0\Ego4D\1a0d3e22-a6d6-4723-91a0-52fc2c87d5ce_Game6.json,greedy_t0,0,greedy,0.0,prompt_v4_t0,Ego4D,1a0d3e22-a6d6-4723-91a0-52fc2c87d5ce,Game6,Ego4D / 1a0d3e22-a6d6-4723-91a0-52fc2c87d5ce / Game6,No Werewolf,"Jacob claims to be the Seer and reports seeing a Werewolf and a Troublemaker among the center cards. Zack claims to be the Robber, while Sean and Hunter both claim to be Villagers. Since all players claim Village-aligned roles and the Seer's information places a Werewolf in the center, there is no evidence that any player is currently a Werewolf.",1a0d3e22-a6d6-4723-91a0-52fc2c87d5ce_Game6,"[""Zack"", ""Sean"", ""Hunter"", ""Jacob""]","[""Villager"", ""Robber"", ""Villager"", ""Seer""]",False,circle,[],circle_vote,No Werewolf,,,,,True,True
C:\Users\annab\Documents\GitHub\masters_thesis_sdg\results\voting\unsloth_gemma-4-31B-it-unsloth-bnb-4bit\prompt_v4_t0\Ego4D\1a0d3e22-a6d6-4723-91a0-52fc2c87d5ce_Game7.json,greedy_t0,0,greedy,0.0,prompt_v4_t0,Ego4D,1a0d3e22-a6d6-4723-91a0-52fc2c87d5ce,Game7,Ego4D / 1a0d3e22-a6d6-4723-91a0-52fc2c87d5ce / Game7,Sean,"Sean claims to be the Seer and accuses Hunter of being a Werewolf whose card was switched. However, Jacob claims to be the Robber and explicitly states that he swapped cards with Hunter and confirmed the card he took was the Troublemaker. Since the Robber knows the card they take, Jacob's confirmation that Hunter was the Troublemaker directly contradicts Sean's claim, making Sean the most likely liar and therefore the Werewolf.",1a0d3e22-a6d6-4723-91a0-52fc2c87d5ce_Game7,"[""Zack"", ""Sean"", ""Hunter"", ""Jacob""]","[""Seer"", ""Werewolf"", ""Robber"", ""Troublemaker""]",True,player,"[""Sean""]",player_vote,Sean,Sean,Sean,1.0,Werewolf,True,False
C:\Users\annab\Documents\GitHub\masters_thesis_sdg\results\voting\unsloth_gemma-4-31B-it-unsloth-bnb-4bit\prompt_v4_t0\Ego4D\1a0d3e22-a6d6-4723-91a0-52fc2c87d5ce_Game8.json,greedy_t0,0,greedy,0.0,prompt_v4_t0,Ego4D,1a0d3e22-a6d6-4723-91a0-52fc2c87d5ce,Game8,Ego4D / 1a0d3e22-a6d6-4723-91a0-52fc2c87d5ce / Game8,Zack,"Zack admitted to being the Robber, and Sean claimed to be the Troublemaker. Hunter, who likely started as the Werewolf, informs Zack that he is now the Werewolf, implying Zack stole the Werewolf card during the Robber's action. The group consensus and the flow of the conversation suggest that Zack is the current Werewolf.",1a0d3e22-a6d6-4723-91a0-52fc2c87d5ce_Game8,"[""Zack"", ""Sean"", ""Hunter"", ""Jacob""]","[""Werewolf"", ""Robber"", ""Troublemaker"", ""Villager""]",True,player,"[""Zack""]",player_vote,Zack,Zack,Zack,0.0,Werewolf,True,False
C:\Users\annab\Documents\GitHub\masters_thesis_sdg\results\voting\unsloth_gemma-4-31B-it-unsloth-bnb-4bit\prompt_v4_t0\Ego4D\1a0d3e22-a6d6-4723-91a0-52fc2c87d5ce_Game9.json,greedy_t0,0,greedy,0.0,prompt_v4_t0,Ego4D,1a0d3e22-a6d6-4723-91a0-52fc2c87d5ce,Game9,Ego4D / 1a0d3e22-a6d6-4723-91a0-52fc2c87d5ce / Game9,Zack,"Jacob claims to be the Seer and identifies Zack as the Werewolf. Zack later admits that, as far as he is aware, he was the only Werewolf in the game, which is a strong admission of his starting role. Although Jacob later suggests that Sean might be the Robber who swapped cards with Zack, this is based on a hunch about behavior rather than concrete evidence, and the Robber could simply be in the center role pool. Therefore, Zack is the most probable Werewolf.",1a0d3e22-a6d6-4723-91a0-52fc2c87d5ce_Game9,"[""Zack"", ""Sean"", ""Hunter"", ""Jacob""]","[""Werewolf"", ""Villager"", ""Villager"", ""Seer""]",True,player,"[""Zack""]",player_vote,Zack,Zack,Zack,0.0,Werewolf,True,False
C:\Users\annab\Documents\GitHub\masters_thesis_sdg\results\voting\unsloth_gemma-4-31B-it-unsloth-bnb-4bit\prompt_v4_t0\Ego4D\2ba4023c-a8bf-43ad-ad5a-80ba222ce990_Game10.json,greedy_t0,0,greedy,0.0,prompt_v4_t0,Ego4D,2ba4023c-a8bf-43ad-ad5a-80ba222ce990,Game10,Ego4D / 2ba4023c-a8bf-43ad-ad5a-80ba222ce990 / Game10,Clint,"Clint claims he was the Robber and robbed Erin, becoming the Insomniac. However, Erin claims she is the Insomniac and saw the Robber card, which contradicts Clint's claim. If Erin is the Insomniac and saw the Robber card, it means she was swapped with the Robber (possibly by Tyler, who claimed Troublemaker), making Clint's story a lie. Since Clint is caught in a direct contradiction regarding the night's events, he is the most likely Werewolf.",2ba4023c-a8bf-43ad-ad5a-80ba222ce990_Game10,"[""Tyler"", ""Margaret"", ""Erin"", ""Clint""]","[""Werewolf"", ""Robber"", ""Werewolf"", ""Tanner""]",True,player,"[""Tyler"", ""Erin""]",player_vote,Clint,Clint,Clint,3.0,Tanner,False,False
C:\Users\annab\Documents\GitHub\masters_thesis_sdg\results\voting\unsloth_gemma-4-31B-it-unsloth-bnb-4bit\prompt_v4_t0\Ego4D\2ba4023c-a8bf-43ad-ad5a-80ba222ce990_Game6.json,greedy_t0,0,greedy,0.0,prompt_v4_t0,Ego4D,2ba4023c-a8bf-43ad-ad5a-80ba222ce990,Game6,Ego4D / 2ba4023c-a8bf-43ad-ad5a-80ba222ce990 / Game6,Clint,"Clint claimed to be the Drunk but was vague about his actions and eventually admitted he could be the Werewolf. Tyler, Margaret, and Erin have all expressed suspicion toward him, and their claims (Seer, Troublemaker, Robber) form a cohesive narrative that isolates Clint as the most likely Werewolf. Given the consensus among the other players and Clint's own admission, he is the most probable target for elimination.",2ba4023c-a8bf-43ad-ad5a-80ba222ce990_Game6,"[""Tyler"", ""Margaret"", ""Erin"", ""Clint""]","[""Werewolf"", ""Robber"", ""Drunk"", ""Werewolf""]",True,player,"[""Tyler"", ""Clint""]",player_vote,Clint,Clint,Clint,3.0,Werewolf,True,False
C:\Users\annab\Documents\GitHub\masters_thesis_sdg\results\voting\unsloth_gemma-4-31B-it-unsloth-bnb-4bit\prompt_v4_t0\Ego4D\2ba4023c-a8bf-43ad-ad5a-80ba222ce990_Game7.json,greedy_t0,0,greedy,0.0,prompt_v4_t0,Ego4D,2ba4023c-a8bf-43ad-ad5a-80ba222ce990,Game7,Ego4D / 2ba4023c-a8bf-43ad-ad5a-80ba222ce990 / Game7,Clint,"Clint claims to be the Troublemaker and asserts that he swapped Margaret and Erin, subsequently framing Erin as the Werewolf. However, Margaret explicitly calls Clint 'the worst liar' and notes that if Clint's swap actually occurred and Erin was the Werewolf, then Margaret herself would now be the Werewolf. Since Margaret believes Erin was the Werewolf but does not believe she is the Werewolf herself, she logically concludes that Clint is lying about the swap. This suggests Clint is the Werewolf, using a fake Troublemaker claim to divert suspicion and frame Erin.",2ba4023c-a8bf-43ad-ad5a-80ba222ce990_Game7,"[""Tyler"", ""Margaret"", ""Erin"", ""Clint""]","[""Robber"", ""Insomniac"", ""Hunter"", ""Werewolf""]",True,player,"[""Clint""]",player_vote,Clint,Clint,Clint,3.0,Werewolf,True,False
C:\Users\annab\Documents\GitHub\masters_thesis_sdg\results\voting\unsloth_gemma-4-31B-it-unsloth-bnb-4bit\prompt_v4_t0\Ego4D\2ba4023c-a8bf-43ad-ad5a-80ba222ce990_Game8.json,greedy_t0,0,greedy,0.0,prompt_v4_t0,Ego4D,2ba4023c-a8bf-43ad-ad5a-80ba222ce990,Game8,Ego4D / 2ba4023c-a8bf-43ad-ad5a-80ba222ce990 / Game8,Tyler,"Tyler and Clint provide contradictory claims about the Insomniac role; Tyler claims he robbed Clint and is now the Insomniac, while Clint claims he remained the Insomniac. Since only one player can be the Insomniac at the end of the night, at least one of them is lying. Their subsequent coordination to frame Erin, combined with Tyler's aggressive and unfounded accusation of her at the very start of the game, strongly suggests that Tyler and Clint are Team Werewolf.",2ba4023c-a8bf-43ad-ad5a-80ba222ce990_Game8,"[""Tyler"", ""Margaret"", ""Erin"", ""Clint""]","[""Werewolf"", ""Hunter"", ""Troublemaker"", ""Werewolf""]",True,player,"[""Tyler"", ""Clint""]",player_vote,Tyler,Tyler,Tyler,0.0,Werewolf,True,False
C:\Users\annab\Documents\GitHub\masters_thesis_sdg\results\voting\unsloth_gemma-4-31B-it-unsloth-bnb-4bit\prompt_v4_t0\Ego4D\2ba4023c-a8bf-43ad-ad5a-80ba222ce990_Game9.json,greedy_t0,0,greedy,0.0,prompt_v4_t0,Ego4D,2ba4023c-a8bf-43ad-ad5a-80ba222ce990,Game9,Ego4D / 2ba4023c-a8bf-43ad-ad5a-80ba222ce990 / Game9,Tyler,"Tyler claims to be the Drunk, but he simultaneously asserts that he knows Erin is the Werewolf. According to the game rules, the Drunk swaps their card with one from the center without looking at it and gains no information about other players. This contradiction indicates that Tyler is lying about his role to divert suspicion, making him the most likely Werewolf.",2ba4023c-a8bf-43ad-ad5a-80ba222ce990_Game9,"[""Tyler"", ""Margaret"", ""Erin"", ""Clint""]","[""Werewolf"", ""Hunter"", ""Insomniac"", ""Robber""]",True,player,"[""Tyler""]",player_vote,Tyler,Tyler,Tyler,0.0,Werewolf,True,False
C:\Users\annab\Documents\GitHub\masters_thesis_sdg\results\voting\unsloth_gemma-4-31B-it-unsloth-bnb-4bit\prompt_v4_t0\Ego4D\324bccd2-adff-4e9a-8ff4-03491e144ac3_Game1.json,greedy_t0,0,greedy,0.0,prompt_v4_t0,Ego4D,324bccd2-adff-4e9a-8ff4-03491e144ac3,Game1,Ego4D / 324bccd2-adff-4e9a-8ff4-03491e144ac3 / Game1,No Werewolf,"Jacob, Sean, and Zack claimed the roles of Villager, Robber, and Troublemaker, respectively. While Hunter's claim to be a Robber or Troublemaker contradicted the others, the players eventually reached a consensus during the discussion that none of them were werewolves. Given the casual nature of the game as a 'test run' and the explicit agreement among three of the four players that no one is a werewolf, it is most likely that the werewolf cards are in the center.",324bccd2-adff-4e9a-8ff4-03491e144ac3_Game1,"[""Zack"", ""Sean"", ""Hunter"", ""Jacob""]","[""Troublemaker"", ""Villager"", ""Werewolf"", ""Villager""]",True,player,"[""Hunter""]",circle_vote,No Werewolf,,,,,False,True
C:\Users\annab\Documents\GitHub\masters_thesis_sdg\results\voting\unsloth_gemma-4-31B-it-unsloth-bnb-4bit\prompt_v4_t0\Ego4D\324bccd2-adff-4e9a-8ff4-03491e144ac3_Game2.json,greedy_t0,0,greedy,0.0,prompt_v4_t0,Ego4D,324bccd2-adff-4e9a-8ff4-03491e144ac3,Game2,Ego4D / 324bccd2-adff-4e9a-8ff4-03491e144ac3 / Game2,Sean,"Hunter admitted to being the starting Werewolf, and Sean claimed to be the Seer who confirmed Hunter's role. Jacob claimed to be the Troublemaker and stated that he swapped the cards of Hunter and Sean. If these claims are true, the Werewolf card was moved from Hunter to Sean, making Sean the current Werewolf.",324bccd2-adff-4e9a-8ff4-03491e144ac3_Game2,"[""Zack"", ""Sean"", ""Hunter"", ""Jacob""]","[""Werewolf"", ""Robber"", ""Seer"", ""Troublemaker""]",True,player,"[""Zack""]",player_vote,Sean,Sean,Sean,1.0,Robber,False,False
C:\Users\annab\Documents\GitHub\masters_thesis_sdg\results\voting\unsloth_gemma-4-31B-it-unsloth-bnb-4bit\prompt_v4_t0\Ego4D\324bccd2-adff-4e9a-8ff4-03491e144ac3_Game3.json,greedy_t0,0,greedy,0.0,prompt_v4_t0,Ego4D,324bccd2-adff-4e9a-8ff4-03491e144ac3,Game3,Ego4D / 324bccd2-adff-4e9a-8ff4-03491e144ac3 / Game3,No Werewolf,"The players' claims and auditory evidence suggest that the roles present are Seer (Zack), Troublemaker (Sean), and Robber (Hunter). Jacob claims to have started as a Villager. If these claims are true, all four players are aligned with Team Village (or the Tanner), meaning no Werewolf is present among the players. Furthermore, both Hunter and Jacob volunteer to be voted out, which is behavior typical of a Tanner or a confused Villager, but highly unlikely for a Werewolf who wants to survive.",324bccd2-adff-4e9a-8ff4-03491e144ac3_Game3,"[""Zack"", ""Sean"", ""Hunter"", ""Jacob""]","[""Seer"", ""Troublemaker"", ""Robber"", ""Werewolf""]",True,player,"[""Jacob""]",circle_vote,No Werewolf,,,,,False,True
C:\Users\annab\Documents\GitHub\masters_thesis_sdg\results\voting\unsloth_gemma-4-31B-it-unsloth-bnb-4bit\prompt_v4_t0\Ego4D\324bccd2-adff-4e9a-8ff4-03491e144ac3_Game4.json,greedy_t0,0,greedy,0.0,prompt_v4_t0,Ego4D,324bccd2-adff-4e9a-8ff4-03491e144ac3,Game4,Ego4D / 324bccd2-adff-4e9a-8ff4-03491e144ac3 / Game4,Jacob,"Jacob is the most suspicious player as he is the only one who does not claim a specific role, remaining passive while the other three attempt to coordinate a narrative. His behavior is inconsistent, as he initially suggests the group vote for him before retracting the request, which is characteristic of either a Werewolf trying to blend in or a Tanner. Given that Zack, Sean, and Hunter have claimed power roles (Seer, Robber, and Troublemaker), Jacob is the most likely candidate for the Werewolf.",324bccd2-adff-4e9a-8ff4-03491e144ac3_Game4,"[""Zack"", ""Sean"", ""Hunter"", ""Jacob""]","[""Troublemaker"", ""Robber"", ""Werewolf"", ""Werewolf""]",True,player,"[""Hunter"", ""Jacob""]",player_vote,Jacob,Jacob,Jacob,3.0,Werewolf,True,False
C:\Users\annab\Documents\GitHub\masters_thesis_sdg\results\voting\unsloth_gemma-4-31B-it-unsloth-bnb-4bit\prompt_v4_t0\Ego4D\324bccd2-adff-4e9a-8ff4-03491e144ac3_Game5.json,greedy_t0,0,greedy,0.0,prompt_v4_t0,Ego4D,324bccd2-adff-4e9a-8ff4-03491e144ac3,Game5,Ego4D / 324bccd2-adff-4e9a-8ff4-03491e144ac3 / Game5,Sean,"Jacob admitted to starting as the Werewolf, and Hunter claimed to be the Troublemaker who swapped Jacob's card with Sean's. If both are telling the truth, Sean is now the Werewolf. Sean's behavior is erratic, claiming to be the Tanner and then a Villager, which increases suspicion. Therefore, voting for Sean is the most logical choice for Team Village to win.",324bccd2-adff-4e9a-8ff4-03491e144ac3_Game5,"[""Zack"", ""Sean"", ""Hunter"", ""Jacob""]","[""Villager"", ""Werewolf"", ""Troublemaker"", ""Werewolf""]",True,player,"[""Sean"", ""Jacob""]",player_vote,Sean,Sean,Sean,1.0,Werewolf,True,False
C:\Users\annab\Documents\GitHub\masters_thesis_sdg\results\voting\unsloth_gemma-4-31B-it-unsloth-bnb-4bit\prompt_v4_t0\Ego4D\3ba069be-60fa-47fc-bd7b-f85bf649a5bd_Game1.json,greedy_t0,0,greedy,0.0,prompt_v4_t0,Ego4D,3ba069be-60fa-47fc-bd7b-f85bf649a5bd,Game1,Ego4D / 3ba069be-60fa-47fc-bd7b-f85bf649a5bd / Game1,Kaelan,"Kaelan's claims about his role are highly inconsistent; he first claims to be the Troublemaker, then the Robber, and then claims to be the Robber while describing the actions of a Troublemaker ('I troubled these two'). This level of confusion or deception is a strong indicator of a Werewolf bluff. Furthermore, the post-game dialogue suggests that Kevin's vote for Kaelan was correct, as Kevin expresses that he knew Kaelan was deceptive and Daniel suggests the Werewolf should have just admitted to it.",3ba069be-60fa-47fc-bd7b-f85bf649a5bd_Game1,"[""Kevin"", ""Kaelan"", ""Jessica"", ""Daniel""]","[""Werewolf"", ""Robber"", ""Troublemaker"", ""Center Card""]",True,player,"[""Kevin""]",player_vote,Kaelan,Kaelan,Kaelan,1.0,Robber,False,False
C:\Users\annab\Documents\GitHub\masters_thesis_sdg\results\voting\unsloth_gemma-4-31B-it-unsloth-bnb-4bit\prompt_v4_t0\Ego4D\3ba069be-60fa-47fc-bd7b-f85bf649a5bd_Game2.json,greedy_t0,0,greedy,0.0,prompt_v4_t0,Ego4D,3ba069be-60fa-47fc-bd7b-f85bf649a5bd,Game2,Ego4D / 3ba069be-60fa-47fc-bd7b-f85bf649a5bd / Game2,No Werewolf,"Kevin claims to be the Troublemaker and says he swapped Kaelan and Jessica. Jessica claims she was the Minion and specifically states she did not see any Werewolves. Kaelan claims he was the Robber and robbed Jessica, which would make him the Minion and her the Robber before Kevin's swap. If these claims are accurate, Jessica ended the night as the Minion and no Werewolf is present among the players. Since Team Village wins if no player is a Werewolf and no one is voted out, the correct choice is 'No Werewolf'.",3ba069be-60fa-47fc-bd7b-f85bf649a5bd_Game2,"[""Kevin"", ""Kaelan"", ""Jessica"", ""Daniel""]","[""Troublemaker"", ""Minion"", ""Villager"", ""Robber""]",False,circle,[],circle_vote,No Werewolf,,,,,True,True
C:\Users\annab\Documents\GitHub\masters_thesis_sdg\results\voting\unsloth_gemma-4-31B-it-unsloth-bnb-4bit\prompt_v4_t0\Ego4D\3ba069be-60fa-47fc-bd7b-f85bf649a5bd_Game3.json,greedy_t0,0,greedy,0.0,prompt_v4_t0,Ego4D,3ba069be-60fa-47fc-bd7b-f85bf649a5bd,Game3,Ego4D / 3ba069be-60fa-47fc-bd7b-f85bf649a5bd / Game3,No Werewolf,"Daniel claimed to be the Seer and stated he saw the Werewolf and the Drunk in the center. Since the Troublemaker (Kaelan) and the Doppelganger (Jessica) only swap cards between players and cannot move cards from the center, and no one claimed to be the Drunk (who is the only role that can swap with the center), the Werewolf must have remained in the center. Although Daniel made a confusing final claim about being the Minion and accusing Jessica of being the Werewolf, this contradicts the Minion's goal of protecting the Werewolf and is likely a joke or a bluff. The most consistent interpretation of the claims is that no player is currently a Werewolf.",3ba069be-60fa-47fc-bd7b-f85bf649a5bd_Game3,"[""Kevin"", ""Kaelan"", ""Jessica"", ""Daniel""]","[""Doppelganger"", ""Troublemaker"", ""Werewolf"", ""Minion""]",True,player,"[""Jessica""]",circle_vote,No Werewolf,,,,,False,True
C:\Users\annab\Documents\GitHub\masters_thesis_sdg\results\voting\unsloth_gemma-4-31B-it-unsloth-bnb-4bit\prompt_v4_t0\Ego4D\3ba069be-60fa-47fc-bd7b-f85bf649a5bd_Game4.json,greedy_t0,0,greedy,0.0,prompt_v4_t0,Ego4D,3ba069be-60fa-47fc-bd7b-f85bf649a5bd,Game4,Ego4D / 3ba069be-60fa-47fc-bd7b-f85bf649a5bd / Game4,Daniel,"Kaelan claimed to be the Seer and identified a player as the Werewolf. Daniel's claims were highly inconsistent, first claiming to be the Robber, then accusing Kaelan of being the Minion, and finally claiming to be the Minion himself. This erratic behavior and admission of being on Team Werewolf (as a Minion) make Daniel the most suspicious player and the most likely candidate for the Werewolf role, potentially bluffing as the Minion to divert attention.",3ba069be-60fa-47fc-bd7b-f85bf649a5bd_Game4,"[""Kevin"", ""Kaelan"", ""Jessica"", ""Daniel""]","[""Troublemaker"", ""Minion"", ""Seer"", ""Robber""]",False,circle,[],player_vote,Daniel,Daniel,Daniel,3.0,Robber,False,False
C:\Users\annab\Documents\GitHub\masters_thesis_sdg\results\voting\unsloth_gemma-4-31B-it-unsloth-bnb-4bit\prompt_v4_t0\Ego4D\3ba069be-60fa-47fc-bd7b-f85bf649a5bd_Game5.json,greedy_t0,0,greedy,0.0,prompt_v4_t0,Ego4D,3ba069be-60fa-47fc-bd7b-f85bf649a5bd,Game5,Ego4D / 3ba069be-60fa-47fc-bd7b-f85bf649a5bd / Game5,Daniel,"Kevin, Jessica, and Kaelan all provided role claims (Troublemaker, Tanner, and Drunk, respectively), although Kevin's understanding of the Troublemaker's ability was incorrect. Daniel is the only player who completely avoided claiming a role, stating he 'didn't have a good answer,' which is highly suspicious behavior for a Village-aligned player. Since Jessica claimed to be the Tanner, voting for her would risk a Tanner victory, making Daniel the most probable Werewolf.",3ba069be-60fa-47fc-bd7b-f85bf649a5bd_Game5,"[""Kevin"", ""Kaelan"", ""Jessica"", ""Daniel""]","[""Robber"", ""Center Card"", ""Troublemaker"", ""Tanner""]",False,circle,[],player_vote,Daniel,Daniel,Daniel,3.0,Tanner,False,False
C:\Users\annab\Documents\GitHub\masters_thesis_sdg\results\voting\unsloth_gemma-4-31B-it-unsloth-bnb-4bit\prompt_v4_t0\Ego4D\3ba069be-60fa-47fc-bd7b-f85bf649a5bd_Game6.json,greedy_t0,0,greedy,0.0,prompt_v4_t0,Ego4D,3ba069be-60fa-47fc-bd7b-f85bf649a5bd,Game6,Ego4D / 3ba069be-60fa-47fc-bd7b-f85bf649a5bd / Game6,Kaelan,"Daniel claims to be the Drunk who swapped with the center to become the Tanner, and he is actively volunteering to be voted out, which is consistent with the Tanner's goal. Kaelan claims to be the Robber and asserts that he robbed Kevin, who he claims was the Tanner. Since only one Tanner can exist, and Daniel's behavior is more consistent with the Tanner role, Kaelan's claim is likely a lie. Therefore, Kaelan is the most probable Werewolf, either as a starting Werewolf or as a Robber who stole the Werewolf card from Kevin.",3ba069be-60fa-47fc-bd7b-f85bf649a5bd_Game6,"[""Kevin"", ""Kaelan"", ""Jessica"", ""Daniel""]","[""Robber"", ""Center Card"", ""Insomniac"", ""Center Card""]",False,circle,[],player_vote,Kaelan,Kaelan,Kaelan,1.0,Center Card,False,False
C:\Users\annab\Documents\GitHub\masters_thesis_sdg\results\voting\unsloth_gemma-4-31B-it-unsloth-bnb-4bit\prompt_v4_t0\Ego4D\62c4bc58-3776-4791-ac30-4c9ca5619503_Game10.json,greedy_t0,0,greedy,0.0,prompt_v4_t0,Ego4D,62c4bc58-3776-4791-ac30-4c9ca5619503,Game10,Ego4D / 62c4bc58-3776-4791-ac30-4c9ca5619503 / Game10,No Werewolf,"Kaelan and Jessica both claim to be Villagers. Daniel suggests Kaelan could be the Tanner or the Werewolf, but the conversation concludes with Daniel asking if they are 'all good with the center' and Kevin agreeing. This indicates a consensus among the players that the Werewolf cards are in the center and no player is a Werewolf.",62c4bc58-3776-4791-ac30-4c9ca5619503_Game10,"[""Kevin"", ""Kaelan"", ""Jessica"", ""Daniel""]","[""Minion"", ""Villager"", ""Villager"", ""Werewolf""]",True,player,"[""Daniel""]",circle_vote,No Werewolf,,,,,False,True
C:\Users\annab\Documents\GitHub\masters_thesis_sdg\results\voting\unsloth_gemma-4-31B-it-unsloth-bnb-4bit\prompt_v4_t0\Ego4D\62c4bc58-3776-4791-ac30-4c9ca5619503_Game11.json,greedy_t0,0,greedy,0.0,prompt_v4_t0,Ego4D,62c4bc58-3776-4791-ac30-4c9ca5619503,Game11,Ego4D / 62c4bc58-3776-4791-ac30-4c9ca5619503 / Game11,Jessica,"Jessica claimed to be the Tanner, a common bluff used by Werewolves to discourage others from voting for them (as voting out the Tanner results in a Tanner win). Kaelan, who is revealed to be the Minion, voted for Daniel, which acts as a diversion to protect the actual Werewolf. Daniel also explicitly suspected that Jessica was a 'Werewolf playing Tanner,' and given the Minion's presence, it is highly probable that Jessica is the Werewolf.",62c4bc58-3776-4791-ac30-4c9ca5619503_Game11,"[""Kevin"", ""Kaelan"", ""Jessica"", ""Daniel""]","[""Villager"", ""Villager"", ""Minion"", ""Werewolf""]",True,player,"[""Daniel""]",player_vote,Jessica,Jessica,Jessica,2.0,Minion,False,False
C:\Users\annab\Documents\GitHub\masters_thesis_sdg\results\voting\unsloth_gemma-4-31B-it-unsloth-bnb-4bit\prompt_v4_t0\Ego4D\62c4bc58-3776-4791-ac30-4c9ca5619503_Game12.json,greedy_t0,0,greedy,0.0,prompt_v4_t0,Ego4D,62c4bc58-3776-4791-ac30-4c9ca5619503,Game12,Ego4D / 62c4bc58-3776-4791-ac30-4c9ca5619503 / Game12,Jessica,"Kaelan claims to be the Troublemaker and Kevin claims to be the Mason, both of which are Village-aligned roles. Daniel supports these claims and acts as a coordinator. Jessica is the only player who has not claimed a role and provides a nonsensical answer when asked if she is the Drunk, suggesting she is bluffing to hide her identity as a Werewolf.",62c4bc58-3776-4791-ac30-4c9ca5619503_Game12,"[""Kevin"", ""Kaelan"", ""Jessica"", ""Daniel""]","[""Seer"", ""Troublemaker"", ""Minion"", ""Mason""]",False,circle,[],player_vote,Jessica,Jessica,Jessica,2.0,Minion,False,False
C:\Users\annab\Documents\GitHub\masters_thesis_sdg\results\voting\unsloth_gemma-4-31B-it-unsloth-bnb-4bit\prompt_v4_t0\Ego4D\62c4bc58-3776-4791-ac30-4c9ca5619503_Game7.json,greedy_t0,0,greedy,0.0,prompt_v4_t0,Ego4D,62c4bc58-3776-4791-ac30-4c9ca5619503,Game7,Ego4D / 62c4bc58-3776-4791-ac30-4c9ca5619503 / Game7,Jessica,"Jessica claims to be the Robber and says she robbed Kaelan, but then admits she 'forgot to look' at the card she stole. According to the game rules, the Robber must look at their new card after swapping, making her claim highly suspicious and a common tell for a Werewolf bluffing. Additionally, both Kaelan and Kevin express strong suspicion toward her, and she attempts to backtrack her vote at the end of the discussion.",62c4bc58-3776-4791-ac30-4c9ca5619503_Game7,"[""Kevin"", ""Kaelan"", ""Jessica"", ""Daniel""]","[""Seer"", ""Center Card"", ""Werewolf"", ""Werewolf""]",True,player,"[""Jessica"", ""Daniel""]",player_vote,Jessica,Jessica,Jessica,2.0,Werewolf,True,False
C:\Users\annab\Documents\GitHub\masters_thesis_sdg\results\voting\unsloth_gemma-4-31B-it-unsloth-bnb-4bit\prompt_v4_t0\Ego4D\62c4bc58-3776-4791-ac30-4c9ca5619503_Game8.json,greedy_t0,0,greedy,0.0,prompt_v4_t0,Ego4D,62c4bc58-3776-4791-ac30-4c9ca5619503,Game8,Ego4D / 62c4bc58-3776-4791-ac30-4c9ca5619503 / Game8,Kevin,"Kevin claims to be the Seer and confirms Jessica as the Minion, while Jessica claims to be the Minion and asserts that no Werewolves are in play. This joint effort to convince the group that the Werewolf is in the center and that no one should be voted out is a common strategy for Team Werewolf to avoid elimination. If the Werewolf were actually in the center, the Minion would want the village to vote someone out to prevent the 'no one dies' win condition for Team Village. Therefore, it is highly likely that Kevin is the Werewolf and Jessica is the Minion.",62c4bc58-3776-4791-ac30-4c9ca5619503_Game8,"[""Kevin"", ""Kaelan"", ""Jessica"", ""Daniel""]","[""Seer"", ""Drunk"", ""Minion"", ""Center Card""]",False,circle,[],player_vote,Kevin,Kevin,Kevin,0.0,Seer,False,False
C:\Users\annab\Documents\GitHub\masters_thesis_sdg\results\voting\unsloth_gemma-4-31B-it-unsloth-bnb-4bit\prompt_v4_t0\Ego4D\62c4bc58-3776-4791-ac30-4c9ca5619503_Game9.json,greedy_t0,0,greedy,0.0,prompt_v4_t0,Ego4D,62c4bc58-3776-4791-ac30-4c9ca5619503,Game9,Ego4D / 62c4bc58-3776-4791-ac30-4c9ca5619503 / Game9,Daniel,"Daniel claims to be the Robber and states that when he robbed Jessica, the Robber card was 'there'. This is a logical contradiction because the Robber swaps their own card with another player's; if Daniel were the Robber, he would have given the Robber card to Jessica, not found it on her. This inconsistency, combined with his confusing statement 'I robbed my own card', strongly suggests he is lying about his role to hide that he is a Werewolf.",62c4bc58-3776-4791-ac30-4c9ca5619503_Game9,"[""Kevin"", ""Kaelan"", ""Jessica"", ""Daniel""]","[""Troublemaker"", ""Robber"", ""Werewolf"", ""Doppelganger""]",True,player,"[""Jessica""]",player_vote,Daniel,Daniel,Daniel,3.0,Doppelganger,False,False
C:\Users\annab\Documents\GitHub\masters_thesis_sdg\results\voting\unsloth_gemma-4-31B-it-unsloth-bnb-4bit\prompt_v4_t0\Ego4D\64076f60-f3fc-4ee6-93e1-3489d8ec7b12_Game3.json,greedy_t0,0,greedy,0.0,prompt_v4_t0,Ego4D,64076f60-f3fc-4ee6-93e1-3489d8ec7b12,Game3,Ego4D / 64076f60-f3fc-4ee6-93e1-3489d8ec7b12 / Game3,Brent,"According to the post-game reveals in the transcript, Jack started as the Werewolf. Hailey, acting as the Robber, swapped cards with Jack, which made Hailey the Werewolf. Subsequently, Erin, acting as the Troublemaker, swapped Hailey's card with Brent's, meaning Brent ended the night as the Werewolf.",64076f60-f3fc-4ee6-93e1-3489d8ec7b12_Game3,"[""Erin"", ""Sebastian"", ""Jack"", ""Brent"", ""Hailey""]","[""Troublemaker"", ""Moderator"", ""Robber"", ""Werewolf"", ""Villager""]",True,player,"[""Brent""]",player_vote,Brent,Brent,Brent,3.0,Werewolf,True,False
C:\Users\annab\Documents\GitHub\masters_thesis_sdg\results\voting\unsloth_gemma-4-31B-it-unsloth-bnb-4bit\prompt_v4_t0\Ego4D\698f6bbe-4347-4a06-bd5d-3482f5e4fbbe_Game1.json,greedy_t0,0,greedy,0.0,prompt_v4_t0,Ego4D,698f6bbe-4347-4a06-bd5d-3482f5e4fbbe,Game1,Ego4D / 698f6bbe-4347-4a06-bd5d-3482f5e4fbbe / Game1,Elliot,"James claims he was the Werewolf and that Elliot, acting as the Robber, swapped cards with him, which would make Elliot the Werewolf. Elliot confirms that he was the Robber and swapped with James. While James's behavior is erratic and potentially indicative of the Tanner or a bluffing Werewolf, the most direct path to identifying a Werewolf based on the players' claims is that the Werewolf card moved from James to Elliot during the Robber's action.",698f6bbe-4347-4a06-bd5d-3482f5e4fbbe_Game1,"[""Elliot"", ""Ashley"", ""James"", ""Chris"", ""Sukeshi"", ""Sian""]","[""Werewolf"", ""Werewolf"", ""Robber"", ""Drunk"", ""Troublemaker"", ""Seer""]",True,player,"[""Elliot"", ""Ashley""]",player_vote,Elliot,Elliot,Elliot,0.0,Werewolf,True,False
C:\Users\annab\Documents\GitHub\masters_thesis_sdg\results\voting\unsloth_gemma-4-31B-it-unsloth-bnb-4bit\prompt_v4_t0\Ego4D\698f6bbe-4347-4a06-bd5d-3482f5e4fbbe_Game2.json,greedy_t0,0,greedy,0.0,prompt_v4_t0,Ego4D,698f6bbe-4347-4a06-bd5d-3482f5e4fbbe,Game2,Ego4D / 698f6bbe-4347-4a06-bd5d-3482f5e4fbbe / Game2,Ashley,"Sukeshi's blatant admissions of being a werewolf ('I'm definitely a werewolf') are classic behavior for the Tanner, who wins by being voted out. Ashley is aggressively pushing the group to vote for Sukeshi, which is a common strategy for a Werewolf to ensure the Tanner is eliminated instead of themselves. Since the Tanner's victory would mean the Village loses, and Ashley is the primary driver of the vote toward the Tanner, Ashley is the most likely Werewolf.",698f6bbe-4347-4a06-bd5d-3482f5e4fbbe_Game2,"[""Elliot"", ""Ashley"", ""James"", ""Chris"", ""Sukeshi"", ""Sian""]","[""Seer"", ""Troublemaker"", ""Hunter"", ""Villager"", ""Werewolf"", ""Robber""]",True,player,"[""Sukeshi""]",player_vote,Ashley,Ashley,Ashley,1.0,Troublemaker,False,False
C:\Users\annab\Documents\GitHub\masters_thesis_sdg\results\voting\unsloth_gemma-4-31B-it-unsloth-bnb-4bit\prompt_v4_t0\Ego4D\698f6bbe-4347-4a06-bd5d-3482f5e4fbbe_Game3.json,greedy_t0,0,greedy,0.0,prompt_v4_t0,Ego4D,698f6bbe-4347-4a06-bd5d-3482f5e4fbbe,Game3,Ego4D / 698f6bbe-4347-4a06-bd5d-3482f5e4fbbe / Game3,James,"Sukeshi, claiming to be the Seer, stated that she saw two Werewolf cards in the center. She reasoned that since James (the Drunk) swapped his card with one from the center, James must now be a Werewolf. The other players accepted this logic, and James did not provide a convincing counter-argument, leading the group to target him.",698f6bbe-4347-4a06-bd5d-3482f5e4fbbe_Game3,"[""Elliot"", ""Ashley"", ""James"", ""Chris"", ""Sukeshi"", ""Sian""]","[""Robber"", ""Troublemaker"", ""Werewolf"", ""Hunter"", ""Villager"", ""Seer""]",True,player,"[""James""]",player_vote,James,James,James,2.0,Werewolf,True,False
C:\Users\annab\Documents\GitHub\masters_thesis_sdg\results\voting\unsloth_gemma-4-31B-it-unsloth-bnb-4bit\prompt_v4_t0\Youtube\Flashback##ONE#NIGHT#ULTIMATE#WEREWOLF##Retro#9_Game1.json,greedy_t0,0,greedy,0.0,prompt_v4_t0,Youtube,Flashback##ONE#NIGHT#ULTIMATE#WEREWOLF##Retro#9,Game1,Youtube / Flashback##ONE#NIGHT#ULTIMATE#WEREWOLF##Retro#9 / Game1,Justin,"Justin provides two contradictory role claims during the discussion. At [46], he claims to be the Seer to confirm James's role as the Robber, but at [107], he claims he was the Insomniac while defending Mitchell. This inconsistency is a strong indicator of deception, making Justin the most likely Werewolf.",Flashback##ONE#NIGHT#ULTIMATE#WEREWOLF##Retro#9_Game1,"[""Justin"", ""Laura"", ""Paul"", ""James"", ""Mitchell""]","[""Werewolf"", ""Villager"", ""Robber"", ""Villager"", ""Insomniac""]",True,player,"[""Justin""]",player_vote,Justin,Justin,Justin,0.0,Werewolf,True,False
C:\Users\annab\Documents\GitHub\masters_thesis_sdg\results\voting\unsloth_gemma-4-31B-it-unsloth-bnb-4bit\prompt_v4_t0\Youtube\Flashback##ONE#NIGHT#ULTIMATE#WEREWOLF##Retro#9_Game2.json,greedy_t0,0,greedy,0.0,prompt_v4_t0,Youtube,Flashback##ONE#NIGHT#ULTIMATE#WEREWOLF##Retro#9,Game2,Youtube / Flashback##ONE#NIGHT#ULTIMATE#WEREWOLF##Retro#9 / Game2,James,"James admitted to being the Werewolf during the discussion ([114]), although he later claimed he was joking or testing the other players ([138]). Mitchell, claiming to be the Seer, stated that the Robber and Insomniac cards were in the center ([104]), which implies the Werewolf must be among the players. Justin, claiming to be the Troublemaker, switched Paul and Mitchell, but explicitly stated he did not switch James ([119]), meaning James's role remained unchanged. Given the contradictions in James's claims and the supporting information from Mitchell and Justin, James is the most likely Werewolf.",Flashback##ONE#NIGHT#ULTIMATE#WEREWOLF##Retro#9_Game2,"[""Justin"", ""Laura"", ""Paul"", ""James"", ""Mitchell""]","[""Troublemaker"", ""Werewolf"", ""Seer"", ""Villager"", ""Villager""]",True,player,"[""Laura""]",player_vote,James,James,James,3.0,Villager,False,False
C:\Users\annab\Documents\GitHub\masters_thesis_sdg\results\voting\unsloth_gemma-4-31B-it-unsloth-bnb-4bit\prompt_v4_t0\Youtube\Flashback##ONE#NIGHT#ULTIMATE#WEREWOLF##Retro#9_Game3.json,greedy_t0,0,greedy,0.0,prompt_v4_t0,Youtube,Flashback##ONE#NIGHT#ULTIMATE#WEREWOLF##Retro#9,Game3,Youtube / Flashback##ONE#NIGHT#ULTIMATE#WEREWOLF##Retro#9 / Game3,No Werewolf,"Laura claimed to be the Seer and stated she saw a Werewolf in the center. Mitchell confirmed this by claiming he was the Robber and stole from Laura, and Justin claimed to be the Troublemaker who swapped James and Laura. If these claims are true, the Werewolf card is in the center, and the players' final roles are all Village-aligned (Justin as Troublemaker, Paul as Insomniac, Mitchell as Seer, James as Robber, and Laura as Villager). Since the players are in agreement and the information is consistent, it is most likely that no player is currently a Werewolf.",Flashback##ONE#NIGHT#ULTIMATE#WEREWOLF##Retro#9_Game3,"[""Justin"", ""Laura"", ""Paul"", ""James"", ""Mitchell""]","[""Troublemaker"", ""Villager"", ""Robber"", ""Seer"", ""Werewolf""]",True,player,"[""Mitchell""]",circle_vote,No Werewolf,,,,,False,True
C:\Users\annab\Documents\GitHub\masters_thesis_sdg\results\voting\unsloth_gemma-4-31B-it-unsloth-bnb-4bit\prompt_v4_t0\Youtube\Flashback##ONE#NIGHT#ULTIMATE#WEREWOLF##Retro#9_Game4.json,greedy_t0,0,greedy,0.0,prompt_v4_t0,Youtube,Flashback##ONE#NIGHT#ULTIMATE#WEREWOLF##Retro#9,Game4,Youtube / Flashback##ONE#NIGHT#ULTIMATE#WEREWOLF##Retro#9 / Game4,Paul,"James claims to be the Seer and specifically identifies Paul as having a 'brown' (Werewolf) card. Paul claims to be the Robber, but since the Seer acts before the Robber in the night phase, James would have seen Paul's starting role. If James is telling the truth, Paul cannot be the Robber and is instead the Werewolf. Paul's attempt to deflect suspicion onto Laura further suggests he is bluffing to avoid elimination.",Flashback##ONE#NIGHT#ULTIMATE#WEREWOLF##Retro#9_Game4,"[""Justin"", ""Laura"", ""Paul"", ""James"", ""Mitchell""]","[""Troublemaker"", ""Villager"", ""Villager"", ""Seer"", ""Robber""]",False,circle,[],player_vote,Paul,Paul,Paul,2.0,Villager,False,False
C:\Users\annab\Documents\GitHub\masters_thesis_sdg\results\voting\unsloth_gemma-4-31B-it-unsloth-bnb-4bit\prompt_v4_t0\Youtube\Flashback##ONE#NIGHT#ULTIMATE#WEREWOLF##Retro#9_Game5.json,greedy_t0,0,greedy,0.0,prompt_v4_t0,Youtube,Flashback##ONE#NIGHT#ULTIMATE#WEREWOLF##Retro#9,Game5,Youtube / Flashback##ONE#NIGHT#ULTIMATE#WEREWOLF##Retro#9 / Game5,Mitchell,"Paul claims to be the Troublemaker and states he swapped the cards of Laura and Mitchell. Laura admits that she was the Werewolf, which implies that after the swap, Mitchell became the Werewolf. Although there is a conflict between James (who claims to be the Seer and saw the Insomniac in the center) and Justin (who claims to be the Insomniac), the swap evidence strongly points to Mitchell as the current Werewolf.",Flashback##ONE#NIGHT#ULTIMATE#WEREWOLF##Retro#9_Game5,"[""Justin"", ""Laura"", ""Paul"", ""James"", ""Mitchell""]","[""Insomniac"", ""Werewolf"", ""Werewolf"", ""Seer"", ""Villager""]",True,player,"[""Laura"", ""Paul""]",player_vote,Mitchell,Mitchell,Mitchell,4.0,Villager,False,False
C:\Users\annab\Documents\GitHub\masters_thesis_sdg\results\voting\unsloth_gemma-4-31B-it-unsloth-bnb-4bit\prompt_v4_t0\Youtube\One#Night#Ultimate#Love#Letter##ONE#NIGHT#ULTIMATE#WEREWOLF_Game2.json,greedy_t0,0,greedy,0.0,prompt_v4_t0,Youtube,One#Night#Ultimate#Love#Letter##ONE#NIGHT#ULTIMATE#WEREWOLF,Game2,Youtube / One#Night#Ultimate#Love#Letter##ONE#NIGHT#ULTIMATE#WEREWOLF / Game2,Justin,"Tyler claimed to be the Seer and identified Mitchell as the Werewolf, which Mitchell eventually admitted ('I was the werewolf'). However, Mitchell also claimed that Justin robbed him, which would mean Justin is now the Werewolf. Justin's claims are highly contradictory; he first claimed to be the Troublemaker but later stated he 'didn't switch anybody,' which is impossible as the Troublemaker must swap two other players. This inconsistency suggests Justin is either the starting Werewolf or the Robber who stole the Werewolf card, making him the most likely target for Team Village.",One#Night#Ultimate#Love#Letter##ONE#NIGHT#ULTIMATE#WEREWOLF_Game2,"[""Justin"", ""Mitchell"", ""Paul"", ""Tyler""]","[""Troublemaker"", ""Werewolf"", ""Werewolf"", ""Seer""]",True,player,"[""Mitchell"", ""Paul""]",player_vote,Justin,Justin,Justin,0.0,Troublemaker,False,False
C:\Users\annab\Documents\GitHub\masters_thesis_sdg\results\voting\unsloth_gemma-4-31B-it-unsloth-bnb-4bit\prompt_v4_t0\Youtube\One#Night#Ultimate#Love#Letter##ONE#NIGHT#ULTIMATE#WEREWOLF_Game3.json,greedy_t0,0,greedy,0.0,prompt_v4_t0,Youtube,One#Night#Ultimate#Love#Letter##ONE#NIGHT#ULTIMATE#WEREWOLF,Game3,Youtube / One#Night#Ultimate#Love#Letter##ONE#NIGHT#ULTIMATE#WEREWOLF / Game3,Justin,"Both Justin and Tyler admit to being Werewolves (or copying the role). Tyler states he woke up with Justin, and Justin claims he copycatted into a Werewolf. Paul claims to be the Troublemaker and says he swapped the two of them, which would mean they both remain Werewolves regardless of the swap. Therefore, voting for Justin (or Tyler) will result in a win for Team Village.",One#Night#Ultimate#Love#Letter##ONE#NIGHT#ULTIMATE#WEREWOLF_Game3,"[""Justin"", ""Mitchell"", ""Paul"", ""Tyler""]","[""Werewolf"", ""Seer"", ""Troublemaker"", ""Werewolf""]",True,player,"[""Justin"", ""Tyler""]",player_vote,Justin,Justin,Justin,0.0,Werewolf,True,False
C:\Users\annab\Documents\GitHub\masters_thesis_sdg\results\voting\unsloth_gemma-4-31B-it-unsloth-bnb-4bit\prompt_v4_t0\Youtube\One#Night#Ultimate#Love#Letter##ONE#NIGHT#ULTIMATE#WEREWOLF_Game7.json,greedy_t0,0,greedy,0.0,prompt_v4_t0,Youtube,One#Night#Ultimate#Love#Letter##ONE#NIGHT#ULTIMATE#WEREWOLF,Game7,Youtube / One#Night#Ultimate#Love#Letter##ONE#NIGHT#ULTIMATE#WEREWOLF / Game7,No Werewolf,"Tyler claims to be the Seer and states he saw cards in the middle. Specifically, he mentions seeing a Copycat and a Werewolf in the center, which he uses to argue that Justin is lying about being the Copycat. If Tyler is the Seer and saw the Werewolf card in the center, then no player is currently a Werewolf. According to the rules, Team Village wins if no player is a Werewolf and no one is voted out.",One#Night#Ultimate#Love#Letter##ONE#NIGHT#ULTIMATE#WEREWOLF_Game7,"[""Justin"", ""Mitchell"", ""Paul"", ""Tyler""]","[""Werewolf"", ""Tanner"", ""Troublemaker"", ""Drunk""]",True,player,"[""Justin""]",circle_vote,No Werewolf,,,,,False,True
C:\Users\annab\Documents\GitHub\masters_thesis_sdg\results\voting\unsloth_gemma-4-31B-it-unsloth-bnb-4bit\prompt_v4_t0\Youtube\ONE#NIGHT#ULTIMATE#WEREWOLF##Retro#1_Game1.json,greedy_t0,0,greedy,0.0,prompt_v4_t0,Youtube,ONE#NIGHT#ULTIMATE#WEREWOLF##Retro#1,Game1,Youtube / ONE#NIGHT#ULTIMATE#WEREWOLF##Retro#1 / Game1,Mitchell,"Mitchell claimed to be the Troublemaker and stated that he switched his own card with Alvin's. However, the game rules explicitly state that the Troublemaker swaps the cards of two other players, meaning they cannot swap their own card. This contradiction indicates that Mitchell is lying about his role, making him the most likely candidate for the Werewolf.",ONE#NIGHT#ULTIMATE#WEREWOLF##Retro#1_Game1,"[""Justin"", ""Alvin"", ""James"", ""Mitchell""]","[""Villager"", ""Villager"", ""Robber"", ""Werewolf""]",True,player,"[""Mitchell""]",player_vote,Mitchell,Mitchell,Mitchell,3.0,Werewolf,True,False
C:\Users\annab\Documents\GitHub\masters_thesis_sdg\results\voting\unsloth_gemma-4-31B-it-unsloth-bnb-4bit\prompt_v4_t0\Youtube\ONE#NIGHT#ULTIMATE#WEREWOLF##Retro#1_Game10.json,greedy_t0,0,greedy,0.0,prompt_v4_t0,Youtube,ONE#NIGHT#ULTIMATE#WEREWOLF##Retro#1,Game10,Youtube / ONE#NIGHT#ULTIMATE#WEREWOLF##Retro#1 / Game10,Justin,"Alvin claimed to be the Seer and identified Justin as the Werewolf. Both James and Mitchell claimed to be the Robber and both corroborated that Alvin was indeed the Seer (though they conflicted on who actually performed the robbery). Justin did not provide a strong counter-claim and eventually sarcastically admitted to being the Werewolf, making him the most likely target for Team Village.",ONE#NIGHT#ULTIMATE#WEREWOLF##Retro#1_Game10,"[""Justin"", ""Alvin"", ""James"", ""Mitchell""]","[""Robber"", ""Seer"", ""Tanner"", ""Werewolf""]",True,player,"[""Mitchell""]",player_vote,Justin,Justin,Justin,0.0,Robber,False,False
C:\Users\annab\Documents\GitHub\masters_thesis_sdg\results\voting\unsloth_gemma-4-31B-it-unsloth-bnb-4bit\prompt_v4_t0\Youtube\ONE#NIGHT#ULTIMATE#WEREWOLF##Retro#1_Game2.json,greedy_t0,0,greedy,0.0,prompt_v4_t0,Youtube,ONE#NIGHT#ULTIMATE#WEREWOLF##Retro#1,Game2,Youtube / ONE#NIGHT#ULTIMATE#WEREWOLF##Retro#1 / Game2,Justin,"James is exhibiting classic Tanner behavior by repeatedly begging to be voted out ('gank me'), which suggests he is not the Werewolf. Justin is the only player claiming a power role (Troublemaker) and is actively directing the narrative to create confusion between James and Mitchell, a common strategy for a Werewolf. Mitchell's contradictory claims about being a Villager and then a Werewolf suggest confusion rather than a calculated Werewolf strategy. Therefore, Justin is the most likely Werewolf.",ONE#NIGHT#ULTIMATE#WEREWOLF##Retro#1_Game2,"[""Justin"", ""Alvin"", ""James"", ""Mitchell""]","[""Werewolf"", ""Villager"", ""Robber"", ""Villager""]",True,player,"[""Justin""]",player_vote,Justin,Justin,Justin,0.0,Werewolf,True,False
C:\Users\annab\Documents\GitHub\masters_thesis_sdg\results\voting\unsloth_gemma-4-31B-it-unsloth-bnb-4bit\prompt_v4_t0\Youtube\ONE#NIGHT#ULTIMATE#WEREWOLF##Retro#1_Game3.json,greedy_t0,0,greedy,0.0,prompt_v4_t0,Youtube,ONE#NIGHT#ULTIMATE#WEREWOLF##Retro#1,Game3,Youtube / ONE#NIGHT#ULTIMATE#WEREWOLF##Retro#1 / Game3,Justin,"Alvin claims to be the Seer and explicitly states that he looked at Justin's card and saw it was a Werewolf. Justin denies this, claiming to be a Villager, but provides no evidence to support his claim. Both James and Mitchell eventually decide to trust Alvin's information and agree to vote for Justin. Since there are no other conflicting claims to the Seer role or evidence of card swaps that would change Justin's role, Justin is the most likely Werewolf.",ONE#NIGHT#ULTIMATE#WEREWOLF##Retro#1_Game3,"[""Justin"", ""Alvin"", ""James"", ""Mitchell""]","[""Robber"", ""Seer"", ""Villager"", ""Werewolf""]",True,player,"[""Mitchell""]",player_vote,Justin,Justin,Justin,0.0,Robber,False,False
C:\Users\annab\Documents\GitHub\masters_thesis_sdg\results\voting\unsloth_gemma-4-31B-it-unsloth-bnb-4bit\prompt_v4_t0\Youtube\ONE#NIGHT#ULTIMATE#WEREWOLF##Retro#1_Game4.json,greedy_t0,0,greedy,0.0,prompt_v4_t0,Youtube,ONE#NIGHT#ULTIMATE#WEREWOLF##Retro#1,Game4,Youtube / ONE#NIGHT#ULTIMATE#WEREWOLF##Retro#1 / Game4,James,"James is the most suspicious player because he contradicted his own role claim. He initially claimed to be a villager (transcript [80]), but later claimed to be the Seer (transcript [93]). His subsequent claim that he saw a Werewolf and a Troublemaker in the center (transcript [119]) is likely a bluff to convince the group that no player is a Werewolf, which is a common strategy for a Werewolf to avoid elimination.",ONE#NIGHT#ULTIMATE#WEREWOLF##Retro#1_Game4,"[""Justin"", ""Alvin"", ""James"", ""Mitchell""]","[""Robber"", ""Seer"", ""Villager"", ""Werewolf""]",True,player,"[""Mitchell""]",player_vote,James,James,James,2.0,Villager,False,False
C:\Users\annab\Documents\GitHub\masters_thesis_sdg\results\voting\unsloth_gemma-4-31B-it-unsloth-bnb-4bit\prompt_v4_t0\Youtube\ONE#NIGHT#ULTIMATE#WEREWOLF##Retro#1_Game5.json,greedy_t0,0,greedy,0.0,prompt_v4_t0,Youtube,ONE#NIGHT#ULTIMATE#WEREWOLF##Retro#1,Game5,Youtube / ONE#NIGHT#ULTIMATE#WEREWOLF##Retro#1 / Game5,Mitchell,"Mitchell claims to be the Seer and asserts that Alvin is not the Drunk, while Alvin explicitly claims to be the Drunk. Mitchell's behavior is highly suspicious, characterized by 'slow rolling' information and using hesitant phrasing like 'if you believe me,' which leads the other players to distrust him. Given the contradictions and the social dynamics of the discussion, Mitchell is the most likely candidate to be the Werewolf attempting to frame Alvin.",ONE#NIGHT#ULTIMATE#WEREWOLF##Retro#1_Game5,"[""Justin"", ""Alvin"", ""James"", ""Mitchell""]","[""Villager"", ""Robber"", ""Villager"", ""Werewolf""]",True,player,"[""Mitchell""]",player_vote,Mitchell,Mitchell,Mitchell,3.0,Werewolf,True,False
C:\Users\annab\Documents\GitHub\masters_thesis_sdg\results\voting\unsloth_gemma-4-31B-it-unsloth-bnb-4bit\prompt_v4_t0\Youtube\ONE#NIGHT#ULTIMATE#WEREWOLF##Retro#1_Game6.json,greedy_t0,0,greedy,0.0,prompt_v4_t0,Youtube,ONE#NIGHT#ULTIMATE#WEREWOLF##Retro#1,Game6,Youtube / ONE#NIGHT#ULTIMATE#WEREWOLF##Retro#1 / Game6,No Werewolf,"James claims to be the Hunter, and Alvin claims to be the Seer who verified James. Justin claims to be the Robber who swapped cards with Alvin, which allows him to verify that Alvin was the Seer. This creates a consistent chain of roles (Hunter, Seer, Robber) for three of the four players. Mitchell claims to be a Villager, and there is no evidence to suggest he is a Werewolf; given the consistency of the other three roles, it is highly probable that the Werewolf card is in the center.",ONE#NIGHT#ULTIMATE#WEREWOLF##Retro#1_Game6,"[""Justin"", ""Alvin"", ""James"", ""Mitchell""]","[""Werewolf"", ""Seer"", ""Hunter"", ""Robber""]",True,player,"[""Justin""]",circle_vote,No Werewolf,,,,,False,True
C:\Users\annab\Documents\GitHub\masters_thesis_sdg\results\voting\unsloth_gemma-4-31B-it-unsloth-bnb-4bit\prompt_v4_t0\Youtube\ONE#NIGHT#ULTIMATE#WEREWOLF##Retro#1_Game7.json,greedy_t0,0,greedy,0.0,prompt_v4_t0,Youtube,ONE#NIGHT#ULTIMATE#WEREWOLF##Retro#1,Game7,Youtube / ONE#NIGHT#ULTIMATE#WEREWOLF##Retro#1 / Game7,James,"James explicitly admitted to being the Werewolf multiple times, stating, 'I really put myself up in a poor position here by admitting I'm the werewolf.' This admission is corroborated by Justin, who claimed to be the Seer and stated he saw James's card as a Werewolf. Although there was some confusion regarding the Robber and Drunk roles between Alvin and Mitchell, James's own confession is the most definitive piece of evidence.",ONE#NIGHT#ULTIMATE#WEREWOLF##Retro#1_Game7,"[""Justin"", ""Alvin"", ""James"", ""Mitchell""]","[""Seer"", ""Drunk"", ""Werewolf"", ""Werewolf""]",True,player,"[""James"", ""Mitchell""]",player_vote,James,James,James,2.0,Werewolf,True,False
C:\Users\annab\Documents\GitHub\masters_thesis_sdg\results\voting\unsloth_gemma-4-31B-it-unsloth-bnb-4bit\prompt_v4_t0\Youtube\ONE#NIGHT#ULTIMATE#WEREWOLF##Retro#1_Game8.json,greedy_t0,0,greedy,0.0,prompt_v4_t0,Youtube,ONE#NIGHT#ULTIMATE#WEREWOLF##Retro#1,Game8,Youtube / ONE#NIGHT#ULTIMATE#WEREWOLF##Retro#1 / Game8,Alvin,"Alvin is the most suspicious player due to a blatant contradiction in his role claims. He initially claimed to be the Seer (Line 26), but later changed his claim to be the Robber (Line 89) to explain how he knew James was a villager. Since only one player can be the Robber and Justin consistently claimed that role from the start, Alvin's flip is a strong indicator of deception, likely to divert suspicion toward Mitchell.",ONE#NIGHT#ULTIMATE#WEREWOLF##Retro#1_Game8,"[""Justin"", ""Alvin"", ""James"", ""Mitchell""]","[""Villager"", ""Werewolf"", ""Robber"", ""Werewolf""]",True,player,"[""Alvin"", ""Mitchell""]",player_vote,Alvin,Alvin,Alvin,1.0,Werewolf,True,False
C:\Users\annab\Documents\GitHub\masters_thesis_sdg\results\voting\unsloth_gemma-4-31B-it-unsloth-bnb-4bit\prompt_v4_t0\Youtube\ONE#NIGHT#ULTIMATE#WEREWOLF##Retro#1_Game9.json,greedy_t0,0,greedy,0.0,prompt_v4_t0,Youtube,ONE#NIGHT#ULTIMATE#WEREWOLF##Retro#1,Game9,Youtube / ONE#NIGHT#ULTIMATE#WEREWOLF##Retro#1 / Game9,Justin,"Justin claims to be the Seer after Mitchell already made that claim, and he specifically states he saw a Werewolf in the center. This is a common bluff used by Werewolves to convince the Village that no player is a Werewolf, which would lead to a 'No Werewolf' vote and a Werewolf victory. Furthermore, Justin attempts to frame Mitchell as the Tanner to divert suspicion and encourage a vote that would either result in no one being eliminated or the Tanner winning, both of which benefit a Werewolf.",ONE#NIGHT#ULTIMATE#WEREWOLF##Retro#1_Game9,"[""Justin"", ""Alvin"", ""James"", ""Mitchell""]","[""Seer"", ""Robber"", ""Villager"", ""Werewolf""]",True,player,"[""Mitchell""]",player_vote,Justin,Justin,Justin,0.0,Seer,False,False
C:\Users\annab\Documents\GitHub\masters_thesis_sdg\results\voting\unsloth_gemma-4-31B-it-unsloth-bnb-4bit\prompt_v4_t0\Youtube\ONE#NIGHT#ULTIMATE#WEREWOLF##Retro#2_Game1.json,greedy_t0,0,greedy,0.0,prompt_v4_t0,Youtube,ONE#NIGHT#ULTIMATE#WEREWOLF##Retro#2,Game1,Youtube / ONE#NIGHT#ULTIMATE#WEREWOLF##Retro#2 / Game1,Caitlynn,"Justin admits he started as the only Werewolf and saw the Robber card in the center. Dan claims to be the Troublemaker and states he swapped Justin and Caitlynn. Mitchell, claiming to be the Seer, confirms that Justin is being honest. If these claims are true, Justin's Werewolf card was moved to Caitlynn, making her the current Werewolf.",ONE#NIGHT#ULTIMATE#WEREWOLF##Retro#2_Game1,"[""Justin"", ""Dan"", ""Mitchell"", ""Caitlynn"", ""Mike""]","[""Villager"", ""Troublemaker"", ""Seer"", ""Werewolf"", ""Villager""]",True,player,"[""Caitlynn""]",player_vote,Caitlynn,Caitlynn,Caitlynn,3.0,Werewolf,True,False
C:\Users\annab\Documents\GitHub\masters_thesis_sdg\results\voting\unsloth_gemma-4-31B-it-unsloth-bnb-4bit\prompt_v4_t0\Youtube\ONE#NIGHT#ULTIMATE#WEREWOLF##Retro#2_Game2.json,greedy_t0,0,greedy,0.0,prompt_v4_t0,Youtube,ONE#NIGHT#ULTIMATE#WEREWOLF##Retro#2,Game2,Youtube / ONE#NIGHT#ULTIMATE#WEREWOLF##Retro#2 / Game2,Mike,"Based on the public discussion, four of the five players have claimed village-aligned roles: Justin claims to be the Seer, Caitlynn claims to be the Robber, and both Dan and Mitchell claim to be Villagers. Mike is the only player who has not claimed a specific role and has instead spent the discussion facilitating others' claims or making confusing statements. In a game with five players where four claim village roles, the player without a claim is the most likely candidate for the Werewolf.",ONE#NIGHT#ULTIMATE#WEREWOLF##Retro#2_Game2,"[""Justin"", ""Dan"", ""Mitchell"", ""Caitlynn"", ""Mike""]","[""Villager"", ""Seer"", ""Robber"", ""Villager"", ""Troublemaker""]",False,circle,[],player_vote,Mike,Mike,Mike,4.0,Troublemaker,False,False
C:\Users\annab\Documents\GitHub\masters_thesis_sdg\results\voting\unsloth_gemma-4-31B-it-unsloth-bnb-4bit\prompt_v4_t0\Youtube\ONE#NIGHT#ULTIMATE#WEREWOLF##Retro#2_Game3.json,greedy_t0,0,greedy,0.0,prompt_v4_t0,Youtube,ONE#NIGHT#ULTIMATE#WEREWOLF##Retro#2,Game3,Youtube / ONE#NIGHT#ULTIMATE#WEREWOLF##Retro#2 / Game3,Justin,"Justin explicitly admitted to being a werewolf during the discussion ('I was a werewolf'), and later agreed with Mitchell's assertion that he is a werewolf. While this could potentially be a Tanner bluff, based on the public transcript, he is the only player who has identified as a werewolf. Mitchell and Mike claimed the Robber and Troublemaker roles respectively, and Caitlynn and Dan claimed to be villagers, leaving Justin as the primary suspect.",ONE#NIGHT#ULTIMATE#WEREWOLF##Retro#2_Game3,"[""Justin"", ""Dan"", ""Mitchell"", ""Caitlynn"", ""Mike""]","[""Werewolf"", ""Villager"", ""Robber"", ""Villager"", ""Troublemaker""]",True,player,"[""Justin""]",player_vote,Justin,Justin,Justin,0.0,Werewolf,True,False
C:\Users\annab\Documents\GitHub\masters_thesis_sdg\results\voting\unsloth_gemma-4-31B-it-unsloth-bnb-4bit\prompt_v4_t0\Youtube\ONE#NIGHT#ULTIMATE#WEREWOLF##Retro#2_Game4.json,greedy_t0,0,greedy,0.0,prompt_v4_t0,Youtube,ONE#NIGHT#ULTIMATE#WEREWOLF##Retro#2,Game4,Youtube / ONE#NIGHT#ULTIMATE#WEREWOLF##Retro#2 / Game4,Mike,"Dan explicitly claims to be the Seer and identifies Mike as the Werewolf. Mike's defense is weak, claiming only to be the Troublemaker without providing specific evidence to counter Dan's claim. Other players, including Justin and Caitlynn, appear to believe Dan's accusation, and Justin's vague claims of being a Robber/Seer do not contradict Dan's assertion.",ONE#NIGHT#ULTIMATE#WEREWOLF##Retro#2_Game4,"[""Justin"", ""Dan"", ""Mitchell"", ""Caitlynn"", ""Mike""]","[""Villager"", ""Seer"", ""Villager"", ""Robber"", ""Werewolf""]",True,player,"[""Mike""]",player_vote,Mike,Mike,Mike,4.0,Werewolf,True,False
C:\Users\annab\Documents\GitHub\masters_thesis_sdg\results\voting\unsloth_gemma-4-31B-it-unsloth-bnb-4bit\prompt_v4_t0\Youtube\ONE#NIGHT#ULTIMATE#WEREWOLF##Retro#2_Game5.json,greedy_t0,0,greedy,0.0,prompt_v4_t0,Youtube,ONE#NIGHT#ULTIMATE#WEREWOLF##Retro#2,Game5,Youtube / ONE#NIGHT#ULTIMATE#WEREWOLF##Retro#2 / Game5,Justin,"Caitlynn repeatedly and explicitly claims that she looked at Justin's card and identified him as the Werewolf. Mike supports this claim, and Justin's defense—claiming to be the Seer who saw two Villagers in the center—is a common bluff used by Werewolves to appear aligned with the Village. While Mitchell claims to be the Robber, his actions do not contradict the evidence pointing toward Justin.",ONE#NIGHT#ULTIMATE#WEREWOLF##Retro#2_Game5,"[""Justin"", ""Dan"", ""Mitchell"", ""Caitlynn"", ""Mike""]","[""Robber"", ""Tanner"", ""Seer"", ""Werewolf"", ""Troublemaker""]",True,player,"[""Caitlynn""]",player_vote,Justin,Justin,Justin,0.0,Robber,False,False
C:\Users\annab\Documents\GitHub\masters_thesis_sdg\results\voting\unsloth_gemma-4-31B-it-unsloth-bnb-4bit\prompt_v4_t0\Youtube\ONE#NIGHT#ULTIMATE#WEREWOLF##Retro#2_Game6.json,greedy_t0,0,greedy,0.0,prompt_v4_t0,Youtube,ONE#NIGHT#ULTIMATE#WEREWOLF##Retro#2,Game6,Youtube / ONE#NIGHT#ULTIMATE#WEREWOLF##Retro#2 / Game6,Mitchell,"Dan claims to be the Seer and identifies Justin as a Villager and Mike as the Robber. If Dan is the Seer, Justin's claim to be the Seer is a lie, suggesting Justin was the Werewolf. Caitlynn, claiming to be the Troublemaker, states she swapped Justin and Mitchell. If Justin was the Werewolf and was swapped with Mitchell, Mitchell is now the Werewolf. Caitlynn's final statement that 'Mitchell was a werewolf' further supports voting for Mitchell.",ONE#NIGHT#ULTIMATE#WEREWOLF##Retro#2_Game6,"[""Justin"", ""Dan"", ""Mitchell"", ""Caitlynn"", ""Mike""]","[""Werewolf"", ""Seer"", ""Tanner"", ""Troublemaker"", ""Werewolf""]",True,player,"[""Justin"", ""Mike""]",player_vote,Mitchell,Mitchell,Mitchell,2.0,Tanner,False,False
C:\Users\annab\Documents\GitHub\masters_thesis_sdg\results\voting\unsloth_gemma-4-31B-it-unsloth-bnb-4bit\prompt_v4_t0\Youtube\ONE#NIGHT#ULTIMATE#WEREWOLF##Retro#2_Game7.json,greedy_t0,0,greedy,0.0,prompt_v4_t0,Youtube,ONE#NIGHT#ULTIMATE#WEREWOLF##Retro#2,Game7,Youtube / ONE#NIGHT#ULTIMATE#WEREWOLF##Retro#2 / Game7,Justin,"Justin makes several blatant and contradictory claims about his role throughout the discussion. He initially claims to be the Seer who looked at two cards in the center, but later explicitly claims to be the Robber who switched cards with Dan. This inconsistency is a strong indicator that he is lying to deceive the group, which is typical behavior for a Werewolf attempting to avoid detection.",ONE#NIGHT#ULTIMATE#WEREWOLF##Retro#2_Game7,"[""Justin"", ""Dan"", ""Mitchell"", ""Caitlynn"", ""Mike""]","[""Seer"", ""Robber"", ""Werewolf"", ""Werewolf"", ""Villager""]",True,player,"[""Mitchell"", ""Caitlynn""]",player_vote,Justin,Justin,Justin,0.0,Seer,False,False
C:\Users\annab\Documents\GitHub\masters_thesis_sdg\results\voting\unsloth_gemma-4-31B-it-unsloth-bnb-4bit\prompt_v4_t0\Youtube\ONE#NIGHT#ULTIMATE#WEREWOLF##Retro#2_Game8.json,greedy_t0,0,greedy,0.0,prompt_v4_t0,Youtube,ONE#NIGHT#ULTIMATE#WEREWOLF##Retro#2,Game8,Youtube / ONE#NIGHT#ULTIMATE#WEREWOLF##Retro#2 / Game8,No Werewolf,"Dan claimed to be the Seer and stated that he saw two Werewolf cards in the center of the table. If this is true, no player is a Werewolf, and Team Village wins by voting 'No Werewolf'. Justin's behavior—claiming to be the Robber, then the Drunk, and finally explicitly claiming to be the Tanner—is highly characteristic of a Tanner attempting to attract votes. Since the Seer's information suggests no Werewolves are present among the players, the most logical choice for Team Village to win is to conclude there is no Werewolf.",ONE#NIGHT#ULTIMATE#WEREWOLF##Retro#2_Game8,"[""Justin"", ""Dan"", ""Mitchell"", ""Caitlynn"", ""Mike""]","[""Seer"", ""Werewolf"", ""Robber"", ""Tanner"", ""Villager""]",True,player,"[""Dan""]",circle_vote,No Werewolf,,,,,False,True
C:\Users\annab\Documents\GitHub\masters_thesis_sdg\results\voting\unsloth_gemma-4-31B-it-unsloth-bnb-4bit\prompt_v4_t0\Youtube\ONE#NIGHT#ULTIMATE#WEREWOLF##Retro#3_Game2.json,greedy_t0,0,greedy,0.0,prompt_v4_t0,Youtube,ONE#NIGHT#ULTIMATE#WEREWOLF##Retro#3,Game2,Youtube / ONE#NIGHT#ULTIMATE#WEREWOLF##Retro#3 / Game2,Mike,"Mitchell claims to be the Robber and states he stole a Villager card from Justin, which aligns with Justin's claim of being a Villager. Mike claims to be a Villager but was caught pretending to be the Insomniac to bait others, a common bluffing tactic for Werewolves. Given the contradictions in Mike's behavior and the consensus among the other players, Mike is the most likely Werewolf.",ONE#NIGHT#ULTIMATE#WEREWOLF##Retro#3_Game2,"[""Justin"", ""Mike"", ""James"", ""Mitchell""]","[""Villager"", ""Villager"", ""Robber"", ""Werewolf""]",True,player,"[""Mitchell""]",player_vote,Mike,Mike,Mike,1.0,Villager,False,False
C:\Users\annab\Documents\GitHub\masters_thesis_sdg\results\voting\unsloth_gemma-4-31B-it-unsloth-bnb-4bit\prompt_v4_t0\Youtube\ONE#NIGHT#ULTIMATE#WEREWOLF##Retro#3_Game3.json,greedy_t0,0,greedy,0.0,prompt_v4_t0,Youtube,ONE#NIGHT#ULTIMATE#WEREWOLF##Retro#3,Game3,Youtube / ONE#NIGHT#ULTIMATE#WEREWOLF##Retro#3 / Game3,No Werewolf,"Mitchell claims to be the Seer and states that he saw two werewolves in the center cards. Mike supports this claim by stating he was the Robber and swapped cards with Mitchell, which would confirm Mitchell's starting role as the Seer. If these claims are true, no player currently holds a werewolf card, and Team Village wins if no one is voted out.",ONE#NIGHT#ULTIMATE#WEREWOLF##Retro#3_Game3,"[""Justin"", ""Mike"", ""James"", ""Mitchell""]","[""Villager"", ""Seer"", ""Villager"", ""Robber""]",False,circle,[],circle_vote,No Werewolf,,,,,True,True
C:\Users\annab\Documents\GitHub\masters_thesis_sdg\results\voting\unsloth_gemma-4-31B-it-unsloth-bnb-4bit\prompt_v4_t0\Youtube\ONE#NIGHT#ULTIMATE#WEREWOLF##Retro#3_Game4.json,greedy_t0,0,greedy,0.0,prompt_v4_t0,Youtube,ONE#NIGHT#ULTIMATE#WEREWOLF##Retro#3,Game4,Youtube / ONE#NIGHT#ULTIMATE#WEREWOLF##Retro#3 / Game4,Mike,"Mike claims to be the Robber, but his behavior is highly suspicious; when asked what he stole, he initially responds 'I don't know,' which is impossible for a Robber who sees the card they steal. Mitchell claims he was the Tanner and that Mike stole his card, and James also expresses strong suspicion toward Mike's inconsistencies. Given these contradictions, Mike is the most likely candidate to be the Werewolf bluffing as the Robber.",ONE#NIGHT#ULTIMATE#WEREWOLF##Retro#3_Game4,"[""Justin"", ""Mike"", ""James"", ""Mitchell""]","[""Insomniac"", ""Werewolf"", ""Villager"", ""Tanner""]",True,player,"[""Mike""]",player_vote,Mike,Mike,Mike,1.0,Werewolf,True,False
C:\Users\annab\Documents\GitHub\masters_thesis_sdg\results\voting\unsloth_gemma-4-31B-it-unsloth-bnb-4bit\prompt_v4_t0\Youtube\ONE#NIGHT#ULTIMATE#WEREWOLF##Retro#3_Game5.json,greedy_t0,0,greedy,0.0,prompt_v4_t0,Youtube,ONE#NIGHT#ULTIMATE#WEREWOLF##Retro#3,Game5,Youtube / ONE#NIGHT#ULTIMATE#WEREWOLF##Retro#3 / Game5,James,"James explicitly admits to being the werewolf in the final moments of the discussion ('Mitchell is bullshitting and I am the werewolf so...'). This admission is supported by Justin's claim that he was the Troublemaker and switched James and Mitchell, which would have transferred the werewolf role to James if Mitchell had started as the werewolf. While James could be bluffing as the Tanner, his direct confession makes him the most likely candidate for elimination to ensure a Team Village win.",ONE#NIGHT#ULTIMATE#WEREWOLF##Retro#3_Game5,"[""Justin"", ""Mike"", ""James"", ""Mitchell""]","[""Troublemaker"", ""Werewolf"", ""Villager"", ""Insomniac""]",True,player,"[""Mike""]",player_vote,James,James,James,2.0,Villager,False,False
C:\Users\annab\Documents\GitHub\masters_thesis_sdg\results\voting\unsloth_gemma-4-31B-it-unsloth-bnb-4bit\prompt_v4_t0\Youtube\ONE#NIGHT#ULTIMATE#WEREWOLF##Retro#3_Game6.json,greedy_t0,0,greedy,0.0,prompt_v4_t0,Youtube,ONE#NIGHT#ULTIMATE#WEREWOLF##Retro#3,Game6,Youtube / ONE#NIGHT#ULTIMATE#WEREWOLF##Retro#3 / Game6,No Werewolf,"Mike claims to be the Seer and states he saw two Werewolf cards in the center, which would mean no player is currently a Werewolf. Mitchell supports this by stating he does not believe there is a Werewolf among the players. James and Justin both claim to be the Troublemaker, suggesting one of them is likely the Tanner attempting to deceive the group. Given the specific claim from Mike and the supporting sentiment from Mitchell, the most likely scenario for a Village win is that no Werewolf is present among the players.",ONE#NIGHT#ULTIMATE#WEREWOLF##Retro#3_Game6,"[""Justin"", ""Mike"", ""James"", ""Mitchell""]","[""Insomniac"", ""Werewolf"", ""Troublemaker"", ""Tanner""]",True,player,"[""Mike""]",circle_vote,No Werewolf,,,,,False,True
C:\Users\annab\Documents\GitHub\masters_thesis_sdg\results\voting\unsloth_gemma-4-31B-it-unsloth-bnb-4bit\prompt_v4_t0\Youtube\ONE#NIGHT#ULTIMATE#WEREWOLF##Retro#3_Game7.json,greedy_t0,0,greedy,0.0,prompt_v4_t0,Youtube,ONE#NIGHT#ULTIMATE#WEREWOLF##Retro#3,Game7,Youtube / ONE#NIGHT#ULTIMATE#WEREWOLF##Retro#3 / Game7,Mitchell,"James and Mitchell both claim to have started as the Tanner, but only one Tanner can exist in the game. Mike claims to be the Troublemaker and states he swapped Justin (who claimed Seer) and James. If James was the Tanner and was swapped with the Seer, James is now the Seer and would logically want to identify the Werewolf, which he does by pointing to Mitchell. Furthermore, Mitchell's protest against being voted out is inconsistent with the Tanner's goal of being eliminated, suggesting he is actually the Werewolf bluffing as the Tanner.",ONE#NIGHT#ULTIMATE#WEREWOLF##Retro#3_Game7,"[""Justin"", ""Mike"", ""James"", ""Mitchell""]","[""Tanner"", ""Troublemaker"", ""Seer"", ""Werewolf""]",True,player,"[""Mitchell""]",player_vote,Mitchell,Mitchell,Mitchell,3.0,Werewolf,True,False
C:\Users\annab\Documents\GitHub\masters_thesis_sdg\results\voting\unsloth_gemma-4-31B-it-unsloth-bnb-4bit\prompt_v4_t0\Youtube\ONE#NIGHT#ULTIMATE#WEREWOLF##Retro#3_Game8.json,greedy_t0,0,greedy,0.0,prompt_v4_t0,Youtube,ONE#NIGHT#ULTIMATE#WEREWOLF##Retro#3,Game8,Youtube / ONE#NIGHT#ULTIMATE#WEREWOLF##Retro#3 / Game8,No Werewolf,"James claims to be the Seer and states that he saw werewolves in the center, specifically confirming at least one and suggesting there are two. Justin claims to be the Troublemaker but says he did not swap any cards, and Mitchell claims to be the Insomniac. If these claims are true, no player is a werewolf, and Team Village wins if no one is eliminated.",ONE#NIGHT#ULTIMATE#WEREWOLF##Retro#3_Game8,"[""Justin"", ""Mike"", ""James"", ""Mitchell""]","[""Troublemaker"", ""Insomniac"", ""Seer"", ""Tanner""]",False,circle,[],circle_vote,No Werewolf,,,,,True,True
C:\Users\annab\Documents\GitHub\masters_thesis_sdg\results\voting\unsloth_gemma-4-31B-it-unsloth-bnb-4bit\prompt_v4_t0\Youtube\ONE#NIGHT#ULTIMATE#WEREWOLF##Retro#4_Game10.json,greedy_t0,0,greedy,0.0,prompt_v4_t0,Youtube,ONE#NIGHT#ULTIMATE#WEREWOLF##Retro#4,Game10,Youtube / ONE#NIGHT#ULTIMATE#WEREWOLF##Retro#4 / Game10,Mitchell,"Mike claimed to be the Seer and identified Caitlynn as the Troublemaker, which she confirmed. James claimed to be the Robber, and although there was some confusion regarding Justin's actions, the group collectively concluded that their roles were consistent. Mitchell is the only player who did not claim a role and was the sole target of the group's consensus by the end of the discussion.",ONE#NIGHT#ULTIMATE#WEREWOLF##Retro#4_Game10,"[""Justin"", ""Caitlynn"", ""Mike"", ""James"", ""Mitchell""]","[""Werewolf"", ""Troublemaker"", ""Werewolf"", ""Seer"", ""Robber""]",True,player,"[""Justin"", ""Mike""]",player_vote,Mitchell,Mitchell,Mitchell,4.0,Robber,False,False
C:\Users\annab\Documents\GitHub\masters_thesis_sdg\results\voting\unsloth_gemma-4-31B-it-unsloth-bnb-4bit\prompt_v4_t0\Youtube\ONE#NIGHT#ULTIMATE#WEREWOLF##Retro#4_Game11.json,greedy_t0,0,greedy,0.0,prompt_v4_t0,Youtube,ONE#NIGHT#ULTIMATE#WEREWOLF##Retro#4,Game11,Youtube / ONE#NIGHT#ULTIMATE#WEREWOLF##Retro#4 / Game11,Justin,"Mitchell claims he started as the Minion and identified Justin as the Werewolf. This is corroborated by Caitlynn, who claims she started as the Insomniac and woke up as the Minion, and James, who claims he was the Troublemaker and swapped two players. The most consistent narrative is that James swapped Mitchell (Minion) and Caitlynn (Insomniac), leaving Justin as the Werewolf. While Mike's claim as Seer suggests a Werewolf might be in the center, this is possible if there are two Werewolves in the game or if Mike is bluffing.",ONE#NIGHT#ULTIMATE#WEREWOLF##Retro#4_Game11,"[""Justin"", ""Caitlynn"", ""Mike"", ""James"", ""Mitchell""]","[""Werewolf"", ""Minion"", ""Robber"", ""Troublemaker"", ""Insomniac""]",True,player,"[""Justin""]",player_vote,Justin,Justin,Justin,0.0,Werewolf,True,False
C:\Users\annab\Documents\GitHub\masters_thesis_sdg\results\voting\unsloth_gemma-4-31B-it-unsloth-bnb-4bit\prompt_v4_t0\Youtube\ONE#NIGHT#ULTIMATE#WEREWOLF##Retro#4_Game3.json,greedy_t0,0,greedy,0.0,prompt_v4_t0,Youtube,ONE#NIGHT#ULTIMATE#WEREWOLF##Retro#4,Game3,Youtube / ONE#NIGHT#ULTIMATE#WEREWOLF##Retro#4 / Game3,Mitchell,"Mike claims to be the Seer and identifies Mitchell as the Werewolf. James's claim of being the Insomniac who woke up as the Seer suggests a card swap occurred, which is supported by Justin's hint at having 'switched' players (likely as the Troublemaker). This makes Mike's initial information as the Seer reliable, while Mitchell's claim to be the Seer is a likely bluff by the Werewolf to avoid elimination.",ONE#NIGHT#ULTIMATE#WEREWOLF##Retro#4_Game3,"[""Justin"", ""Caitlynn"", ""Mike"", ""James"", ""Mitchell""]","[""Troublemaker"", ""Werewolf"", ""Insomniac"", ""Seer"", ""Werewolf""]",True,player,"[""Caitlynn"", ""Mitchell""]",player_vote,Mitchell,Mitchell,Mitchell,4.0,Werewolf,True,False
C:\Users\annab\Documents\GitHub\masters_thesis_sdg\results\voting\unsloth_gemma-4-31B-it-unsloth-bnb-4bit\prompt_v4_t0\Youtube\ONE#NIGHT#ULTIMATE#WEREWOLF##Retro#4_Game4.json,greedy_t0,0,greedy,0.0,prompt_v4_t0,Youtube,ONE#NIGHT#ULTIMATE#WEREWOLF##Retro#4,Game4,Youtube / ONE#NIGHT#ULTIMATE#WEREWOLF##Retro#4 / Game4,Mitchell,"Mike (Seer) looked at two cards in the center, and James's subsequent comments imply that Mike saw Werewolves there. Mitchell claimed to be the Drunk and swapped his card with one from the center, meaning he potentially became a Werewolf. Mitchell's desperate attempts to deflect suspicion onto Caitlynn without any evidence strongly suggest he is bluffing to avoid elimination.",ONE#NIGHT#ULTIMATE#WEREWOLF##Retro#4_Game4,"[""Justin"", ""Caitlynn"", ""Mike"", ""James"", ""Mitchell""]","[""Werewolf"", ""Minion"", ""Insomniac"", ""Troublemaker"", ""Robber""]",True,player,"[""Justin""]",player_vote,Mitchell,Mitchell,Mitchell,4.0,Robber,False,False
C:\Users\annab\Documents\GitHub\masters_thesis_sdg\results\voting\unsloth_gemma-4-31B-it-unsloth-bnb-4bit\prompt_v4_t0\Youtube\ONE#NIGHT#ULTIMATE#WEREWOLF##Retro#4_Game5.json,greedy_t0,0,greedy,0.0,prompt_v4_t0,Youtube,ONE#NIGHT#ULTIMATE#WEREWOLF##Retro#4,Game5,Youtube / ONE#NIGHT#ULTIMATE#WEREWOLF##Retro#4 / Game5,James,"Justin admitted to starting as a Werewolf, and Mike (claiming to be the Seer) confirmed this. James admitted to being the Robber and robbing Justin, which means James swapped his card with Justin's. Since the Robber takes the target's role, James now holds the Werewolf card, making him the target for Team Village.",ONE#NIGHT#ULTIMATE#WEREWOLF##Retro#4_Game5,"[""Justin"", ""Caitlynn"", ""Mike"", ""James"", ""Mitchell""]","[""Robber"", ""Minion"", ""Seer"", ""Werewolf"", ""Insomniac""]",True,player,"[""James""]",player_vote,James,James,James,3.0,Werewolf,True,False
C:\Users\annab\Documents\GitHub\masters_thesis_sdg\results\voting\unsloth_gemma-4-31B-it-unsloth-bnb-4bit\prompt_v4_t0\Youtube\ONE#NIGHT#ULTIMATE#WEREWOLF##Retro#4_Game6.json,greedy_t0,0,greedy,0.0,prompt_v4_t0,Youtube,ONE#NIGHT#ULTIMATE#WEREWOLF##Retro#4,Game6,Youtube / ONE#NIGHT#ULTIMATE#WEREWOLF##Retro#4 / Game6,Mitchell,"James claims to be the Seer and identifies Justin as the Insomniac, which Justin confirms. Mike claims to be the Troublemaker, and Mitchell claims to be the Drunk. However, Mitchell's claim that he 'put the werewolf back in the middle' as the Drunk is logically impossible, as the Drunk swaps their starting role card (Drunk) for a center card and does not know what they are swapping. This inconsistency, combined with his explicit request to be voted out, makes him the most suspicious player, likely acting as either the Werewolf or the Tanner.",ONE#NIGHT#ULTIMATE#WEREWOLF##Retro#4_Game6,"[""Justin"", ""Caitlynn"", ""Mike"", ""James"", ""Mitchell""]","[""Insomniac"", ""Drunk"", ""Troublemaker"", ""Minion"", ""Robber""]",False,circle,[],player_vote,Mitchell,Mitchell,Mitchell,4.0,Robber,False,False
C:\Users\annab\Documents\GitHub\masters_thesis_sdg\results\voting\unsloth_gemma-4-31B-it-unsloth-bnb-4bit\prompt_v4_t0\Youtube\ONE#NIGHT#ULTIMATE#WEREWOLF##Retro#4_Game7.json,greedy_t0,0,greedy,0.0,prompt_v4_t0,Youtube,ONE#NIGHT#ULTIMATE#WEREWOLF##Retro#4,Game7,Youtube / ONE#NIGHT#ULTIMATE#WEREWOLF##Retro#4 / Game7,No Werewolf,"Justin claims to be the Minion and states that no werewolves woke up during the night, a claim confirmed by Mike, who claims to be the Seer. Mitchell claims to be the Robber and stole from James, but if no one started as a werewolf, the Robber could not have stolen that role. The only way a werewolf could be present is if the Drunk swapped a card from the center, but there is no evidence for this. Justin's attempt to push the vote toward Caitlynn is consistent with a Minion trying to trick the village into voting someone out to secure a Team Werewolf win when no werewolves are present.",ONE#NIGHT#ULTIMATE#WEREWOLF##Retro#4_Game7,"[""Justin"", ""Caitlynn"", ""Mike"", ""James"", ""Mitchell""]","[""Drunk"", ""Insomniac"", ""Seer"", ""Troublemaker"", ""Minion""]",False,circle,[],circle_vote,No Werewolf,,,,,True,True
C:\Users\annab\Documents\GitHub\masters_thesis_sdg\results\voting\unsloth_gemma-4-31B-it-unsloth-bnb-4bit\prompt_v4_t0\Youtube\ONE#NIGHT#ULTIMATE#WEREWOLF##Retro#4_Game9.json,greedy_t0,0,greedy,0.0,prompt_v4_t0,Youtube,ONE#NIGHT#ULTIMATE#WEREWOLF##Retro#4,Game9,Youtube / ONE#NIGHT#ULTIMATE#WEREWOLF##Retro#4 / Game9,Justin,"Justin's claims are highly inconsistent and contradictory. He first claims to have robbed Mike and not seen a Seer, then later claims to have robbed James and not seen a Drunk, contradicting both Mike's and James's claims. He also admits to 'stirring the pot,' which is characteristic of a Werewolf attempting to create confusion. Both James and Mike ultimately identify Justin as the Werewolf.",ONE#NIGHT#ULTIMATE#WEREWOLF##Retro#4_Game9,"[""Justin"", ""Caitlynn"", ""Mike"", ""James"", ""Mitchell""]","[""Minion"", ""Werewolf"", ""Seer"", ""Werewolf"", ""Insomniac""]",True,player,"[""Caitlynn"", ""James""]",player_vote,Justin,Justin,Justin,0.0,Minion,False,False
C:\Users\annab\Documents\GitHub\masters_thesis_sdg\results\voting\unsloth_gemma-4-31B-it-unsloth-bnb-4bit\prompt_v4_t0\Youtube\ONE#NIGHT#ULTIMATE#WEREWOLF##Retro#5_Game1.json,greedy_t0,0,greedy,0.0,prompt_v4_t0,Youtube,ONE#NIGHT#ULTIMATE#WEREWOLF##Retro#5,Game1,Youtube / ONE#NIGHT#ULTIMATE#WEREWOLF##Retro#5 / Game1,No Werewolf,"Mitchell claims to be the Seer and states he saw two werewolves, which, given the game's constraints, implies the werewolf cards are in the center. Paul denies being a werewolf, and Justin claims to be the Troublemaker who swapped Paul and Mitchell. The players collectively agree to a voting strategy where no one dies, indicating a shared belief that no werewolf is present among the players.",ONE#NIGHT#ULTIMATE#WEREWOLF##Retro#5_Game1,"[""Justin"", ""Paul"", ""Mitchell""]","[""Troublemaker"", ""Seer"", ""Villager""]",False,circle,[],circle_vote,No Werewolf,,,,,True,True
C:\Users\annab\Documents\GitHub\masters_thesis_sdg\results\voting\unsloth_gemma-4-31B-it-unsloth-bnb-4bit\prompt_v4_t0\Youtube\ONE#NIGHT#ULTIMATE#WEREWOLF##Retro#5_Game2.json,greedy_t0,0,greedy,0.0,prompt_v4_t0,Youtube,ONE#NIGHT#ULTIMATE#WEREWOLF##Retro#5,Game2,Youtube / ONE#NIGHT#ULTIMATE#WEREWOLF##Retro#5 / Game2,Justin,"Justin's claims are highly inconsistent, shifting between being a Werewolf, a Robber, and a Villager throughout the discussion. Mitchell's confession to being a Werewolf is likely a Tanner bluff or a result of confusion, whereas Justin's erratic behavior and contradictory statements (e.g., claiming to be a Werewolf while suggesting Mitchell be killed) are more characteristic of a Werewolf attempting to deceive the other players. Furthermore, Mitchell specifically accuses Justin of being the Robber who stole the Werewolf card, which would make Justin the final Werewolf.",ONE#NIGHT#ULTIMATE#WEREWOLF##Retro#5_Game2,"[""Justin"", ""Paul"", ""Mitchell""]","[""Villager"", ""Troublemaker"", ""Werewolf""]",True,player,"[""Mitchell""]",player_vote,Justin,Justin,Justin,0.0,Villager,False,False
C:\Users\annab\Documents\GitHub\masters_thesis_sdg\results\voting\unsloth_gemma-4-31B-it-unsloth-bnb-4bit\prompt_v4_t0\Youtube\ONE#NIGHT#ULTIMATE#WEREWOLF##Retro#5_Game3.json,greedy_t0,0,greedy,0.0,prompt_v4_t0,Youtube,ONE#NIGHT#ULTIMATE#WEREWOLF##Retro#5,Game3,Youtube / ONE#NIGHT#ULTIMATE#WEREWOLF##Retro#5 / Game3,Paul,"Paul explicitly admits multiple times that he started as a Werewolf ('I was a werewolf. A hundred percent.'). Justin, claiming to be the Troublemaker, states that he did not switch any players' cards. Mitchell, claiming to be the Seer, identifies Paul as a Werewolf. Given these statements, Paul is the most likely candidate for the Werewolf role.",ONE#NIGHT#ULTIMATE#WEREWOLF##Retro#5_Game3,"[""Justin"", ""Paul"", ""Mitchell""]","[""Troublemaker"", ""Werewolf"", ""Seer""]",True,player,"[""Paul""]",player_vote,Paul,Paul,Paul,1.0,Werewolf,True,False
C:\Users\annab\Documents\GitHub\masters_thesis_sdg\results\voting\unsloth_gemma-4-31B-it-unsloth-bnb-4bit\prompt_v4_t0\Youtube\ONE#NIGHT#ULTIMATE#WEREWOLF##Retro#5_Game4.json,greedy_t0,0,greedy,0.0,prompt_v4_t0,Youtube,ONE#NIGHT#ULTIMATE#WEREWOLF##Retro#5,Game4,Youtube / ONE#NIGHT#ULTIMATE#WEREWOLF##Retro#5 / Game4,Justin,"Justin's claim to be the Troublemaker is inconsistent with Mitchell's claim to have woken up as the Insomniac. If Paul was the Robber and stole from Justin, and Justin was the Werewolf, Paul would know Justin's starting role, which matches Paul's cryptic statement ('You know I know what you were'). Justin's suspicious behavior and subsequent complex claim suggest he is bluffing to hide his identity as the Werewolf.",ONE#NIGHT#ULTIMATE#WEREWOLF##Retro#5_Game4,"[""Justin"", ""Paul"", ""Mitchell""]","[""Troublemaker"", ""Robber"", ""Insomniac""]",False,circle,[],player_vote,Justin,Justin,Justin,0.0,Troublemaker,False,False
C:\Users\annab\Documents\GitHub\masters_thesis_sdg\results\voting\unsloth_gemma-4-31B-it-unsloth-bnb-4bit\prompt_v4_t0\Youtube\ONE#NIGHT#ULTIMATE#WEREWOLF##Retro#5_Game5.json,greedy_t0,0,greedy,0.0,prompt_v4_t0,Youtube,ONE#NIGHT#ULTIMATE#WEREWOLF##Retro#5,Game5,Youtube / ONE#NIGHT#ULTIMATE#WEREWOLF##Retro#5 / Game5,Justin,"Paul claims to be the Seer and states he saw that Justin started as the Werewolf. Justin explicitly admits to starting as the Werewolf, stating that the evidence against him is 'bulletproof.' Mitchell claims to be the Insomniac and confirms he woke up as himself, which suggests he was not swapped by a Robber or Troublemaker. Given the admission and the supporting claims, Justin is the most likely Werewolf.",ONE#NIGHT#ULTIMATE#WEREWOLF##Retro#5_Game5,"[""Justin"", ""Paul"", ""Mitchell""]","[""Werewolf"", ""Werewolf"", ""Insomniac""]",True,player,"[""Justin"", ""Paul""]",player_vote,Justin,Justin,Justin,0.0,Werewolf,True,False
C:\Users\annab\Documents\GitHub\masters_thesis_sdg\results\voting\unsloth_gemma-4-31B-it-unsloth-bnb-4bit\prompt_v4_t0\Youtube\ONE#NIGHT#ULTIMATE#WEREWOLF##Retro#5_Game6.json,greedy_t0,0,greedy,0.0,prompt_v4_t0,Youtube,ONE#NIGHT#ULTIMATE#WEREWOLF##Retro#5,Game6,Youtube / ONE#NIGHT#ULTIMATE#WEREWOLF##Retro#5 / Game6,Justin,"During the Night phase, both Justin and Mitchell explicitly acknowledged being werewolves when the announcer called for them to close their eyes. Although Justin later claimed to be the Troublemaker and Mitchell claimed to be the Seer, these claims contradict their behavior during the Night phase and are likely bluffs to avoid elimination. Since there is no evidence of a legitimate role swap that would have removed the werewolf status from both of them, voting for either Justin or Mitchell will result in a win for Team Village.",ONE#NIGHT#ULTIMATE#WEREWOLF##Retro#5_Game6,"[""Justin"", ""Paul"", ""Mitchell""]","[""Werewolf"", ""Werewolf"", ""Insomniac""]",True,player,"[""Justin"", ""Paul""]",player_vote,Justin,Justin,Justin,0.0,Werewolf,True,False
C:\Users\annab\Documents\GitHub\masters_thesis_sdg\results\voting\unsloth_gemma-4-31B-it-unsloth-bnb-4bit\prompt_v4_t0\Youtube\ONE#NIGHT#ULTIMATE#WEREWOLF##Retro#5_Game7.json,greedy_t0,0,greedy,0.0,prompt_v4_t0,Youtube,ONE#NIGHT#ULTIMATE#WEREWOLF##Retro#5,Game7,Youtube / ONE#NIGHT#ULTIMATE#WEREWOLF##Retro#5 / Game7,Paul,"Paul spoke during the Werewolf wake-up phase ('Nice, Mitchell'), which is a strong indicator that he is a Werewolf. Furthermore, Paul claimed to have information but did not specify a role, and then aggressively accused both other players of being werewolves, a common strategy for Werewolves to divert suspicion. Justin and Mitchell claimed roles (Insomniac and Troublemaker) that are consistent with each other, making Paul the most suspicious player.",ONE#NIGHT#ULTIMATE#WEREWOLF##Retro#5_Game7,"[""Justin"", ""Paul"", ""Mitchell""]","[""Insomniac"", ""Werewolf"", ""Troublemaker""]",True,player,"[""Paul""]",player_vote,Paul,Paul,Paul,1.0,Werewolf,True,False
C:\Users\annab\Documents\GitHub\masters_thesis_sdg\results\voting\unsloth_gemma-4-31B-it-unsloth-bnb-4bit\prompt_v4_t0\Youtube\ONE#NIGHT#ULTIMATE#WEREWOLF##Retro#5_Game8.json,greedy_t0,0,greedy,0.0,prompt_v4_t0,Youtube,ONE#NIGHT#ULTIMATE#WEREWOLF##Retro#5,Game8,Youtube / ONE#NIGHT#ULTIMATE#WEREWOLF##Retro#5 / Game8,No Werewolf,"The players' claims are consistent with each other: Paul claims he started as the Insomniac, and Mitchell claims he was the Robber and stole the Insomniac card from Paul. Justin claims to be the Seer and states he saw two non-werewolf cards in the center. Since all three claimed roles (Seer, Robber, Insomniac) are Village-aligned, and their stories align, it is highly probable that no player is a Werewolf and the Werewolf card(s) are in the center.",ONE#NIGHT#ULTIMATE#WEREWOLF##Retro#5_Game8,"[""Justin"", ""Paul"", ""Mitchell""]","[""Werewolf"", ""Werewolf"", ""Tanner""]",True,player,"[""Justin"", ""Paul""]",circle_vote,No Werewolf,,,,,False,True
C:\Users\annab\Documents\GitHub\masters_thesis_sdg\results\voting\unsloth_gemma-4-31B-it-unsloth-bnb-4bit\prompt_v4_t0\Youtube\ONE#NIGHT#ULTIMATE#WEREWOLF#-#Drinking#Play#Through_Game1.json,greedy_t0,0,greedy,0.0,prompt_v4_t0,Youtube,ONE#NIGHT#ULTIMATE#WEREWOLF#-#Drinking#Play#Through,Game1,Youtube / ONE#NIGHT#ULTIMATE#WEREWOLF#-#Drinking#Play#Through / Game1,Jordan2,"Jordan2 provides contradictory claims regarding his role as the Robber. He first states he traded cards with Haak (Line 53), but later claims he looked at Meryl and discovered she was the Seer (Line 147). Since the Robber can only swap with one player per game, Jordan2 is lying about his actions. This pattern of deception, combined with his aggressive attempts to redirect votes toward Sarah and Jordan1, strongly suggests he is a member of Team Werewolf.",ONE#NIGHT#ULTIMATE#WEREWOLF#-#Drinking#Play#Through_Game1,"[""Sarah"", ""Jordan1"", ""Haak"", ""Robin"", ""Jordan2"", ""Meryl""]","[""Robber"", ""Hunter"", ""Werewolf"", ""Minion"", ""Tanner"", ""Seer""]",True,player,"[""Haak""]",player_vote,Jordan2,Jordan2,Jordan2,4.0,Tanner,False,False
C:\Users\annab\Documents\GitHub\masters_thesis_sdg\results\voting\unsloth_gemma-4-31B-it-unsloth-bnb-4bit\prompt_v4_t0\Youtube\ONE#NIGHT#ULTIMATE#WEREWOLF#-#Drinking#Play#Through_Game2.json,greedy_t0,0,greedy,0.0,prompt_v4_t0,Youtube,ONE#NIGHT#ULTIMATE#WEREWOLF#-#Drinking#Play#Through,Game2,Youtube / ONE#NIGHT#ULTIMATE#WEREWOLF#-#Drinking#Play#Through / Game2,Meryl,"Meryl provides highly contradictory claims throughout the discussion. She first claims to be the Troublemaker (Line 45), then claims to have seen the Troublemaker and a Werewolf in the center (Line 67), which is an action only the Seer can perform. She later attempts to explain this contradiction by admitting she is confused about whether she was the Seer or the Troublemaker (Line 89). Such blatant inconsistency in role claims is a strong indicator of a bluffing Werewolf.",ONE#NIGHT#ULTIMATE#WEREWOLF#-#Drinking#Play#Through_Game2,"[""Sarah"", ""Jordan1"", ""Haak"", ""Robin"", ""Jordan2"", ""Meryl""]","[""Drunk"", ""Minion"", ""Hunter"", ""Seer"", ""Tanner"", ""Werewolf""]",True,player,"[""Meryl""]",player_vote,Meryl,Meryl,Meryl,5.0,Werewolf,True,False
C:\Users\annab\Documents\GitHub\masters_thesis_sdg\results\voting\unsloth_gemma-4-31B-it-unsloth-bnb-4bit\prompt_v4_t0\Youtube\ONE#NIGHT#ULTIMATE#WEREWOLF#1##July#5th#2016_Game2.json,greedy_t0,0,greedy,0.0,prompt_v4_t0,Youtube,ONE#NIGHT#ULTIMATE#WEREWOLF#1##July#5th#2016,Game2,Youtube / ONE#NIGHT#ULTIMATE#WEREWOLF#1##July#5th#2016 / Game2,Mike,"James (Seer) claims to have seen the Revealer card in the center, and Justin (Drunk) claims to have swapped with the center to become the Revealer. This creates a consistent narrative that contradicts Mike's claim that he is the Revealer. Since Mike is lying about his role and is defending himself rather than seeking elimination (which a Tanner would do), he is the most likely Werewolf.",ONE#NIGHT#ULTIMATE#WEREWOLF#1##July#5th#2016_Game2,"[""Justin"", ""Julie"", ""Alban"", ""James"", ""Mitchell"", ""Mike""]","[""Revealer"", ""Werewolf"", ""Insomniac"", ""Seer"", ""Werewolf"", ""Tanner""]",True,player,"[""Julie"", ""Mitchell""]",player_vote,Mike,Mike,Mike,5.0,Tanner,False,False
C:\Users\annab\Documents\GitHub\masters_thesis_sdg\results\voting\unsloth_gemma-4-31B-it-unsloth-bnb-4bit\prompt_v4_t0\Youtube\One#Night#Ultimate#Werewolf#1#How-To#and#Playthrough_Game1.json,greedy_t0,0,greedy,0.0,prompt_v4_t0,Youtube,One#Night#Ultimate#Werewolf#1#How-To#and#Playthrough,Game1,Youtube / One#Night#Ultimate#Werewolf#1#How-To#and#Playthrough / Game1,Brett,"Dan claimed to be the Seer and identified Brett as a Werewolf. Dylan claimed to be the Troublemaker and stated he swapped the cards of Dan and Ed, which explains why Dan later stated he was no longer the Seer and Ed claimed to be the Seer. Since no one claimed to be the Robber (who could have swapped Brett's card), the information that Brett is a Werewolf remains the most reliable lead.",One#Night#Ultimate#Werewolf#1#How-To#and#Playthrough_Game1,"[""Dan"", ""Ed"", ""Katie"", ""Brett"", ""Audrey"", ""Dylan""]","[""Werewolf"", ""Seer"", ""Werewolf"", ""Villager"", ""Villager"", ""Troublemaker""]",True,player,"[""Dan"", ""Katie""]",player_vote,Brett,Brett,Brett,3.0,Villager,False,False
C:\Users\annab\Documents\GitHub\masters_thesis_sdg\results\voting\unsloth_gemma-4-31B-it-unsloth-bnb-4bit\prompt_v4_t0\Youtube\ONE#NIGHT#ULTIMATE#WEREWOLF#10##November#6th#2016_Game1.json,greedy_t0,0,greedy,0.0,prompt_v4_t0,Youtube,ONE#NIGHT#ULTIMATE#WEREWOLF#10##November#6th#2016,Game1,Youtube / ONE#NIGHT#ULTIMATE#WEREWOLF#10##November#6th#2016 / Game1,No Werewolf,"Matt claims to be the Seer and confirms Mike as the Robber, and Mike confirms he acted as the Robber, making their stories consistent. Alana claims to be the Insomniac, and Mitchell claims to be the Troublemaker. If these roles are accurate, no player is a Werewolf. Furthermore, Mitchell's behavior—begging the group to vote him out—is a strong indicator that he is the Tanner, who wins by being eliminated. Since the Tanner is not a Werewolf, and the other players' claims are consistent with Team Village roles, it is most likely that no Werewolf is present among the players.",ONE#NIGHT#ULTIMATE#WEREWOLF#10##November#6th#2016_Game1,"[""Matt"", ""Mitchell"", ""Alana"", ""Mike""]","[""Insomniac"", ""Troublemaker"", ""Robber"", ""Seer""]",False,circle,[],circle_vote,No Werewolf,,,,,True,True
C:\Users\annab\Documents\GitHub\masters_thesis_sdg\results\voting\unsloth_gemma-4-31B-it-unsloth-bnb-4bit\prompt_v4_t0\Youtube\ONE#NIGHT#ULTIMATE#WEREWOLF#13##July#29th#2017_Game1.json,greedy_t0,0,greedy,0.0,prompt_v4_t0,Youtube,ONE#NIGHT#ULTIMATE#WEREWOLF#13##July#29th#2017,Game1,Youtube / ONE#NIGHT#ULTIMATE#WEREWOLF#13##July#29th#2017 / Game1,Julie,"Julie's behavior is highly contradictory; she first claims she did nothing during the night, then later claims she 'saw the tanner card,' which is impossible for a Tanner as they do not wake up. While Mitchell claims to have swapped Mike and Julie, Julie's blatant inconsistencies and attempts to attract votes (classic Tanner or bluffing Werewolf behavior) make her the most suspicious player. If Mitchell's swap is a lie, Julie remains the primary suspect; if it is true, she is still the most likely starting Werewolf, though the role would have shifted. Given the public discussion, she is the most probable target for elimination.",ONE#NIGHT#ULTIMATE#WEREWOLF#13##July#29th#2017_Game1,"[""Justin"", ""Julie"", ""Mitchell"", ""Mike""]","[""Seer"", ""Tanner"", ""Werewolf"", ""Werewolf""]",True,player,"[""Mitchell"", ""Mike""]",player_vote,Julie,Julie,Julie,1.0,Tanner,False,False
C:\Users\annab\Documents\GitHub\masters_thesis_sdg\results\voting\unsloth_gemma-4-31B-it-unsloth-bnb-4bit\prompt_v4_t0\Youtube\ONE#NIGHT#ULTIMATE#WEREWOLF#13##July#29th#2017_Game2.json,greedy_t0,0,greedy,0.0,prompt_v4_t0,Youtube,ONE#NIGHT#ULTIMATE#WEREWOLF#13##July#29th#2017,Game2,Youtube / ONE#NIGHT#ULTIMATE#WEREWOLF#13##July#29th#2017 / Game2,Mitchell,"Justin, Mike, and Julie have a consistent narrative: Justin claims Troublemaker, Mike claims Robber (having robbed Justin), and Julie claims Seer (having seen Justin as Troublemaker). Mitchell, however, makes several contradictory claims, stating he was the Troublemaker, the Robber, the Tanner, and even the Werewolf. Since only one Robber and one Troublemaker can exist, Mitchell is clearly lying, making him the most likely candidate for the Werewolf.",ONE#NIGHT#ULTIMATE#WEREWOLF#13##July#29th#2017_Game2,"[""Justin"", ""Julie"", ""Mitchell"", ""Mike""]","[""Robber"", ""Werewolf"", ""Werewolf"", ""Troublemaker""]",True,player,"[""Julie"", ""Mitchell""]",player_vote,Mitchell,Mitchell,Mitchell,2.0,Werewolf,True,False
C:\Users\annab\Documents\GitHub\masters_thesis_sdg\results\voting\unsloth_gemma-4-31B-it-unsloth-bnb-4bit\prompt_v4_t0\Youtube\ONE#NIGHT#ULTIMATE#WEREWOLF#13##July#29th#2017_Game3.json,greedy_t0,0,greedy,0.0,prompt_v4_t0,Youtube,ONE#NIGHT#ULTIMATE#WEREWOLF#13##July#29th#2017,Game3,Youtube / ONE#NIGHT#ULTIMATE#WEREWOLF#13##July#29th#2017 / Game3,No Werewolf,"Justin's behavior is highly erratic, as he claims to be the Werewolf, the Tanner, and the Drunk in succession. This is characteristic of the Tanner role, which aims to be voted out to win. Julie, Mitchell, and Mike provide a consistent narrative (Seer, Robber, and Troublemaker) that suggests Justin was the Drunk, meaning no Werewolf is present among the players. If Justin is the Tanner and no Werewolf is present, the Village wins by not voting anyone out.",ONE#NIGHT#ULTIMATE#WEREWOLF#13##July#29th#2017_Game3,"[""Justin"", ""Julie"", ""Mitchell"", ""Mike""]","[""Troublemaker"", ""Seer"", ""Werewolf"", ""Werewolf""]",True,player,"[""Mitchell"", ""Mike""]",circle_vote,No Werewolf,,,,,False,True
C:\Users\annab\Documents\GitHub\masters_thesis_sdg\results\voting\unsloth_gemma-4-31B-it-unsloth-bnb-4bit\prompt_v4_t0\Youtube\ONE#NIGHT#ULTIMATE#WEREWOLF#14##August#26th#2017_Game1.json,greedy_t0,0,greedy,0.0,prompt_v4_t0,Youtube,ONE#NIGHT#ULTIMATE#WEREWOLF#14##August#26th#2017,Game1,Youtube / ONE#NIGHT#ULTIMATE#WEREWOLF#14##August#26th#2017 / Game1,Justin,"Justin explicitly claims to have been a werewolf at the start of the game ('I'm going to go out on a leg and I'm going to say that I was a werewolf when we started'). While Caitlynn also claimed to be the werewolf, Justin immediately attempted to frame her as the Tanner to divert suspicion, a common tactic for a Werewolf or a Tanner. Given that the other players (Mitchell and Mike), who claim to be the Insomniac and Seer, are leaning towards voting for Justin, he is the most likely candidate for the Werewolf.",ONE#NIGHT#ULTIMATE#WEREWOLF#14##August#26th#2017_Game1,"[""Justin"", ""Mitchell"", ""Caitlynn"", ""Mike""]","[""Tanner"", ""Insomniac"", ""Werewolf"", ""Werewolf""]",True,player,"[""Caitlynn"", ""Mike""]",player_vote,Justin,Justin,Justin,0.0,Tanner,False,False
C:\Users\annab\Documents\GitHub\masters_thesis_sdg\results\voting\unsloth_gemma-4-31B-it-unsloth-bnb-4bit\prompt_v4_t0\Youtube\ONE#NIGHT#ULTIMATE#WEREWOLF#14##August#26th#2017_Game2.json,greedy_t0,0,greedy,0.0,prompt_v4_t0,Youtube,ONE#NIGHT#ULTIMATE#WEREWOLF#14##August#26th#2017,Game2,Youtube / ONE#NIGHT#ULTIMATE#WEREWOLF#14##August#26th#2017 / Game2,Mike,"Mike's behavior is highly suspicious due to his contradictory claims; he first claimed to be the Troublemaker and said he switched Justin and Mitchell, but later stated he didn't switch anyone. Mitchell, who claims to have significant information (likely as the Revealer), explicitly stated that Mike was lying. While Justin openly claimed to be a Werewolf, this is a common tactic for the Tanner to attract votes, whereas Mike's contradictions are more characteristic of a Werewolf attempting to deceive the group.",ONE#NIGHT#ULTIMATE#WEREWOLF#14##August#26th#2017_Game2,"[""Justin"", ""Mitchell"", ""Caitlynn"", ""Mike""]","[""Werewolf"", ""Insomniac"", ""Tanner"", ""Werewolf""]",True,player,"[""Justin"", ""Mike""]",player_vote,Mike,Mike,Mike,3.0,Werewolf,True,False
C:\Users\annab\Documents\GitHub\masters_thesis_sdg\results\voting\unsloth_gemma-4-31B-it-unsloth-bnb-4bit\prompt_v4_t0\Youtube\ONE#NIGHT#ULTIMATE#WEREWOLF#18##September#30th#2017_Game1.json,greedy_t0,0,greedy,0.0,prompt_v4_t0,Youtube,ONE#NIGHT#ULTIMATE#WEREWOLF#18##September#30th#2017,Game1,Youtube / ONE#NIGHT#ULTIMATE#WEREWOLF#18##September#30th#2017 / Game1,Paul,"Paul explicitly claims to be the werewolf ('I was solo werewolf'), which is a strong indicator of his role, even if he attempts to divert the vote toward Justin. Furthermore, Justin's comment about looking at a player and the card not remaining face-up suggests he used the 'Revealer' ability on a non-village player (likely Paul), and Mitchell's claim to be the Robber who stole the Revealer card from Justin provides a consistent narrative where Paul is the Werewolf.",ONE#NIGHT#ULTIMATE#WEREWOLF#18##September#30th#2017_Game1,"[""Justin"", ""Julie"", ""Paul"", ""Mitchell""]","[""Werewolf"", ""Tanner"", ""Robber"", ""Werewolf""]",True,player,"[""Justin"", ""Mitchell""]",player_vote,Paul,Paul,Paul,2.0,Robber,False,False
C:\Users\annab\Documents\GitHub\masters_thesis_sdg\results\voting\unsloth_gemma-4-31B-it-unsloth-bnb-4bit\prompt_v4_t0\Youtube\One#Night#Ultimate#Werewolf#2#The#Drunk_Game1.json,greedy_t0,0,greedy,0.0,prompt_v4_t0,Youtube,One#Night#Ultimate#Werewolf#2#The#Drunk,Game1,Youtube / One#Night#Ultimate#Werewolf#2#The#Drunk / Game1,Dan,"Ed claimed to be the Seer and identified Dan as a Mason. Brett claimed to be the Troublemaker and stated that he swapped the cards of Dan and Dylan. Dylan admitted to being the starting Werewolf, which implies that after the Troublemaker's swap, Dan became the Werewolf. Therefore, voting for Dan is the most logical way for Team Village to win.",One#Night#Ultimate#Werewolf#2#The#Drunk_Game1,"[""Dan"", ""Ed"", ""Katie"", ""Brett"", ""Audrey"", ""Dylan""]","[""Werewolf"", ""Seer"", ""Werewolf"", ""Troublemaker"", ""Villager"", ""Mason""]",True,player,"[""Dan"", ""Katie""]",player_vote,Dan,Dan,Dan,0.0,Werewolf,True,False
C:\Users\annab\Documents\GitHub\masters_thesis_sdg\results\voting\unsloth_gemma-4-31B-it-unsloth-bnb-4bit\prompt_v4_t0\Youtube\ONE#NIGHT#ULTIMATE#WEREWOLF#26##January#20th#2018_Game2.json,greedy_t0,0,greedy,0.0,prompt_v4_t0,Youtube,ONE#NIGHT#ULTIMATE#WEREWOLF#26##January#20th#2018,Game2,Youtube / ONE#NIGHT#ULTIMATE#WEREWOLF#26##January#20th#2018 / Game2,Mike,"Mike's behavior is highly suspicious due to his contradictory claims about Meghan's role; he first identifies her as a Werewolf and then pivots to claiming she is the Tanner. This type of flip-flopping is characteristic of a Werewolf attempting to manipulate the group's perception and divert suspicion. Meghan's blatant admission of being a Werewolf is more likely a strategy by the Tanner to attract votes, making Mike the most probable actual Werewolf in the game.",ONE#NIGHT#ULTIMATE#WEREWOLF#26##January#20th#2018_Game2,"[""Justin"", ""Meghan"", ""Paul"", ""Mitchell"", ""Mike""]","[""Troublemaker"", ""Werewolf"", ""Tanner"", ""Werewolf"", ""Robber""]",True,player,"[""Meghan"", ""Mitchell""]",player_vote,Mike,Mike,Mike,4.0,Robber,False,False
C:\Users\annab\Documents\GitHub\masters_thesis_sdg\results\voting\unsloth_gemma-4-31B-it-unsloth-bnb-4bit\prompt_v4_t0\Youtube\ONE#NIGHT#ULTIMATE#WEREWOLF#26##January#20th#2018_Game3.json,greedy_t0,0,greedy,0.0,prompt_v4_t0,Youtube,ONE#NIGHT#ULTIMATE#WEREWOLF#26##January#20th#2018,Game3,Youtube / ONE#NIGHT#ULTIMATE#WEREWOLF#26##January#20th#2018 / Game3,Meghan,"Mitchell (claiming Seer) stated he saw a werewolf in the center of the table. Meghan (claiming Drunk) admitted to swapping her card with one from the center. Mitchell explicitly identified the card Meghan took as the werewolf card he had seen. While Justin claimed to be the Tanner and Mike suspected Justin, the most concrete evidence provided by the players' claimed roles and actions points to Meghan currently holding the werewolf card.",ONE#NIGHT#ULTIMATE#WEREWOLF#26##January#20th#2018_Game3,"[""Justin"", ""Meghan"", ""Paul"", ""Mitchell"", ""Mike""]","[""Robber"", ""Werewolf"", ""Troublemaker"", ""Werewolf"", ""Tanner""]",True,player,"[""Meghan"", ""Mitchell""]",player_vote,Meghan,Meghan,Meghan,1.0,Werewolf,True,False
C:\Users\annab\Documents\GitHub\masters_thesis_sdg\results\voting\unsloth_gemma-4-31B-it-unsloth-bnb-4bit\prompt_v4_t0\Youtube\ONE#NIGHT#ULTIMATE#WEREWOLF#28##February#17th#2018_Game1.json,greedy_t0,0,greedy,0.0,prompt_v4_t0,Youtube,ONE#NIGHT#ULTIMATE#WEREWOLF#28##February#17th#2018,Game1,Youtube / ONE#NIGHT#ULTIMATE#WEREWOLF#28##February#17th#2018 / Game1,Paul,"Paul's claims regarding his role as the Seer are highly contradictory. He first states he knows who the minion is (Line 28) and that he looked at someone's card (Line 79), but later claims he actually looked at two cards in the center (Line 90). This inconsistency is a strong indicator that he is bluffing his role to hide his identity as a Werewolf. Additionally, Mike (the Revealer) identified Mitchell as the Tanner, and Alysha (the Seer) indicated the Minion was in the center, leaving Paul as the most probable Werewolf.",ONE#NIGHT#ULTIMATE#WEREWOLF#28##February#17th#2018_Game1,"[""Justin"", ""Caitlynn"", ""Paul"", ""Alysha"", ""Mitchell"", ""Mike""]","[""Troublemaker"", ""Drunk"", ""Robber"", ""Werewolf"", ""Werewolf"", ""Tanner""]",True,player,"[""Alysha"", ""Mitchell""]",player_vote,Paul,Paul,Paul,2.0,Robber,False,False
C:\Users\annab\Documents\GitHub\masters_thesis_sdg\results\voting\unsloth_gemma-4-31B-it-unsloth-bnb-4bit\prompt_v4_t0\Youtube\ONE#NIGHT#ULTIMATE#WEREWOLF#28##February#17th#2018_Game2.json,greedy_t0,0,greedy,0.0,prompt_v4_t0,Youtube,ONE#NIGHT#ULTIMATE#WEREWOLF#28##February#17th#2018,Game2,Youtube / ONE#NIGHT#ULTIMATE#WEREWOLF#28##February#17th#2018 / Game2,Mike,"Alysha claims to be the Revealer and explicitly states that she revealed Mike and saw a Werewolf. Mike attempts to defend himself by claiming he was the Drunk, but this is contradicted by Paul, who also claims the Drunk role. While Justin makes a confusing claim about being a Werewolf to start, the most direct and reliable information comes from the Revealer's action, pointing to Mike as the Werewolf.",ONE#NIGHT#ULTIMATE#WEREWOLF#28##February#17th#2018_Game2,"[""Justin"", ""Caitlynn"", ""Paul"", ""Alysha"", ""Mitchell"", ""Mike""]","[""Robber"", ""Werewolf"", ""Tanner"", ""Minion"", ""Troublemaker"", ""Seer""]",True,player,"[""Caitlynn""]",player_vote,Mike,Mike,Mike,5.0,Seer,False,False
C:\Users\annab\Documents\GitHub\masters_thesis_sdg\results\voting\unsloth_gemma-4-31B-it-unsloth-bnb-4bit\prompt_v4_t0\Youtube\ONE#NIGHT#ULTIMATE#WEREWOLF#28##February#17th#2018_Game3.json,greedy_t0,0,greedy,0.0,prompt_v4_t0,Youtube,ONE#NIGHT#ULTIMATE#WEREWOLF#28##February#17th#2018,Game3,Youtube / ONE#NIGHT#ULTIMATE#WEREWOLF#28##February#17th#2018 / Game3,Justin,"Alysha claims to be the Seer and explicitly states that she saw Justin's card and it was a Werewolf. While Mike claims to be the Troublemaker and suggests he swapped Justin's card, this creates conflicting narratives between Mike and Justin (who also claims to be the Troublemaker). Paul and Caitlynn both suggest that Paul is the Tanner, making him an incorrect target for the Village. Given the direct accusation from the claimed Seer, Justin is the most likely candidate for the Werewolf.",ONE#NIGHT#ULTIMATE#WEREWOLF#28##February#17th#2018_Game3,"[""Justin"", ""Caitlynn"", ""Paul"", ""Alysha"", ""Mitchell"", ""Mike""]","[""Robber"", ""Werewolf"", ""Tanner"", ""Minion"", ""Troublemaker"", ""Seer""]",True,player,"[""Caitlynn""]",player_vote,Justin,Justin,Justin,0.0,Robber,False,False
C:\Users\annab\Documents\GitHub\masters_thesis_sdg\results\voting\unsloth_gemma-4-31B-it-unsloth-bnb-4bit\prompt_v4_t0\Youtube\One#Night#Ultimate#Werewolf#3#Insomniac_Game1.json,greedy_t0,0,greedy,0.0,prompt_v4_t0,Youtube,One#Night#Ultimate#Werewolf#3#Insomniac,Game1,Youtube / One#Night#Ultimate#Werewolf#3#Insomniac / Game1,Brett,"Audrey and Dylan's claims corroborate each other regarding a Robber/Seer swap. Similarly, Dan, Ed, and Katie's claims form a consistent narrative where the Troublemaker swapped the Insomniac and the Mason. Brett is the only player whose role is not corroborated by any other player's actions or claims, making him the most likely candidate for the Werewolf or the player who swapped into the Werewolf role via the Drunk ability.",One#Night#Ultimate#Werewolf#3#Insomniac_Game1,"[""Dan"", ""Ed"", ""Katie"", ""Brett"", ""Audrey"", ""Dylan""]","[""Troublemaker"", ""Mason"", ""Insomniac"", ""Werewolf"", ""Seer"", ""Robber""]",True,player,"[""Brett""]",player_vote,Brett,Brett,Brett,3.0,Werewolf,True,False
C:\Users\annab\Documents\GitHub\masters_thesis_sdg\results\voting\unsloth_gemma-4-31B-it-unsloth-bnb-4bit\prompt_v4_t0\Youtube\ONE#NIGHT#ULTIMATE#WEREWOLF#30##February#17th#2018_Game2.json,greedy_t0,0,greedy,0.0,prompt_v4_t0,Youtube,ONE#NIGHT#ULTIMATE#WEREWOLF#30##February#17th#2018,Game2,Youtube / ONE#NIGHT#ULTIMATE#WEREWOLF#30##February#17th#2018 / Game2,Paul,"Paul explicitly admitted to being a Werewolf twice during the discussion, stating 'I was a werewolf' and 'I started as a werewolf by myself.' While Justin claimed to be the Tanner, Paul's direct confession makes him the most likely target for Team Village to eliminate a Werewolf. Additionally, Alysha's claim as the Seer that the Minion was in the center suggests that Mike's claim to be the Minion was a bluff, further isolating Paul as the primary suspect.",ONE#NIGHT#ULTIMATE#WEREWOLF#30##February#17th#2018_Game2,"[""Justin"", ""Caitlynn"", ""Paul"", ""Alysha"", ""Mitchell"", ""Mike""]","[""Robber"", ""Insomniac"", ""Werewolf"", ""Seer"", ""Werewolf"", ""Tanner""]",True,player,"[""Paul"", ""Mitchell""]",player_vote,Paul,Paul,Paul,2.0,Werewolf,True,False
C:\Users\annab\Documents\GitHub\masters_thesis_sdg\results\voting\unsloth_gemma-4-31B-it-unsloth-bnb-4bit\prompt_v4_t0\Youtube\ONE#NIGHT#ULTIMATE#WEREWOLF#30##February#17th#2018_Game4.json,greedy_t0,0,greedy,0.0,prompt_v4_t0,Youtube,ONE#NIGHT#ULTIMATE#WEREWOLF#30##February#17th#2018,Game4,Youtube / ONE#NIGHT#ULTIMATE#WEREWOLF#30##February#17th#2018 / Game4,Justin,"Justin and Caitlynn both claimed to be the Robber and both claimed to have robbed Mike. Caitlynn identified Mike as the Troublemaker, which Mike subsequently confirmed, while Justin identified Mike as the 'Witch'. Since only one Robber can exist and Caitlynn's claim is corroborated by Mike, Justin is clearly lying. Lying about one's role and the identity of others is a primary indicator of being a Werewolf or the Tanner, making Justin the most suspicious player.",ONE#NIGHT#ULTIMATE#WEREWOLF#30##February#17th#2018_Game4,"[""Justin"", ""Caitlynn"", ""Paul"", ""Alysha"", ""Mitchell"", ""Mike""]","[""Minion"", ""Seer"", ""Werewolf"", ""Tanner"", ""Troublemaker"", ""Robber""]",True,player,"[""Paul""]",player_vote,Justin,Justin,Justin,0.0,Minion,False,False
C:\Users\annab\Documents\GitHub\masters_thesis_sdg\results\voting\unsloth_gemma-4-31B-it-unsloth-bnb-4bit\prompt_v4_t0\Youtube\ONE#NIGHT#ULTIMATE#WEREWOLF#34##March#24th#2018_Game2.json,greedy_t0,0,greedy,0.0,prompt_v4_t0,Youtube,ONE#NIGHT#ULTIMATE#WEREWOLF#34##March#24th#2018,Game2,Youtube / ONE#NIGHT#ULTIMATE#WEREWOLF#34##March#24th#2018 / Game2,Mitchell,"Carly claims to be the Troublemaker and states she switched the cards of Paul and Mitchell, identifying Mitchell as the current Werewolf. Mike, claiming to be the Seer, states he saw a Werewolf and a Tanner in the center, which implies only one Werewolf is active among the players. Paul's claims are highly inconsistent (claiming to be the Troublemaker, then the Minion, then the Hunter), making him unreliable. Based on Carly's specific claim about the swap and Mike's information about the center cards, Mitchell is the most likely candidate for the Werewolf.",ONE#NIGHT#ULTIMATE#WEREWOLF#34##March#24th#2018_Game2,"[""Justin"", ""Carly"", ""Paul"", ""Mitchell"", ""Mike""]","[""Tanner"", ""Troublemaker"", ""Werewolf"", ""Hunter"", ""Seer""]",True,player,"[""Paul""]",player_vote,Mitchell,Mitchell,Mitchell,3.0,Hunter,False,False
C:\Users\annab\Documents\GitHub\masters_thesis_sdg\results\voting\unsloth_gemma-4-31B-it-unsloth-bnb-4bit\prompt_v4_t0\Youtube\ONE#NIGHT#ULTIMATE#WEREWOLF#34##March#24th#2018_Game3.json,greedy_t0,0,greedy,0.0,prompt_v4_t0,Youtube,ONE#NIGHT#ULTIMATE#WEREWOLF#34##March#24th#2018,Game3,Youtube / ONE#NIGHT#ULTIMATE#WEREWOLF#34##March#24th#2018 / Game3,Justin,"Justin claims to be the Troublemaker and says he switched Carly and Mike. However, Carly claims she stole the Troublemaker card (acting as the Robber), which would mean Justin is lying about his role. Mitchell and Mike both insist that Justin is the Tanner, a common strategy used by Werewolves to protect a teammate by making them appear as the Tanner so the Village avoids voting them. If Justin is the Werewolf and Mitchell/Mike are his teammates, voting Justin will result in a Village win.",ONE#NIGHT#ULTIMATE#WEREWOLF#34##March#24th#2018_Game3,"[""Justin"", ""Carly"", ""Paul"", ""Mitchell"", ""Mike""]","[""Tanner"", ""Minion"", ""Seer"", ""Werewolf"", ""Werewolf""]",True,player,"[""Mitchell"", ""Mike""]",player_vote,Justin,Justin,Justin,0.0,Tanner,False,False
C:\Users\annab\Documents\GitHub\masters_thesis_sdg\results\voting\unsloth_gemma-4-31B-it-unsloth-bnb-4bit\prompt_v4_t0\Youtube\One#Night#Ultimate#Werewolf#361#Classic#Werewolf_Game1.json,greedy_t0,0,greedy,0.0,prompt_v4_t0,Youtube,One#Night#Ultimate#Werewolf#361#Classic#Werewolf,Game1,Youtube / One#Night#Ultimate#Werewolf#361#Classic#Werewolf / Game1,Dylan,"Dylan explicitly claimed to be the Werewolf, although he later attempted to frame this as a strategy or suggested he might have been robbed or troublemade. While this behavior is characteristic of a Tanner attempting to be voted out, it is the most direct evidence of a Werewolf's presence among the players. Other players' claims (Brett as Troublemaker, Kelsey as Robber, Pete as Mason) are more consistent with Team Village roles, and George's claim of not waking up is consistent with a Villager or Tanner.",One#Night#Ultimate#Werewolf#361#Classic#Werewolf_Game1,"[""Pete"", ""Katie"", ""Brett"", ""George"", ""Kelsey"", ""Dylan""]","[""Drunk"", ""Minion"", ""Troublemaker"", ""Robber"", ""Werewolf"", ""Werewolf""]",True,player,"[""Kelsey"", ""Dylan""]",player_vote,Dylan,Dylan,Dylan,5.0,Werewolf,True,False
C:\Users\annab\Documents\GitHub\masters_thesis_sdg\results\voting\unsloth_gemma-4-31B-it-unsloth-bnb-4bit\prompt_v4_t0\Youtube\One#Night#Ultimate#Werewolf#362#More#Classic#Werewolf_Game1.json,greedy_t0,0,greedy,0.0,prompt_v4_t0,Youtube,One#Night#Ultimate#Werewolf#362#More#Classic#Werewolf,Game1,Youtube / One#Night#Ultimate#Werewolf#362#More#Classic#Werewolf / Game1,Pete,"Pete repeatedly claims to be the Minion, which is a member of Team Werewolf. While the Minion is not the Werewolf, it is common for the Werewolf to bluff as the Minion to admit to being on the 'evil' team without being the primary target for elimination. Kelsey's erratic claims (Troublemaker to Robber to Tanner) suggest she is likely the Tanner, as she is actively trying to attract votes. Since Pete is the only player who has explicitly aligned himself with Team Werewolf, he is the most probable candidate for the Werewolf role.",One#Night#Ultimate#Werewolf#362#More#Classic#Werewolf_Game1,"[""Pete"", ""Katie"", ""Brett"", ""George"", ""Kelsey"", ""Dylan""]","[""Werewolf"", ""Werewolf"", ""Robber"", ""Minion"", ""Tanner"", ""Mason""]",True,player,"[""Pete"", ""Katie""]",player_vote,Pete,Pete,Pete,0.0,Werewolf,True,False
C:\Users\annab\Documents\GitHub\masters_thesis_sdg\results\voting\unsloth_gemma-4-31B-it-unsloth-bnb-4bit\prompt_v4_t0\Youtube\One#Night#Ultimate#Werewolf#363#Even#More#Classic#Werewolf_Game1.json,greedy_t0,0,greedy,0.0,prompt_v4_t0,Youtube,One#Night#Ultimate#Werewolf#363#Even#More#Classic#Werewolf,Game1,Youtube / One#Night#Ultimate#Werewolf#363#Even#More#Classic#Werewolf / Game1,Dylan,"Dylan claims to be the Drunk (Line 98), but later claims to know that two Werewolves are in the center and thus no Werewolves are in play (Line 277). According to the game rules, the Drunk swaps their card with one from the center without looking at it, meaning Dylan could not possibly know the contents of the center cards if he were the Drunk. This logical contradiction, combined with his plea not to be voted out (Line 299), strongly suggests he is a Werewolf attempting to deceive the village into believing no Werewolves are present to avoid elimination.",One#Night#Ultimate#Werewolf#363#Even#More#Classic#Werewolf_Game1,"[""Pete"", ""Katie"", ""Brett"", ""George"", ""Kelsey"", ""Dylan""]","[""Robber"", ""Werewolf"", ""Mason"", ""Mason"", ""Minion"", ""Troublemaker""]",True,player,"[""Katie""]",player_vote,Dylan,Dylan,Dylan,5.0,Troublemaker,False,False
C:\Users\annab\Documents\GitHub\masters_thesis_sdg\results\voting\unsloth_gemma-4-31B-it-unsloth-bnb-4bit\prompt_v4_t0\Youtube\ONE#NIGHT#ULTIMATE#WEREWOLF#37##April#21st#2018_Game2.json,greedy_t0,0,greedy,0.0,prompt_v4_t0,Youtube,ONE#NIGHT#ULTIMATE#WEREWOLF#37##April#21st#2018,Game2,Youtube / ONE#NIGHT#ULTIMATE#WEREWOLF#37##April#21st#2018 / Game2,Mike,"Mitchell claims to be the Revealer and states that he revealed Mike's card, which remained face down. According to the announcer's rules for the Revealer, a card is turned back face down only if it is a Werewolf or a Tanner. While Mike claims to be the Troublemaker, the state of his card strongly suggests he is either a Werewolf or the Tanner. Given the evidence and the consensus among other players like Justin and Mitchell, Mike is the most likely candidate for the Werewolf.",ONE#NIGHT#ULTIMATE#WEREWOLF#37##April#21st#2018_Game2,"[""Justin"", ""Caitlynn"", ""Mitchell"", ""James"", ""Mike""]","[""Minion"", ""Werewolf"", ""Werewolf"", ""Tanner"", ""Troublemaker""]",True,player,"[""Caitlynn"", ""Mitchell""]",player_vote,Mike,Mike,Mike,4.0,Troublemaker,False,False
C:\Users\annab\Documents\GitHub\masters_thesis_sdg\results\voting\unsloth_gemma-4-31B-it-unsloth-bnb-4bit\prompt_v4_t0\Youtube\ONE#NIGHT#ULTIMATE#WEREWOLF#38##April#21st#2018_Game3.json,greedy_t0,0,greedy,0.0,prompt_v4_t0,Youtube,ONE#NIGHT#ULTIMATE#WEREWOLF#38##April#21st#2018,Game3,Youtube / ONE#NIGHT#ULTIMATE#WEREWOLF#38##April#21st#2018 / Game3,James,"James explicitly admits to being a Werewolf multiple times, stating 'I was werewolf' and 'Me and Mike are werewolves'. While Mike also claims to be a Werewolf teammate, he later asserts he is '100% the tanner', which would make him a dangerous vote for the Village. Since James has openly confessed to being a Werewolf, voting for him is the most reliable way for Team Village to secure a win.",ONE#NIGHT#ULTIMATE#WEREWOLF#38##April#21st#2018_Game3,"[""Justin"", ""Caitlynn"", ""Mitchell"", ""James"", ""Mike""]","[""Werewolf"", ""Tanner"", ""Seer"", ""Robber"", ""Werewolf""]",True,player,"[""Justin"", ""Mike""]",player_vote,James,James,James,3.0,Robber,False,False
C:\Users\annab\Documents\GitHub\masters_thesis_sdg\results\voting\unsloth_gemma-4-31B-it-unsloth-bnb-4bit\prompt_v4_t0\Youtube\ONE#NIGHT#ULTIMATE#WEREWOLF#38##April#21st#2018_Game4.json,greedy_t0,0,greedy,0.0,prompt_v4_t0,Youtube,ONE#NIGHT#ULTIMATE#WEREWOLF#38##April#21st#2018,Game4,Youtube / ONE#NIGHT#ULTIMATE#WEREWOLF#38##April#21st#2018 / Game4,Mike,"Justin claims to be the Revealer and states he saw that Mike is a Werewolf. Mitchell confirms Justin's role as the Revealer. Furthermore, both Mike and James claim to be the Seer, meaning at least one of them is lying; since Justin and Mitchell's claims align against Mike, it is highly probable that Mike is the Werewolf and is lying about his role to avoid elimination.",ONE#NIGHT#ULTIMATE#WEREWOLF#38##April#21st#2018_Game4,"[""Justin"", ""Caitlynn"", ""Mitchell"", ""James"", ""Mike""]","[""Werewolf"", ""Robber"", ""Minion"", ""Tanner"", ""Seer""]",True,player,"[""Justin""]",player_vote,Mike,Mike,Mike,4.0,Seer,False,False
C:\Users\annab\Documents\GitHub\masters_thesis_sdg\results\voting\unsloth_gemma-4-31B-it-unsloth-bnb-4bit\prompt_v4_t0\Youtube\One#Night#Ultimate#Werewolf#381#The#Hunt#Is#On_Game1.json,greedy_t0,0,greedy,0.0,prompt_v4_t0,Youtube,One#Night#Ultimate#Werewolf#381#The#Hunt#Is#On,Game1,Youtube / One#Night#Ultimate#Werewolf#381#The#Hunt#Is#On / Game1,Brett,"Brett claims to be the Seer and asserts that two Werewolves are in the center, which would mean no players are Werewolves. However, this is a common bluff used by Werewolves to avoid being voted out. Furthermore, there are direct contradictions between Dustin and Dylan (both claiming Insomniac) and between Ed and Katie regarding the Robber/Troublemaker swap, suggesting that deception is occurring. Dylan explicitly suspects Brett, and Brett's insistence that the Village should not vote for anyone is highly suspicious.",One#Night#Ultimate#Werewolf#381#The#Hunt#Is#On_Game1,"[""Ed"", ""Dustin"", ""Katie"", ""Brett"", ""Kelsey"", ""Dylan""]","[""Robber"", ""Insomniac"", ""Seer"", ""Troublemaker"", ""Hunter"", ""Tanner""]",False,circle,[],player_vote,Brett,Brett,Brett,3.0,Troublemaker,False,False
C:\Users\annab\Documents\GitHub\masters_thesis_sdg\results\voting\unsloth_gemma-4-31B-it-unsloth-bnb-4bit\prompt_v4_t0\Youtube\One#Night#Ultimate#Werewolf#382#Game#100!!_Game1.json,greedy_t0,0,greedy,0.0,prompt_v4_t0,Youtube,One#Night#Ultimate#Werewolf#382#Game#100!!,Game1,Youtube / One#Night#Ultimate#Werewolf#382#Game#100!! / Game1,Dustin,"Dylan admitted to being the Werewolf and stated he woke up alone, meaning he was the only Werewolf in play. Brett, claiming to be the Troublemaker, confirmed that he swapped the cards of Dylan and Dustin. Therefore, the Werewolf card was transferred from Dylan to Dustin, making Dustin the current Werewolf.",One#Night#Ultimate#Werewolf#382#Game#100!!_Game1,"[""Ed"", ""Dustin"", ""Katie"", ""Brett"", ""Kelsey"", ""Dylan""]","[""Seer"", ""Werewolf"", ""Tanner"", ""Troublemaker"", ""Robber"", ""Insomniac""]",True,player,"[""Dustin""]",player_vote,Dustin,Dustin,Dustin,1.0,Werewolf,True,False
C:\Users\annab\Documents\GitHub\masters_thesis_sdg\results\voting\unsloth_gemma-4-31B-it-unsloth-bnb-4bit\prompt_v4_t0\Youtube\ONE#NIGHT#ULTIMATE#WEREWOLF#39##April#21st#2018_Game3.json,greedy_t0,0,greedy,0.0,prompt_v4_t0,Youtube,ONE#NIGHT#ULTIMATE#WEREWOLF#39##April#21st#2018,Game3,Youtube / ONE#NIGHT#ULTIMATE#WEREWOLF#39##April#21st#2018 / Game3,Justin,"Justin and Mike both claimed to be the Seer, meaning at least one of them is lying. Justin's claims were inconsistent; he first stated he saw a 'Witch' in the center, then later claimed the middle card was the 'Tanner', and eventually admitted he was lying to bait Mike. Mike's story remained more consistent throughout the discussion. Given Justin's erratic behavior and contradictions, he is the most likely candidate for the Werewolf.",ONE#NIGHT#ULTIMATE#WEREWOLF#39##April#21st#2018_Game3,"[""Justin"", ""Caitlynn"", ""Mitchell"", ""James"", ""Mike""]","[""Werewolf"", ""Robber"", ""Tanner"", ""Werewolf"", ""Seer""]",True,player,"[""Justin"", ""James""]",player_vote,Justin,Justin,Justin,0.0,Werewolf,True,False
C:\Users\annab\Documents\GitHub\masters_thesis_sdg\results\voting\unsloth_gemma-4-31B-it-unsloth-bnb-4bit\prompt_v4_t0\Youtube\ONE#NIGHT#ULTIMATE#WEREWOLF#4##July#14th#2016_Game1.json,greedy_t0,0,greedy,0.0,prompt_v4_t0,Youtube,ONE#NIGHT#ULTIMATE#WEREWOLF#4##July#14th#2016,Game1,Youtube / ONE#NIGHT#ULTIMATE#WEREWOLF#4##July#14th#2016 / Game1,No Werewolf,"Mike claims to be the Seer and states he saw two Werewolves in the center of the role pool. If this claim is true, then no player currently holds a Werewolf card. According to the game rules, Team Village wins if no player is a Werewolf and no one is voted out. While other players (Justin, Mitchell, and Paul) provide contradictory claims about being the Robber or Drunk, Mike's claim is the most consistent piece of information provided.",ONE#NIGHT#ULTIMATE#WEREWOLF#4##July#14th#2016_Game1,"[""Justin"", ""Paul"", ""Mitchell"", ""Mike""]","[""Werewolf"", ""Seer"", ""Tanner"", ""Robber""]",True,player,"[""Justin""]",circle_vote,No Werewolf,,,,,False,True
C:\Users\annab\Documents\GitHub\masters_thesis_sdg\results\voting\unsloth_gemma-4-31B-it-unsloth-bnb-4bit\prompt_v4_t0\Youtube\ONE#NIGHT#ULTIMATE#WEREWOLF#4##July#14th#2016_Game2.json,greedy_t0,0,greedy,0.0,prompt_v4_t0,Youtube,ONE#NIGHT#ULTIMATE#WEREWOLF#4##July#14th#2016,Game2,Youtube / ONE#NIGHT#ULTIMATE#WEREWOLF#4##July#14th#2016 / Game2,Mitchell,"Justin is explicitly claiming to be the Tanner and begging to be voted out, which is the Tanner's primary goal and would result in a loss for Team Village. Mike has consistently claimed to be the Seer and provided a stable narrative. Mitchell, however, has been highly erratic, claiming to be the Drunk, then the Troublemaker, and subsequently admitting he lied about switching players. This pattern of contradictory claims and deception is strongly indicative of a Werewolf attempting to create confusion to avoid detection.",ONE#NIGHT#ULTIMATE#WEREWOLF#4##July#14th#2016_Game2,"[""Justin"", ""Paul"", ""Mitchell"", ""Mike""]","[""Werewolf"", ""Seer"", ""Werewolf"", ""Robber""]",True,player,"[""Justin"", ""Mitchell""]",player_vote,Mitchell,Mitchell,Mitchell,2.0,Werewolf,True,False
C:\Users\annab\Documents\GitHub\masters_thesis_sdg\results\voting\unsloth_gemma-4-31B-it-unsloth-bnb-4bit\prompt_v4_t0\Youtube\ONE#NIGHT#ULTIMATE#WEREWOLF#4##July#14th#2016_Game3.json,greedy_t0,0,greedy,0.0,prompt_v4_t0,Youtube,ONE#NIGHT#ULTIMATE#WEREWOLF#4##July#14th#2016,Game3,Youtube / ONE#NIGHT#ULTIMATE#WEREWOLF#4##July#14th#2016 / Game3,Paul,"Based on the claims, Paul started as the Drunk, Justin was the Robber, Mike was the Troublemaker, and Mitchell was the Seer. Justin stole the Drunk card from Paul, and Mike swapped Paul (now Robber) with Mitchell (Seer), meaning Paul held the Seer card when he woke up as the Drunk. Paul then swapped the Seer card for a card in the center, and since Mitchell confirmed a Werewolf was in the center, Paul is the only player who could have ended the night as a Werewolf. Paul's comment 'I win regardless' is a common bluff used by either the Tanner or a Werewolf to confuse the group, but since Justin confirmed Paul's starting role as the Drunk, Paul cannot be the Tanner.",ONE#NIGHT#ULTIMATE#WEREWOLF#4##July#14th#2016_Game3,"[""Justin"", ""Paul"", ""Mitchell"", ""Mike""]","[""Seer"", ""Tanner"", ""Drunk"", ""Troublemaker""]",False,circle,[],player_vote,Paul,Paul,Paul,1.0,Tanner,False,False
C:\Users\annab\Documents\GitHub\masters_thesis_sdg\results\voting\unsloth_gemma-4-31B-it-unsloth-bnb-4bit\prompt_v4_t0\Youtube\ONE#NIGHT#ULTIMATE#WEREWOLF#43##October#13th#2018_Game1.json,greedy_t0,0,greedy,0.0,prompt_v4_t0,Youtube,ONE#NIGHT#ULTIMATE#WEREWOLF#43##October#13th#2018,Game1,Youtube / ONE#NIGHT#ULTIMATE#WEREWOLF#43##October#13th#2018 / Game1,Mitchell,"Mike claimed to be the Revealer and explicitly identified Mitchell as a Werewolf. Justin, claiming to be the Seer, stated he saw a Werewolf in the center, which suggests only one Werewolf is present among the players. Mitchell provided no defense or counter-claim to these accusations, making him the most likely Werewolf.",ONE#NIGHT#ULTIMATE#WEREWOLF#43##October#13th#2018_Game1,"[""Justin"", ""Mitchell"", ""Paul"", ""Mike""]","[""Robber"", ""Werewolf"", ""Tanner"", ""Troublemaker""]",True,player,"[""Mitchell""]",player_vote,Mitchell,Mitchell,Mitchell,1.0,Werewolf,True,False
C:\Users\annab\Documents\GitHub\masters_thesis_sdg\results\voting\unsloth_gemma-4-31B-it-unsloth-bnb-4bit\prompt_v4_t0\Youtube\ONE#NIGHT#ULTIMATE#WEREWOLF#43##October#13th#2018_Game3.json,greedy_t0,0,greedy,0.0,prompt_v4_t0,Youtube,ONE#NIGHT#ULTIMATE#WEREWOLF#43##October#13th#2018,Game3,Youtube / ONE#NIGHT#ULTIMATE#WEREWOLF#43##October#13th#2018 / Game3,Justin,"Justin explicitly admits to being a werewolf in the transcript ('I was a werewolf, so there's a werewolf in here'). Paul claims to be the Tanner, and Mike and Mitchell claim roles aligned with Team Village (Robber and Troublemaker, respectively). To ensure Team Village wins, the most reliable target based on the public admissions is Justin.",ONE#NIGHT#ULTIMATE#WEREWOLF#43##October#13th#2018_Game3,"[""Justin"", ""Mitchell"", ""Paul"", ""Mike""]","[""Tanner"", ""Troublemaker"", ""Robber"", ""Werewolf""]",True,player,"[""Mike""]",player_vote,Justin,Justin,Justin,0.0,Tanner,False,False
C:\Users\annab\Documents\GitHub\masters_thesis_sdg\results\voting\unsloth_gemma-4-31B-it-unsloth-bnb-4bit\prompt_v4_t0\Youtube\ONE#NIGHT#ULTIMATE#WEREWOLF#43##October#13th#2018_Game4.json,greedy_t0,0,greedy,0.0,prompt_v4_t0,Youtube,ONE#NIGHT#ULTIMATE#WEREWOLF#43##October#13th#2018,Game4,Youtube / ONE#NIGHT#ULTIMATE#WEREWOLF#43##October#13th#2018 / Game4,Mike,"Both Mitchell and Mike explicitly admit to being the Werewolves during the discussion (e.g., Mike stating 'we started as two werewolves' and Mitchell confirming 'me and Mike, we had a plan'). Although they attempt to divert the vote toward Paul at the end of the transcript, their admissions are the most reliable indicators of their alignment. Voting for either Mitchell or Mike will result in a win for Team Village.",ONE#NIGHT#ULTIMATE#WEREWOLF#43##October#13th#2018_Game4,"[""Justin"", ""Mitchell"", ""Paul"", ""Mike""]","[""Troublemaker"", ""Tanner"", ""Werewolf"", ""Robber""]",True,player,"[""Paul""]",player_vote,Mike,Mike,Mike,3.0,Robber,False,False
C:\Users\annab\Documents\GitHub\masters_thesis_sdg\results\voting\unsloth_gemma-4-31B-it-unsloth-bnb-4bit\prompt_v4_t0\Youtube\ONE#NIGHT#ULTIMATE#WEREWOLF#44##October#13th#2018_Game1.json,greedy_t0,0,greedy,0.0,prompt_v4_t0,Youtube,ONE#NIGHT#ULTIMATE#WEREWOLF#44##October#13th#2018,Game1,Youtube / ONE#NIGHT#ULTIMATE#WEREWOLF#44##October#13th#2018 / Game1,Justin,"Mitchell claims to be the Seer and states he saw the Robber card in the center, which directly contradicts Justin's claim of being the Robber. Furthermore, Justin's story is logically inconsistent: if he were the Robber and robbed Paul, he would have taken Paul's role and would no longer be the Robber. Since Mitchell's information as the Seer suggests the Robber is not in play, Justin is likely lying to cover his identity as a Werewolf.",ONE#NIGHT#ULTIMATE#WEREWOLF#44##October#13th#2018_Game1,"[""Justin"", ""Mitchell"", ""Paul"", ""Mike""]","[""Werewolf"", ""Seer"", ""Tanner"", ""Insomniac""]",True,player,"[""Justin""]",player_vote,Justin,Justin,Justin,0.0,Werewolf,True,False
C:\Users\annab\Documents\GitHub\masters_thesis_sdg\results\voting\unsloth_gemma-4-31B-it-unsloth-bnb-4bit\prompt_v4_t0\Youtube\ONE#NIGHT#ULTIMATE#WEREWOLF#44##October#13th#2018_Game2.json,greedy_t0,0,greedy,0.0,prompt_v4_t0,Youtube,ONE#NIGHT#ULTIMATE#WEREWOLF#44##October#13th#2018,Game2,Youtube / ONE#NIGHT#ULTIMATE#WEREWOLF#44##October#13th#2018 / Game2,Justin,"Justin's claims are highly inconsistent; he claims to be the Insomniac, then the Seer, then admits to being the Werewolf, and finally claims to be the Tanner. Mitchell, Mike, and Paul's claims are more consistent: Paul claims Troublemaker (switching Mike and Mitchell), Mike claims Robber (robbing Mitchell), and Mitchell claims Tanner. If Mike robbed Mitchell and Paul switched them, Mitchell remains the Tanner, leaving Justin as the only plausible Werewolf.",ONE#NIGHT#ULTIMATE#WEREWOLF#44##October#13th#2018_Game2,"[""Justin"", ""Mitchell"", ""Paul"", ""Mike""]","[""Werewolf"", ""Tanner"", ""Troublemaker"", ""Robber""]",True,player,"[""Justin""]",player_vote,Justin,Justin,Justin,0.0,Werewolf,True,False
C:\Users\annab\Documents\GitHub\masters_thesis_sdg\results\voting\unsloth_gemma-4-31B-it-unsloth-bnb-4bit\prompt_v4_t0\Youtube\ONE#NIGHT#ULTIMATE#WEREWOLF#44##October#13th#2018_Game3.json,greedy_t0,0,greedy,0.0,prompt_v4_t0,Youtube,ONE#NIGHT#ULTIMATE#WEREWOLF#44##October#13th#2018,Game3,Youtube / ONE#NIGHT#ULTIMATE#WEREWOLF#44##October#13th#2018 / Game3,No Werewolf,"Justin claims to be the Seer and states he saw two Werewolves in the center, which would mean no player is a Werewolf. Paul initially claims to be the Robber but later admits to being the Tanner. Mike claims to be the Troublemaker and says he swapped Paul and Mitchell. If Justin's claim is true and Paul is the Tanner, there are no Werewolves among the players.",ONE#NIGHT#ULTIMATE#WEREWOLF#44##October#13th#2018_Game3,"[""Justin"", ""Mitchell"", ""Paul"", ""Mike""]","[""Seer"", ""Robber"", ""Tanner"", ""Troublemaker""]",False,circle,[],circle_vote,No Werewolf,,,,,True,True
C:\Users\annab\Documents\GitHub\masters_thesis_sdg\results\voting\unsloth_gemma-4-31B-it-unsloth-bnb-4bit\prompt_v4_t0\Youtube\ONE#NIGHT#ULTIMATE#WEREWOLF#44##October#13th#2018_Game4.json,greedy_t0,0,greedy,0.0,prompt_v4_t0,Youtube,ONE#NIGHT#ULTIMATE#WEREWOLF#44##October#13th#2018,Game4,Youtube / ONE#NIGHT#ULTIMATE#WEREWOLF#44##October#13th#2018 / Game4,Paul,"Paul makes highly contradictory and suspicious claims, first stating he 'saw thee seer' and then claiming he 'totally saw two werewolves' (presumably in the center). This inconsistency suggests he is bluffing to deceive the group into voting 'No Werewolf' so that he, as a Werewolf, can survive. Justin and Mitchell have made claims consistent with non-werewolf roles, making Paul the most likely candidate for elimination.",ONE#NIGHT#ULTIMATE#WEREWOLF#44##October#13th#2018_Game4,"[""Justin"", ""Mitchell"", ""Paul"", ""Mike""]","[""Insomniac"", ""Troublemaker"", ""Seer"", ""Tanner""]",False,circle,[],player_vote,Paul,Paul,Paul,2.0,Seer,False,False
C:\Users\annab\Documents\GitHub\masters_thesis_sdg\results\voting\unsloth_gemma-4-31B-it-unsloth-bnb-4bit\prompt_v4_t0\Youtube\ONE#NIGHT#ULTIMATE#WEREWOLF#44##October#13th#2018_Game5.json,greedy_t0,0,greedy,0.0,prompt_v4_t0,Youtube,ONE#NIGHT#ULTIMATE#WEREWOLF#44##October#13th#2018,Game5,Youtube / ONE#NIGHT#ULTIMATE#WEREWOLF#44##October#13th#2018 / Game5,Mitchell,"Mitchell's claims are highly inconsistent; he attempts to claim the Troublemaker role but shows confusion about the role's mechanics ('did I swap before or after?'), which is a strong indicator of bluffing. Paul also claims the Troublemaker role and is more consistent, while Justin claims to be the Seer and believes a Werewolf is in the center, suggesting only one Werewolf is in play. Although Paul makes a suspicious comment about him and Mitchell both being Werewolves, Mitchell's erratic behavior makes him the most likely candidate for the Werewolf.",ONE#NIGHT#ULTIMATE#WEREWOLF#44##October#13th#2018_Game5,"[""Justin"", ""Mitchell"", ""Paul"", ""Mike""]","[""Robber"", ""Troublemaker"", ""Seer"", ""Werewolf""]",True,player,"[""Mike""]",player_vote,Mitchell,Mitchell,Mitchell,1.0,Troublemaker,False,False
C:\Users\annab\Documents\GitHub\masters_thesis_sdg\results\voting\unsloth_gemma-4-31B-it-unsloth-bnb-4bit\prompt_v4_t0\Youtube\ONE#NIGHT#ULTIMATE#WEREWOLF#45##October#13th#2018_Game4.json,greedy_t0,0,greedy,0.0,prompt_v4_t0,Youtube,ONE#NIGHT#ULTIMATE#WEREWOLF#45##October#13th#2018,Game4,Youtube / ONE#NIGHT#ULTIMATE#WEREWOLF#45##October#13th#2018 / Game4,Justin,"Justin provides multiple contradictory claims about his role: he first suggests he was switched, then claims he saw the Apprentice Seer in the center (implying he is the Seer), and finally claims he was the Tanner and was robbed by Mitchell. This level of inconsistency is characteristic of a Werewolf attempting to confuse the other players. Paul consistently claims to be the Tanner, and voting for him would likely result in a Tanner victory rather than a Village victory.",ONE#NIGHT#ULTIMATE#WEREWOLF#45##October#13th#2018_Game4,"[""Justin"", ""Mitchell"", ""Paul"", ""Mike""]","[""Tanner"", ""Werewolf"", ""Robber"", ""Werewolf""]",True,player,"[""Mitchell"", ""Mike""]",player_vote,Justin,Justin,Justin,0.0,Tanner,False,False
C:\Users\annab\Documents\GitHub\masters_thesis_sdg\results\voting\unsloth_gemma-4-31B-it-unsloth-bnb-4bit\prompt_v4_t0\Youtube\ONE#NIGHT#ULTIMATE#WEREWOLF#45##October#13th#2018_Game6.json,greedy_t0,0,greedy,0.0,prompt_v4_t0,Youtube,ONE#NIGHT#ULTIMATE#WEREWOLF#45##October#13th#2018,Game6,Youtube / ONE#NIGHT#ULTIMATE#WEREWOLF#45##October#13th#2018 / Game6,Mitchell,"Mitchell is the most suspicious player due to his highly inconsistent claims. He initially denied being a Werewolf, then claimed to be the Tanner, and finally claimed to be the Robber. Furthermore, his description of the Robber's ability ('robbed you and passed it on') is incorrect according to the game rules, suggesting he is bluffing. Both Justin (claiming Troublemaker) and Mike (claiming Hunter) have directed suspicion toward him.",ONE#NIGHT#ULTIMATE#WEREWOLF#45##October#13th#2018_Game6,"[""Justin"", ""Mitchell"", ""Paul"", ""Mike""]","[""Troublemaker"", ""Robber"", ""Tanner"", ""Hunter""]",False,circle,[],player_vote,Mitchell,Mitchell,Mitchell,1.0,Robber,False,False
C:\Users\annab\Documents\GitHub\masters_thesis_sdg\results\voting\unsloth_gemma-4-31B-it-unsloth-bnb-4bit\prompt_v4_t0\Youtube\One#Night#Ultimate#Werewolf#491#Classic#Werewolf_Game1.json,greedy_t0,0,greedy,0.0,prompt_v4_t0,Youtube,One#Night#Ultimate#Werewolf#491#Classic#Werewolf,Game1,Youtube / One#Night#Ultimate#Werewolf#491#Classic#Werewolf / Game1,Pete,"Katie claims to be the Troublemaker and says she swapped Brett and Pete. Brett admits he was the starting Werewolf, which means if Katie's claim is true, Pete is now the Werewolf. Although Dustin also claims to be a Werewolf after a Drunk swap, both Brett and Dustin are pushing the vote toward Pete, making Pete the most likely target for Team Village to eliminate a Werewolf.",One#Night#Ultimate#Werewolf#491#Classic#Werewolf_Game1,"[""Pete"", ""Katie"", ""Brett"", ""Dustin""]","[""Seer"", ""Troublemaker"", ""Werewolf"", ""Robber""]",True,player,"[""Brett""]",player_vote,Pete,Pete,Pete,0.0,Seer,False,False
C:\Users\annab\Documents\GitHub\masters_thesis_sdg\results\voting\unsloth_gemma-4-31B-it-unsloth-bnb-4bit\prompt_v4_t0\Youtube\One#Night#Ultimate#Werewolf#492#More#Classic#Werewolf_Game1.json,greedy_t0,0,greedy,0.0,prompt_v4_t0,Youtube,One#Night#Ultimate#Werewolf#492#More#Classic#Werewolf,Game1,Youtube / One#Night#Ultimate#Werewolf#492#More#Classic#Werewolf / Game1,Dustin,"Dustin and Brett exhibit highly suspicious coordination, claiming to be 'OG's' and 'good guys,' which is common behavior for the Werewolf/Minion team. Dustin's claim that two Werewolves are in the center is a frequent bluff used by Werewolves to convince the Village that no one is a Werewolf or to frame another player. While Pete initially confessed to being the Werewolf, his later accusations against Dustin and Brett, combined with their synchronized effort to frame Katie, suggest that Dustin and Brett are the actual Werewolf team.",One#Night#Ultimate#Werewolf#492#More#Classic#Werewolf_Game1,"[""Pete"", ""Katie"", ""Brett"", ""Dustin""]","[""Tanner"", ""Troublemaker"", ""Seer"", ""Robber""]",False,circle,[],player_vote,Dustin,Dustin,Dustin,3.0,Robber,False,False
C:\Users\annab\Documents\GitHub\masters_thesis_sdg\results\voting\unsloth_gemma-4-31B-it-unsloth-bnb-4bit\prompt_v4_t0\Youtube\One#Night#Ultimate#Werewolf#493#Even#More#Classic#Werewolf_Game1.json,greedy_t0,0,greedy,0.0,prompt_v4_t0,Youtube,One#Night#Ultimate#Werewolf#493#Even#More#Classic#Werewolf,Game1,Youtube / One#Night#Ultimate#Werewolf#493#Even#More#Classic#Werewolf / Game1,No Werewolf,"Brett claimed to be the Seer and correctly identified Pete as the Robber, which Pete later confirmed. Dustin claimed to be the Drunk, and Katie eventually admitted to being the Tanner. Since these four roles (Seer, Robber, Drunk, and Tanner) are distributed among the four players, the Werewolf cards must be in the center. In this scenario, Team Village wins if no one is voted out.",One#Night#Ultimate#Werewolf#493#Even#More#Classic#Werewolf_Game1,"[""Pete"", ""Katie"", ""Brett"", ""Dustin""]","[""Robber"", ""Tanner"", ""Seer"", ""Werewolf""]",True,player,"[""Dustin""]",circle_vote,No Werewolf,,,,,False,True
C:\Users\annab\Documents\GitHub\masters_thesis_sdg\results\voting\unsloth_gemma-4-31B-it-unsloth-bnb-4bit\prompt_v4_t0\Youtube\ONE#NIGHT#ULTIMATE#WEREWOLF#5##October#29th#2016_Game1.json,greedy_t0,0,greedy,0.0,prompt_v4_t0,Youtube,ONE#NIGHT#ULTIMATE#WEREWOLF#5##October#29th#2016,Game1,Youtube / ONE#NIGHT#ULTIMATE#WEREWOLF#5##October#29th#2016 / Game1,Mike,"Caitlynn claims to be the Troublemaker and states she switched Chris and Mike. Chris admits that he was the starting Werewolf ('I 100% percent was the werewolf'). Since the Troublemaker swapped Chris's card with Mike's, Mike is now the Werewolf. Therefore, voting for Mike is the correct move for Team Village to win.",ONE#NIGHT#ULTIMATE#WEREWOLF#5##October#29th#2016_Game1,"[""Mitchell"", ""Chris"", ""Caitlynn"", ""Mike""]","[""Insomniac"", ""Werewolf"", ""Troublemaker"", ""Robber""]",True,player,"[""Chris""]",player_vote,Mike,Mike,Mike,3.0,Robber,False,False
C:\Users\annab\Documents\GitHub\masters_thesis_sdg\results\voting\unsloth_gemma-4-31B-it-unsloth-bnb-4bit\prompt_v4_t0\Youtube\One#Night#Ultimate#Werewolf#531#Classic#ONUW_Game1.json,greedy_t0,0,greedy,0.0,prompt_v4_t0,Youtube,One#Night#Ultimate#Werewolf#531#Classic#ONUW,Game1,Youtube / One#Night#Ultimate#Werewolf#531#Classic#ONUW / Game1,Katie,"Brett admitted to starting as the Werewolf, and DeAndre claimed to be the Troublemaker who swapped Brett's card with Katie's. If these claims are true, Katie is now the Werewolf. Although Brett later suggested voting for Ryan, the most direct evidence from the role claims points to Katie as the current Werewolf.",One#Night#Ultimate#Werewolf#531#Classic#ONUW_Game1,"[""Ryan"", ""Katie"", ""Brett"", ""DeAndre""]","[""Robber"", ""Minion"", ""Tanner"", ""Troublemaker""]",False,circle,[],player_vote,Katie,Katie,Katie,1.0,Minion,False,False
C:\Users\annab\Documents\GitHub\masters_thesis_sdg\results\voting\unsloth_gemma-4-31B-it-unsloth-bnb-4bit\prompt_v4_t0\Youtube\One#Night#Ultimate#Werewolf#532#More#Classic#ONUW_Game1.json,greedy_t0,0,greedy,0.0,prompt_v4_t0,Youtube,One#Night#Ultimate#Werewolf#532#More#Classic#ONUW,Game1,Youtube / One#Night#Ultimate#Werewolf#532#More#Classic#ONUW / Game1,DeAndre,"DeAndre makes contradictory claims, stating both that he was a Werewolf and that he was the Troublemaker. Brett and Ryan provide a consistent narrative where Ryan (Robber) robbed Brett (Troublemaker), meaning Brett cannot be the Troublemaker and DeAndre's claim to have swapped cards is likely a lie. While both DeAndre and Katie claim to be Werewolves, DeAndre's erratic behavior and attempt to shift the vote to Katie suggest he is the Werewolf attempting to create confusion, rather than a Tanner seeking elimination.",One#Night#Ultimate#Werewolf#532#More#Classic#ONUW_Game1,"[""Ryan"", ""Katie"", ""Brett"", ""DeAndre""]","[""Troublemaker"", ""Drunk"", ""Robber"", ""Werewolf""]",True,player,"[""DeAndre""]",player_vote,DeAndre,DeAndre,DeAndre,3.0,Werewolf,True,False
C:\Users\annab\Documents\GitHub\masters_thesis_sdg\results\voting\unsloth_gemma-4-31B-it-unsloth-bnb-4bit\prompt_v4_t0\Youtube\One#Night#Ultimate#Werewolf#533#Even#More#Classic#ONUW_Game1.json,greedy_t0,0,greedy,0.0,prompt_v4_t0,Youtube,One#Night#Ultimate#Werewolf#533#Even#More#Classic#ONUW,Game1,Youtube / One#Night#Ultimate#Werewolf#533#Even#More#Classic#ONUW / Game1,DeAndre,"DeAndre initially claimed to be the Drunk but later explicitly admitted to 'wolfing' during the discussion. While there is some confusion regarding the Robber and Troublemaker roles between Ryan and Katie, the group consensus and DeAndre's own admission point to him being the Werewolf or Minion. Voting for DeAndre is the most logical choice for Team Village to secure a win.",One#Night#Ultimate#Werewolf#533#Even#More#Classic#ONUW_Game1,"[""Ryan"", ""Katie"", ""Brett"", ""DeAndre""]","[""Robber"", ""Tanner"", ""Troublemaker"", ""Minion""]",False,circle,[],player_vote,DeAndre,DeAndre,DeAndre,3.0,Minion,False,False
C:\Users\annab\Documents\GitHub\masters_thesis_sdg\results\voting\unsloth_gemma-4-31B-it-unsloth-bnb-4bit\prompt_v4_t0\Youtube\ONE#NIGHT#ULTIMATE#WEREWOLF#55##January#26th#2019_Game3.json,greedy_t0,0,greedy,0.0,prompt_v4_t0,Youtube,ONE#NIGHT#ULTIMATE#WEREWOLF#55##January#26th#2019,Game3,Youtube / ONE#NIGHT#ULTIMATE#WEREWOLF#55##January#26th#2019 / Game3,Justin,"Justin is the primary target of the discussion and actively encourages the group to vote for him. While this behavior is characteristic of the Tanner, it can also be a bluff by a Werewolf to confuse the Village. Given that the rest of the players (Mike, Mitchell, Caitlynn, and Brad) have converged on Justin, and there is no definitive evidence pointing to any other player as the Werewolf, Justin is the most likely candidate for elimination to achieve a Village win.",ONE#NIGHT#ULTIMATE#WEREWOLF#55##January#26th#2019_Game3,"[""Justin"", ""Caitlynn"", ""Mitchell"", ""Brad"", ""Mike""]","[""Werewolf"", ""Werewolf"", ""Insomniac"", ""Tanner"", ""Seer""]",True,player,"[""Justin"", ""Caitlynn""]",player_vote,Justin,Justin,Justin,0.0,Werewolf,True,False
C:\Users\annab\Documents\GitHub\masters_thesis_sdg\results\voting\unsloth_gemma-4-31B-it-unsloth-bnb-4bit\prompt_v4_t0\Youtube\ONE#NIGHT#ULTIMATE#WEREWOLF#6##November#6th#2016_Game1.json,greedy_t0,0,greedy,0.0,prompt_v4_t0,Youtube,ONE#NIGHT#ULTIMATE#WEREWOLF#6##November#6th#2016,Game1,Youtube / ONE#NIGHT#ULTIMATE#WEREWOLF#6##November#6th#2016 / Game1,Caitlynn,"Caitlynn admitted to being a werewolf, and Mitchell claimed to be the Robber who robbed a werewolf card from her. Alana claimed to be the Troublemaker and swapped Mitchell and Caitlynn; according to the game's mechanics, this swap would return the original werewolf card to Caitlynn. The players reached a consensus to vote for Caitlynn based on this logic.",ONE#NIGHT#ULTIMATE#WEREWOLF#6##November#6th#2016_Game1,"[""Caitlynn"", ""Mitchell"", ""Alana"", ""Mike""]","[""Robber"", ""Werewolf"", ""Troublemaker"", ""Werewolf""]",True,player,"[""Mitchell"", ""Mike""]",player_vote,Caitlynn,Caitlynn,Caitlynn,0.0,Robber,False,False
C:\Users\annab\Documents\GitHub\masters_thesis_sdg\results\voting\unsloth_gemma-4-31B-it-unsloth-bnb-4bit\prompt_v4_t0\Youtube\ONE#NIGHT#ULTIMATE#WEREWOLF#6##November#6th#2016_Game2.json,greedy_t0,0,greedy,0.0,prompt_v4_t0,Youtube,ONE#NIGHT#ULTIMATE#WEREWOLF#6##November#6th#2016,Game2,Youtube / ONE#NIGHT#ULTIMATE#WEREWOLF#6##November#6th#2016 / Game2,Mitchell,"Caitlynn (Seer) stated she saw a specific card in the center, and later accused Mitchell of being the werewolf. Mitchell claimed to be the Drunk, who swaps their card with one from the center at the end of the night. If a werewolf card was in the center, Mitchell would have swapped into it, making him the werewolf. Mitchell eventually admitted, 'I was the werewolf,' confirming the suspicion.",ONE#NIGHT#ULTIMATE#WEREWOLF#6##November#6th#2016_Game2,"[""Caitlynn"", ""Mitchell"", ""Alana"", ""Mike""]","[""Werewolf"", ""Robber"", ""Seer"", ""Troublemaker""]",True,player,"[""Caitlynn""]",player_vote,Mitchell,Mitchell,Mitchell,1.0,Robber,False,False
C:\Users\annab\Documents\GitHub\masters_thesis_sdg\results\voting\unsloth_gemma-4-31B-it-unsloth-bnb-4bit\prompt_v4_t0\Youtube\ONE#NIGHT#ULTIMATE#WEREWOLF#62##March#23rd#2019_Game1.json,greedy_t0,0,greedy,0.0,prompt_v4_t0,Youtube,ONE#NIGHT#ULTIMATE#WEREWOLF#62##March#23rd#2019,Game1,Youtube / ONE#NIGHT#ULTIMATE#WEREWOLF#62##March#23rd#2019 / Game1,Paul,"Paul's claims are highly contradictory throughout the discussion. He initially claims to be the Robber who robbed James, then later denies being the Robber and claims to be the Seer, while also stating the Robber is in the center. This level of inconsistency is typical of a Werewolf attempting to deceive the group or a Tanner attempting to attract votes. Since the other players have reached a consensus to vote for him, he is the most likely candidate for elimination.",ONE#NIGHT#ULTIMATE#WEREWOLF#62##March#23rd#2019_Game1,"[""Justin"", ""James"", ""Paul"", ""Mitchell""]","[""Werewolf"", ""Seer"", ""Tanner"", ""Troublemaker""]",True,player,"[""Justin""]",player_vote,Paul,Paul,Paul,2.0,Tanner,False,False
C:\Users\annab\Documents\GitHub\masters_thesis_sdg\results\voting\unsloth_gemma-4-31B-it-unsloth-bnb-4bit\prompt_v4_t0\Youtube\ONE#NIGHT#ULTIMATE#WEREWOLF#62##March#23rd#2019_Game2.json,greedy_t0,0,greedy,0.0,prompt_v4_t0,Youtube,ONE#NIGHT#ULTIMATE#WEREWOLF#62##March#23rd#2019,Game2,Youtube / ONE#NIGHT#ULTIMATE#WEREWOLF#62##March#23rd#2019 / Game2,James,"Justin is confirmed as the starting Troublemaker because he performed the night action when called by the announcer. James claims to be the Troublemaker and says he swapped Justin and Mitchell, which is a blatant lie. Paul's behavior ('Actually you need to kill me') is characteristic of the Tanner, who wants to be eliminated. Since James is lying about his role and pushing to eliminate Paul, he is the most likely Werewolf.",ONE#NIGHT#ULTIMATE#WEREWOLF#62##March#23rd#2019_Game2,"[""Justin"", ""James"", ""Paul"", ""Mitchell""]","[""Seer"", ""Troublemaker"", ""Werewolf"", ""Tanner""]",True,player,"[""Paul""]",player_vote,James,James,James,1.0,Troublemaker,False,False
C:\Users\annab\Documents\GitHub\masters_thesis_sdg\results\voting\unsloth_gemma-4-31B-it-unsloth-bnb-4bit\prompt_v4_t0\Youtube\ONE#NIGHT#ULTIMATE#WEREWOLF#63##March#23rd#2019_Game1.json,greedy_t0,0,greedy,0.0,prompt_v4_t0,Youtube,ONE#NIGHT#ULTIMATE#WEREWOLF#63##March#23rd#2019,Game1,Youtube / ONE#NIGHT#ULTIMATE#WEREWOLF#63##March#23rd#2019 / Game1,Justin,"Justin's claims are completely contradictory throughout the discussion; he claims to be the Robber, then a Werewolf, then a Seer (claiming to see two Werewolves in the center), and then a Werewolf again. This erratic behavior is characteristic of either a Werewolf attempting to confuse the group or a Tanner attempting to be voted out. Since he explicitly admits to being a Werewolf multiple times, he is the most suspicious player and the most logical target for Team Village to eliminate.",ONE#NIGHT#ULTIMATE#WEREWOLF#63##March#23rd#2019_Game1,"[""Justin"", ""James"", ""Paul"", ""Mitchell""]","[""Tanner"", ""Werewolf"", ""Robber"", ""Werewolf""]",True,player,"[""James"", ""Mitchell""]",player_vote,Justin,Justin,Justin,0.0,Tanner,False,False
C:\Users\annab\Documents\GitHub\masters_thesis_sdg\results\voting\unsloth_gemma-4-31B-it-unsloth-bnb-4bit\prompt_v4_t0\Youtube\ONE#NIGHT#ULTIMATE#WEREWOLF#64##March#23rd#2019_Game3.json,greedy_t0,0,greedy,0.0,prompt_v4_t0,Youtube,ONE#NIGHT#ULTIMATE#WEREWOLF#64##March#23rd#2019,Game3,Youtube / ONE#NIGHT#ULTIMATE#WEREWOLF#64##March#23rd#2019 / Game3,James,"James explicitly claims to be a werewolf, stating that he robbed Mitchell, who was a werewolf, and thus became one himself. Mitchell corroborates this by admitting he was a werewolf and believes James robbed him. While James's request to be killed is characteristic of a Tanner, the mutual agreement between James and Mitchell regarding the robbery and the werewolf role makes James the most likely target for Team Village to win.",ONE#NIGHT#ULTIMATE#WEREWOLF#64##March#23rd#2019_Game3,"[""Justin"", ""James"", ""Paul"", ""Mitchell""]","[""Robber"", ""Werewolf"", ""Troublemaker"", ""Tanner""]",True,player,"[""James""]",player_vote,James,James,James,1.0,Werewolf,True,False
C:\Users\annab\Documents\GitHub\masters_thesis_sdg\results\voting\unsloth_gemma-4-31B-it-unsloth-bnb-4bit\prompt_v4_t0\Youtube\ONE#NIGHT#ULTIMATE#WEREWOLF#64##March#23rd#2019_Game4.json,greedy_t0,0,greedy,0.0,prompt_v4_t0,Youtube,ONE#NIGHT#ULTIMATE#WEREWOLF#64##March#23rd#2019,Game4,Youtube / ONE#NIGHT#ULTIMATE#WEREWOLF#64##March#23rd#2019 / Game4,James,"James exhibits highly aggressive behavior, attempting to control the narrative and pressure the group to vote for Paul, which is characteristic of a Werewolf. Justin's claim to be the Troublemaker and his statement that he swapped James and Paul is likely a bluff to protect James, suggesting Justin is the Minion. If Justin is the Minion and James is the Werewolf, no actual swap occurred, and James remains the Werewolf. Therefore, voting for James is the most strategic move for Team Village.",ONE#NIGHT#ULTIMATE#WEREWOLF#64##March#23rd#2019_Game4,"[""Justin"", ""James"", ""Paul"", ""Mitchell""]","[""Werewolf"", ""Robber"", ""Werewolf"", ""Seer""]",True,player,"[""Justin"", ""Paul""]",player_vote,James,James,James,1.0,Robber,False,False
C:\Users\annab\Documents\GitHub\masters_thesis_sdg\results\voting\unsloth_gemma-4-31B-it-unsloth-bnb-4bit\prompt_v4_t0\Youtube\ONE#NIGHT#ULTIMATE#WEREWOLF#64##March#23rd#2019_Game5.json,greedy_t0,0,greedy,0.0,prompt_v4_t0,Youtube,ONE#NIGHT#ULTIMATE#WEREWOLF#64##March#23rd#2019,Game5,Youtube / ONE#NIGHT#ULTIMATE#WEREWOLF#64##March#23rd#2019 / Game5,Paul,"James admits to being a Werewolf (T71, T110), and Paul claims to have robbed James (T84, T105). According to the game rules, the Robber swaps their card with another player and takes on that role. If Paul robbed James while James was a Werewolf, Paul is now the Werewolf. Paul's subsequent attempt to divert the vote toward Justin (T121) is consistent with a Werewolf trying to avoid elimination.",ONE#NIGHT#ULTIMATE#WEREWOLF#64##March#23rd#2019_Game5,"[""Justin"", ""James"", ""Paul"", ""Mitchell""]","[""Werewolf"", ""Robber"", ""Seer"", ""Troublemaker""]",True,player,"[""Justin""]",player_vote,Paul,Paul,Paul,2.0,Seer,False,False
C:\Users\annab\Documents\GitHub\masters_thesis_sdg\results\voting\unsloth_gemma-4-31B-it-unsloth-bnb-4bit\prompt_v4_t0\Youtube\ONE#NIGHT#ULTIMATE#WEREWOLF#7##November#6th#2016_Game1.json,greedy_t0,0,greedy,0.0,prompt_v4_t0,Youtube,ONE#NIGHT#ULTIMATE#WEREWOLF#7##November#6th#2016,Game1,Youtube / ONE#NIGHT#ULTIMATE#WEREWOLF#7##November#6th#2016 / Game1,Alana,"Caitlynn claimed to be the starting Werewolf, and Mitchell claimed to be the Troublemaker. Mitchell stated that he swapped Caitlynn with Alana, which would make Alana the final Werewolf. Although Alana claimed to be the Robber and suggested she robbed Mitchell, she ultimately concluded that she is logically the Werewolf and repeatedly asked to be voted out. While this behavior is characteristic of the Tanner, the most direct interpretation of the players' claims and the swap mentioned by Mitchell points to Alana as the Werewolf.",ONE#NIGHT#ULTIMATE#WEREWOLF#7##November#6th#2016_Game1,"[""Caitlynn"", ""Mitchell"", ""Alana"", ""Mike""]","[""Troublemaker"", ""Robber"", ""Werewolf"", ""Villager""]",True,player,"[""Alana""]",player_vote,Alana,Alana,Alana,2.0,Werewolf,True,False
C:\Users\annab\Documents\GitHub\masters_thesis_sdg\results\voting\unsloth_gemma-4-31B-it-unsloth-bnb-4bit\prompt_v4_t0\Youtube\ONE#NIGHT#ULTIMATE#WEREWOLF#7##November#6th#2016_Game2.json,greedy_t0,0,greedy,0.0,prompt_v4_t0,Youtube,ONE#NIGHT#ULTIMATE#WEREWOLF#7##November#6th#2016,Game2,Youtube / ONE#NIGHT#ULTIMATE#WEREWOLF#7##November#6th#2016 / Game2,Caitlynn,"Caitlynn's behavior is highly suspicious, as she jokingly refers to herself as a 'cute fluffy wolf,' which is a common tell for either a Werewolf or a Tanner. Mitchell and Mike have coordinated a story where Mitchell (the Robber) robbed Mike (the Seer), and they both conclude that Caitlynn is the Werewolf while Alana is the Tanner. Given the evidence and the players' consensus, Caitlynn is the most likely candidate for elimination to ensure a Village victory.",ONE#NIGHT#ULTIMATE#WEREWOLF#7##November#6th#2016_Game2,"[""Caitlynn"", ""Mitchell"", ""Alana"", ""Mike""]","[""Tanner"", ""Seer"", ""Werewolf"", ""Robber""]",True,player,"[""Alana""]",player_vote,Caitlynn,Caitlynn,Caitlynn,0.0,Tanner,False,False
C:\Users\annab\Documents\GitHub\masters_thesis_sdg\results\voting\unsloth_gemma-4-31B-it-unsloth-bnb-4bit\prompt_v4_t0\Youtube\ONE#NIGHT#ULTIMATE#WEREWOLF#7##November#6th#2016_Game3.json,greedy_t0,0,greedy,0.0,prompt_v4_t0,Youtube,ONE#NIGHT#ULTIMATE#WEREWOLF#7##November#6th#2016,Game3,Youtube / ONE#NIGHT#ULTIMATE#WEREWOLF#7##November#6th#2016 / Game3,Mitchell,"Mitchell's claims are highly contradictory throughout the discussion. He first claims to be the Seer (by confirming Mike was the Robber), then claims to be the Tanner, and finally attempts to divert the vote toward Alana. This pattern of shifting roles and diverting suspicion is characteristic of a Werewolf attempting to avoid elimination. While Mike also claims to be the Tanner, Mitchell's inconsistencies are more frequent and blatant.",ONE#NIGHT#ULTIMATE#WEREWOLF#7##November#6th#2016_Game3,"[""Caitlynn"", ""Mitchell"", ""Alana"", ""Mike""]","[""Werewolf"", ""Werewolf"", ""Troublemaker"", ""Tanner""]",True,player,"[""Caitlynn"", ""Mitchell""]",player_vote,Mitchell,Mitchell,Mitchell,1.0,Werewolf,True,False
C:\Users\annab\Documents\GitHub\masters_thesis_sdg\results\voting\unsloth_gemma-4-31B-it-unsloth-bnb-4bit\prompt_v4_t0\Youtube\ONE#NIGHT#ULTIMATE#WEREWOLF#7##November#6th#2016_Game4.json,greedy_t0,0,greedy,0.0,prompt_v4_t0,Youtube,ONE#NIGHT#ULTIMATE#WEREWOLF#7##November#6th#2016,Game4,Youtube / ONE#NIGHT#ULTIMATE#WEREWOLF#7##November#6th#2016 / Game4,Caitlynn,"Alana claims to be the Seer and identifies Caitlynn as the werewolf, stating she saw this during the night. While there is conflict between Mitchell and Mike regarding who the Insomniac is, Alana and Mitchell both converge on Caitlynn as the target for elimination. Alana's consistency in accusing Caitlynn (from her initial comment at [34] to her final conclusion at [104]) makes Caitlynn the most probable werewolf.",ONE#NIGHT#ULTIMATE#WEREWOLF#7##November#6th#2016_Game4,"[""Caitlynn"", ""Mitchell"", ""Alana"", ""Mike""]","[""Werewolf"", ""Werewolf"", ""Troublemaker"", ""Tanner""]",True,player,"[""Caitlynn"", ""Mitchell""]",player_vote,Caitlynn,Caitlynn,Caitlynn,0.0,Werewolf,True,False
C:\Users\annab\Documents\GitHub\masters_thesis_sdg\results\voting\unsloth_gemma-4-31B-it-unsloth-bnb-4bit\prompt_v4_t0\Youtube\ONE#NIGHT#ULTIMATE#WEREWOLF#8##November#6th#2016_Game1.json,greedy_t0,0,greedy,0.0,prompt_v4_t0,Youtube,ONE#NIGHT#ULTIMATE#WEREWOLF#8##November#6th#2016,Game1,Youtube / ONE#NIGHT#ULTIMATE#WEREWOLF#8##November#6th#2016 / Game1,Mitchell,"Mitchell's behavior is highly erratic, claiming to be the Tanner, then the Seer, and finally the Werewolf. While he attempts to divert votes by suggesting the group 'vote left,' his explicit admission of being the Werewolf, combined with the other players' suspicion, makes him the primary target. Even if Matt (the Robber) had swapped roles with him, Mitchell's chaotic claims are characteristic of either a Werewolf attempting a confusing bluff or a Tanner trying to attract votes; however, given the available information, he is the most likely candidate for elimination to secure a Village win.",ONE#NIGHT#ULTIMATE#WEREWOLF#8##November#6th#2016_Game1,"[""Matt"", ""Caitlynn"", ""Mitchell"", ""Alana"", ""Mike""]","[""Robber"", ""Werewolf"", ""Tanner"", ""Insomniac"", ""Troublemaker""]",True,player,"[""Caitlynn""]",player_vote,Mitchell,Mitchell,Mitchell,2.0,Tanner,False,False
C:\Users\annab\Documents\GitHub\masters_thesis_sdg\results\voting\unsloth_gemma-4-31B-it-unsloth-bnb-4bit\prompt_v4_t0\Youtube\ONE#NIGHT#ULTIMATE#WEREWOLF#8##November#6th#2016_Game4.json,greedy_t0,0,greedy,0.0,prompt_v4_t0,Youtube,ONE#NIGHT#ULTIMATE#WEREWOLF#8##November#6th#2016,Game4,Youtube / ONE#NIGHT#ULTIMATE#WEREWOLF#8##November#6th#2016 / Game4,Mike,"Mike claims to be the Troublemaker and asserts that he swapped Alana and Matt, specifically identifying Alana as the Tanner. However, the Troublemaker swaps two other players' cards without looking at them, meaning Mike could not possibly know the roles of the players he swapped. This fundamental contradiction in his claim, combined with his attempt to frame Alana as the Werewolf, strongly indicates that he is bluffing to protect himself as a Werewolf.",ONE#NIGHT#ULTIMATE#WEREWOLF#8##November#6th#2016_Game4,"[""Matt"", ""Caitlynn"", ""Mitchell"", ""Alana"", ""Mike""]","[""Tanner"", ""Seer"", ""Werewolf"", ""Insomniac"", ""Troublemaker""]",True,player,"[""Mitchell""]",player_vote,Mike,Mike,Mike,4.0,Troublemaker,False,False
C:\Users\annab\Documents\GitHub\masters_thesis_sdg\results\voting\unsloth_gemma-4-31B-it-unsloth-bnb-4bit\prompt_v4_t0\Youtube\ONE#NIGHT#ULTIMATE#WEREWOLF#83##October#15th#2019_Game2.json,greedy_t0,0,greedy,0.0,prompt_v4_t0,Youtube,ONE#NIGHT#ULTIMATE#WEREWOLF#83##October#15th#2019,Game2,Youtube / ONE#NIGHT#ULTIMATE#WEREWOLF#83##October#15th#2019 / Game2,Caitlynn,"Mike's contradictory statements ('I was the werewolf' and 'vote for Caitlynn') suggest he was the Robber who robbed Caitlynn, becoming the Werewolf temporarily, before being switched back by Meghan (the Troublemaker). This means Caitlynn was the starting Werewolf and, after the Robber and Troublemaker actions, ended the night as the Werewolf again. Caitlynn's claim to be the Robber and her attempt to frame Mike as the Tanner are likely bluffs to hide her identity.",ONE#NIGHT#ULTIMATE#WEREWOLF#83##October#15th#2019_Game2,"[""Justin"", ""Meghan"", ""Caitlynn"", ""Mike""]","[""Werewolf"", ""Troublemaker"", ""Robber"", ""Tanner""]",True,player,"[""Justin""]",player_vote,Caitlynn,Caitlynn,Caitlynn,2.0,Robber,False,False
C:\Users\annab\Documents\GitHub\masters_thesis_sdg\results\voting\unsloth_gemma-4-31B-it-unsloth-bnb-4bit\prompt_v4_t0\Youtube\ONE#NIGHT#ULTIMATE#WEREWOLF#83##October#15th#2019_Game3.json,greedy_t0,0,greedy,0.0,prompt_v4_t0,Youtube,ONE#NIGHT#ULTIMATE#WEREWOLF#83##October#15th#2019,Game3,Youtube / ONE#NIGHT#ULTIMATE#WEREWOLF#83##October#15th#2019 / Game3,Meghan,"Meghan claimed to be the Apprentice Seer and stated she saw Mike's role in the center. However, Justin claimed to be the Robber and stated he robbed Mike, confirming Mike was the Troublemaker. If Justin is telling the truth, Meghan's claim about the center card is a lie. Since Caitlynn claimed to be the Tanner, Meghan is the most likely candidate for the Werewolf.",ONE#NIGHT#ULTIMATE#WEREWOLF#83##October#15th#2019_Game3,"[""Justin"", ""Meghan"", ""Caitlynn"", ""Mike""]","[""Troublemaker"", ""Werewolf"", ""Tanner"", ""Robber""]",True,player,"[""Meghan""]",player_vote,Meghan,Meghan,Meghan,1.0,Werewolf,True,False
C:\Users\annab\Documents\GitHub\masters_thesis_sdg\results\voting\unsloth_gemma-4-31B-it-unsloth-bnb-4bit\prompt_v4_t0\Youtube\ONE#NIGHT#ULTIMATE#WEREWOLF#86##November#9th#2019_Game1.json,greedy_t0,0,greedy,0.0,prompt_v4_t0,Youtube,ONE#NIGHT#ULTIMATE#WEREWOLF#86##November#9th#2019,Game1,Youtube / ONE#NIGHT#ULTIMATE#WEREWOLF#86##November#9th#2019 / Game1,Paul,"Mike's claims to be the Seer/Copycat are contradictory and highly suspicious, as he first claims he didn't see a werewolf in the center and then changes his story. Justin claims to be the Troublemaker and states he switched Mike with Paul. If Mike was the Werewolf, this switch makes Paul the Werewolf. Paul's behavior—openly inviting votes and suggesting he needs to die—is characteristic of the Tanner, but if he was swapped with a Werewolf, he becomes the target for a Village win.",ONE#NIGHT#ULTIMATE#WEREWOLF#86##November#9th#2019_Game1,"[""Justin"", ""Mitchell"", ""Paul"", ""Mike""]","[""Robber"", ""Werewolf"", ""Werewolf"", ""Troublemaker""]",True,player,"[""Mitchell"", ""Paul""]",player_vote,Paul,Paul,Paul,2.0,Werewolf,True,False
C:\Users\annab\Documents\GitHub\masters_thesis_sdg\results\voting\unsloth_gemma-4-31B-it-unsloth-bnb-4bit\prompt_v4_t0\Youtube\ONE#NIGHT#ULTIMATE#WEREWOLF#86##November#9th#2019_Game3.json,greedy_t0,0,greedy,0.0,prompt_v4_t0,Youtube,ONE#NIGHT#ULTIMATE#WEREWOLF#86##November#9th#2019,Game3,Youtube / ONE#NIGHT#ULTIMATE#WEREWOLF#86##November#9th#2019 / Game3,Justin,"Justin's claims are highly contradictory; he first claims to be the Troublemaker [21] and later claims to be the Robber [102]. Furthermore, he claims to have robbed Paul and asserts that Paul is a werewolf [102, 104], which, if true, would mean Justin himself is now the werewolf. Mitchell's blatant admission to starting as a werewolf [76] is a classic sign of the Tanner attempting to attract votes. Given Justin's erratic behavior and contradictory roles, he is the most likely candidate for the werewolf.",ONE#NIGHT#ULTIMATE#WEREWOLF#86##November#9th#2019_Game3,"[""Justin"", ""Mitchell"", ""Paul"", ""Mike""]","[""Troublemaker"", ""Robber"", ""Werewolf"", ""Werewolf""]",True,player,"[""Paul"", ""Mike""]",player_vote,Justin,Justin,Justin,0.0,Troublemaker,False,False
C:\Users\annab\Documents\GitHub\masters_thesis_sdg\results\voting\unsloth_gemma-4-31B-it-unsloth-bnb-4bit\prompt_v4_t0\Youtube\ONE#NIGHT#ULTIMATE#WEREWOLF#86##November#9th#2019_Game4.json,greedy_t0,0,greedy,0.0,prompt_v4_t0,Youtube,ONE#NIGHT#ULTIMATE#WEREWOLF#86##November#9th#2019,Game4,Youtube / ONE#NIGHT#ULTIMATE#WEREWOLF#86##November#9th#2019 / Game4,Mike,"Paul claims to be the Seer and states he saw Mitchell as a Werewolf. Mitchell eventually admits he started as a lone Werewolf. Justin claims to be the Troublemaker and states he swapped Mitchell and Mike. According to the night action order, the Seer acts before the Troublemaker; therefore, if Paul saw Mitchell as a Werewolf and Justin subsequently swapped Mitchell and Mike, Mike is now the Werewolf. Mike's claim to be the Tanner is likely a bluff to avoid elimination.",ONE#NIGHT#ULTIMATE#WEREWOLF#86##November#9th#2019_Game4,"[""Justin"", ""Mitchell"", ""Paul"", ""Mike""]","[""Troublemaker"", ""Tanner"", ""Seer"", ""Werewolf""]",True,player,"[""Mike""]",player_vote,Mike,Mike,Mike,3.0,Werewolf,True,False
C:\Users\annab\Documents\GitHub\masters_thesis_sdg\results\voting\unsloth_gemma-4-31B-it-unsloth-bnb-4bit\prompt_v4_t0\Youtube\ONE#NIGHT#ULTIMATE#WEREWOLF#87##November#9th#2019_Game1.json,greedy_t0,0,greedy,0.0,prompt_v4_t0,Youtube,ONE#NIGHT#ULTIMATE#WEREWOLF#87##November#9th#2019,Game1,Youtube / ONE#NIGHT#ULTIMATE#WEREWOLF#87##November#9th#2019 / Game1,Mike,"Mike claims to be the Troublemaker and asserts that he swapped Justin and Paul. However, he later contradicts himself by claiming that Mitchell now holds the 'copycat' card (which he calls a 'bad role'), despite his own claim that he only swapped Justin and Paul. This inconsistency in his narrative, combined with his aggressive attempt to frame Mitchell and Justin's suspicion of him, suggests that Mike is lying to divert attention from himself. Therefore, Mike is the most likely candidate for the Werewolf.",ONE#NIGHT#ULTIMATE#WEREWOLF#87##November#9th#2019_Game1,"[""Justin"", ""Mitchell"", ""Paul"", ""Mike""]","[""Werewolf"", ""Robber"", ""Werewolf"", ""Troublemaker""]",True,player,"[""Justin"", ""Paul""]",player_vote,Mike,Mike,Mike,3.0,Troublemaker,False,False
C:\Users\annab\Documents\GitHub\masters_thesis_sdg\results\voting\unsloth_gemma-4-31B-it-unsloth-bnb-4bit\prompt_v4_t0\Youtube\ONE#NIGHT#ULTIMATE#WEREWOLF#87##November#9th#2019_Game2.json,greedy_t0,0,greedy,0.0,prompt_v4_t0,Youtube,ONE#NIGHT#ULTIMATE#WEREWOLF#87##November#9th#2019,Game2,Youtube / ONE#NIGHT#ULTIMATE#WEREWOLF#87##November#9th#2019 / Game2,Paul,"Mike (Seer) claims to have seen one Werewolf in the center, and Paul admits to starting as a Werewolf. Justin (Troublemaker) repeatedly insists that he did not swap any cards during the night, which is supported by Mitchell (likely the Robber) who identifies Justin's role as Troublemaker. Since Paul started as a Werewolf and no swaps occurred, Paul remains the Werewolf.",ONE#NIGHT#ULTIMATE#WEREWOLF#87##November#9th#2019_Game2,"[""Justin"", ""Mitchell"", ""Paul"", ""Mike""]","[""Robber"", ""Troublemaker"", ""Werewolf"", ""Tanner""]",True,player,"[""Paul""]",player_vote,Paul,Paul,Paul,2.0,Werewolf,True,False
C:\Users\annab\Documents\GitHub\masters_thesis_sdg\results\voting\unsloth_gemma-4-31B-it-unsloth-bnb-4bit\prompt_v4_t0\Youtube\ONE#NIGHT#ULTIMATE#WEREWOLF#89##November#30th#2019_Game2.json,greedy_t0,0,greedy,0.0,prompt_v4_t0,Youtube,ONE#NIGHT#ULTIMATE#WEREWOLF#89##November#30th#2019,Game2,Youtube / ONE#NIGHT#ULTIMATE#WEREWOLF#89##November#30th#2019 / Game2,No Werewolf,"Justin's behavior is characteristic of the Tanner role, as he explicitly asks the other players to vote for him and mentions 'I have a tanner'. Paul, James, and Mitchell claim or are assigned village-aligned roles (Witch, Troublemaker, and Apprentice Seer). If Justin is the Tanner and the others are village-aligned, no Werewolf is present among the players. According to the rules, Team Village wins if no player is a Werewolf and no one is voted out.",ONE#NIGHT#ULTIMATE#WEREWOLF#89##November#30th#2019_Game2,"[""Justin"", ""Mitchell"", ""Paul"", ""James""]","[""Werewolf"", ""Werewolf"", ""Robber"", ""Troublemaker""]",True,player,"[""Justin"", ""Mitchell""]",circle_vote,No Werewolf,,,,,False,True
C:\Users\annab\Documents\GitHub\masters_thesis_sdg\results\voting\unsloth_gemma-4-31B-it-unsloth-bnb-4bit\prompt_v4_t0\Youtube\ONE#NIGHT#ULTIMATE#WEREWOLF#89##November#30th#2019_Game3.json,greedy_t0,0,greedy,0.0,prompt_v4_t0,Youtube,ONE#NIGHT#ULTIMATE#WEREWOLF#89##November#30th#2019,Game3,Youtube / ONE#NIGHT#ULTIMATE#WEREWOLF#89##November#30th#2019 / Game3,Mitchell,"James exhibits classic Tanner behavior by repeatedly begging to be voted out ('Vote for me', 'Kill James with me') and contradicting his own role claims multiple times (claiming to be the Witch, then the Troublemaker, then the Werewolf). Mitchell openly claims to be a Werewolf with high confidence ('100% sure', betting money), but then attempts to divert the vote toward James. This pattern suggests James is the Tanner and Mitchell is the Werewolf attempting to confuse the group while ensuring the Tanner is eliminated instead of himself.",ONE#NIGHT#ULTIMATE#WEREWOLF#89##November#30th#2019_Game3,"[""Justin"", ""Mitchell"", ""Paul"", ""James""]","[""Robber"", ""Werewolf"", ""Werewolf"", ""Troublemaker""]",True,player,"[""Mitchell"", ""Paul""]",player_vote,Mitchell,Mitchell,Mitchell,1.0,Werewolf,True,False
C:\Users\annab\Documents\GitHub\masters_thesis_sdg\results\voting\unsloth_gemma-4-31B-it-unsloth-bnb-4bit\prompt_v4_t0\Youtube\ONE#NIGHT#ULTIMATE#WEREWOLF#9##November#6th#2016_Game1.json,greedy_t0,0,greedy,0.0,prompt_v4_t0,Youtube,ONE#NIGHT#ULTIMATE#WEREWOLF#9##November#6th#2016,Game1,Youtube / ONE#NIGHT#ULTIMATE#WEREWOLF#9##November#6th#2016 / Game1,Alana,"Alana claims to be the Troublemaker and asserts that Mike did not wake up as the Insomniac because she switched him. However, according to the game rules, the Troublemaker swaps the cards of two other players without looking at them, meaning Alana could not possibly know Mike's starting role or whether he was the Insomniac. This logical inconsistency suggests Alana is lying about her role to divert suspicion, making her the most likely Werewolf.",ONE#NIGHT#ULTIMATE#WEREWOLF#9##November#6th#2016_Game1,"[""Caitlynn"", ""Mitchell"", ""Alana"", ""Mike""]","[""Tanner"", ""Seer"", ""Werewolf"", ""Insomniac""]",True,player,"[""Alana""]",player_vote,Alana,Alana,Alana,2.0,Werewolf,True,False
C:\Users\annab\Documents\GitHub\masters_thesis_sdg\results\voting\unsloth_gemma-4-31B-it-unsloth-bnb-4bit\prompt_v4_t0\Youtube\ONE#NIGHT#ULTIMATE#WEREWOLF#9##November#6th#2016_Game2.json,greedy_t0,0,greedy,0.0,prompt_v4_t0,Youtube,ONE#NIGHT#ULTIMATE#WEREWOLF#9##November#6th#2016,Game2,Youtube / ONE#NIGHT#ULTIMATE#WEREWOLF#9##November#6th#2016 / Game2,Alana,"Caitlynn, Mitchell, and Mike all claim roles (Seer, Robber, and Troublemaker, respectively), while Alana does not consistently claim a role. Despite the chaotic and joking nature of the discussion, the group repeatedly targets Alana as the Werewolf, with Mike explicitly stating she is 'a hundred percent the werewolf.' Given that the other three players have claimed roles, Alana is the most likely candidate for elimination to achieve a Team Village win.",ONE#NIGHT#ULTIMATE#WEREWOLF#9##November#6th#2016_Game2,"[""Caitlynn"", ""Mitchell"", ""Alana"", ""Mike""]","[""Seer"", ""Troublemaker"", ""Werewolf"", ""Robber""]",True,player,"[""Alana""]",player_vote,Alana,Alana,Alana,2.0,Werewolf,True,False
C:\Users\annab\Documents\GitHub\masters_thesis_sdg\results\voting\unsloth_gemma-4-31B-it-unsloth-bnb-4bit\prompt_v4_t0\Youtube\ONE#NIGHT#ULTIMATE#WEREWOLF#9##November#6th#2016_Game3.json,greedy_t0,0,greedy,0.0,prompt_v4_t0,Youtube,ONE#NIGHT#ULTIMATE#WEREWOLF#9##November#6th#2016,Game3,Youtube / ONE#NIGHT#ULTIMATE#WEREWOLF#9##November#6th#2016 / Game3,Mike,"Alana, Mitchell, and Caitlynn have consistent stories: Caitlynn (Seer) saw Mitchell as the Robber, and Mitchell (Robber) swapped cards with Alana (Insomniac), meaning Alana ended as the Robber and Mitchell ended as the Insomniac. Mike claimed to be the Insomniac, which is directly contradicted by Alana's and Mitchell's claims. Since Mike is the only player whose claim is inconsistent with the others, he is the most likely Werewolf.",ONE#NIGHT#ULTIMATE#WEREWOLF#9##November#6th#2016_Game3,"[""Caitlynn"", ""Mitchell"", ""Alana"", ""Mike""]","[""Werewolf"", ""Insomniac"", ""Robber"", ""Werewolf""]",True,player,"[""Caitlynn"", ""Mike""]",player_vote,Mike,Mike,Mike,3.0,Werewolf,True,False
C:\Users\annab\Documents\GitHub\masters_thesis_sdg\results\voting\unsloth_gemma-4-31B-it-unsloth-bnb-4bit\prompt_v4_t0\Youtube\ONE#NIGHT#ULTIMATE#WEREWOLF#9##November#6th#2016_Game4.json,greedy_t0,0,greedy,0.0,prompt_v4_t0,Youtube,ONE#NIGHT#ULTIMATE#WEREWOLF#9##November#6th#2016,Game4,Youtube / ONE#NIGHT#ULTIMATE#WEREWOLF#9##November#6th#2016 / Game4,No Werewolf,"The players have collectively concluded that they are all village-aligned, with claims to be the Insomniac, Robber, Troublemaker, and Seer. Despite some logical inconsistencies and Alana's admission that she forgot to use her Seer ability, the group reaches a consensus that they are 'good' and agrees to a voting strategy ('voting to the left') designed to ensure no one is eliminated. Since Team Village wins if no player is a Werewolf and no one dies, this consensus suggests the Werewolf cards are in the center.",ONE#NIGHT#ULTIMATE#WEREWOLF#9##November#6th#2016_Game4,"[""Caitlynn"", ""Mitchell"", ""Alana"", ""Mike""]","[""Insomniac"", ""Troublemaker"", ""Werewolf"", ""Seer""]",True,player,"[""Alana""]",circle_vote,No Werewolf,,,,,False,True
C:\Users\annab\Documents\GitHub\masters_thesis_sdg\results\voting\unsloth_gemma-4-31B-it-unsloth-bnb-4bit\prompt_v4_t0\Youtube\One#Night#Ultimate#Werewolf#GAME#NIGHT!!_Game2.json,greedy_t0,0,greedy,0.0,prompt_v4_t0,Youtube,One#Night#Ultimate#Werewolf#GAME#NIGHT!!,Game2,Youtube / One#Night#Ultimate#Werewolf#GAME#NIGHT!! / Game2,Shane,"Shane claimed to be the Robber and stated that he swapped cards with Eric. Eric subsequently revealed that he was the starting Werewolf, which means that after the swap, Shane became the Werewolf. Shane explicitly confessed to being the Werewolf in the final lines of the transcript, making him the correct target for Team Village.",One#Night#Ultimate#Werewolf#GAME#NIGHT!!_Game2,"[""Eric"", ""Shane"", ""Calvin"", ""Aaron"", ""Rick""]","[""Robber"", ""Werewolf"", ""Villager"", ""Seer"", ""Villager""]",True,player,"[""Shane""]",player_vote,Shane,Shane,Shane,1.0,Werewolf,True,False
C:\Users\annab\Documents\GitHub\masters_thesis_sdg\results\voting\unsloth_gemma-4-31B-it-unsloth-bnb-4bit\prompt_v4_t0\Youtube\Retrovision##ONE#NIGHT#ULTIMATE#WEREWOLF##Retro#7_Game1.json,greedy_t0,0,greedy,0.0,prompt_v4_t0,Youtube,Retrovision##ONE#NIGHT#ULTIMATE#WEREWOLF##Retro#7,Game1,Youtube / Retrovision##ONE#NIGHT#ULTIMATE#WEREWOLF##Retro#7 / Game1,Justin,"Justin claims to be the Seer and asserts that the Troublemaker card is in the center, which directly contradicts Paul's claim of being the Troublemaker. Eric supports Justin's claim, and the two coordinate their stories to frame Paul. This level of coordination between Justin and Eric, combined with Justin's aggressive push to eliminate Paul, strongly suggests they are the Werewolf/Minion team attempting to deceive the village.",Retrovision##ONE#NIGHT#ULTIMATE#WEREWOLF##Retro#7_Game1,"[""Justin"", ""Eric"", ""Paul"", ""Mitchell"", ""Mike""]","[""Seer"", ""Werewolf"", ""Werewolf"", ""Robber"", ""Villager""]",True,player,"[""Eric"", ""Paul""]",player_vote,Justin,Justin,Justin,0.0,Seer,False,False
C:\Users\annab\Documents\GitHub\masters_thesis_sdg\results\voting\unsloth_gemma-4-31B-it-unsloth-bnb-4bit\prompt_v4_t0\Youtube\Retrovision##ONE#NIGHT#ULTIMATE#WEREWOLF##Retro#7_Game2.json,greedy_t0,0,greedy,0.0,prompt_v4_t0,Youtube,Retrovision##ONE#NIGHT#ULTIMATE#WEREWOLF##Retro#7,Game2,Youtube / Retrovision##ONE#NIGHT#ULTIMATE#WEREWOLF##Retro#7 / Game2,Mike,"Mike explicitly admits to being the Werewolf ('I was the werewolf'), although he later attempts to deflect by suggesting his card was swapped. Eric, claiming to be the Seer, eventually points to Mike as the target. While Eric's statements about the number of Werewolves are contradictory, Mike's own admission is the strongest evidence available in the transcript.",Retrovision##ONE#NIGHT#ULTIMATE#WEREWOLF##Retro#7_Game2,"[""Justin"", ""Eric"", ""Paul"", ""Mitchell"", ""Mike""]","[""Insomniac"", ""Seer"", ""Villager"", ""Villager"", ""Werewolf""]",True,player,"[""Mike""]",player_vote,Mike,Mike,Mike,4.0,Werewolf,True,False
C:\Users\annab\Documents\GitHub\masters_thesis_sdg\results\voting\unsloth_gemma-4-31B-it-unsloth-bnb-4bit\prompt_v4_t0\Youtube\Retrovision##ONE#NIGHT#ULTIMATE#WEREWOLF##Retro#7_Game3.json,greedy_t0,0,greedy,0.0,prompt_v4_t0,Youtube,Retrovision##ONE#NIGHT#ULTIMATE#WEREWOLF##Retro#7,Game3,Youtube / Retrovision##ONE#NIGHT#ULTIMATE#WEREWOLF##Retro#7 / Game3,Mitchell,"Mitchell is the only player who failed to clearly claim a specific role, instead vaguely stating that his role had been 'claimed' or 'taken' by others. He attempted to deflect suspicion by accusing Justin and Paul of being the Werewolf and Tanner, respectively, but his narrative was inconsistent and confusing. Since the other four players (Justin, Paul, Mike, and Eric) all claimed specific village-aligned roles (Seer, Troublemaker, Robber, and Villager), Mitchell is the most likely candidate for the Werewolf.",Retrovision##ONE#NIGHT#ULTIMATE#WEREWOLF##Retro#7_Game3,"[""Justin"", ""Eric"", ""Paul"", ""Mitchell"", ""Mike""]","[""Werewolf"", ""Villager"", ""Seer"", ""Troublemaker"", ""Robber""]",True,player,"[""Justin""]",player_vote,Mitchell,Mitchell,Mitchell,3.0,Troublemaker,False,False
C:\Users\annab\Documents\GitHub\masters_thesis_sdg\results\voting\unsloth_gemma-4-31B-it-unsloth-bnb-4bit\prompt_v4_t0\Youtube\Retrovision##ONE#NIGHT#ULTIMATE#WEREWOLF##Retro#7_Game4.json,greedy_t0,0,greedy,0.0,prompt_v4_t0,Youtube,Retrovision##ONE#NIGHT#ULTIMATE#WEREWOLF##Retro#7,Game4,Youtube / Retrovision##ONE#NIGHT#ULTIMATE#WEREWOLF##Retro#7 / Game4,Mike,"Mitchell claims to be the Troublemaker and states he switched Mike and Eric. Eric admits he was a Werewolf at the start of the game, and Mike claims he was the Tanner from the beginning. If these claims are true, the Troublemaker's switch would have transferred the Werewolf role to Mike and the Tanner role to Eric. Mike's subsequent claim that he is the Tanner and wants to be voted out is a common bluff for a Werewolf to avoid elimination, as the Village typically avoids voting for the Tanner. Therefore, Mike is the most likely current Werewolf.",Retrovision##ONE#NIGHT#ULTIMATE#WEREWOLF##Retro#7_Game4,"[""Justin"", ""Eric"", ""Paul"", ""Mitchell"", ""Mike""]","[""Werewolf"", ""Tanner"", ""Villager"", ""Troublemaker"", ""Werewolf""]",True,player,"[""Justin"", ""Mike""]",player_vote,Mike,Mike,Mike,4.0,Werewolf,True,False
C:\Users\annab\Documents\GitHub\masters_thesis_sdg\results\voting\unsloth_gemma-4-31B-it-unsloth-bnb-4bit\prompt_v4_t0\Youtube\Retrovision##ONE#NIGHT#ULTIMATE#WEREWOLF##Retro#7_Game5.json,greedy_t0,0,greedy,0.0,prompt_v4_t0,Youtube,Retrovision##ONE#NIGHT#ULTIMATE#WEREWOLF##Retro#7,Game5,Youtube / Retrovision##ONE#NIGHT#ULTIMATE#WEREWOLF##Retro#7 / Game5,Eric,"Both Eric and Mitchell claim to have started as werewolves. However, Justin explicitly identifies Mitchell as the Tanner, and Mitchell's behavior of admitting to being a werewolf while simultaneously claiming he is no longer one is characteristic of a Tanner attempting to attract votes. Eric's admission that he started as a werewolf, combined with his attempts to deflect suspicion onto Mitchell, makes him the most likely candidate for the current werewolf.",Retrovision##ONE#NIGHT#ULTIMATE#WEREWOLF##Retro#7_Game5,"[""Justin"", ""Eric"", ""Paul"", ""Mitchell"", ""Mike""]","[""Werewolf"", ""Tanner"", ""Villager"", ""Troublemaker"", ""Werewolf""]",True,player,"[""Justin"", ""Mike""]",player_vote,Eric,Eric,Eric,1.0,Tanner,False,False
C:\Users\annab\Documents\GitHub\masters_thesis_sdg\results\voting\unsloth_gemma-4-31B-it-unsloth-bnb-4bit\prompt_v4_t0\Youtube\The#Return#of#the#King##ONE#NIGHT#ULTIMATE#WEREWOLF_Game5.json,greedy_t0,0,greedy,0.0,prompt_v4_t0,Youtube,The#Return#of#the#King##ONE#NIGHT#ULTIMATE#WEREWOLF,Game5,Youtube / The#Return#of#the#King##ONE#NIGHT#ULTIMATE#WEREWOLF / Game5,Mitchell,"Mitchell exhibits highly suspicious behavior, first claiming to be the Robber (Line 59) and then explicitly denying it later (Line 106). Both Justin, who claims to be the Seer, and Paul, who claims to be the Troublemaker, identify Mitchell as the Werewolf. Mitchell's desperate insistence that the group vote for Justin to avoid losing is a classic diversion tactic used by Werewolves to shift suspicion.",The#Return#of#the#King##ONE#NIGHT#ULTIMATE#WEREWOLF_Game5,"[""Justin"", ""Mitchell"", ""Paul"", ""James"", ""Tyler""]","[""Tanner"", ""Werewolf"", ""Troublemaker"", ""Seer"", ""Werewolf""]",True,player,"[""Mitchell"", ""Tyler""]",player_vote,Mitchell,Mitchell,Mitchell,1.0,Werewolf,True,False
C:\Users\annab\Documents\GitHub\masters_thesis_sdg\results\voting\unsloth_gemma-4-31B-it-unsloth-bnb-4bit\prompt_v4_t0\Youtube\The#Return#of#the#King##ONE#NIGHT#ULTIMATE#WEREWOLF_Game6.json,greedy_t0,0,greedy,0.0,prompt_v4_t0,Youtube,The#Return#of#the#King##ONE#NIGHT#ULTIMATE#WEREWOLF,Game6,Youtube / The#Return#of#the#King##ONE#NIGHT#ULTIMATE#WEREWOLF / Game6,Paul,"Mitchell, Tyler, and James provide a consistent narrative: Mitchell was the Seer, Tyler robbed him (becoming the Seer), and James (the Troublemaker) switched them, meaning Mitchell is now the Seer. Paul claims to be the Minion and insists that Mitchell is the Werewolf, but this is logically inconsistent because a Minion would not reveal the Werewolf to the Village. Paul's erratic behavior and claim to be a Werewolf-aligned role suggest he is either the Werewolf attempting to frame Mitchell or the Tanner. Since voting out the Seer (Mitchell) would result in a loss for the Village, Paul is the most logical choice for elimination.",The#Return#of#the#King##ONE#NIGHT#ULTIMATE#WEREWOLF_Game6,"[""Justin"", ""Mitchell"", ""Paul"", ""James"", ""Tyler""]","[""Tanner"", ""Robber"", ""Werewolf"", ""Werewolf"", ""Seer""]",True,player,"[""Paul"", ""James""]",player_vote,Paul,Paul,Paul,2.0,Werewolf,True,False
C:\Users\annab\Documents\GitHub\masters_thesis_sdg\results\voting\unsloth_gemma-4-31B-it-unsloth-bnb-4bit\prompt_v4_t0\Youtube\The#Return#of#the#King##ONE#NIGHT#ULTIMATE#WEREWOLF_Game7.json,greedy_t0,0,greedy,0.0,prompt_v4_t0,Youtube,The#Return#of#the#King##ONE#NIGHT#ULTIMATE#WEREWOLF,Game7,Youtube / The#Return#of#the#King##ONE#NIGHT#ULTIMATE#WEREWOLF / Game7,Mitchell,"Mitchell is the most suspicious player due to multiple contradictory role claims. He first claims to be the Robber who robbed Paul (line 89), and then, when prompted by James, he agrees that he is the Troublemaker (line 105), despite the fact that he never previously made that claim. Furthermore, he actively attempts to divert the vote toward Justin (lines 129, 138), which is consistent with a Werewolf's strategy to avoid elimination.",The#Return#of#the#King##ONE#NIGHT#ULTIMATE#WEREWOLF_Game7,"[""Justin"", ""Mitchell"", ""Paul"", ""James"", ""Tyler""]","[""Robber"", ""Minion"", ""Werewolf"", ""Troublemaker"", ""Tanner""]",True,player,"[""Paul""]",player_vote,Mitchell,Mitchell,Mitchell,1.0,Minion,False,False
C:\Users\annab\Documents\GitHub\masters_thesis_sdg\results\voting\unsloth_gemma-4-31B-it-unsloth-bnb-4bit\prompt_v4_t0\Youtube\Visions#from#2016##ONE#NIGHT#ULTIMATE#WEREWOLF##Retro#11_Game1.json,greedy_t0,0,greedy,0.0,prompt_v4_t0,Youtube,Visions#from#2016##ONE#NIGHT#ULTIMATE#WEREWOLF##Retro#11,Game1,Youtube / Visions#from#2016##ONE#NIGHT#ULTIMATE#WEREWOLF##Retro#11 / Game1,Paul,"Paul claims to be the Seer and states he used his ability to look at James, identifying him as the Tanner. However, Paul later claims that Justin is the only possible werewolf because he 'knows what he is,' which is impossible for a Seer who has already used their single look on another player. This contradiction strongly suggests that Paul is lying about his role to divert suspicion, making him the most likely Werewolf.",Visions#from#2016##ONE#NIGHT#ULTIMATE#WEREWOLF##Retro#11_Game1,"[""Justin"", ""Laura"", ""Paul"", ""James"", ""Mitchell""]","[""Werewolf"", ""Insomniac"", ""Seer"", ""Tanner"", ""Robber""]",True,player,"[""Justin""]",player_vote,Paul,Paul,Paul,2.0,Seer,False,False
C:\Users\annab\Documents\GitHub\masters_thesis_sdg\results\voting\unsloth_gemma-4-31B-it-unsloth-bnb-4bit\prompt_v4_t0\Youtube\Visions#from#2016##ONE#NIGHT#ULTIMATE#WEREWOLF##Retro#11_Game2.json,greedy_t0,0,greedy,0.0,prompt_v4_t0,Youtube,Visions#from#2016##ONE#NIGHT#ULTIMATE#WEREWOLF##Retro#11,Game2,Youtube / Visions#from#2016##ONE#NIGHT#ULTIMATE#WEREWOLF##Retro#11 / Game2,James,"During the Night phase, James and Mitchell are explicitly heard interacting during the Werewolf wake-up call, with Mitchell stating he saw another werewolf and questioning James. In the Day phase, both players lie about their roles (James claiming to be the Troublemaker and Mitchell claiming to be a Mason) and coordinate to divert suspicion toward Paul. Since James and Mitchell are confirmed Werewolves by the night phase dialogue, voting for either of them ensures a victory for Team Village.",Visions#from#2016##ONE#NIGHT#ULTIMATE#WEREWOLF##Retro#11_Game2,"[""Justin"", ""Laura"", ""Paul"", ""James"", ""Mitchell""]","[""Werewolf"", ""Insomniac"", ""Tanner"", ""Troublemaker"", ""Mason""]",True,player,"[""Justin""]",player_vote,James,James,James,3.0,Troublemaker,False,False
C:\Users\annab\Documents\GitHub\masters_thesis_sdg\results\voting\unsloth_gemma-4-31B-it-unsloth-bnb-4bit\prompt_v4_t0\Youtube\Visions#from#2016##ONE#NIGHT#ULTIMATE#WEREWOLF##Retro#11_Game3.json,greedy_t0,0,greedy,0.0,prompt_v4_t0,Youtube,Visions#from#2016##ONE#NIGHT#ULTIMATE#WEREWOLF##Retro#11,Game3,Youtube / Visions#from#2016##ONE#NIGHT#ULTIMATE#WEREWOLF##Retro#11 / Game3,Paul,"James claims to be the Troublemaker and states that he swapped the cards of Paul and Laura. Laura admits that her starting role was the Werewolf. If both these claims are true, Paul is now the Werewolf. While Laura's admission is unusual and could suggest she is the Tanner, the most cohesive narrative provided by the players points to Paul as the current Werewolf.",Visions#from#2016##ONE#NIGHT#ULTIMATE#WEREWOLF##Retro#11_Game3,"[""Justin"", ""Laura"", ""Paul"", ""James"", ""Mitchell""]","[""Tanner"", ""Werewolf"", ""Mason"", ""Werewolf"", ""Hunter""]",True,player,"[""Laura"", ""James""]",player_vote,Paul,Paul,Paul,2.0,Mason,False,False
C:\Users\annab\Documents\GitHub\masters_thesis_sdg\results\voting\unsloth_gemma-4-31B-it-unsloth-bnb-4bit\prompt_v4_t0\Youtube\Visions#from#2016##ONE#NIGHT#ULTIMATE#WEREWOLF##Retro#11_Game4.json,greedy_t0,0,greedy,0.0,prompt_v4_t0,Youtube,Visions#from#2016##ONE#NIGHT#ULTIMATE#WEREWOLF##Retro#11,Game4,Youtube / Visions#from#2016##ONE#NIGHT#ULTIMATE#WEREWOLF##Retro#11 / Game4,Paul,"Both Paul and Mitchell explicitly admitted to being Werewolves during the discussion. Paul stated multiple times that he was a Werewolf, and Mitchell also confessed to being one. Since Team Village wins by eliminating at least one Werewolf, voting for Paul (as the group decided) ensures a victory.",Visions#from#2016##ONE#NIGHT#ULTIMATE#WEREWOLF##Retro#11_Game4,"[""Justin"", ""Laura"", ""Paul"", ""James"", ""Mitchell""]","[""Troublemaker"", ""Hunter"", ""Werewolf"", ""Tanner"", ""Mason""]",True,player,"[""Paul""]",player_vote,Paul,Paul,Paul,2.0,Werewolf,True,False
C:\Users\annab\Documents\GitHub\masters_thesis_sdg\results\voting\unsloth_gemma-4-31B-it-unsloth-bnb-4bit\prompt_v4_t0\Youtube\Visions#from#2016##ONE#NIGHT#ULTIMATE#WEREWOLF##Retro#11_Game5.json,greedy_t0,0,greedy,0.0,prompt_v4_t0,Youtube,Visions#from#2016##ONE#NIGHT#ULTIMATE#WEREWOLF##Retro#11,Game5,Youtube / Visions#from#2016##ONE#NIGHT#ULTIMATE#WEREWOLF##Retro#11 / Game5,Justin,"Justin's claims are highly inconsistent, which is a strong indicator of deception. He repeatedly claimed to be the Hunter (lines 99, 101) but later changed his claim to be a Mason (line 151) after Mitchell also claimed the Hunter role. This flip-flopping suggests he is bluffing to avoid detection, making him the most likely candidate for the Werewolf.",Visions#from#2016##ONE#NIGHT#ULTIMATE#WEREWOLF##Retro#11_Game5,"[""Justin"", ""Laura"", ""Paul"", ""James"", ""Mitchell""]","[""Tanner"", ""Insomniac"", ""Mason"", ""Mason"", ""Werewolf""]",True,player,"[""Mitchell""]",player_vote,Justin,Justin,Justin,0.0,Tanner,False,False
C:\Users\annab\Documents\GitHub\masters_thesis_sdg\results\voting\unsloth_gemma-4-31B-it-unsloth-bnb-4bit\prompt_v4_t0\Youtube\Way#Way#Back##ONE#NIGHT#ULTIMATE#WEREWOLF##Retro#10_Game1.json,greedy_t0,0,greedy,0.0,prompt_v4_t0,Youtube,Way#Way#Back##ONE#NIGHT#ULTIMATE#WEREWOLF##Retro#10,Game1,Youtube / Way#Way#Back##ONE#NIGHT#ULTIMATE#WEREWOLF##Retro#10 / Game1,Laura,"Justin admitted to starting as a Werewolf, and Paul claimed to be the Troublemaker who swapped Justin's card with Laura's. Mitchell claimed to be the Robber and stated he robbed Laura's card before the swap occurred. Following the night action order (Robber then Troublemaker), if Mitchell robbed Laura (Villager) and Paul then swapped Justin (Werewolf) and Laura (now Robber), Laura would end the night as the Werewolf. Therefore, voting for Laura is the most logical choice for Team Village to win.",Way#Way#Back##ONE#NIGHT#ULTIMATE#WEREWOLF##Retro#10_Game1,"[""Justin"", ""Laura"", ""Paul"", ""James"", ""Mitchell""]","[""Villager"", ""Werewolf"", ""Troublemaker"", ""Insomniac"", ""Tanner""]",True,player,"[""Laura""]",player_vote,Laura,Laura,Laura,1.0,Werewolf,True,False
C:\Users\annab\Documents\GitHub\masters_thesis_sdg\results\voting\unsloth_gemma-4-31B-it-unsloth-bnb-4bit\prompt_v4_t0\Youtube\Way#Way#Back##ONE#NIGHT#ULTIMATE#WEREWOLF##Retro#10_Game2.json,greedy_t0,0,greedy,0.0,prompt_v4_t0,Youtube,Way#Way#Back##ONE#NIGHT#ULTIMATE#WEREWOLF##Retro#10,Game2,Youtube / Way#Way#Back##ONE#NIGHT#ULTIMATE#WEREWOLF##Retro#10 / Game2,Justin,"Justin is the most suspicious player due to multiple contradictions in his claims; he first claimed to be the Tanner, then later claimed to be the Insomniac, and shifted his accusations between James and Mitchell. Laura (the Troublemaker) stated she swapped two players, and James subsequently claimed to be the Tanner, which suggests that Justin (starting Tanner) was swapped with James (starting Werewolf). If this swap occurred, Justin is now the Werewolf and James is the Tanner. Since the Tanner wants to be voted out and the Werewolf wants to survive, Justin's attempts to deflect suspicion onto others further support that he is the Werewolf.",Way#Way#Back##ONE#NIGHT#ULTIMATE#WEREWOLF##Retro#10_Game2,"[""Justin"", ""Laura"", ""Paul"", ""James"", ""Mitchell""]","[""Werewolf"", ""Troublemaker"", ""Tanner"", ""Villager"", ""Seer""]",True,player,"[""Justin""]",player_vote,Justin,Justin,Justin,0.0,Werewolf,True,False
C:\Users\annab\Documents\GitHub\masters_thesis_sdg\results\voting\unsloth_gemma-4-31B-it-unsloth-bnb-4bit\prompt_v4_t0\Youtube\Way#Way#Back##ONE#NIGHT#ULTIMATE#WEREWOLF##Retro#10_Game3.json,greedy_t0,0,greedy,0.0,prompt_v4_t0,Youtube,Way#Way#Back##ONE#NIGHT#ULTIMATE#WEREWOLF##Retro#10,Game3,Youtube / Way#Way#Back##ONE#NIGHT#ULTIMATE#WEREWOLF##Retro#10 / Game3,James,"James's claims are logically inconsistent and contradictory. He claims to have robbed Mitchell's Insomniac role, but Mitchell confirms he woke up as the Insomniac, which would be impossible if James had robbed him. Furthermore, James contradicts himself regarding whether Paul switched him, first claiming Paul did and then claiming Paul was lying about it. These blatant falsehoods and erratic behavior strongly suggest James is the Werewolf attempting to divert suspicion toward Laura.",Way#Way#Back##ONE#NIGHT#ULTIMATE#WEREWOLF##Retro#10_Game3,"[""Justin"", ""Laura"", ""Paul"", ""James"", ""Mitchell""]","[""Werewolf"", ""Werewolf"", ""Troublemaker"", ""Robber"", ""Insomniac""]",True,player,"[""Justin"", ""Laura""]",player_vote,James,James,James,3.0,Robber,False,False
C:\Users\annab\Documents\GitHub\masters_thesis_sdg\results\voting\unsloth_gemma-4-31B-it-unsloth-bnb-4bit\prompt_v4_t0\Youtube\Way#Way#Back##ONE#NIGHT#ULTIMATE#WEREWOLF##Retro#10_Game4.json,greedy_t0,0,greedy,0.0,prompt_v4_t0,Youtube,Way#Way#Back##ONE#NIGHT#ULTIMATE#WEREWOLF##Retro#10,Game4,Youtube / Way#Way#Back##ONE#NIGHT#ULTIMATE#WEREWOLF##Retro#10 / Game4,James,"James is the most suspicious player due to his highly inconsistent claims; he initially claims to be the Tanner, then later claims to be the Seer and the Insomniac. Mitchell, claiming to be the Troublemaker, states he swapped James and Paul. If Paul started as the Werewolf and James started as the Tanner, the swap would make James the Werewolf and Paul the Tanner. Paul's subsequent contradictory claims (Robber, then Hunter) and his attempt to frame Laura are consistent with a Tanner trying to attract votes or a confused player, whereas James's attempts to claim multiple village roles are typical of a Werewolf trying to blend in.",Way#Way#Back##ONE#NIGHT#ULTIMATE#WEREWOLF##Retro#10_Game4,"[""Justin"", ""Laura"", ""Paul"", ""James"", ""Mitchell""]","[""Insomniac"", ""Werewolf"", ""Hunter"", ""Tanner"", ""Troublemaker""]",True,player,"[""Laura""]",player_vote,James,James,James,3.0,Tanner,False,False
C:\Users\annab\Documents\GitHub\masters_thesis_sdg\results\voting\unsloth_gemma-4-31B-it-unsloth-bnb-4bit\prompt_v4_t0\Youtube\Way#Way#Back##ONE#NIGHT#ULTIMATE#WEREWOLF##Retro#10_Game5.json,greedy_t0,0,greedy,0.0,prompt_v4_t0,Youtube,Way#Way#Back##ONE#NIGHT#ULTIMATE#WEREWOLF##Retro#10,Game5,Youtube / Way#Way#Back##ONE#NIGHT#ULTIMATE#WEREWOLF##Retro#10 / Game5,Laura,"During the discussion, Laura explicitly admitted to being a werewolf ('Yes. I'm a werewolf' at [186]). Several other players, including Justin, Paul, and Mitchell, expressed their intention to vote for her based on the suspicion that she was the werewolf. Eliminating Laura ensures a win for Team Village.",Way#Way#Back##ONE#NIGHT#ULTIMATE#WEREWOLF##Retro#10_Game5,"[""Justin"", ""Laura"", ""Paul"", ""James"", ""Mitchell""]","[""Insomniac"", ""Werewolf"", ""Robber"", ""Werewolf"", ""Hunter""]",True,player,"[""Laura"", ""James""]",player_vote,Laura,Laura,Laura,1.0,Werewolf,True,False
C:\Users\annab\Documents\GitHub\masters_thesis_sdg\results\voting\unsloth_gemma-4-31B-it-unsloth-bnb-4bit\prompt_v4_t0\Youtube\Ye#Olde#Times##ONE#NIGHT#ULTIMATE#WEREWOLF##Retro#8_Game1.json,greedy_t0,0,greedy,0.0,prompt_v4_t0,Youtube,Ye#Olde#Times##ONE#NIGHT#ULTIMATE#WEREWOLF##Retro#8,Game1,Youtube / Ye#Olde#Times##ONE#NIGHT#ULTIMATE#WEREWOLF##Retro#8 / Game1,Mitchell,"Justin's behavior—openly claiming to be the Werewolf and begging to be voted out—is a strong indicator that he is the Tanner. Mitchell claims to be the Seer and asserts that both the Werewolf and the Tanner are in the center. However, if Justin is the Tanner, then the Tanner cannot be in the center, meaning Mitchell is lying. Since Mitchell is lying about the center cards to divert suspicion and push the vote toward Justin, he is the most likely candidate for the Werewolf.",Ye#Olde#Times##ONE#NIGHT#ULTIMATE#WEREWOLF##Retro#8_Game1,"[""Justin"", ""Eric"", ""Paul"", ""Mitchell"", ""Mike""]","[""Werewolf"", ""Seer"", ""Troublemaker"", ""Hunter"", ""Robber""]",True,player,"[""Justin""]",player_vote,Mitchell,Mitchell,Mitchell,3.0,Hunter,False,False
C:\Users\annab\Documents\GitHub\masters_thesis_sdg\results\voting\unsloth_gemma-4-31B-it-unsloth-bnb-4bit\prompt_v4_t0\Youtube\Ye#Olde#Times##ONE#NIGHT#ULTIMATE#WEREWOLF##Retro#8_Game2.json,greedy_t0,0,greedy,0.0,prompt_v4_t0,Youtube,Ye#Olde#Times##ONE#NIGHT#ULTIMATE#WEREWOLF##Retro#8,Game2,Youtube / Ye#Olde#Times##ONE#NIGHT#ULTIMATE#WEREWOLF##Retro#8 / Game2,No Werewolf,"The players' claims form a consistent narrative: Paul started as the Tanner, Mike was the Robber and stole Paul's card (becoming the Tanner), and Mitchell (the Troublemaker) then swapped Mike and Eric (the Insomniac). This means Eric ended the night as the Tanner and Mike ended as the Insomniac. With Justin claiming the Hunter role, all five players are accounted for as either Village-aligned or the Tanner, meaning the Werewolf cards must be in the center pool.",Ye#Olde#Times##ONE#NIGHT#ULTIMATE#WEREWOLF##Retro#8_Game2,"[""Justin"", ""Eric"", ""Paul"", ""Mitchell"", ""Mike""]","[""Hunter"", ""Robber"", ""Insomniac"", ""Troublemaker"", ""Tanner""]",False,circle,[],circle_vote,No Werewolf,,,,,True,True
C:\Users\annab\Documents\GitHub\masters_thesis_sdg\results\voting\unsloth_gemma-4-31B-it-unsloth-bnb-4bit\prompt_v4_t0\Youtube\Ye#Olde#Times##ONE#NIGHT#ULTIMATE#WEREWOLF##Retro#8_Game3.json,greedy_t0,0,greedy,0.0,prompt_v4_t0,Youtube,Ye#Olde#Times##ONE#NIGHT#ULTIMATE#WEREWOLF##Retro#8,Game3,Youtube / Ye#Olde#Times##ONE#NIGHT#ULTIMATE#WEREWOLF##Retro#8 / Game3,Paul,"Paul explicitly admitted to being the Werewolf in the transcript ([51], [55]). Although he claimed he was switched by the Troublemaker, Eric (who claimed the Troublemaker role) contradicted this, stating he switched Justin and Mitchell instead ([56]). While some players suspected Paul might be the Tanner, his direct admission makes him the most likely candidate for the Werewolf, and voting him out is the most probable way for Team Village to win.",Ye#Olde#Times##ONE#NIGHT#ULTIMATE#WEREWOLF##Retro#8_Game3,"[""Justin"", ""Eric"", ""Paul"", ""Mitchell"", ""Mike""]","[""Hunter"", ""Troublemaker"", ""Werewolf"", ""Insomniac"", ""Seer""]",True,player,"[""Paul""]",player_vote,Paul,Paul,Paul,2.0,Werewolf,True,False
C:\Users\annab\Documents\GitHub\masters_thesis_sdg\results\voting\unsloth_gemma-4-31B-it-unsloth-bnb-4bit\prompt_v4_t0\Youtube\Ye#Olde#Times##ONE#NIGHT#ULTIMATE#WEREWOLF##Retro#8_Game4.json,greedy_t0,0,greedy,0.0,prompt_v4_t0,Youtube,Ye#Olde#Times##ONE#NIGHT#ULTIMATE#WEREWOLF##Retro#8,Game4,Youtube / Ye#Olde#Times##ONE#NIGHT#ULTIMATE#WEREWOLF##Retro#8 / Game4,Justin,"Justin provides contradictory claims, stating he is the Seer (line 121) and also the Robber (line 70). He attempts to frame Paul as the Tanner (line 35), but Eric also claims to be the Tanner (line 57), and Paul claims to be the Seer (line 63). This level of inconsistency and active deception is highly characteristic of a Werewolf attempting to divert suspicion and confuse the group.",Ye#Olde#Times##ONE#NIGHT#ULTIMATE#WEREWOLF##Retro#8_Game4,"[""Justin"", ""Eric"", ""Paul"", ""Mitchell"", ""Mike""]","[""Werewolf"", ""Hunter"", ""Tanner"", ""Robber"", ""Troublemaker""]",True,player,"[""Justin""]",player_vote,Justin,Justin,Justin,0.0,Werewolf,True,False
