occurrence_id,model,run_label,decoding_group,justification_id,sentence_id,form,connective_surface,status,raw_sense,top_level,confidence,dimlex_category,is_discontinuous,sentence_text
10342,Gemma 4 31B,run_2,Stochastic,1765,3,if,if,accepted,Comparison.Concession,Comparison,0.3361454904079437,Comparison,False,"Even if Paul is lying, the combined claims of Justin and Tyler strongly suggest that at least one of them is a Werewolf, and Justin is the primary target of the group's consensus."
7639,Gemma 4 4B,greedy_t0,Greedy,1370,3,if,if,accepted,Comparison.Concession,Comparison,0.5955668091773987,Comparison,False,"This self-incrimination, even if a bluff, makes him the primary target for Team Village."
11433,Gemma 4 31B,run_3,Stochastic,1915,3,if,if,accepted,Comparison.Concession,Comparison,0.7572235465049744,Comparison,False,"Sukeshi's admission, even if presented confusingly, makes her the most probable Werewolf in the game."
9042,Gemma 4 31B,run_1,Stochastic,1590,3,if,if,accepted,Comparison.Concession,Comparison,0.855757474899292,Comparison,False,"Mike supports this claim, stating that even if Justin wasn't the werewolf initially, he is now due to a card swap Mike performed as the Troublemaker."
6401,Gemma 4 4B,run_3,Stochastic,1169,3,if,if,accepted,Comparison.Concession,Comparison,0.868056058883667,Comparison,False,"Given that Team Village wins only by eliminating a Werewolf, targeting the player who confessed to being one, even if they changed roles, is the most logical move."
13512,Gemma 4 31B,greedy_t0,Greedy,2200,1,if,if,accepted,Comparison.Concession,Comparison,0.8806072473526001,Comparison,False,"Paul explicitly claims to be the werewolf ('I was solo werewolf'), which is a strong indicator of his role, even if he attempts to divert the vote toward Justin."
7955,Gemma 4 4B,greedy_t0,Greedy,1423,2,if,if,accepted,Comparison.Concession,Comparison,0.8936623930931091,Comparison,False,"However, Paul is the only player who directly admitted to being a Werewolf during the discussion (Line 36), even if he attempted to cover it up later."
5827,Gemma 4 4B,run_2,Stochastic,1076,1,if,if,accepted,Comparison.Concession,Comparison,0.9042563438415528,Comparison,False,"Paul directly claimed to be the Werewolf during the discussion phase (48), which is the most concrete piece of evidence pointing toward a threat, even if it is a bluff."
5155,Gemma 4 4B,run_2,Stochastic,966,2,if,if,accepted,Comparison.Concession,Comparison,0.908697545528412,Comparison,False,"While the discussion quickly devolved into complex role swaps involving the Robber and Troublemaker, Sean maintained the narrative that Hunter was a werewolf, even if his card was switched."
12540,Gemma 4 31B,run_3,Stochastic,2065,1,if,if,accepted,Comparison.Concession,Comparison,0.9105547666549684,Comparison,False,"Mike repeatedly admits to being the Werewolf ('I was the werewolf' in [100], [114], [127], and [136]), which is a strong indicator of his role, even if he attempts to divert the vote toward Caitlynn."
5716,Gemma 4 4B,run_2,Stochastic,1056,4,if,if,accepted,Comparison.Concession,Comparison,0.9124305248260498,Comparison,False,"While the game involves complex role swaps and deception, targeting the player who has claimed the Werewolf role, even if it was through a swap, provides the strongest evidence for Team Village to eliminate a threat."
2569,Gemma 4 2B,run_3,Stochastic,503,1,if,if,accepted,Comparison.Concession,Comparison,0.9448440670967102,Comparison,False,"Paul repeatedly claimed to be the Werewolf during the discussion phase, which is a strong indicator of suspicion, even if he is lying."
2184,Gemma 4 2B,run_3,Stochastic,427,1,if,if,accepted,Comparison.Concession,Comparison,0.9464340806007384,Comparison,False,"Mitchell explicitly claims, ""I was the werewolf,"" which is a direct accusation, even if he is lying."
10007,Gemma 4 31B,run_1,Stochastic,1718,3,if,if,accepted,Contingency.Condition,Contingency,0.4767663776874542,Contingency,False,"Furthermore, Mike claims to be the Troublemaker and states he switched Justin and Mitchell (119), and Mitchell admits he was a Werewolf (166); if these claims are true, Justin is currently the Werewolf."
7997,Gemma 4 4B,greedy_t0,Greedy,1429,2,if,if,accepted,Contingency.Condition,Contingency,0.4782852232456207,Contingency,False,"Initially, he claims to be the Seer and reveals that he saw a Werewolf (80, 111), a powerful claim that would be highly incriminating if false."
8761,Gemma 4 31B,run_1,Stochastic,1551,2,if,If,accepted,Contingency.Condition,Contingency,0.4824239611625671,Contingency,False,"If these claims are true, the Werewolf role was transferred from Jacob to Sean."
14055,Gemma 4 31B,greedy_t0,Greedy,2273,3,if,If,accepted,Contingency.Condition,Contingency,0.4884281456470489,Contingency,False,"If these claims are true, the Troublemaker's switch would have transferred the Werewolf role to Mike and the Tanner role to Eric."
8877,Gemma 4 31B,run_1,Stochastic,1566,2,if,if,accepted,Contingency.Condition,Contingency,0.4970590472221374,Contingency,False,"Ashley claims to be the Troublemaker and says she swapped Sukeshi and Elliot; if this is true and Sukeshi was the Werewolf, Elliot would now be the Werewolf."
9771,Gemma 4 31B,run_1,Stochastic,1687,3,if,If,accepted,Contingency.Condition,Contingency,0.5033143162727356,Contingency,False,"If these claims are true, the Werewolf role was transferred from Mitchell to Mike."
8215,Gemma 4 4B,greedy_t0,Greedy,1463,3,if,If,accepted,Contingency.Condition,Contingency,0.5044611692428589,,False,"If this claim is accurate, then no player among Justin, Mitchell, Paul, or Mike holds the Werewolf card."
10183,Gemma 4 31B,run_2,Stochastic,1742,3,if,If,accepted,Contingency.Condition,Contingency,0.5093308091163635,Contingency,False,"If these claims are true, Sean is now the Werewolf."
11932,Gemma 4 31B,run_3,Stochastic,1985,2,if,If,accepted,Contingency.Condition,Contingency,0.5119670629501343,,False,"If James is the Seer, then both Mike and Mitchell are lying about being the Seer."
13771,Gemma 4 31B,greedy_t0,Greedy,2234,2,if,if,accepted,Contingency.Condition,Contingency,0.5286898612976074,Contingency,False,"Brett admits he was the starting Werewolf, which means if Katie's claim is true, Pete is now the Werewolf."
11158,Gemma 4 31B,run_2,Stochastic,1878,3,if,If,accepted,Contingency.Condition,Contingency,0.5294222831726074,Contingency,False,"If these claims are true, the Werewolf role was moved from Mitchell to Mike."
9590,Gemma 4 31B,run_1,Stochastic,1665,3,if,if,accepted,Contingency.Condition,Contingency,0.5342914462089539,Comparison,False,"Even if a swap occurred, Brett's erratic behavior and admission make him the most suspicious candidate for elimination to ensure a Village win."
11079,Gemma 4 31B,run_2,Stochastic,1867,4,if,If,accepted,Contingency.Condition,Contingency,0.5407661199569702,Contingency,False,"If both claims are true, Paul has taken the Werewolf card from James and is now the Werewolf."
11566,Gemma 4 31B,run_3,Stochastic,1933,2,if,If,accepted,Contingency.Condition,Contingency,0.541593074798584,Contingency,False,"If these claims are true, Sean is currently the Werewolf."
13226,Gemma 4 31B,greedy_t0,Greedy,2159,4,if,If,accepted,Contingency.Condition,Contingency,0.5420272946357727,Contingency,False,"If these claims are true, Justin's Werewolf card was moved to Caitlynn, making her the current Werewolf."
13474,Gemma 4 31B,greedy_t0,Greedy,2195,3,if,If,accepted,Contingency.Condition,Contingency,0.5426070690155029,Contingency,False,"If Mitchell's swap is a lie, Julie remains the primary suspect; if it is true, she is still the most likely starting Werewolf, though the role would have shifted."
13715,Gemma 4 31B,greedy_t0,Greedy,2227,2,if,if,accepted,Contingency.Condition,Contingency,0.5430611371994019,Contingency,False,"Furthermore, Justin's story is logically inconsistent: if he were the Robber and robbed Paul, he would have taken Paul's role and would no longer be the Robber."
11665,Gemma 4 31B,run_3,Stochastic,1948,2,if,If,accepted,Contingency.Condition,Contingency,0.5495545268058777,Contingency,False,"If Ashley's claim of being the Troublemaker and swapping Sukeshi and Elliot is true, and Sukeshi started as the Tanner, then Sukeshi would now be the Werewolf if Elliot started as one."
13800,Gemma 4 31B,greedy_t0,Greedy,2238,2,if,If,accepted,Contingency.Condition,Contingency,0.5507463812828064,Contingency,False,"If these claims are true, Katie is now the Werewolf."
9582,Gemma 4 31B,run_1,Stochastic,1664,3,if,if,accepted,Contingency.Condition,Contingency,0.5721856951713562,Contingency,False,"Since the Troublemaker swaps the roles of two players, if Chris started as the Werewolf and was swapped with Mike, Mike is now the Werewolf."
12587,Gemma 4 31B,run_3,Stochastic,2070,5,if,If,accepted,Contingency.Condition,Contingency,0.5731425881385803,Contingency,False,"If these claims are true, Mitchell is currently the Werewolf."
10320,Gemma 4 31B,run_2,Stochastic,1762,2,if,if,accepted,Contingency.Condition,Contingency,0.5739761590957642,Contingency,False,"Paul (Robber) claims he robbed Mitchell, who was a Villager; if Paul was the Werewolf, this action moved the Werewolf card to Mitchell."
9054,Gemma 4 31B,run_1,Stochastic,1591,3,if,if,accepted,Contingency.Condition,Contingency,0.5806959271430969,Contingency,False,"Caitlynn, the Troublemaker, states she swapped Justin and Mitchell; if Mitchell was the Werewolf and was swapped with Justin, Justin is now the Werewolf."
10276,Gemma 4 31B,run_2,Stochastic,1756,2,if,If,accepted,Contingency.Condition,Contingency,0.5966640710830688,Contingency,False,"If this sequence is true, Elliot now holds the Werewolf card and is the target for Team Village."
11558,Gemma 4 31B,run_3,Stochastic,1932,2,if,If,accepted,Contingency.Condition,Contingency,0.6010566353797913,,False,"If this information is accurate, then no player is currently a Werewolf."
12388,Gemma 4 31B,run_3,Stochastic,2045,3,if,If,accepted,Contingency.Condition,Contingency,0.6093232035636902,Contingency,False,"If Brett, Dustin, and Pete are their claimed roles (Seer, Drunk, and Robber), and Katie is the Tanner, then all Werewolf cards must be in the center."
11254,Gemma 4 31B,run_2,Stochastic,1891,3,if,if,accepted,Contingency.Condition,Contingency,0.6105978488922119,Contingency,False,"Paul also claimed to start as a Werewolf, though he later retracted this; if Paul is the Tanner, Mike is the only Werewolf, and if Paul is also a Werewolf, both are targets."
9113,Gemma 4 31B,run_1,Stochastic,1599,2,if,if,accepted,Contingency.Condition,Contingency,0.6127846837043762,Contingency,False,"Mike (claiming Troublemaker) states he switched Justin and James; if James started as the Tanner, he would now be the Seer and want the Village to win, making his accusation against Mitchell logically consistent."
10103,Gemma 4 31B,run_2,Stochastic,1731,4,if,if,accepted,Contingency.Condition,Contingency,0.6162334680557251,Contingency,False,"Based on the roles discussed, if Sean (Troublemaker) swapped Zack (Robber) and Hunter (Werewolf), Zack is now the Werewolf."
9946,Gemma 4 31B,run_1,Stochastic,1710,3,if,If,accepted,Contingency.Condition,Contingency,0.6267682313919067,Contingency,False,"If Paul's claim about the swap and Justin's claim about his starting role are both true, Laura is now the Werewolf."
11247,Gemma 4 31B,run_2,Stochastic,1891,2,if,if,accepted,Contingency.Condition,Contingency,0.6313715577125549,Contingency,False,"Eric admits he started as a Werewolf, which means if the swap occurred, Mike is now a Werewolf."
12994,Gemma 4 31B,greedy_t0,Greedy,2126,4,if,If,accepted,Contingency.Condition,Contingency,0.6382795572280884,Contingency,False,"If these claims are accurate, Jessica ended the night as the Minion and no Werewolf is present among the players."
11859,Gemma 4 31B,run_3,Stochastic,1977,3,if,If,accepted,Contingency.Condition,Contingency,0.6403387188911438,,False,"If these claims are true, then no player is currently a werewolf, and the Village wins by voting 'No Werewolf'."
10962,Gemma 4 31B,run_2,Stochastic,1851,3,if,If,accepted,Contingency.Condition,Contingency,0.6419063210487366,Contingency,False,"If Mitchell had actually robbed the Troublemaker, he would have become the Troublemaker himself, but he continues to insist he is the Robber."
11827,Gemma 4 31B,run_3,Stochastic,1973,4,if,If,accepted,Contingency.Condition,Contingency,0.6427512764930725,Contingency,False,"If Justin was the Werewolf and was swapped with Mitchell, Mitchell is now the Werewolf."
9015,Gemma 4 31B,run_1,Stochastic,1586,4,if,If,accepted,Contingency.Condition,Contingency,0.6482352614402771,,False,"If Justin was the Werewolf and was swapped with Caitlynn, then Caitlynn is now the Werewolf."
8880,Gemma 4 31B,run_1,Stochastic,1566,3,if,if,accepted,Contingency.Condition,Contingency,0.6487769484519958,Contingency,False,"However, if Ashley is lying and is actually the Werewolf, or if Sukeshi is the Werewolf and was not swapped, Sukeshi remains the primary target."
10160,Gemma 4 31B,run_2,Stochastic,1739,3,if,If,accepted,Contingency.Condition,Contingency,0.6518349647521973,Contingency,False,"If these claims are true, the swap resulted in Sean becoming the Werewolf, making him the correct target for elimination."
10172,Gemma 4 31B,run_2,Stochastic,1741,2,if,If,accepted,Contingency.Condition,Contingency,0.6526668071746826,Contingency,False,"If this information is true, the Werewolf is not among the players."
8615,Gemma 4 31B,run_1,Stochastic,1530,3,if,if,accepted,Contingency.Condition,Contingency,0.654616117477417,Contingency,False,"Therefore, if Ashley was the Werewolf and Elliot swapped with her, Elliot is now the Werewolf."
11415,Gemma 4 31B,run_3,Stochastic,1912,3,if,if,accepted,Contingency.Condition,Contingency,0.654616117477417,Contingency,False,"Therefore, if Ashley was the Werewolf and Elliot swapped with her, Elliot is now the Werewolf."
9666,Gemma 4 31B,run_1,Stochastic,1675,2,if,if,accepted,Contingency.Condition,Contingency,0.6597756743431091,Contingency,False,"Justin claims to be the Troublemaker and states he swapped James and Paul; if James was the starting Werewolf, this swap would make Paul the final Werewolf."
9786,Gemma 4 31B,run_1,Stochastic,1689,4,if,If,accepted,Contingency.Condition,Contingency,0.6635918021202087,Contingency,False,"If these statements are true, Paul remains the Werewolf and voting him out ensures a victory for Team Village."
9963,Gemma 4 31B,run_1,Stochastic,1712,4,if,If,accepted,Contingency.Condition,Contingency,0.6673940420150757,Contingency,False,"If Paul, Mitchell, and James's roles are as claimed (Troublemaker, Insomniac, and Robber), Laura is the only player left who could be the Werewolf, and she is the only one who does not claim a role."
12953,Gemma 4 31B,greedy_t0,Greedy,2122,3,if,If,accepted,Contingency.Condition,Contingency,0.6677971482276917,Contingency,False,"If these claims are true, all four players are aligned with Team Village (or the Tanner), meaning no Werewolf is present among the players."
8354,Gemma 4 4B,greedy_t0,Greedy,1486,3,if,if,accepted,Contingency.Condition,Contingency,0.6722326874732971,Contingency,False,"Since no player was eliminated, the only way Team Village could have won is if there were no Werewolves present in the game."
13308,Gemma 4 31B,greedy_t0,Greedy,2172,3,if,If,accepted,Contingency.Condition,Contingency,0.6749209761619568,Contingency,False,"If James was the Tanner and was swapped with the Seer, James is now the Seer and would logically want to identify the Werewolf, which he does by pointing to Mitchell."
7821,Gemma 4 4B,greedy_t0,Greedy,1402,3,if,if,accepted,Contingency.Condition,Contingency,0.6760709285736084,Contingency,False,"If Dan is telling the truth, he is a valuable ally; if he is lying, he is a Werewolf."
11957,Gemma 4 31B,run_3,Stochastic,1989,2,if,If,accepted,Contingency.Condition,Contingency,0.6767358779907227,Contingency,False,"If these claims are true, no player started as a Werewolf."
12296,Gemma 4 31B,run_3,Stochastic,2032,5,if,If,accepted,Contingency.Condition,Contingency,0.6768455505371094,Contingency,False,"If the claims are true, Paul is the only player who could have ended the night as a Werewolf by swapping with the center, and the other players have collectively converged on this conclusion."
12949,Gemma 4 31B,greedy_t0,Greedy,2121,3,if,If,accepted,Contingency.Condition,Contingency,0.6775873303413391,Contingency,False,"If these claims are true, the Werewolf card was moved from Hunter to Sean, making Sean the current Werewolf."
9306,Gemma 4 31B,run_1,Stochastic,1624,3,if,If,accepted,Contingency.Condition,Contingency,0.6844608783721924,Contingency,False,"If these claims are true, the four players hold the roles of Seer, Robber, Troublemaker, and Drunk, meaning no Werewolf is present among the players."
13257,Gemma 4 31B,greedy_t0,Greedy,2164,4,if,If,accepted,Contingency.Condition,Contingency,0.6875020861625671,Contingency,False,"If Justin was the Werewolf and was swapped with Mitchell, Mitchell is now the Werewolf."
3585,Gemma 4 2B,greedy_t0,Greedy,698,2,if,if,accepted,Contingency.Condition,Contingency,0.6905970573425293,Contingency,False,"Since Team Village wins if they eliminate a Werewolf, and if no Werewolf is present, they also win, I cannot confidently accuse any player."
10742,Gemma 4 31B,run_2,Stochastic,1819,3,if,If,accepted,Contingency.Condition,Contingency,0.6906456351280212,Contingency,False,"If these claims are true, the Werewolf card was moved from Dylan to Dan, making Dan the current Werewolf."
11840,Gemma 4 31B,run_3,Stochastic,1975,2,if,If,accepted,Contingency.Condition,Contingency,0.690991997718811,Contingency,False,"If this claim is true, no player is a werewolf, and Team Village wins by voting 'No Werewolf'."
12482,Gemma 4 31B,run_3,Stochastic,2057,3,if,If,accepted,Contingency.Condition,Contingency,0.6926621794700623,Contingency,False,"If James was the starting Werewolf and was swapped with Paul, Paul is now the current Werewolf."
10468,Gemma 4 31B,run_2,Stochastic,1784,2,if,If,accepted,Contingency.Condition,Contingency,0.6930834650993347,Contingency,False,"If this claim is true, no player is a werewolf, and Team Village wins by voting 'No Werewolf'."
12082,Gemma 4 31B,run_3,Stochastic,2004,2,if,If,accepted,Contingency.Condition,Contingency,0.6942805647850037,Contingency,False,"If these claims are true, Julie is the only remaining player."
2794,Gemma 4 2B,run_3,Stochastic,549,1,if,if,accepted,Contingency.Condition,Contingency,0.6945472359657288,Contingency,False,"Alana expressed the most suspicious intent by stating that if she wanted to be a werewolf, she would want to stay alive, suggesting a possible alignment with the Werewolf team's goal."
3381,Gemma 4 2B,greedy_t0,Greedy,659,2,if,if,accepted,Contingency.Condition,Contingency,0.696552038192749,Contingency,False,"Since Team Village wins if they eliminate a Werewolf, and if no Werewolf is present, they win by default, I must conclude that I do not have sufficient evidence to accuse any player."
14109,Gemma 4 31B,greedy_t0,Greedy,2280,3,if,If,accepted,Contingency.Condition,Contingency,0.6966440677642822,Contingency,False,"If both these claims are true, Paul is now the Werewolf."
8743,Gemma 4 31B,run_1,Stochastic,1548,3,if,If,accepted,Contingency.Condition,Contingency,0.6970779895782471,Contingency,False,"If these claims are true, the Werewolf card moved from Hunter to Sean, making Sean the current Werewolf."
9891,Gemma 4 31B,run_1,Stochastic,1703,3,if,If,accepted,Contingency.Condition,Contingency,0.6980427503585815,Contingency,False,"If Paul is the Minion, he is on Team Werewolf and is protecting the actual Werewolf; Justin's joke about being a Werewolf and his attempt to frame Mitchell suggest he is the Copycat who became the Werewolf."
11881,Gemma 4 31B,run_3,Stochastic,1980,2,if,If,accepted,Contingency.Condition,Contingency,0.6981150507926941,Contingency,False,"If this is true, no player is a werewolf."
13076,Gemma 4 31B,greedy_t0,Greedy,2136,2,if,if,accepted,Contingency.Condition,Contingency,0.6986334919929504,Contingency,False,"This is a logical contradiction because the Robber swaps their own card with another player's; if Daniel were the Robber, he would have given the Robber card to Jessica, not found it on her."
11687,Gemma 4 31B,run_3,Stochastic,1951,2,if,if,accepted,Contingency.Condition,Contingency,0.7009643316268921,Contingency,False,"Justin, the Troublemaker, confirmed that he switched Paul and Mitchell but did not switch James, meaning if James was the Werewolf, he remains the Werewolf."
6574,Gemma 4 4B,run_3,Stochastic,1198,4,if,If,accepted,Contingency.Condition,Contingency,0.7012484669685364,Contingency,False,"If James is lying about his role, he is a Werewolf attempting to manipulate the discussion."
11279,Gemma 4 31B,run_2,Stochastic,1894,3,if,if,accepted,Contingency.Condition,Contingency,0.7018789649009705,Contingency,False,"Following the night action order (Seer, then Robber, then Troublemaker), if these claims are true, Mitchell (Seer) saw Tyler (Copycat/Werewolf), Tyler took the Seer card, and James swapped them back, meaning Tyler ended the night as the Werewolf and Mitchell as the Seer."
6473,Gemma 4 4B,run_3,Stochastic,1182,4,if,if,accepted,Contingency.Condition,Contingency,0.7036150097846985,Contingency,False,"However, if forced to choose a player based on the final, failed accusation, Hailey was the most active participant in claiming and passing the Werewolf role."
9452,Gemma 4 31B,run_1,Stochastic,1645,2,if,If,accepted,Contingency.Condition,Contingency,0.7048419117927551,Contingency,False,"If this claim is true, no player is a Werewolf, and Team Village wins if no one is voted out."
11792,Gemma 4 31B,run_3,Stochastic,1968,3,if,If,accepted,Contingency.Condition,Contingency,0.7055859565734863,Contingency,False,"If these claims are true, the Werewolf card was moved from Justin to Caitlynn, making Caitlynn the current Werewolf."
2976,Gemma 4 2B,greedy_t0,Greedy,582,3,if,if,accepted,Contingency.Condition,Contingency,0.7067837715148926,Contingency,False,"Since Team Village wins if they eliminate a Werewolf, and if no Werewolf is present, they win by default, I cannot confidently accuse any player."
12783,Gemma 4 31B,run_3,Stochastic,2097,3,if,If,accepted,Contingency.Condition,Contingency,0.7074705958366394,Contingency,False,"If Justin is the Tanner, Mitchell's claim that the Tanner is also in the center must be a lie, further suggesting that Mitchell is the Werewolf."
349,Gemma 4 2B,run_1,Stochastic,67,5,if,if,accepted,Contingency.Condition,Contingency,0.708909809589386,Contingency,False,"However, if forced to choose, James is the target of the collective suspicion."
12753,Gemma 4 31B,run_3,Stochastic,2092,3,if,If,accepted,Contingency.Condition,Contingency,0.710777223110199,,False,"If Paul's swap is legitimate and Justin was the starting Werewolf, then Laura is now the Werewolf."
9288,Gemma 4 31B,run_1,Stochastic,1622,4,if,If,accepted,Contingency.Condition,Contingency,0.7112348675727844,Contingency,False,"If these claims are true, all four players hold non-werewolf roles (Drunk, Robber, Troublemaker, and Tanner), meaning the Werewolf and Minion cards are in the center."
12706,Gemma 4 31B,run_3,Stochastic,2086,3,if,if,accepted,Contingency.Condition,Contingency,0.7160080075263977,Contingency,False,"Mitchell's claims to be both the Robber and the Troublemaker are consistent if he robbed Paul, who was the original Troublemaker."
11906,Gemma 4 31B,run_3,Stochastic,1982,2,if,If,accepted,Contingency.Condition,Contingency,0.716272234916687,Contingency,False,"If this information is true, no player can be a werewolf."
12261,Gemma 4 31B,run_3,Stochastic,2027,2,if,If,accepted,Contingency.Condition,Contingency,0.7176666855812073,Contingency,False,"If this claim is true, no player is a werewolf, and Team Village wins if no one is voted out."
12565,Gemma 4 31B,run_3,Stochastic,2068,2,if,if,accepted,Contingency.Condition,Contingency,0.720102071762085,Contingency,False,"Mitchell admits he started as a Werewolf, and if Justin (the Troublemaker) swapped Paul and Mitchell, Paul would now be the Werewolf."
12092,Gemma 4 31B,run_3,Stochastic,2005,3,if,If,accepted,Contingency.Condition,Contingency,0.7203301191329956,,False,"If Justin, Mike, and Julie are their claimed roles and Mitchell is the Tanner, then no player holds the Werewolf card, and the Werewolf cards must be in the center."
8997,Gemma 4 31B,run_1,Stochastic,1582,2,if,If,accepted,Contingency.Condition,Contingency,0.7229137420654297,Contingency,False,"If this chain is truthful, James, Alvin, and Justin are all Team Village."
12598,Gemma 4 31B,run_3,Stochastic,2072,3,if,If,accepted,Contingency.Condition,Contingency,0.7240613102912903,Contingency,False,"If these claims are true, all four players are either Village-aligned or the Tanner, meaning the Werewolf card must be in the center."
9228,Gemma 4 31B,run_1,Stochastic,1614,2,if,If,accepted,Contingency.Condition,Contingency,0.7252076268196106,Contingency,False,"If Justin's claim is true, the Werewolf card was moved from Paul to Mitchell."
7568,Gemma 4 4B,greedy_t0,Greedy,1357,3,if,if,accepted,Contingency.Condition,Contingency,0.7263287305831909,Contingency,False,"Since Team Village wins only if they eliminate a Werewolf, Hunter is the clear target."
11162,Gemma 4 31B,run_2,Stochastic,1878,4,if,if,accepted,Contingency.Condition,Contingency,0.7278427481651306,Contingency,False,"Mike's claim to be the Tanner further supports this, as the Tanner often attempts to attract votes, and if he was swapped with the Werewolf, he would now be the Werewolf while Mitchell became the Tanner."
9341,Gemma 4 31B,run_1,Stochastic,1628,2,if,If,accepted,Contingency.Condition,Contingency,0.7286982536315918,Contingency,False,"If both these claims are true, the Werewolf role was transferred from Dylan to Dan."
10911,Gemma 4 31B,run_2,Stochastic,1845,2,if,if,accepted,Contingency.Condition,Contingency,0.7301132082939148,Contingency,False,"According to the game rules, the Robber swaps their card with another player's card, meaning if Justin had robbed Paul, he would no longer be the Robber."
3033,Gemma 4 2B,greedy_t0,Greedy,594,3,if,if,accepted,Contingency.Condition,Contingency,0.7348912358283997,Contingency,False,"Since Team Village wins if they eliminate a Werewolf, and if no Werewolf is present, they win if no one dies, I conclude that no Werewolf is present."
13953,Gemma 4 31B,greedy_t0,Greedy,2258,4,if,if,accepted,Contingency.Condition,Contingency,0.7351795434951782,Contingency,False,"Paul's behavior—openly inviting votes and suggesting he needs to die—is characteristic of the Tanner, but if he was swapped with a Werewolf, he becomes the target for a Village win."
1766,Gemma 4 2B,run_2,Stochastic,342,4,if,If,accepted,Contingency.Condition,Contingency,0.7353968024253845,Contingency,False,"If Mitchell is indeed the Werewolf, this vote secures Team Village's victory."
12275,Gemma 4 31B,run_3,Stochastic,2030,2,if,If,accepted,Contingency.Condition,Contingency,0.7388896942138672,Contingency,False,"If this claim is true, no player is a Werewolf, and Team Village wins by voting 'No Werewolf'."
10875,Gemma 4 31B,run_2,Stochastic,1839,3,if,if,accepted,Contingency.Condition,Contingency,0.7401131391525269,Contingency,False,"Since the Seer's action occurs before the Drunk's action in the night order, if Mike is telling the truth, Mitchell must have swapped his card for one of the two Werewolf cards in the center, making Mitchell the Werewolf."
4309,Gemma 4 4B,run_1,Stochastic,829,3,if,if,accepted,Contingency.Condition,Contingency,0.7449491620063782,Contingency,False,"Conversely, if he is telling the truth, voting him out would cause Team Village to lose."
10298,Gemma 4 31B,run_2,Stochastic,1759,2,if,If,accepted,Contingency.Condition,Contingency,0.7451034188270569,Contingency,False,"If these claims are true, no one is a Werewolf."
8227,Gemma 4 4B,greedy_t0,Greedy,1465,2,if,if,accepted,Contingency.Condition,Contingency,0.745216965675354,Contingency,False,"Paul explicitly states in line [61] that if he switched himself and Mitchell, Mitchell is now the Werewolf."
10992,Gemma 4 31B,run_2,Stochastic,1855,3,if,If,accepted,Contingency.Condition,Contingency,0.7508703470230103,Contingency,False,"If Chris was the Werewolf and was switched with Mike, Mike is now the Werewolf."
8839,Gemma 4 31B,run_1,Stochastic,1561,1,if,if,accepted,Contingency.Condition,Contingency,0.7518851161003113,Contingency,False,Daniel's claim of being both the Seer and the Insomniac is possible if his card was swapped during the night.
8393,Gemma 4 4B,greedy_t0,Greedy,1493,2,if,if,accepted,Contingency.Condition,Contingency,0.7555654644966125,Contingency,False,"Since Team Village wins only if they eliminate a Werewolf, Mike is the clear target."
9065,Gemma 4 31B,run_1,Stochastic,1593,2,if,If,accepted,Contingency.Condition,Contingency,0.7581096887588501,Contingency,False,"If this is true, no player is a Werewolf, and Team Village wins by voting 'No Werewolf'."
13880,Gemma 4 31B,greedy_t0,Greedy,2249,3,if,If,accepted,Contingency.Condition,Contingency,0.7599756121635437,Contingency,False,"If Paul robbed James while James was a Werewolf, Paul is now the Werewolf."
9558,Gemma 4 31B,run_1,Stochastic,1660,3,if,if,accepted,Contingency.Condition,Contingency,0.7638472318649292,Contingency,False,"This scenario is consistent if Mitchell was the starting Werewolf and was swapped with Mike (the starting Hunter), making Mike the final Werewolf and explaining why Mike would bluff as the Hunter."
10889,Gemma 4 31B,run_2,Stochastic,1841,4,if,If,accepted,Contingency.Condition,Contingency,0.7646093368530273,Contingency,False,"If these claims are true, no player is a Werewolf, and the only Werewolf is in the center."
11544,Gemma 4 31B,run_3,Stochastic,1930,3,if,if,accepted,Contingency.Condition,Contingency,0.767167329788208,Contingency,False,"Consequently, if these claims are true, Sean currently holds the Werewolf card and must be eliminated for Team Village to win."
10418,Gemma 4 31B,run_2,Stochastic,1777,4,if,If,accepted,Contingency.Condition,Contingency,0.7728089094161987,,False,"If Justin was the starting Werewolf and was swapped with Caitlynn, then Caitlynn is the current Werewolf."
2333,Gemma 4 2B,run_3,Stochastic,455,3,if,if,accepted,Contingency.Condition,Contingency,0.7730309367179871,Contingency,False,"Since Team Village wins if they eliminate a Werewolf, and if no Werewolf is present, they win by default, I cannot confidently accuse anyone of being the Werewolf."
12346,Gemma 4 31B,run_3,Stochastic,2039,3,if,If,accepted,Contingency.Condition,Contingency,0.7773079872131348,,False,"If Paul's claim is truthful, then no player currently holds a werewolf card, meaning Team Village wins by voting 'No Werewolf'."
10576,Gemma 4 31B,run_2,Stochastic,1798,3,if,If,accepted,Contingency.Condition,Contingency,0.7815642952919006,Contingency,False,"If these claims are true, it means all Werewolf cards are in the center, and no player is currently a Werewolf."
12972,Gemma 4 31B,greedy_t0,Greedy,2124,2,if,If,accepted,Contingency.Condition,Contingency,0.782758891582489,Contingency,False,"If both are telling the truth, Sean is now the Werewolf."
12556,Gemma 4 31B,run_3,Stochastic,2067,3,if,If,accepted,Contingency.Condition,Contingency,0.7881762385368347,,False,"If Mike was the Werewolf and was swapped with Paul, then Paul is now the Werewolf."
13266,Gemma 4 31B,greedy_t0,Greedy,2166,2,if,If,accepted,Contingency.Condition,Contingency,0.788499116897583,Contingency,False,"If this is true, no player is a Werewolf, and Team Village wins by voting 'No Werewolf'."
13126,Gemma 4 31B,greedy_t0,Greedy,2144,3,if,If,accepted,Contingency.Condition,Contingency,0.7890812158584595,Contingency,False,"If James is telling the truth, Paul cannot be the Robber and is instead the Werewolf."
13942,Gemma 4 31B,greedy_t0,Greedy,2257,3,if,If,accepted,Contingency.Condition,Contingency,0.7930804491043091,Contingency,False,"If Justin is telling the truth, Meghan's claim about the center card is a lie."
8896,Gemma 4 31B,run_1,Stochastic,1568,3,if,if,accepted,Contingency.Condition,Contingency,0.7963113188743591,Contingency,False,"If Mitchell is the Werewolf, voting him out secures a win for Team Village; if the claims of the other players are true, Mitchell is the only plausible candidate for the Werewolf role."
12909,Gemma 4 31B,greedy_t0,Greedy,2115,3,if,If,accepted,Contingency.Condition,Contingency,0.8006746172904968,Contingency,False,"If Erin is the Insomniac and saw the Robber card, it means she was swapped with the Robber (possibly by Tyler, who claimed Troublemaker), making Clint's story a lie."
13280,Gemma 4 31B,greedy_t0,Greedy,2168,3,if,If,accepted,Contingency.Condition,Contingency,0.8028272390365601,Contingency,False,"If these claims are true, no player currently holds a werewolf card, and Team Village wins if no one is voted out."
13255,Gemma 4 31B,greedy_t0,Greedy,2164,2,if,If,accepted,Contingency.Condition,Contingency,0.8051424622535706,Contingency,False,"If Dan is the Seer, Justin's claim to be the Seer is a lie, suggesting Justin was the Werewolf."
11926,Gemma 4 31B,run_3,Stochastic,1984,3,if,If,accepted,Contingency.Condition,Contingency,0.8135361671447754,Contingency,False,"If James swapped Mitchell and Caitlynn, Mitchell's transition from Minion to Insomniac and Caitlynn's transition from Insomniac to Minion are consistent, leaving Justin as the Werewolf."
12058,Gemma 4 31B,run_3,Stochastic,2001,3,if,if,accepted,Contingency.Condition,Contingency,0.8173031210899353,Contingency,False,"Mike also claims to be the Revealer, which creates a direct contradiction; if James and Justin are telling the truth, Mike must be lying."
5483,Gemma 4 4B,run_2,Stochastic,1020,3,if,if,accepted,Contingency.Condition,Contingency,0.8185281753540039,Contingency,False,"However, if Dan is lying, he is a Werewolf, and voting him out is the only way for Team Village to win."
6389,Gemma 4 4B,run_3,Stochastic,1168,2,if,if,accepted,Contingency.Condition,Contingency,0.8190743327140808,Contingency,False,"He initially claims to be a Villager (95, 148) but later admits that if his card was swapped, he could be a Werewolf (151)."
11992,Gemma 4 31B,run_3,Stochastic,1994,2,if,if,accepted,Contingency.Condition,Contingency,0.8214701414108276,Contingency,False,"He later explains a complex sequence (Line 79) where he believes he acted as the Troublemaker and swapped Justin and Mitchell, which would only happen if he stole the Troublemaker card from Justin."
9079,Gemma 4 31B,run_1,Stochastic,1595,3,if,If,accepted,Contingency.Condition,Contingency,0.8216808438301086,Contingency,False,"If these claims are truthful, all werewolf cards are in the center, meaning no player is a werewolf."
13736,Gemma 4 31B,greedy_t0,Greedy,2229,4,if,If,accepted,Contingency.Condition,Contingency,0.8222038745880127,Contingency,False,"If Justin's claim is true and Paul is the Tanner, there are no Werewolves among the players."
12137,Gemma 4 31B,run_3,Stochastic,2010,3,if,If,accepted,Contingency.Condition,Contingency,0.8228220343589783,Contingency,False,"If both these claims are true, the Werewolf card was moved from Dylan to Dan, making Dan the current Werewolf."
22,Gemma 4 2B,run_1,Stochastic,3,3,if,If,accepted,Contingency.Condition,Contingency,0.8260804414749146,Contingency,False,"If Chris is indeed the Werewolf, this vote ensures victory."
8202,Gemma 4 4B,greedy_t0,Greedy,1461,3,if,if,accepted,Contingency.Condition,Contingency,0.8285049796104431,Contingency,False,"Eliminating Justin ensures that if he is indeed a Werewolf, Team Village achieves a victory."
8857,Gemma 4 31B,run_1,Stochastic,1563,3,if,If,accepted,Contingency.Condition,Contingency,0.8286182284355164,Contingency,False,"If Daniel were the Robber, he would have seen Jessica's card, not the Robber card he already possessed."
10529,Gemma 4 31B,run_2,Stochastic,1791,4,if,If,accepted,Contingency.Condition,Contingency,0.8287062644958496,Contingency,False,"If these claims are true, no player is a werewolf, and Team Village wins if no one is eliminated."
14143,Gemma 4 31B,greedy_t0,Greedy,2284,3,if,If,accepted,Contingency.Condition,Contingency,0.8312261700630188,Contingency,False,"If this swap occurred, Justin is now the Werewolf and James is the Tanner."
9473,Gemma 4 31B,run_1,Stochastic,1648,3,if,If,accepted,Contingency.Condition,Contingency,0.8340200781822205,Contingency,False,"If Mike's information is correct, there is a high probability that Justin swapped his card for one of the Werewolf cards in the center."
3604,Gemma 4 2B,greedy_t0,Greedy,702,4,if,If,accepted,Contingency.Condition,Contingency,0.8352086544036865,Contingency,False,"If Paul is indeed a Werewolf, eliminating him helps Team Village."
9173,Gemma 4 31B,run_1,Stochastic,1608,3,if,If,accepted,Contingency.Condition,Contingency,0.835293173789978,Contingency,False,"If James was the Drunk and swapped with the center, or if Justin (as the Robber) stole the Drunk role from James and then swapped with the center, Justin is the most likely player to currently hold the Werewolf card."
2597,Gemma 4 2B,run_3,Stochastic,510,2,if,if,accepted,Contingency.Condition,Contingency,0.835847795009613,Contingency,False,"Paul explicitly states he robbed from Justin who was the Werewolf, and later claims that if Mitchell was switched, he became the Werewolf."
11311,Gemma 4 31B,run_2,Stochastic,1898,3,if,If,accepted,Contingency.Condition,Contingency,0.8360850214958191,Contingency,False,"If both these claims are true, Paul now holds the Werewolf card."
10486,Gemma 4 31B,run_2,Stochastic,1786,4,if,If,accepted,Contingency.Condition,Contingency,0.8378140926361084,Contingency,False,"If these claims are true, no player is a werewolf, and the Village wins by voting 'No Werewolf'."
10919,Gemma 4 31B,run_2,Stochastic,1846,3,if,If,accepted,Contingency.Condition,Contingency,0.8395500779151917,Contingency,False,"If Mitchell started as the Werewolf, Mike would have stolen the Werewolf card, and Paul would have then swapped it back to Mitchell."
11048,Gemma 4 31B,run_2,Stochastic,1862,3,if,If,accepted,Contingency.Condition,Contingency,0.8404852151870728,Contingency,False,"If James was the Seer and Paul was the Werewolf, the swap would make James the Werewolf and Paul the Seer, which aligns with both of their claims (James was the Seer, Paul is now the Seer)."
4062,Gemma 4 4B,run_1,Stochastic,789,2,if,if,accepted,Contingency.Condition,Contingency,0.8407742977142334,Contingency,False,Team Village wins only if they successfully eliminate a Werewolf.
13318,Gemma 4 31B,greedy_t0,Greedy,2173,3,if,If,accepted,Contingency.Condition,Contingency,0.8409093618392944,Contingency,False,"If these claims are true, no player is a werewolf, and Team Village wins if no one is eliminated."
11265,Gemma 4 31B,run_2,Stochastic,1892,3,if,If,accepted,Contingency.Condition,Contingency,0.8411776423454285,Contingency,False,"If Mitchell is the Tanner, Eric's claim to be a Werewolf is more likely to be true, making him the primary target for Team Village to eliminate."
8777,Gemma 4 31B,run_1,Stochastic,1553,3,if,If,accepted,Contingency.Condition,Contingency,0.8428003787994385,Contingency,False,"If these claims are true, all Werewolf cards must be in the center, meaning no player is currently a Werewolf."
8894,Gemma 4 31B,run_1,Stochastic,1568,3,if,If,accepted,Contingency.Condition,Contingency,0.8430349826812744,Contingency,False,"If Mitchell is the Werewolf, voting him out secures a win for Team Village; if the claims of the other players are true, Mitchell is the only plausible candidate for the Werewolf role."
11829,Gemma 4 31B,run_3,Stochastic,1973,5,if,If,accepted,Contingency.Condition,Contingency,0.8435486555099487,Contingency,False,"If Justin was the Seer and Mitchell was the Werewolf, and they were swapped, Justin would now be the Werewolf, but Justin's contradictory claims make it more likely he was the original Werewolf."
13110,Gemma 4 31B,greedy_t0,Greedy,2143,3,if,If,accepted,Contingency.Condition,Contingency,0.8459497094154358,Contingency,False,"If these claims are true, the Werewolf card is in the center, and the players' final roles are all Village-aligned (Justin as Troublemaker, Paul as Insomniac, Mitchell as Seer, James as Robber, and Laura as Villager)."
951,Gemma 4 2B,run_1,Stochastic,179,3,if,If,accepted,Contingency.Condition,Contingency,0.8485090136528015,Contingency,False,"If she is indeed the Werewolf, this vote secures a win for Team Village."
14177,Gemma 4 31B,greedy_t0,Greedy,2288,3,if,if,accepted,Contingency.Condition,Contingency,0.8512385487556458,,False,"However, if Justin is the Tanner, then the Tanner cannot be in the center, meaning Mitchell is lying."
3452,Gemma 4 2B,greedy_t0,Greedy,673,3,if,if,accepted,Contingency.Condition,Contingency,0.8525540828704834,Contingency,False,"Given the high level of uncertainty and the fact that the game rules state Team Village wins if they eliminate a Werewolf, and Team Werewolf wins if they survive, a vote targeting the most aggressive or suspicious player is often a strategy."
11392,Gemma 4 31B,run_2,Stochastic,1908,3,if,If,accepted,Contingency.Condition,Contingency,0.8527788519859314,Contingency,False,"If Eric is the Troublemaker, Paul's claim of being switched is false, meaning Paul remains the Werewolf."
8844,Gemma 4 31B,run_1,Stochastic,1561,3,if,If,accepted,Contingency.Condition,Contingency,0.8535156846046448,Contingency,False,"If Jessica had robbed Kaelan while he was the Drunk, Jessica would have become the Drunk and performed the swap, not Kaelan."
9411,Gemma 4 31B,run_1,Stochastic,1639,2,if,if,accepted,Contingency.Condition,Contingency,0.8540931940078735,Contingency,False,"Brett (claiming Troublemaker) and Kelsey (claiming Robber) both indicated that they did not swap Dylan's card, meaning if Dylan started as a Werewolf, he remained one."
12925,Gemma 4 31B,greedy_t0,Greedy,2117,2,if,if,accepted,Contingency.Condition,Contingency,0.8547353148460388,,False,"However, Margaret explicitly calls Clint 'the worst liar' and notes that if Clint's swap actually occurred and Erin was the Werewolf, then Margaret herself would now be the Werewolf."
5584,Gemma 4 4B,run_2,Stochastic,1036,3,if,if,accepted,Contingency.Condition,Contingency,0.8572711944580078,Contingency,False,"While the transcript contains many confusing claims regarding role swaps (Justin's alleged Robber action), Mitchell's role as the primary source of information makes them the most critical figure to eliminate if they are lying about their Seer status."
11574,Gemma 4 31B,run_3,Stochastic,1934,3,if,If,accepted,Contingency.Condition,Contingency,0.8586465716362,Contingency,False,"If the Werewolf card was in the center, Daniel would have swapped his card for it, making him the Werewolf."
6469,Gemma 4 4B,run_3,Stochastic,1182,2,if,if,accepted,Contingency.Condition,Contingency,0.8624482154846191,Contingency,False,"Since Team Village wins only if at least one Werewolf dies, and the voting resulted in no deaths, Team Village has failed to meet its win condition based on the provided discussion."
10956,Gemma 4 31B,run_2,Stochastic,1850,2,if,if,accepted,Contingency.Condition,Contingency,0.8632623553276062,Contingency,False,"Justin's claim to have seen the Apprentice Seer in the center is logically impossible if he were the Apprentice Seer himself, and his erratic claims throughout the discussion suggest he is attempting to deceive the group."
12713,Gemma 4 31B,run_3,Stochastic,2087,3,if,If,accepted,Contingency.Condition,Contingency,0.8637002110481262,,False,"If James is the Seer and telling the truth, then no player is a Werewolf, and Team Village wins by voting 'No Werewolf'."
14130,Gemma 4 31B,greedy_t0,Greedy,2283,3,if,if,accepted,Contingency.Condition,Contingency,0.8644517064094543,,False,"Following the night action order (Robber then Troublemaker), if Mitchell robbed Laura (Villager) and Paul then swapped Justin (Werewolf) and Laura (now Robber), Laura would end the night as the Werewolf."
5804,Gemma 4 4B,run_2,Stochastic,1072,3,if,If,accepted,Contingency.Condition,Contingency,0.8650908470153809,Contingency,False,"If Brett is lying, he is either a Werewolf or a Doppelganger who copied a Werewolf, making him the most likely target for Team Village to eliminate."
11899,Gemma 4 31B,run_3,Stochastic,1981,3,if,If,accepted,Contingency.Condition,Contingency,0.8667995929718018,Contingency,False,"If James started as the Tanner and was switched with Justin (the Seer), James is now the Seer and would want to eliminate the Werewolf, which explains why he is aggressively pushing the vote toward Mitchell."
13950,Gemma 4 31B,greedy_t0,Greedy,2258,3,if,If,accepted,Contingency.Condition,Contingency,0.8675057291984558,Contingency,False,"If Mike was the Werewolf, this switch makes Paul the Werewolf."
9753,Gemma 4 31B,run_1,Stochastic,1685,3,if,If,accepted,Contingency.Condition,Contingency,0.8678297400474548,Contingency,False,"If Mike was the Werewolf and was swapped with Paul, Paul now holds the Werewolf card."
9231,Gemma 4 31B,run_1,Stochastic,1615,2,if,if,accepted,Contingency.Condition,Contingency,0.8698731660842896,Contingency,False,"In a three-player game, if two players claim distinct village roles, the third player (Paul) becomes the primary suspect."
2981,Gemma 4 2B,greedy_t0,Greedy,583,3,if,If,accepted,Contingency.Condition,Contingency,0.8707017302513123,Contingency,False,"If Hunter is indeed the Werewolf, Team Village achieves its objective."
10252,Gemma 4 31B,run_2,Stochastic,1752,3,if,if,accepted,Contingency.Condition,Contingency,0.8712366223335266,Contingency,False,"According to the night action order, the Robber acts before the Drunk; if Jessica had robbed Kaelan (the Drunk), Jessica would have become the Drunk and performed the swap, meaning Kaelan would not have swapped."
9097,Gemma 4 31B,run_1,Stochastic,1597,3,if,If,accepted,Contingency.Condition,Contingency,0.8717478513717651,Contingency,False,"If Justin's switch occurred, James would have inherited the werewolf role, which aligns with his confession and his starting role as the Insomniac (allowing him to know his final role)."
2132,Gemma 4 2B,run_3,Stochastic,416,4,if,if,accepted,Contingency.Condition,Contingency,0.8739893436431885,Contingency,False,"Since the winning condition for Team Village is met if no Werewolf is present (i.e., all Werewolf cards are in the center), I cannot confidently accuse any player."
8941,Gemma 4 31B,run_1,Stochastic,1573,3,if,If,accepted,Contingency.Condition,Contingency,0.8756300806999207,Contingency,False,"If Justin is the Robber who stole the Werewolf card from Mitchell, or if he is simply lying about his role to cover his identity as the Werewolf, he is the correct target for elimination."
9790,Gemma 4 31B,run_1,Stochastic,1690,3,if,If,accepted,Contingency.Condition,Contingency,0.8777586817741394,Contingency,False,"If Paul was the Werewolf or became one through the Witch's ability, the Troublemaker's swap would have transferred the Werewolf role to Justin."
3450,Gemma 4 2B,greedy_t0,Greedy,673,3,if,if,accepted,Contingency.Condition,Contingency,0.8798247575759888,Contingency,False,"Given the high level of uncertainty and the fact that the game rules state Team Village wins if they eliminate a Werewolf, and Team Werewolf wins if they survive, a vote targeting the most aggressive or suspicious player is often a strategy."
10606,Gemma 4 31B,run_2,Stochastic,1803,2,if,If,accepted,Contingency.Condition,Contingency,0.8800070285797119,Contingency,False,"If Paul stole from Justin and Justin swapped Paul and Mitchell, Mitchell would have woken up as the Troublemaker, but Mitchell claims he woke up as the Insomniac."
11143,Gemma 4 31B,run_2,Stochastic,1876,3,if,If,accepted,Contingency.Condition,Contingency,0.8803700804710388,Contingency,False,"If Mike was the Werewolf and was switched with Paul, Paul is now the Werewolf."
3583,Gemma 4 2B,greedy_t0,Greedy,698,2,if,if,accepted,Contingency.Condition,Contingency,0.8808992505073547,Contingency,False,"Since Team Village wins if they eliminate a Werewolf, and if no Werewolf is present, they also win, I cannot confidently accuse any player."
10452,Gemma 4 31B,run_2,Stochastic,1782,3,if,If,accepted,Contingency.Condition,Contingency,0.8832833170890808,Contingency,False,"If Dan's information is correct, Mitchell was the starting Werewolf, and after the swap, Justin became the Werewolf."
10088,Gemma 4 31B,run_2,Stochastic,1729,3,if,If,accepted,Contingency.Condition,Contingency,0.8838177919387817,,False,"If Jacob's claim is true and there is only one Werewolf in the game, then no player is a Werewolf."
12650,Gemma 4 31B,run_3,Stochastic,2079,3,if,if,accepted,Contingency.Condition,Contingency,0.8854238986968994,Contingency,False,"These two claims are mutually exclusive; if Justin is telling the truth about the center cards, Paul must be lying."
11496,Gemma 4 31B,run_3,Stochastic,1924,3,if,If,accepted,Contingency.Condition,Contingency,0.8858485221862793,Contingency,False,"If Erin is telling the truth—either as the starting Robber or as someone who knows her starting role—then Clint is lying about his identity and actions, which is a strong indicator that he is the Werewolf."
9782,Gemma 4 31B,run_1,Stochastic,1688,3,if,If,accepted,Contingency.Condition,Contingency,0.8864795565605164,Contingency,False,"If Justin's starting role was the Werewolf (or a Copycat who became a Werewolf), Mitchell now holds that card."
11634,Gemma 4 31B,run_3,Stochastic,1942,3,if,If,accepted,Contingency.Condition,Contingency,0.8890059590339661,Contingency,False,"If Jessica is the Minion, the Werewolf must be one of the other players; Kaelan's aggressive claiming and his immediate correction of Kevin's belief that the Town won make him the most likely Werewolf."
8657,Gemma 4 31B,run_1,Stochastic,1536,2,if,If,accepted,Contingency.Condition,Contingency,0.8895831108093262,Contingency,False,"If Zack was the starting Werewolf and Hunter was the Troublemaker who swapped Zack and Jacob, the Werewolf card moved to Jacob."
10216,Gemma 4 31B,run_2,Stochastic,1746,3,if,If,accepted,Contingency.Condition,Contingency,0.8901571035385132,Contingency,False,"If Kaelan's information was correct, the swap performed by Kevin would have transferred the Werewolf role from Jessica to Daniel."
704,Gemma 4 2B,run_1,Stochastic,133,4,if,If,accepted,Contingency.Condition,Contingency,0.8920712471008301,Contingency,False,"If Pete is indeed the Werewolf, eliminating him is necessary to win."
13623,Gemma 4 31B,greedy_t0,Greedy,2215,2,if,if,accepted,Contingency.Condition,Contingency,0.8941637277603149,Contingency,False,"According to the announcer's rules for the Revealer, a card is turned back face down only if it is a Werewolf or a Tanner."
11073,Gemma 4 31B,run_2,Stochastic,1866,3,if,If,accepted,Contingency.Condition,Contingency,0.8949260115623474,Contingency,False,"If James was the starting Werewolf and Justin is the Troublemaker, the swap would make Paul the final Werewolf."
13835,Gemma 4 31B,greedy_t0,Greedy,2243,3,if,If,accepted,Contingency.Condition,Contingency,0.895270049571991,Contingency,False,"If a werewolf card was in the center, Mitchell would have swapped into it, making him the werewolf."
8206,Gemma 4 4B,greedy_t0,Greedy,1462,2,if,if,accepted,Contingency.Condition,Contingency,0.8956103324890137,Contingency,False,"However, Justin strongly implicated Paul as a Werewolf, stating that if Paul was swapped, he was 'Mr. Werewolf all' [57]."
10507,Gemma 4 31B,run_2,Stochastic,1789,4,if,If,accepted,Contingency.Condition,Contingency,0.8961575031280518,Contingency,False,"If Mitchell is the Robber and one of James/Justin is the Tanner, Mike is the only remaining candidate for the Werewolf, making his claim about the center cards a likely lie to avoid elimination."
5124,Gemma 4 4B,run_2,Stochastic,960,3,if,if,accepted,Contingency.Condition,Contingency,0.8963748812675476,Contingency,False,Team Village's win condition requires eliminating at least one Werewolf if they are present.
10856,Gemma 4 31B,run_2,Stochastic,1836,4,if,If,accepted,Contingency.Condition,Contingency,0.8975067734718323,Contingency,False,"If Brett's claim is true, no werewolves are present among the players, and the Village wins by voting 'No Werewolf'."
10814,Gemma 4 31B,run_2,Stochastic,1830,2,if,if,accepted,Contingency.Condition,Contingency,0.898287832736969,Contingency,False,"Brett (claiming Troublemaker) and Kelsey (claiming Robber) both stated they did not swap or rob Dylan's card, meaning if Dylan started as the Werewolf, he remains the Werewolf."
1695,Gemma 4 2B,run_2,Stochastic,328,3,if,If,accepted,Contingency.Condition,Contingency,0.8988446593284607,Contingency,False,"If Brett is indeed the Werewolf, his elimination ensures Team Village wins."
2627,Gemma 4 2B,run_3,Stochastic,514,3,if,if,accepted,Contingency.Condition,Contingency,0.898898720741272,Contingency,False,"Since Team Village wins if they eliminate a Werewolf, and we cannot confirm a Werewolf, we must assume the worst-case scenario where the Werewolves are hiding."
11332,Gemma 4 31B,run_2,Stochastic,1901,2,if,If,accepted,Contingency.Condition,Contingency,0.8989838361740112,Contingency,False,"If both these claims are true, Laura currently holds the Werewolf card."
10515,Gemma 4 31B,run_2,Stochastic,1790,3,if,If,accepted,Contingency.Condition,Contingency,0.8993176221847534,Contingency,False,"If James started as the Tanner and was switched with the Seer, he is now the Seer and would logically want to identify the Werewolf."
12084,Gemma 4 31B,run_3,Stochastic,2004,4,if,If,accepted,Contingency.Condition,Contingency,0.9003849029541016,Contingency,False,"If Julie is the Tanner and the other three are telling the truth about their roles, no Werewolf is present among the players."
11252,Gemma 4 31B,run_2,Stochastic,1891,3,if,if,accepted,Contingency.Condition,Contingency,0.9004324674606323,Contingency,False,"Paul also claimed to start as a Werewolf, though he later retracted this; if Paul is the Tanner, Mike is the only Werewolf, and if Paul is also a Werewolf, both are targets."
13970,Gemma 4 31B,greedy_t0,Greedy,2260,4,if,if,accepted,Contingency.Condition,Contingency,0.9011543393135072,Contingency,False,"According to the night action order, the Seer acts before the Troublemaker; therefore, if Paul saw Mitchell as a Werewolf and Justin subsequently swapped Mitchell and Mike, Mike is now the Werewolf."
3379,Gemma 4 2B,greedy_t0,Greedy,659,2,if,if,accepted,Contingency.Condition,Contingency,0.9014852643013,Contingency,False,"Since Team Village wins if they eliminate a Werewolf, and if no Werewolf is present, they win by default, I must conclude that I do not have sufficient evidence to accuse any player."
10201,Gemma 4 31B,run_2,Stochastic,1744,4,if,If,accepted,Contingency.Condition,Contingency,0.9022247791290284,,False,"If Jessica is the Minion and saw no Werewolves, then all Werewolf cards must be in the center, meaning Team Village wins if no one is voted out."
10369,Gemma 4 31B,run_2,Stochastic,1769,3,if,If,accepted,Contingency.Condition,Contingency,0.9041632413864136,Contingency,False,"If James is the Tanner, he cannot be the Werewolf, making Mitchell the most likely candidate for the Werewolf role, regardless of whether a swap occurred."
2974,Gemma 4 2B,greedy_t0,Greedy,582,3,if,if,accepted,Contingency.Condition,Contingency,0.9042955636978148,Contingency,False,"Since Team Village wins if they eliminate a Werewolf, and if no Werewolf is present, they win by default, I cannot confidently accuse any player."
3242,Gemma 4 2B,greedy_t0,Greedy,635,4,if,If,accepted,Contingency.Condition,Contingency,0.904451847076416,Contingency,False,"If Justin is indeed the Werewolf, eliminating him ensures Team Village wins the game."
7648,Gemma 4 4B,greedy_t0,Greedy,1371,3,if,if,accepted,Contingency.Condition,Contingency,0.9068509340286256,Contingency,False,"Daniel and Kevin discuss the scenario where Werewolves are in the center, noting that if this is the case, Team Village wins because no one dies."
7523,Gemma 4 4B,greedy_t0,Greedy,1349,3,if,if,accepted,Contingency.Condition,Contingency,0.90705668926239,Contingency,False,"Hunter then stated that Zack was 'now the werewolf,' which is a direct consequence of the Robber's ability if they swapped with a Werewolf."
10545,Gemma 4 31B,run_2,Stochastic,1793,3,if,If,accepted,Contingency.Condition,Contingency,0.9104074239730836,Contingency,False,"If James swapped Mitchell (Minion) and Caitlynn (Insomniac), Mitchell would end the night as the Insomniac and Caitlynn as the Minion, while Justin remains the Werewolf."
14160,Gemma 4 31B,greedy_t0,Greedy,2286,3,if,If,accepted,Contingency.Condition,Contingency,0.9115148186683656,Contingency,False,"If Paul started as the Werewolf and James started as the Tanner, the swap would make James the Werewolf and Paul the Tanner."
12644,Gemma 4 31B,run_3,Stochastic,2078,4,if,If,accepted,Contingency.Condition,Contingency,0.9115443229675292,Contingency,False,"If Shane is the Tanner, he is lying about being the Robber, meaning no swap occurred and Eric remains the Werewolf."
13398,Gemma 4 31B,greedy_t0,Greedy,2185,2,if,If,accepted,Contingency.Condition,Contingency,0.9116385579109192,Contingency,False,"If Paul was the Robber and stole from Justin, and Justin was the Werewolf, Paul would know Justin's starting role, which matches Paul's cryptic statement ('You know I know what you were')."
5675,Gemma 4 4B,run_2,Stochastic,1050,4,if,if,accepted,Contingency.Condition,Contingency,0.9119841456413268,Contingency,False,"Since Team Village wins only if a Werewolf is eliminated, targeting the player who is actively and dramatically contradicting themselves is the strongest tactical move."
1425,Gemma 4 2B,run_2,Stochastic,274,2,if,if,accepted,Contingency.Condition,Contingency,0.912129044532776,Contingency,False,"Since I cannot confirm the presence of a Werewolf, the condition for Team Village victory is met if no Werewolves are present."
12818,Gemma 4 31B,greedy_t0,Greedy,2101,3,if,If,accepted,Contingency.Condition,Contingency,0.913040578365326,Contingency,False,"If the Werewolf card (originally Erin's) was swapped with Brent, Brent became the final Werewolf."
2658,Gemma 4 2B,run_3,Stochastic,521,3,if,If,accepted,Contingency.Condition,Contingency,0.9131815433502196,Contingency,False,"If DeAndre is indeed a Werewolf, this vote secures a win for Team Village."
11460,Gemma 4 31B,run_3,Stochastic,1919,3,if,If,accepted,Contingency.Condition,Contingency,0.9134169816970824,,False,"If Jacob (Drunk) swapped the Drunk card into the center and then Hunter (Troublemaker) swapped Jacob with Zack, Zack would end up with the Drunk card."
3056,Gemma 4 2B,greedy_t0,Greedy,597,3,if,if,accepted,Contingency.Condition,Contingency,0.9137318730354308,Contingency,False,"Since the evidence is inconclusive and the game rules allow for a win condition if all Werewolf cards are in the center, I cannot confidently accuse any player."
5987,Gemma 4 4B,run_2,Stochastic,1101,3,if,if,accepted,Contingency.Condition,Contingency,0.9144119024276732,Contingency,False,"Since Team Village wins only if a Werewolf is eliminated, targeting Justin is the safest path to victory."
3031,Gemma 4 2B,greedy_t0,Greedy,594,3,if,if,accepted,Contingency.Condition,Contingency,0.9151893258094788,Contingency,False,"Since Team Village wins if they eliminate a Werewolf, and if no Werewolf is present, they win if no one dies, I conclude that no Werewolf is present."
10154,Gemma 4 31B,run_2,Stochastic,1738,3,if,if,accepted,Contingency.Condition,Contingency,0.9167361855506896,Contingency,False,"According to the rules, if no player is a werewolf and no one is voted out, Team Village wins."
2348,Gemma 4 2B,run_3,Stochastic,458,2,if,if,accepted,Contingency.Condition,Contingency,0.9177113175392152,Contingency,False,"Multiple players, including James and Mike, explicitly suggest killing him, and Mitchell himself attempts to manipulate the situation by claiming his card ensures a win for the group if they kill another player."
2331,Gemma 4 2B,run_3,Stochastic,455,3,if,if,accepted,Contingency.Condition,Contingency,0.9186003804206848,Contingency,False,"Since Team Village wins if they eliminate a Werewolf, and if no Werewolf is present, they win by default, I cannot confidently accuse anyone of being the Werewolf."
2261,Gemma 4 2B,run_3,Stochastic,440,4,if,If,accepted,Contingency.Condition,Contingency,0.9198263883590698,Contingency,False,"If Caitlynn is indeed the Werewolf, her elimination guarantees Team Village wins."
11194,Gemma 4 31B,run_2,Stochastic,1882,3,if,if,accepted,Contingency.Condition,Contingency,0.9201623797416688,Contingency,False,"Since the Tanner wins if they are eliminated and the Werewolf wins if they survive, Mitchell's claim to be a werewolf followed by his plea not to be voted out strongly suggests he is the actual Werewolf."
196,Gemma 4 2B,run_1,Stochastic,38,3,if,If,accepted,Contingency.Condition,Contingency,0.9206198453903198,Contingency,False,"If Sukeshi is indeed the Werewolf, this vote secures the win condition."
8972,Gemma 4 31B,run_1,Stochastic,1578,3,if,If,accepted,Contingency.Condition,Contingency,0.921448290348053,Contingency,False,"If James is the Tanner, voting him out would result in a loss for Team Village, whereas voting out Mitchell—who is acting as a deflective Werewolf—would secure a victory."
9568,Gemma 4 31B,run_1,Stochastic,1662,3,if,If,accepted,Contingency.Condition,Contingency,0.9239485859870912,Contingency,False,"If Dustin's information is accurate, Katie swapped her role for one of the Werewolf cards in the center."
494,Gemma 4 2B,run_1,Stochastic,95,2,if,if,accepted,Contingency.Condition,Contingency,0.924433708190918,Contingency,False,"Justin explicitly suggests that if Mitchell is the Werewolf, he will definitely kill somebody, which aligns with Team Village's goal."
1057,Gemma 4 2B,run_2,Stochastic,200,3,if,if,accepted,Contingency.Condition,Contingency,0.9247348308563232,Contingency,False,"Since Team Village wins if they eliminate a Werewolf, and I cannot confirm the presence of a Werewolf, the safest choice is to assume none are present."
11192,Gemma 4 31B,run_2,Stochastic,1882,3,if,if,accepted,Contingency.Condition,Contingency,0.9258655905723572,Contingency,False,"Since the Tanner wins if they are eliminated and the Werewolf wins if they survive, Mitchell's claim to be a werewolf followed by his plea not to be voted out strongly suggests he is the actual Werewolf."
13872,Gemma 4 31B,greedy_t0,Greedy,2248,3,if,If,accepted,Contingency.Condition,Contingency,0.9262981414794922,Contingency,False,"If Justin is the Minion and James is the Werewolf, no actual swap occurred, and James remains the Werewolf."
10692,Gemma 4 31B,run_2,Stochastic,1813,4,if,If,accepted,Contingency.Condition,Contingency,0.9279768466949464,Contingency,False,"If she is the Werewolf, or if she was swapped with a Werewolf by the Troublemaker (Mitchell), voting her out will result in a win for Team Village."
11537,Gemma 4 31B,run_3,Stochastic,1929,3,if,if,accepted,Contingency.Condition,Contingency,0.928340494632721,Contingency,False,"According to the rules, if no player is a Werewolf and no one is voted out, Team Village wins."
2399,Gemma 4 2B,run_3,Stochastic,468,3,if,if,accepted,Contingency.Condition,Contingency,0.9297696948051452,Contingency,False,"Since Team Village wins if they eliminate a Werewolf, and I cannot confirm a Werewolf is present, I must assume the safest option."
13462,Gemma 4 31B,greedy_t0,Greedy,2194,3,if,If,accepted,Contingency.Condition,Contingency,0.9297800660133362,Contingency,False,"If these roles are accurate, no player is a Werewolf."
13294,Gemma 4 31B,greedy_t0,Greedy,2170,2,if,if,accepted,Contingency.Condition,Contingency,0.9299057126045228,Contingency,False,"This admission is supported by Justin's claim that he was the Troublemaker and switched James and Mitchell, which would have transferred the werewolf role to James if Mitchell had started as the werewolf."
9836,Gemma 4 31B,run_1,Stochastic,1696,3,if,If,accepted,Contingency.Condition,Contingency,0.9299274682998656,Contingency,False,"If Shane is the Tanner, he is lying about being the Robber to attract votes, meaning no swap occurred and Eric remains the Werewolf."
9201,Gemma 4 31B,run_1,Stochastic,1611,2,if,if,accepted,Contingency.Condition,Contingency,0.9307585954666138,Contingency,False,"A hundred percent') and acknowledges that if Justin (the Troublemaker) did not perform a switch, he remains the Werewolf."
12032,Gemma 4 31B,run_3,Stochastic,1998,3,if,If,accepted,Contingency.Condition,Contingency,0.930800199508667,,False,"If all three players are telling the truth about their roles (Seer, Robber, and Insomniac), then no player is a Werewolf, and the Werewolf card must be in the center."
14151,Gemma 4 31B,greedy_t0,Greedy,2285,2,if,if,accepted,Contingency.Condition,Contingency,0.9316429495811462,Contingency,False,"He claims to have robbed Mitchell's Insomniac role, but Mitchell confirms he woke up as the Insomniac, which would be impossible if James had robbed him."
7467,Gemma 4 4B,greedy_t0,Greedy,1339,2,if,if,accepted,Contingency.Condition,Contingency,0.9327767491340636,Contingency,False,"Ashley had previously admitted to being a Werewolf, meaning that if the swap was successful, Elliot became the Werewolf."
9997,Gemma 4 31B,run_1,Stochastic,1717,3,if,if,accepted,Contingency.Condition,Contingency,0.9340229034423828,Contingency,False,"This implies that if Paul was the Werewolf, he remains the Werewolf."
10665,Gemma 4 31B,run_2,Stochastic,1810,3,if,if,accepted,Contingency.Condition,Contingency,0.9340631365776062,Contingency,False,"Since Mike also claims to be the Revealer, his statement contradicts both James and Justin; if the Revealer card was in the center, Mike cannot be the Revealer."
9847,Gemma 4 31B,run_1,Stochastic,1698,2,if,If,accepted,Contingency.Condition,Contingency,0.9347108006477356,Contingency,False,"If this information is accurate, no player can be a Werewolf."
7703,Gemma 4 4B,greedy_t0,Greedy,1381,5,if,if,accepted,Contingency.Condition,Contingency,0.93755042552948,Contingency,False,Eliminating Justin would fulfill Team Village's win condition if he is indeed a Werewolf.
12826,Gemma 4 31B,greedy_t0,Greedy,2103,3,if,if,accepted,Contingency.Condition,Contingency,0.939949631690979,Contingency,False,"Therefore, if both claims are true, Elliot is now the Werewolf."
9208,Gemma 4 31B,run_1,Stochastic,1612,3,if,If,accepted,Contingency.Condition,Contingency,0.9410178661346436,Contingency,False,"If Justin was the Troublemaker and swapped Paul and Mitchell, Mitchell could only end the night as the Insomniac if Paul had the Insomniac card before the swap."
4305,Gemma 4 4B,run_1,Stochastic,829,2,if,If,accepted,Contingency.Condition,Contingency,0.9412581324577332,Contingency,False,"If Dan is lying, he is a Werewolf, and voting him out is the only path to victory for Team Village."
5240,Gemma 4 4B,run_2,Stochastic,979,3,if,if,accepted,Contingency.Condition,Contingency,0.9413405060768129,Contingency,False,"Since Team Village wins only if a Werewolf dies, and the Werewolf is believed to be in the center, voting out any player would risk losing the game."
814,Gemma 4 2B,run_1,Stochastic,155,3,if,If,accepted,Contingency.Condition,Contingency,0.9424654841423036,Contingency,False,"If Mike is indeed the Werewolf, eliminating Caitlynn ensures Team Village eliminates a Werewolf."
13160,Gemma 4 31B,greedy_t0,Greedy,2148,3,if,If,accepted,Contingency.Condition,Contingency,0.942499339580536,,False,"If Tyler is the Seer and saw the Werewolf card in the center, then no player is currently a Werewolf."
274,Gemma 4 2B,run_1,Stochastic,54,3,if,if,accepted,Contingency.Condition,Contingency,0.9437685012817384,Contingency,False,"Since the game rules state that Team Village wins if they eliminate a Werewolf, and given the strong suspicion directed towards Justin, he is the primary target."
11889,Gemma 4 31B,run_3,Stochastic,1980,4,if,if,accepted,Contingency.Condition,Contingency,0.943901538848877,,False,"Specifically, if Mitchell (Robber) stole the Tanner card from Justin, and James (Troublemaker) then swapped Justin and Mitchell, Justin would end the game as the Tanner."
6969,Gemma 4 4B,run_3,Stochastic,1261,3,if,if,accepted,Contingency.Condition,Contingency,0.9440414905548096,Contingency,False,"Since Team Village wins if at least one Werewolf is eliminated, James is the most certain target to vote out."
6130,Gemma 4 4B,run_2,Stochastic,1123,3,if,if,accepted,Contingency.Condition,Contingency,0.9442455172538756,Contingency,False,"Since Team Village wins if at least one Werewolf is eliminated, voting out Shane directly achieves the victory condition for Team Village."
8139,Gemma 4 4B,greedy_t0,Greedy,1452,3,if,if,accepted,Contingency.Condition,Contingency,0.9453352093696594,Contingency,False,"Since Team Village wins if at least one Werewolf is eliminated, and both James and Mike are confirmed Werewolves, either player is a valid target for the vote."
9610,Gemma 4 31B,run_1,Stochastic,1667,3,if,if,accepted,Contingency.Condition,Contingency,0.946395754814148,Contingency,False,"DeAndre claimed to be the Drunk, meaning he swapped his card with the center; if a Werewolf card was in the center, DeAndre is now the Werewolf, or he is simply lying about his role to hide that he is a Werewolf."
11671,Gemma 4 31B,run_3,Stochastic,1948,2,if,if,accepted,Contingency.Condition,Contingency,0.9464432001113892,Contingency,False,"If Ashley's claim of being the Troublemaker and swapping Sukeshi and Elliot is true, and Sukeshi started as the Tanner, then Sukeshi would now be the Werewolf if Elliot started as one."
9818,Gemma 4 31B,run_1,Stochastic,1695,2,if,If,accepted,Contingency.Condition,Contingency,0.946575403213501,,False,"If Mike started as the Robber and stole from Mitchell (the Troublemaker), and then Mitchell (as the Troublemaker) swapped Mike and Alana (the Seer), the final roles would be Mike as the Seer, Alana as the Troublemaker, and Mitchell as the Robber."
12379,Gemma 4 31B,run_3,Stochastic,2044,3,if,If,accepted,Contingency.Condition,Contingency,0.9471654891967772,Contingency,False,"If Dustin's information is correct, Katie is the only player who could have acquired a Werewolf card during the Night phase."
11730,Gemma 4 31B,run_3,Stochastic,1957,4,if,If,accepted,Contingency.Condition,Contingency,0.9492660164833068,Contingency,False,"If Tyler's information as the Seer is accurate, no player is a Werewolf."
2905,Gemma 4 2B,run_3,Stochastic,569,2,if,if,accepted,Contingency.Condition,Contingency,0.9501799941062928,Contingency,False,"Since Team Village wins if they eliminate a Werewolf, voting Justin out is the most direct path to victory."
7429,Gemma 4 4B,run_3,Stochastic,1332,4,if,if,accepted,Contingency.Condition,Contingency,0.9505993723869324,Contingency,False,"Since Team Village wins if they eliminate a Werewolf, and Laura is confirmed to be a Werewolf, she is the primary target."
11994,Gemma 4 31B,run_3,Stochastic,1994,3,if,If,accepted,Contingency.Condition,Contingency,0.9513956904411316,,False,"If Paul (Robber) stole the Troublemaker card from Justin and then swapped Justin (now Robber) with Mitchell (Werewolf), Justin would end the night as the Werewolf."
4883,Gemma 4 4B,run_1,Stochastic,920,2,if,if,accepted,Contingency.Condition,Contingency,0.952407717704773,Contingency,False,"Since Team Village wins if they eliminate a Werewolf, Mike is the primary target."
12768,Gemma 4 31B,run_3,Stochastic,2095,3,if,If,accepted,Contingency.Condition,Contingency,0.9528899788856506,,False,"If the Werewolf card is in the center, then no player is a Werewolf, and Team Village wins by voting for 'No Werewolf'."
10350,Gemma 4 31B,run_2,Stochastic,1766,3,if,If,accepted,Contingency.Condition,Contingency,0.9543015360832214,Contingency,False,"If Tyler's information is correct and Paul's swap occurred, the Werewolf card moved from Justin to Mitchell."
11938,Gemma 4 31B,run_3,Stochastic,1986,2,if,if,accepted,Contingency.Condition,Contingency,0.9549770355224608,Contingency,False,"James suggested that if Mike saw werewolves in the center, Mitchell (who claimed to be the Drunk and swapped his card with one from the center) likely picked up a werewolf card."
7323,Gemma 4 4B,run_3,Stochastic,1314,4,if,if,accepted,Contingency.Condition,Contingency,0.9550439119338988,Contingency,False,"Since Team Village wins if at least one Werewolf dies, eliminating Shane, who has openly admitted to being a Werewolf, is the optimal strategy."
12128,Gemma 4 31B,run_3,Stochastic,2009,2,if,if,accepted,Contingency.Condition,Contingency,0.9556049704551696,Contingency,False,"However, Justin claims to have performed the reveal action himself ('I looked at one of you motherfuckers'), which would be impossible if Mitchell had already stolen the card, as the Robber acts before the Revealer."
5480,Gemma 4 4B,run_2,Stochastic,1020,2,if,If,accepted,Contingency.Condition,Contingency,0.9559797048568726,Contingency,False,"If Dan is telling the truth, Team Village wins by default, as no Werewolves are among the players."
11232,Gemma 4 31B,run_2,Stochastic,1889,2,if,if,accepted,Contingency.Condition,Contingency,0.956099569797516,Contingency,False,"Eric, claiming to be the Seer, stated that one Werewolf card was in the center, which implies that if Mike is a Werewolf, he is the only one among the players."
9501,Gemma 4 31B,run_1,Stochastic,1652,2,if,if,accepted,Contingency.Condition,Contingency,0.9566524624824524,Contingency,False,"Paul claims to be the Tanner, which would make him a dangerous target as the Tanner wins if eliminated."
13728,Gemma 4 31B,greedy_t0,Greedy,2228,3,if,If,accepted,Contingency.Condition,Contingency,0.9567540287971495,Contingency,False,"If Mike robbed Mitchell and Paul switched them, Mitchell remains the Tanner, leaving Justin as the only plausible Werewolf."
7950,Gemma 4 4B,greedy_t0,Greedy,1422,3,if,if,accepted,Contingency.Condition,Contingency,0.957323431968689,Contingency,False,"Since Team Village wins if at least one Werewolf is eliminated, Justin is the primary target."
4505,Gemma 4 4B,run_1,Stochastic,861,2,if,if,accepted,Contingency.Condition,Contingency,0.9585320949554444,Contingency,False,"Since Team Village wins if at least one Werewolf is eliminated, Caitlynn is the clear target."
5556,Gemma 4 4B,run_2,Stochastic,1032,3,if,if,accepted,Contingency.Condition,Contingency,0.9585773348808287,Contingency,False,"Since Team Village wins if at least one Werewolf dies, voting out Justin is the most direct path to victory."
5793,Gemma 4 4B,run_2,Stochastic,1070,2,if,if,accepted,Contingency.Condition,Contingency,0.9595385193824768,Contingency,False,"Since Team Village wins if at least one Werewolf is eliminated, and James and Mike are confirmed Werewolves, one of them must be targeted."
10409,Gemma 4 31B,run_2,Stochastic,1776,2,if,if,accepted,Contingency.Condition,Contingency,0.9598196744918824,Contingency,False,"Justin's claim that he saw a Werewolf and a Drunk in the center is a common bluff used by Werewolves to convince the Village that no Werewolf is present among the players, which would lead to a Werewolf victory if the Village votes 'No Werewolf'."
3034,Gemma 4 2B,greedy_t0,Greedy,594,3,if,if,accepted,Contingency.Condition,Contingency,0.9600319266319276,Contingency,False,"Since Team Village wins if they eliminate a Werewolf, and if no Werewolf is present, they win if no one dies, I conclude that no Werewolf is present."
13338,Gemma 4 31B,greedy_t0,Greedy,2175,4,if,if,accepted,Contingency.Condition,Contingency,0.9611502289772034,Contingency,False,"While Mike's claim as Seer suggests a Werewolf might be in the center, this is possible if there are two Werewolves in the game or if Mike is bluffing."
6412,Gemma 4 4B,run_3,Stochastic,1171,3,if,if,accepted,Contingency.Condition,Contingency,0.9616348147392272,Contingency,False,"Since Team Village wins if they eliminate a Werewolf, targeting Kaelan is the most direct path to victory."
2325,Gemma 4 2B,run_3,Stochastic,454,3,if,if,accepted,Contingency.Condition,Contingency,0.961815357208252,Contingency,False,"Given the lack of actionable information, the safest and most logical choice is to assume that all Werewolf cards remain in the center, which satisfies the Team Village winning condition if no one dies."
7487,Gemma 4 4B,greedy_t0,Greedy,1343,2,if,if,accepted,Contingency.Condition,Contingency,0.9618914127349854,Contingency,False,"She is characterized by extreme silence and evasion, which leads the group to speculate that she might be the Tanner, a role that prevents Team Village from winning if she dies."
7820,Gemma 4 4B,greedy_t0,Greedy,1402,3,if,If,accepted,Contingency.Condition,Contingency,0.964491069316864,Contingency,False,"If Dan is telling the truth, he is a valuable ally; if he is lying, he is a Werewolf."
8778,Gemma 4 31B,run_1,Stochastic,1553,4,if,if,accepted,Contingency.Condition,Contingency,0.9649448394775392,Contingency,False,"In this scenario, Team Village wins if no one is voted out."
12601,Gemma 4 31B,run_3,Stochastic,2072,4,if,if,accepted,Contingency.Condition,Contingency,0.9649448394775392,Contingency,False,"In this scenario, Team Village wins if no one is voted out."
13791,Gemma 4 31B,greedy_t0,Greedy,2236,4,if,if,accepted,Contingency.Condition,Contingency,0.9649448394775392,Contingency,False,"In this scenario, Team Village wins if no one is voted out."
2268,Gemma 4 2B,run_3,Stochastic,441,3,if,if,accepted,Contingency.Condition,Contingency,0.9652737379074096,Contingency,False,"Since I cannot confirm the presence of a Werewolf, I must adhere to the rule that allows me to indicate 'No Werewolf' if I am confident none are present."
11916,Gemma 4 31B,run_3,Stochastic,1983,3,if,if,accepted,Contingency.Condition,Contingency,0.96560138463974,Contingency,False,"James repeatedly claims to be the Robber, which is impossible if Justin is the Robber, and he later pivots to push the vote toward Mitchell."
7050,Gemma 4 4B,run_3,Stochastic,1274,3,if,if,accepted,Contingency.Condition,Contingency,0.9658409953117372,Contingency,False,"While Justin claims to be the Seer and that there are no Werewolves among the players, eliminating Justin fulfills the primary win condition for Team Village if he is indeed a Werewolf."
8677,Gemma 4 31B,run_1,Stochastic,1538,3,if,If,accepted,Contingency.Condition,Contingency,0.9663817286491394,Contingency,False,"If Jacob's information is accurate, at least one Werewolf is not in play; given the other players' claims and the lack of contradictions, it is highly probable that no player currently holds a Werewolf card."
13994,Gemma 4 31B,greedy_t0,Greedy,2263,3,if,If,accepted,Contingency.Condition,Contingency,0.9672824144363404,Contingency,False,"If Justin is the Tanner and the others are village-aligned, no Werewolf is present among the players."
2485,Gemma 4 2B,run_3,Stochastic,488,2,if,if,accepted,Contingency.Condition,Contingency,0.9677969813346864,Contingency,False,"Several players suggest that if Brett is either the Werewolf or a Mason, Team Village will lose."
3747,Gemma 4 2B,greedy_t0,Greedy,730,4,if,if,accepted,Contingency.Condition,Contingency,0.9679392576217652,Contingency,False,"Since there is no concrete evidence pointing to a specific player as the Werewolf, and the conflicting information makes it impossible to definitively identify one, the safest choice is to assume no Werewolf is present, aligning with the winning condition where Team Village wins if no Werewolf is present."
8352,Gemma 4 4B,greedy_t0,Greedy,1486,2,if,if,accepted,Contingency.Condition,Contingency,0.968676745891571,Contingency,False,"According to the rules, Team Village only wins if at least one Werewolf dies."
13620,Gemma 4 31B,greedy_t0,Greedy,2214,2,if,if,accepted,Contingency.Condition,Contingency,0.9710569977760316,Contingency,False,"According to the game rules, the Drunk swaps their card with one from the center without looking at it, meaning Dylan could not possibly know the contents of the center cards if he were the Drunk."
12731,Gemma 4 31B,run_3,Stochastic,2089,3,if,If,accepted,Contingency.Condition,Contingency,0.9713382124900818,Contingency,False,"If both James and Laura are telling the truth, the Werewolf card was moved from Laura to Paul, making Paul the current Werewolf."
3800,Gemma 4 2B,greedy_t0,Greedy,741,2,if,if,accepted,Contingency.Condition,Contingency,0.9733237028121948,Contingency,False,"Eric deduced that if Shane was truthful about swapping cards, Shane would become the Werewolf, and Shane himself later admitted to being the Werewolf and wanting to die."
10013,Gemma 4 31B,run_2,Stochastic,1719,3,if,if,accepted,Contingency.Condition,Contingency,0.973414182662964,Contingency,False,"Both Erin and Brent indicated they were the ones swapped; if the Robber (Brent) and the Werewolf (Erin) were swapped, Brent became the final Werewolf."
12158,Gemma 4 31B,run_3,Stochastic,2013,3,if,if,accepted,Contingency.Condition,Contingency,0.9736135005950928,Contingency,False,"Since the Robber's action occurs before the Troublemaker's, the Robber card could not have been in the center if Caitlynn was the Robber."
2472,Gemma 4 2B,run_3,Stochastic,483,3,if,If,accepted,Contingency.Condition,Contingency,0.9740995168685912,Contingency,False,"If Meghan is indeed the Werewolf, eliminating her ensures Team Village wins."
10685,Gemma 4 31B,run_2,Stochastic,1812,3,if,if,accepted,Contingency.Condition,Contingency,0.9772098660469056,Contingency,False,"Mitchell's claim as the Troublemaker is the only one not verified by others, and his eagerness to be voted out suggests he is either the Werewolf or the Tanner; voting him out is the most likely path to a Village victory if a Werewolf is present."
10173,Gemma 4 31B,run_2,Stochastic,1741,3,if,if,accepted,Contingency.Condition,Contingency,0.9774255156517028,Contingency,False,"In a game where no player is a Werewolf, Team Village wins if no one is voted out."
6037,Gemma 4 4B,run_2,Stochastic,1109,3,if,if,accepted,Contingency.Condition,Contingency,0.9775663018226624,Contingency,False,"Given the objective of Team Village is to eliminate a Werewolf if one is present, Alana is the most strongly identified suspect in the public discussion."
11221,Gemma 4 31B,run_2,Stochastic,1886,3,if,if,accepted,Contingency.Condition,Contingency,0.9781956672668456,Contingency,False,"However, he later insists, 'I'm still robber,' which is impossible if he had successfully stolen another player's card."
3059,Gemma 4 2B,greedy_t0,Greedy,598,3,if,if,accepted,Contingency.Condition,Contingency,0.9787590503692628,Contingency,False,"Following the rule that if no Werewolf is believed to be present, Team Village wins if no one dies, I conclude that no Werewolf is currently active."
9535,Gemma 4 31B,run_1,Stochastic,1656,3,if,if,accepted,Contingency.Condition,Contingency,0.9789021611213684,Contingency,False,"If no player is a werewolf, Team Village wins if no one is voted out."
9923,Gemma 4 31B,run_1,Stochastic,1707,3,if,If,accepted,Contingency.Condition,Contingency,0.9789345860481262,Contingency,False,"If both James and Laura are telling the truth, the Werewolf card was moved from Laura to Paul, making Paul the current Werewolf."
6458,Gemma 4 4B,run_3,Stochastic,1180,2,if,if,accepted,Contingency.Condition,Contingency,0.9791476726531982,Contingency,False,"Jessica, who claims to be the Minion, asserts that the Werewolves are in the middle, which aligns with the win condition for Team Village if no Werewolves are among the players."
978,Gemma 4 2B,run_1,Stochastic,184,3,if,if,accepted,Contingency.Condition,Contingency,0.9805819392204284,Contingency,False,"Since Team Village wins if no Werewolves are present and no one dies, voting for a player based on weak speculation risks losing the game if the Werewolf is innocent."
4611,Gemma 4 4B,run_1,Stochastic,879,2,if,if,accepted,Contingency.Condition,Contingency,0.9812790155410768,Contingency,False,Team Village wins if at least one Werewolf is eliminated.
3164,Gemma 4 2B,greedy_t0,Greedy,619,2,if,if,accepted,Contingency.Condition,Contingency,0.9818506836891174,Contingency,False,"Tyler explicitly states that Justin is the werewolf, and this claim is reinforced by Tyler suggesting that if a switch occurred, Justin would be the only werewolf remaining."
6252,Gemma 4 4B,run_2,Stochastic,1143,4,if,if,accepted,Contingency.Condition,Contingency,0.9820006489753724,Contingency,False,Eliminating him is the best chance to secure a victory if a Werewolf is present.
3106,Gemma 4 2B,greedy_t0,Greedy,607,2,if,if,accepted,Contingency.Condition,Contingency,0.982249915599823,Contingency,False,"According to the game rules, if there is no clear Werewolf and all Werewolf cards are in the center, Team Village wins."
8541,Gemma 4 4B,greedy_t0,Greedy,1517,2,if,if,accepted,Contingency.Condition,Contingency,0.9825558662414552,Contingency,False,Team Village wins if they eliminate a Werewolf.
9167,Gemma 4 31B,run_1,Stochastic,1607,3,if,if,accepted,Contingency.Condition,Contingency,0.982635498046875,Contingency,False,"This leaves Caitlynn as the most likely candidate for the Drunk role; if two werewolf cards were in the center, the Drunk has a 66% chance of swapping into a werewolf."
9534,Gemma 4 31B,run_1,Stochastic,1656,3,if,If,accepted,Contingency.Condition,Contingency,0.9827080368995668,Contingency,False,"If no player is a werewolf, Team Village wins if no one is voted out."
12116,Gemma 4 31B,run_3,Stochastic,2007,4,if,If,accepted,Contingency.Condition,Contingency,0.9828745126724244,Contingency,False,"If Caitlynn is the Tanner, Justin is the most probable Werewolf, and voting him out would secure a win for Team Village."
13282,Gemma 4 31B,greedy_t0,Greedy,2168,3,if,if,accepted,Contingency.Condition,Contingency,0.9832141399383544,Contingency,False,"If these claims are true, no player currently holds a werewolf card, and Team Village wins if no one is voted out."
3060,Gemma 4 2B,greedy_t0,Greedy,598,3,if,if,accepted,Contingency.Condition,Contingency,0.983258843421936,Contingency,False,"Following the rule that if no Werewolf is believed to be present, Team Village wins if no one dies, I conclude that no Werewolf is currently active."
1228,Gemma 4 2B,run_2,Stochastic,233,3,if,if,accepted,Contingency.Condition,Contingency,0.9837456941604614,Contingency,False,"To ensure Team Village wins, we must assume the worst-case scenario where no Werewolf is present, aligning with the winning condition that Team Village wins if no player is a Werewolf and no one dies."
9283,Gemma 4 31B,run_1,Stochastic,1621,3,if,If,accepted,Contingency.Condition,Contingency,0.9839825630187988,Contingency,False,"If a Werewolf is present, Mitchell is the most likely candidate as the other three players' roles are consistent with one another."
13069,Gemma 4 31B,greedy_t0,Greedy,2135,3,if,If,accepted,Contingency.Condition,Contingency,0.9840174317359924,Contingency,False,"If the Werewolf were actually in the center, the Minion would want the village to vote someone out to prevent the 'no one dies' win condition for Team Village."
1248,Gemma 4 2B,run_2,Stochastic,237,1,if,if,accepted,Contingency.Condition,Contingency,0.9841942191123962,Contingency,False,"Tyler claimed his card was Werewolf, and later suggested that Justin might be the only Werewolf remaining if a swap occurred."
10531,Gemma 4 31B,run_2,Stochastic,1791,4,if,if,accepted,Contingency.Condition,Contingency,0.9849224090576172,Contingency,False,"If these claims are true, no player is a werewolf, and Team Village wins if no one is eliminated."
13320,Gemma 4 31B,greedy_t0,Greedy,2173,3,if,if,accepted,Contingency.Condition,Contingency,0.9849224090576172,Contingency,False,"If these claims are true, no player is a werewolf, and Team Village wins if no one is eliminated."
5073,Gemma 4 4B,run_1,Stochastic,951,4,if,if,accepted,Contingency.Condition,Contingency,0.984980285167694,Contingency,False,Voting him out aligns with Team Village's goal of eliminating a Werewolf if one is present.
9454,Gemma 4 31B,run_1,Stochastic,1645,2,if,if,accepted,Contingency.Condition,Contingency,0.9851828217506408,Contingency,False,"If this claim is true, no player is a Werewolf, and Team Village wins if no one is voted out."
13491,Gemma 4 31B,greedy_t0,Greedy,2197,4,if,If,accepted,Contingency.Condition,Contingency,0.9853911399841307,Contingency,False,"If Justin is the Tanner and no Werewolf is present, the Village wins by not voting anyone out."
11473,Gemma 4 31B,run_3,Stochastic,1920,3,if,If,accepted,Contingency.Condition,Contingency,0.9856837391853333,Contingency,False,"If Jacob's information is accurate, the Werewolf is in the center and not held by any player."
1067,Gemma 4 2B,run_2,Stochastic,202,2,if,if,accepted,Contingency.Condition,Contingency,0.9859484434127808,Contingency,False,"Since there is no concrete evidence pointing to a Werewolf, and the game rules state that Team Village wins if no player is a Werewolf and no one dies, I cannot confidently vote out anyone."
10204,Gemma 4 31B,run_2,Stochastic,1744,4,if,if,accepted,Contingency.Condition,Contingency,0.986003577709198,Contingency,False,"If Jessica is the Minion and saw no Werewolves, then all Werewolf cards must be in the center, meaning Team Village wins if no one is voted out."
8219,Gemma 4 4B,greedy_t0,Greedy,1463,4,if,if,accepted,Contingency.Condition,Contingency,0.9862745404243468,Contingency,False,"Since Team Village wins if no player is a Werewolf and no one dies, this scenario provides the clearest path to victory for Team Village."
3301,Gemma 4 2B,greedy_t0,Greedy,645,3,if,if,accepted,Contingency.Condition,Contingency,0.9864470958709716,Contingency,False,"Since Team Village wins if no Werewolves are present, and I cannot confirm the presence of a Werewolf, I must assume the safest outcome."
7,Gemma 4 2B,run_1,Stochastic,1,3,if,if,accepted,Contingency.Condition,Contingency,0.9865972399711608,Contingency,False,"Since I cannot confirm the presence of a Werewolf, and the game rules state that Team Village wins if no Werewolf is present and no one dies, the safest choice is to assume no Werewolf is currently active."
9023,Gemma 4 31B,run_1,Stochastic,1587,2,if,if,accepted,Contingency.Condition,Contingency,0.9868443012237548,Contingency,False,"Furthermore, Mike supports a 'vote left' strategy, which would result in a five-way tie where no one is eliminated, a scenario that guarantees a win for Team Werewolf if a Werewolf is present."
10397,Gemma 4 31B,run_2,Stochastic,1773,4,if,If,accepted,Contingency.Condition,Contingency,0.9870948195457458,Contingency,False,"If a Werewolf is present, Mitchell is the most likely candidate as he is the only unverified player, and Justin's attempt to suggest there are no Werewolves may be a tactic to protect him."
11023,Gemma 4 31B,run_2,Stochastic,1858,4,if,if,accepted,Contingency.Condition,Contingency,0.987126648426056,Contingency,False,"DeAndre claimed to be the Drunk, and since the Drunk swaps their card with one from the center, he is the only player who could have ended the night as a Werewolf if a Werewolf card was in the center."
12263,Gemma 4 31B,run_3,Stochastic,2027,2,if,if,accepted,Contingency.Condition,Contingency,0.987270712852478,Contingency,False,"If this claim is true, no player is a werewolf, and Team Village wins if no one is voted out."
13668,Gemma 4 31B,greedy_t0,Greedy,2221,3,if,if,accepted,Contingency.Condition,Contingency,0.987496256828308,Contingency,False,"According to the game rules, Team Village wins if no player is a Werewolf and no one is voted out."
1859,Gemma 4 2B,run_2,Stochastic,358,3,if,if,accepted,Contingency.Condition,Contingency,0.9878287315368652,Contingency,False,"Since Team Village wins if no Werewolves are present and no one dies, and there is no concrete accusation or identification, I must conclude that no Werewolf is currently confirmed."
3041,Gemma 4 2B,greedy_t0,Greedy,595,3,if,if,accepted,Contingency.Condition,Contingency,0.9879698753356934,Contingency,False,"Since there is no definitive identification of a Werewolf, and the game rules state that Team Village wins if no player is a Werewolf and no one dies, I cannot confidently accuse anyone."
2950,Gemma 4 2B,greedy_t0,Greedy,578,3,if,if,accepted,Contingency.Condition,Contingency,0.9879927635192872,Contingency,False,"Given the uncertainty and the game rules, the safest strategy is to assume that all Werewolf cards may be in the center, which results in a Team Village victory if no Werewolf is present."
2309,Gemma 4 2B,run_3,Stochastic,451,3,if,if,accepted,Contingency.Condition,Contingency,0.9880691170692444,Contingency,False,"Since Team Village wins by eliminating a Werewolf, voting for Mitchell is the necessary action to secure a victory if he is indeed the Werewolf."
3599,Gemma 4 2B,greedy_t0,Greedy,701,4,if,if,accepted,Contingency.Condition,Contingency,0.9883289337158204,Contingency,False,"According to the winning conditions, Team Village wins if no Werewolves are present."
1125,Gemma 4 2B,run_2,Stochastic,213,3,if,if,accepted,Contingency.Condition,Contingency,0.988371193408966,Contingency,False,"Since Team Village wins if no Werewolves are present, and I cannot confidently identify any player holding the Werewolf card, the safest choice is to assume no Werewolf is present."
608,Gemma 4 2B,run_1,Stochastic,116,3,if,if,accepted,Contingency.Condition,Contingency,0.9886531233787536,Contingency,False,"Given the lack of definitive proof, it is safer to assume that no Werewolf is present, aligning with the winning condition that Team Village wins if no Werewolves are present."
12794,Gemma 4 31B,run_3,Stochastic,2098,3,if,if,accepted,Contingency.Condition,Contingency,0.9886952042579652,Contingency,False,"Since Team Village wins if no player is a Werewolf and no one dies, and the evidence suggests no Werewolf is present among the players, 'No Werewolf' is the optimal choice."
9142,Gemma 4 31B,run_1,Stochastic,1603,2,if,if,accepted,Contingency.Condition,Contingency,0.9887104630470276,Contingency,False,"Since the Seer can only look at one player's card or two center cards, Mike cannot possibly have this information if he is the Seer."
12800,Gemma 4 31B,run_3,Stochastic,2099,2,if,if,accepted,Contingency.Condition,Contingency,0.9889019727706908,Contingency,False,"Eric, who claimed to be the Troublemaker, contradicted this by stating he switched Justin and Mitchell, meaning Paul would still be the Werewolf if his initial claim were true."
12998,Gemma 4 31B,greedy_t0,Greedy,2126,5,if,if,accepted,Contingency.Condition,Contingency,0.9889563918113708,Contingency,False,"Since Team Village wins if no player is a Werewolf and no one is voted out, the correct choice is 'No Werewolf'."
1141,Gemma 4 2B,run_2,Stochastic,215,3,if,if,accepted,Contingency.Condition,Contingency,0.9891042709350586,Contingency,False,"Since Team Village wins if no Werewolf is present and no one dies, and the possibility that all Werewolf cards are in the center exists, the safest strategic choice is to assume no Werewolf is present."
4669,Gemma 4 4B,run_1,Stochastic,887,3,if,if,accepted,Contingency.Condition,Contingency,0.989431619644165,Contingency,False,"Justin also supports this line of reasoning, stating that he is good to vote for Mitchell if Mike is (102)."
3187,Gemma 4 2B,greedy_t0,Greedy,623,3,if,if,accepted,Contingency.Condition,Contingency,0.9894700050354004,Contingency,False,"Since Team Village wins if no Werewolf is present and no one dies, and the evidence is inconclusive, I must assume no Werewolf is currently active."
163,Gemma 4 2B,run_1,Stochastic,32,2,if,if,accepted,Contingency.Condition,Contingency,0.9897043108940125,Contingency,False,"Since Team Village wins if no Werewolf is present and no one dies, and I have no information suggesting a Werewolf is active, the safest choice is to assume no Werewolf is present."
4633,Gemma 4 4B,run_1,Stochastic,882,2,if,if,accepted,Contingency.Condition,Contingency,0.9897469282150269,Contingency,False,"According to the game rules, Team Village wins if no player is a Werewolf and no one dies."
8851,Gemma 4 31B,run_1,Stochastic,1562,4,if,if,accepted,Contingency.Condition,Contingency,0.9899030923843384,Contingency,False,"According to the rules, Team Village wins if no player is a Werewolf and no one is voted out."
10578,Gemma 4 31B,run_2,Stochastic,1798,4,if,if,accepted,Contingency.Condition,Contingency,0.9899030923843384,Contingency,False,"According to the rules, Team Village wins if no player is a Werewolf and no one is voted out."
13163,Gemma 4 31B,greedy_t0,Greedy,2148,4,if,if,accepted,Contingency.Condition,Contingency,0.9899030923843384,Contingency,False,"According to the rules, Team Village wins if no player is a Werewolf and no one is voted out."
13996,Gemma 4 31B,greedy_t0,Greedy,2263,4,if,if,accepted,Contingency.Condition,Contingency,0.9899030923843384,Contingency,False,"According to the rules, Team Village wins if no player is a Werewolf and no one is voted out."
3731,Gemma 4 2B,greedy_t0,Greedy,727,3,if,if,accepted,Contingency.Condition,Contingency,0.9901414513587952,Contingency,False,"Since I cannot confidently identify a Werewolf, I must assume that all Werewolf cards are currently in the center, which allows Team Village to win if no one dies."
2686,Gemma 4 2B,run_3,Stochastic,526,3,if,if,accepted,Contingency.Condition,Contingency,0.9901556968688964,Contingency,False,"Since Team Village wins if no Werewolves are present and no one dies, and I cannot confidently identify a Werewolf, the safest strategy is to assume no Werewolf is active."
13596,Gemma 4 31B,greedy_t0,Greedy,2211,4,if,If,accepted,Contingency.Condition,Contingency,0.9903591275215148,Contingency,False,"If Justin is the Werewolf and Mitchell/Mike are his teammates, voting Justin will result in a Village win."
120,Gemma 4 2B,run_1,Stochastic,24,3,if,if,accepted,Contingency.Condition,Contingency,0.99062180519104,Contingency,False,"Since Team Village wins if no player is a Werewolf and all Werewolf cards are in the center, this is the safest strategic choice to guarantee a victory."
4058,Gemma 4 4B,run_1,Stochastic,788,4,if,if,accepted,Contingency.Condition,Contingency,0.9908343553543092,Contingency,False,"Given the strong possibility that the Werewolf is in the center, and Team Village wins if no Werewolf is present and no one dies, the safest and most logical choice is to assume the Werewolf is not among the players."
3420,Gemma 4 2B,greedy_t0,Greedy,667,4,if,If,accepted,Contingency.Condition,Contingency,0.9910901784896852,Contingency,False,"If a Werewolf is present, targeting the Tanner increases the chances of Team Village winning by eliminating a non-Village player."
1105,Gemma 4 2B,run_2,Stochastic,210,3,if,if,accepted,Contingency.Condition,Contingency,0.9912250638008118,Contingency,False,"Since Team Village wins if no Werewolves are present and no one dies, and I cannot confirm a Werewolf is present, I will assume no Werewolf is active."
3021,Gemma 4 2B,greedy_t0,Greedy,592,2,if,if,accepted,Contingency.Condition,Contingency,0.9912772178649902,Contingency,False,"Since no player has been definitively identified as a Werewolf, and the game rules state that Team Village wins if no Werewolves are present and no one dies, the safest strategic move is to assume that all Werewolf cards are in the center."
3085,Gemma 4 2B,greedy_t0,Greedy,603,3,if,if,accepted,Contingency.Condition,Contingency,0.9916375279426576,Contingency,False,"Since Team Village wins if no Werewolf is present, and I cannot confirm the presence of a Werewolf, the safest strategy is to assume no Werewolf is present."
3848,Gemma 4 2B,greedy_t0,Greedy,750,3,if,if,accepted,Contingency.Condition,Contingency,0.991686761379242,Contingency,False,"Since I cannot confirm the presence of a Werewolf, I must default to the condition that Team Village wins if no Werewolf is present."
5818,Gemma 4 4B,run_2,Stochastic,1074,4,if,if,accepted,Contingency.Condition,Contingency,0.9917329549789428,Contingency,False,Voting out James aligns with the goal of eliminating a Werewolf if one is present.
881,Gemma 4 2B,run_1,Stochastic,166,3,if,if,accepted,Contingency.Condition,Contingency,0.9918004870414734,Contingency,False,"Since Team Village wins if no Werewolves are present, and I cannot confirm any Werewolf is active, I must assume no Werewolf is present."
1133,Gemma 4 2B,run_2,Stochastic,214,3,if,if,accepted,Contingency.Condition,Contingency,0.9918422698974608,Contingency,False,"Since there is no concrete evidence pointing to any player holding the Werewolf card, and the game rules state that Team Village wins if no Werewolves are present and no one dies, I conclude that no Werewolf is currently active among the players."
50,Gemma 4 2B,run_1,Stochastic,9,3,if,if,accepted,Contingency.Condition,Contingency,0.9918799996376038,Contingency,False,"Since Team Village wins if no Werewolf is present and no one dies, and I cannot definitively identify a Werewolf, the safest strategy is to assume no Werewolf is currently active."
742,Gemma 4 2B,run_1,Stochastic,140,3,if,if,accepted,Contingency.Condition,Contingency,0.9919346570968628,Contingency,False,"Since Team Village wins if no Werewolf is present and no one dies, and I cannot confirm a Werewolf is active, the safest assumption is that no Werewolf is currently present."
1646,Gemma 4 2B,run_2,Stochastic,319,3,if,if,accepted,Contingency.Condition,Contingency,0.9921140670776368,Contingency,False,"According to the rules, Team Village wins if no player is a Werewolf and no one dies."
3339,Gemma 4 2B,greedy_t0,Greedy,652,3,if,if,accepted,Contingency.Condition,Contingency,0.9921667575836182,Contingency,False,"Since Team Village wins if no Werewolf is present and no one dies, and given the uncertainty, the safest strategy is to assume no Werewolf is present, which guarantees a Team Village victory."
3077,Gemma 4 2B,greedy_t0,Greedy,602,3,if,if,accepted,Contingency.Condition,Contingency,0.9924368262290956,Contingency,False,"Since Team Village wins if no Werewolf is present and no one dies, and I cannot confirm the presence of a Werewolf, the safest strategy is to assume no Werewolf is currently active."
65,Gemma 4 2B,run_1,Stochastic,12,3,if,if,accepted,Contingency.Condition,Contingency,0.992497742176056,Contingency,False,"Since Team Village wins if no Werewolves are present (i.e., all Werewolf cards are in the center), and I lack concrete evidence of a Werewolf being active, the safest strategy is to assume no Werewolf is present."
8347,Gemma 4 4B,greedy_t0,Greedy,1485,3,if,if,accepted,Contingency.Condition,Contingency,0.992521345615387,Contingency,False,"Team Village wins if a Werewolf is eliminated, and targeting the player who confessed to the role is the most logical move to secure victory."
975,Gemma 4 2B,run_1,Stochastic,184,3,if,if,accepted,Contingency.Condition,Contingency,0.9928143620491028,Contingency,False,"Since Team Village wins if no Werewolves are present and no one dies, voting for a player based on weak speculation risks losing the game if the Werewolf is innocent."
586,Gemma 4 2B,run_1,Stochastic,112,3,if,if,accepted,Contingency.Condition,Contingency,0.993054211139679,Contingency,False,"Since Team Village wins if no Werewolves are present, and there is no concrete evidence pointing to a Werewolf, the safest strategic move is to assume no Werewolf is present."
14030,Gemma 4 31B,greedy_t0,Greedy,2268,3,if,if,accepted,Contingency.Condition,Contingency,0.9930784106254578,Contingency,False,"Since Team Village wins if no player is a Werewolf and no one dies, this consensus suggests the Werewolf cards are in the center."
5625,Gemma 4 4B,run_2,Stochastic,1043,2,if,if,accepted,Contingency.Condition,Contingency,0.9932416677474976,Contingency,False,"Justin, who claims to be the Seer, stated that he looked in the center and saw 'two normal cards' [31], which suggests that if there are Werewolves, they are held by one of the players, not in the role pool."
2110,Gemma 4 2B,run_3,Stochastic,412,3,if,if,accepted,Contingency.Condition,Contingency,0.9935076236724854,Contingency,False,"Since Team Village wins if no Werewolves are present, and I cannot confirm the presence of a Werewolf, I must conclude that no Werewolf is currently identified."
2709,Gemma 4 2B,run_3,Stochastic,530,3,if,if,accepted,Contingency.Condition,Contingency,0.9935747981071472,Contingency,False,"Since Team Village wins if no Werewolf is present and no one dies, the safest strategic move is to assume no Werewolf is active."
110,Gemma 4 2B,run_1,Stochastic,22,3,if,if,accepted,Contingency.Condition,Contingency,0.9936205744743348,Contingency,False,"Since Team Village wins if no Werewolf is present and no one dies, and given the ambiguity, the safest strategy is to assume no Werewolf is currently active."
8736,Gemma 4 31B,run_1,Stochastic,1547,3,if,if,accepted,Contingency.Condition,Contingency,0.993715226650238,Contingency,False,"Since Team Village wins if no Werewolf is present and no one is voted out, and the players explicitly agreed that they believe no Werewolf is in play, 'No Werewolf' is the most likely correct conclusion."
2361,Gemma 4 2B,run_3,Stochastic,461,3,if,if,accepted,Contingency.Condition,Contingency,0.9938125610351562,Contingency,False,"Since Team Village wins if no Werewolves are present and no one dies, eliminating a suspected player like Caitlynn is the safest route to securing the victory."
2079,Gemma 4 2B,run_3,Stochastic,404,3,if,if,accepted,Contingency.Condition,Contingency,0.9938305020332336,Contingency,False,"Since Team Village wins if no Werewolves are present and no one dies, and there is no concrete evidence to accuse any player, the safest choice is to assume no Werewolf is currently active."
1118,Gemma 4 2B,run_2,Stochastic,212,3,if,if,accepted,Contingency.Condition,Contingency,0.9939910769462584,Contingency,False,"Since Team Village wins if no Werewolf is present, and I cannot identify a Werewolf, I must conclude that the Werewolf cards are likely in the center pool."
96,Gemma 4 2B,run_1,Stochastic,19,3,if,if,accepted,Contingency.Condition,Contingency,0.9941133856773376,Contingency,False,"Since I cannot confirm the presence of a Werewolf, and Team Village wins if no Werewolves are present and no one dies, I must assume the 'no Werewolf' condition is possible."
2966,Gemma 4 2B,greedy_t0,Greedy,581,3,if,if,accepted,Contingency.Condition,Contingency,0.9943711161613464,Contingency,False,"Since Team Village wins if no Werewolves are present and no one dies, and given the high level of ambiguity, the safest strategic move is to assume no Werewolf is present."
2138,Gemma 4 2B,run_3,Stochastic,417,3,if,if,accepted,Contingency.Condition,Contingency,0.9944755434989928,Contingency,False,"Since Team Village wins if no Werewolves are present, and there is no concrete identification of a Werewolf, the safest choice is to assume no Werewolf is present."
9993,Gemma 4 31B,run_1,Stochastic,1716,5,if,if,accepted,Contingency.Condition,Contingency,0.9948307871818542,Contingency,False,"Since Team Village wins if no Werewolf is present and no one is eliminated, this consensus suggests that 'No Werewolf' is the most plausible conclusion."
375,Gemma 4 2B,run_1,Stochastic,72,3,if,if,accepted,Contingency.Condition,Contingency,0.9948803186416626,Contingency,False,"Since Team Village wins if no Werewolf is present and no one dies, and given the high level of uncertainty, the safest choice is to assume no Werewolf is currently active."
1975,Gemma 4 2B,run_3,Stochastic,383,3,if,if,accepted,Contingency.Condition,Contingency,0.9950950145721436,Contingency,False,"Since Team Village wins if no Werewolves are present and no one dies, concluding that no Werewolf is present is the safest path to victory."
1684,Gemma 4 2B,run_2,Stochastic,325,3,if,if,accepted,Contingency.Condition,Contingency,0.9951700568199158,Contingency,False,"Since I cannot confirm the presence of a Werewolf, and the winning condition allows Team Village to win if no Werewolf is present, I must assume no Werewolf is currently active."
3144,Gemma 4 2B,greedy_t0,Greedy,615,2,if,if,accepted,Contingency.Condition,Contingency,0.9952027797698976,Contingency,False,"Justin explicitly states that if a Werewolf exists, they will win, suggesting a collective belief that elimination is necessary."
4224,Gemma 4 4B,run_1,Stochastic,816,2,if,if,accepted,Contingency.Condition,Contingency,0.9953153133392334,Contingency,False,"While James claims to be the Seer and reports a Werewolf in the role pool, eliminating a player is the only way Team Village can win if a Werewolf is among the players."
3911,Gemma 4 2B,greedy_t0,Greedy,763,3,if,if,accepted,Contingency.Condition,Contingency,0.9953420162200928,Contingency,False,"Since Team Village wins if no Werewolf is present, and given the uncertainty, the safest choice is to assume no Werewolf is confirmed."
1172,Gemma 4 2B,run_2,Stochastic,221,3,if,if,accepted,Contingency.Condition,Contingency,0.995431900024414,Contingency,False,"Since Team Village wins if no Werewolf is present, and no Werewolf has been identified, the safest strategy is to assume no Werewolf is currently active."
7945,Gemma 4 4B,greedy_t0,Greedy,1421,3,if,if,accepted,Contingency.Condition,Contingency,0.9956745505332948,Contingency,False,"Since Team Village wins if no Werewolf is present among the players, and we cannot confirm the existence of a Werewolf, the appropriate conclusion is that no Werewolf is present."
1632,Gemma 4 2B,run_2,Stochastic,317,3,if,if,accepted,Contingency.Condition,Contingency,0.9957991242408752,Contingency,False,"Since Team Village wins if no Werewolf is present and no one dies, and given the heavy emphasis on misdirection, it is safer to assume the Werewolf is hidden in the center role pool."
2063,Gemma 4 2B,run_3,Stochastic,401,2,if,if,accepted,Contingency.Condition,Contingency,0.9958665370941162,Contingency,False,"Since there is no concrete evidence pointing to a Werewolf, and the rules state that Team Village wins if no Werewolves are present and no one dies, the safest and most logical choice is to assume no Werewolf is currently active."
3797,Gemma 4 2B,greedy_t0,Greedy,740,3,if,if,accepted,Contingency.Condition,Contingency,0.9965059757232666,Contingency,False,"Since Team Village wins if no Werewolf is present and no one dies, and given the high level of ambiguity, it is safest to assume no Werewolf is currently active."
6844,Gemma 4 4B,run_3,Stochastic,1240,4,if,if,accepted,Contingency.Condition,Contingency,0.9965908527374268,Contingency,False,"Since the identity of the Werewolves remains unknown, and Team Village wins if no Werewolves are present among the players, the most confident conclusion is that the Werewolves are in the role pool."
3226,Gemma 4 2B,greedy_t0,Greedy,632,3,if,if,accepted,Contingency.Condition,Contingency,0.9966577291488647,Contingency,False,"Since Team Village wins if no Werewolves are present and no one dies, and given the lack of clear Werewolf activity, it is safest to assume no Werewolf is currently active."
9212,Gemma 4 31B,run_1,Stochastic,1612,3,if,if,accepted,Contingency.Condition,Contingency,0.9970531463623048,Contingency,False,"If Justin was the Troublemaker and swapped Paul and Mitchell, Mitchell could only end the night as the Insomniac if Paul had the Insomniac card before the swap."
222,Gemma 4 2B,run_1,Stochastic,43,3,if,if,accepted,Contingency.Condition,Contingency,0.9970880150794984,Contingency,False,"Given the lack of concrete evidence, the safest strategy is to assume no Werewolf is present, which allows Team Village to win if all Werewolf cards are in the center."
7660,Gemma 4 4B,greedy_t0,Greedy,1373,3,if,if,accepted,Contingency.Condition,Contingency,0.9972162246704102,Contingency,False,"Since the game ended in a tie vote, no player died, meaning Team Village can only win if no Werewolves are currently held by any player."
1030,Gemma 4 2B,run_2,Stochastic,196,3,if,if,accepted,Contingency.Condition,Contingency,0.9982837438583374,Contingency,False,"Since Team Village wins if no Werewolf is present, and given the lack of concrete identification, it is safer to assume that no Werewolf has been successfully identified and eliminated yet."
1797,Gemma 4 2B,run_2,Stochastic,348,4,if,if,accepted,Contingency.Condition,Contingency,0.9984371066093444,Contingency,False,"Since there is no conclusive evidence pointing to a Werewolf, and given the high level of distrust and confusion, it is safer to assume no Werewolf is present, which satisfies the condition for Team Village to win if all Werewolf cards are in the center."
1650,Gemma 4 2B,run_2,Stochastic,319,4,if,if,accepted,Contingency.Condition,Contingency,0.9986416697502136,Contingency,False,"Since there is no clear evidence of a Werewolf remaining, voting for anyone risks losing the game if a Werewolf is present, whereas declaring 'No Werewolf' guarantees a victory for Team Village."
13918,Gemma 4 31B,greedy_t0,Greedy,2254,3,if,if,rejected_nosense,NoSense,,0.3425926566123962,Comparison,False,"Even if Matt (the Robber) had swapped roles with him, Mitchell's chaotic claims are characteristic of either a Werewolf attempting a confusing bluff or a Tanner trying to attract votes; however, given the available information, he is the most likely candidate for elimination to secure a Village win."
1337,Gemma 4 2B,run_2,Stochastic,256,2,if,if,rejected_nosense,NoSense,,0.3940784335136413,Contingency,False,"While his statement could be true, if he is lying, he is a Werewolf, which would be a successful elimination for Team Village."
8684,Gemma 4 31B,run_1,Stochastic,1539,3,if,if,rejected_nosense,NoSense,,0.4502272009849548,Contingency,False,"Hunter claims to have performed the Troublemaker's action of swapping two other players, but if Jacob had already swapped cards with him, Hunter would have become the Robber and could not have acted as the Troublemaker."
13475,Gemma 4 31B,greedy_t0,Greedy,2195,3,if,if,rejected_nosense,NoSense,,0.4734842777252197,Contingency,False,"If Mitchell's swap is a lie, Julie remains the primary suspect; if it is true, she is still the most likely starting Werewolf, though the role would have shifted."
13368,Gemma 4 31B,greedy_t0,Greedy,2180,2,if,if,rejected_nosense,NoSense,,0.4929650127887726,Contingency,False,"Mitchell claims to be the Robber and stole from James, but if no one started as a werewolf, the Robber could not have stolen that role."
10024,Gemma 4 31B,run_2,Stochastic,1721,3,if,if,rejected_nosense,NoSense,,0.4942847192287445,Contingency,False,"Therefore, if their claims are true, Elliot is now the Werewolf."
11170,Gemma 4 31B,run_2,Stochastic,1879,3,if,if,rejected_nosense,NoSense,,0.513674795627594,Contingency,False,"Mike claims to be the Troublemaker and describes a swap between Justin and Paul; if these claims are true, Mitchell likely ended the night as a Werewolf by either robbing a Werewolf (Justin) or being the Doppelganger who copied a Werewolf card."
9719,Gemma 4 31B,run_1,Stochastic,1681,3,if,if,rejected_nosense,NoSense,,0.5175014138221741,Contingency,False,"Although Matt claims to have robbed Mitchell, if Mitchell is currently the Werewolf, he is the correct target for Team Village regardless of how he acquired the role."
12320,Gemma 4 31B,run_3,Stochastic,2036,2,if,If,rejected_nosense,NoSense,,0.5317729711532593,Contingency,False,"If this is true, Justin's claim to be the Robber is a lie."
8922,Gemma 4 31B,run_1,Stochastic,1571,2,if,if,rejected_nosense,NoSense,,0.5331801176071167,Contingency,False,"Paul claims to be the Robber and says he robbed Mitchell, but if James is telling the truth, Paul could not have been the Robber because he started as a Werewolf."
13666,Gemma 4 31B,greedy_t0,Greedy,2221,2,if,If,rejected_nosense,NoSense,,0.595831036567688,,False,"If this claim is true, then no player currently holds a Werewolf card."
12573,Gemma 4 31B,run_3,Stochastic,2069,3,if,If,rejected_nosense,NoSense,,0.5968860387802124,Contingency,False,"If these claims are true, Mitchell started as the Werewolf but was swapped with Mike, making Mike the current Werewolf."
5721,Gemma 4 4B,run_2,Stochastic,1057,2,if,if,rejected_nosense,NoSense,,0.6263869404792786,Contingency,False,"While the Tanner role is independent, if he is lying about his role, he is likely a Werewolf attempting to manipulate the group's focus."
9865,Gemma 4 31B,run_1,Stochastic,1700,2,if,if,rejected_nosense,NoSense,,0.6521955728530884,Contingency,False,"Eric admits he started as a Werewolf, which means if Mitchell's claim is true, Mike is now the Werewolf."
13370,Gemma 4 31B,greedy_t0,Greedy,2180,3,if,if,rejected_nosense,NoSense,,0.6693616509437561,Contingency,False,"The only way a werewolf could be present is if the Drunk swapped a card from the center, but there is no evidence for this."
10712,Gemma 4 31B,run_2,Stochastic,1815,4,if,If,rejected_nosense,NoSense,,0.6924260258674622,,False,"If their claims are true, particularly Julie's observation that Justin was the Drunk, then Justin cannot be the Werewolf, and it is likely that all Werewolf cards are in the center."
9082,Gemma 4 31B,run_1,Stochastic,1596,2,if,If,rejected_nosense,NoSense,,0.6955355405807495,Contingency,False,"If this were true, Mike would currently be the Tanner, and Mitchell would be a Villager; however, Mitchell then agrees to vote for Mike, which contradicts the goal of Team Village (who would not want to vote out the Tanner)."
13340,Gemma 4 31B,greedy_t0,Greedy,2175,4,if,if,rejected_nosense,NoSense,,0.7061327695846558,Contingency,False,"While Mike's claim as Seer suggests a Werewolf might be in the center, this is possible if there are two Werewolves in the game or if Mike is bluffing."
10499,Gemma 4 31B,run_2,Stochastic,1788,2,if,if,rejected_nosense,NoSense,,0.7179061770439148,Contingency,False,"Mitchell initially claims he started as a Werewolf, which, if true, means James is now the Werewolf due to the swap."
10489,Gemma 4 31B,run_2,Stochastic,1787,2,if,If,rejected_nosense,NoSense,,0.7207511067390442,Contingency,False,"If this were true, Mike would now be the Tanner and would want to be voted out, but Mike is actively defending himself."
5214,Gemma 4 4B,run_2,Stochastic,975,1,if,'If,rejected_nosense,NoSense,,0.7322587370872498,Contingency,False,"Hunter explicitly admitted in the transcript (at [62]) that he was the Werewolf, stating, 'If we are being completely honest, I was the werewolf.'"
12104,Gemma 4 31B,run_3,Stochastic,2006,3,if,If,rejected_nosense,NoSense,,0.7380405068397522,Contingency,False,"If this story is true, Justin started as the Drunk and is not a Werewolf, and since the other three are claiming Village roles and supporting each other, it is highly probable that no Werewolf is present among the players."
13959,Gemma 4 31B,greedy_t0,Greedy,2259,2,if,if,rejected_nosense,NoSense,,0.7380706071853638,Contingency,False,"Furthermore, he claims to have robbed Paul and asserts that Paul is a werewolf [102, 104], which, if true, would mean Justin himself is now the werewolf."
12373,Gemma 4 31B,run_3,Stochastic,2043,2,if,if,rejected_nosense,NoSense,,0.7580896019935608,Contingency,False,"Brett claims he was the starting Werewolf, which, if true, means Pete is now the final Werewolf after the swap."
1916,Gemma 4 2B,run_2,Stochastic,370,2,if,if,rejected_nosense,NoSense,,0.7873250842094421,Contingency,False,"Furthermore, James suggested a strategy to vote Paul out if Laura was indeed the Werewolf, and Mitchell agreed to that strategy."
10694,Gemma 4 31B,run_2,Stochastic,1813,4,if,if,rejected_nosense,NoSense,,0.8179202675819397,Contingency,False,"If she is the Werewolf, or if she was swapped with a Werewolf by the Troublemaker (Mitchell), voting her out will result in a win for Team Village."
6377,Gemma 4 4B,run_3,Stochastic,1166,2,if,'If,rejected_nosense,NoSense,,0.8478419780731201,Contingency,False,"Although the discussion is highly chaotic and involves claims of role swapping by Jacob (the alleged Troublemaker), Hunter later confirmed this accusation by stating, 'If we are being completely honest, I was the werewolf' (Line 62)."
823,Gemma 4 2B,run_1,Stochastic,157,3,if,'If,rejected_nosense,NoSense,,0.855431079864502,Contingency,False,"Given the lack of solid evidence pointing to a Werewolf, and the possibility that the Werewolf card is in the center, it is safer to assume no Werewolf is present to ensure Team Village wins based on the win condition: 'If no player is a Werewolf and no one dies.'"
8943,Gemma 4 31B,run_1,Stochastic,1573,3,if,if,rejected_nosense,NoSense,,0.8968749046325684,Contingency,False,"If Justin is the Robber who stole the Werewolf card from Mitchell, or if he is simply lying about his role to cover his identity as the Werewolf, he is the correct target for elimination."
9494,Gemma 4 31B,run_1,Stochastic,1650,3,if,if,rejected_nosense,NoSense,,0.9079276919364928,Contingency,False,"While Paul's comments are ambiguous, the collective agreement of the other three players (Justin, Mitchell, and Mike) and Paul's own admission ('What if me and Justin are both werewolves?')"
10390,Gemma 4 31B,run_2,Stochastic,1772,2,if,'If,rejected_nosense,NoSense,,0.9425864815711976,Contingency,False,"He was accused of 'slow rolling' information and used hesitant phrasing ('If you believe me'), which led Justin, James, and Alvin to lose trust in his claims."
4036,Gemma 4 4B,run_1,Stochastic,784,1,if,'If,rejected_nosense,NoSense,,0.9544531106948853,Contingency,False,"Hunter provides the most incriminating statement in the transcript when he suggests, 'If we are being completely honest, I was the werewolf' (62)."
8989,Gemma 4 31B,run_1,Stochastic,1581,1,if,'If,rejected_nosense,NoSense,,0.9627091884613036,Contingency,False,"Mitchell claimed to be the Seer but exhibited highly suspicious behavior, including 'slow-rolling' information and using hesitant phrasing ('If you believe me'), which caused the other players to lose trust in him."
8883,Gemma 4 31B,run_1,Stochastic,1566,3,if,if,rejected_nosense,NoSense,,0.9673413634300232,Contingency,False,"However, if Ashley is lying and is actually the Werewolf, or if Sukeshi is the Werewolf and was not swapped, Sukeshi remains the primary target."
11764,Gemma 4 31B,run_3,Stochastic,1963,2,if,'If,rejected_nosense,NoSense,,0.9866012930870056,Contingency,False,"However, his behavior is highly suspicious; he 'slow-rolls' his information and uses tentative phrasing ('If you believe me'), which are common indicators of a bluff."
9177,Gemma 4 31B,run_1,Stochastic,1608,3,if,if,rejected_nosense,NoSense,,0.9882529377937316,Contingency,False,"If James was the Drunk and swapped with the center, or if Justin (as the Robber) stole the Drunk role from James and then swapped with the center, Justin is the most likely player to currently hold the Werewolf card."
13199,Gemma 4 31B,greedy_t0,Greedy,2154,2,if,'if,rejected_nosense,NoSense,,0.9891067147254944,Contingency,False,"Mitchell's behavior is highly suspicious, characterized by 'slow rolling' information and using hesitant phrasing like 'if you believe me,' which leads the other players to distrust him."
11509,Gemma 4 31B,run_3,Stochastic,1926,2,if,if,rejected_nosense,NoSense,,0.9904010891914368,Contingency,False,"However, according to the rules, the Drunk swaps their card without looking at the new one, meaning Erin could not possibly know if she became the Werewolf."
11507,Gemma 4 31B,run_3,Stochastic,1926,1,if,if,rejected_nosense,NoSense,,0.9918845891952516,Contingency,False,Erin claims to be the Drunk and asks if swapping her card with the center makes her the Werewolf.
11848,Gemma 4 31B,run_3,Stochastic,1976,2,if,if,rejected_nosense,NoSense,,0.992033302783966,Contingency,False,Mike's explanation—that he said it 'to see if anyone else would say it'—is an illogical strategy for a village-aligned player and suggests a failed bluff.
10477,Gemma 4 31B,run_2,Stochastic,1785,1,if,if,rejected_nosense,NoSense,,0.9937375783920288,Contingency,False,"Mike's claims are inconsistent; he initially suggested he was the Insomniac and then pivoted to claiming he was a Villager, offering a weak excuse that he only said it to see if others would react."
2759,Gemma 4 2B,run_3,Stochastic,540,2,if,if,rejected_nosense,NoSense,,0.9956955909729004,Contingency,False,"However, Mitchell explicitly states 'Correct' when asked if he started as a Werewolf, strongly indicating he is currently playing that role."
1009,Gemma 4 2B,run_2,Stochastic,192,1,if,if,rejected_nosense,NoSense,,0.9977224469184875,Contingency,False,"The discussion revolves entirely around card swaps and identity confusion, with players debating whether they are lying or if the Werewolves are colluding."
3477,Gemma 4 2B,greedy_t0,Greedy,678,1,if,if,rejected_nosense,NoSense,,0.9979848861694336,Contingency,False,"Alysha directly accused Justin of being the Werewolf, stating that Justin was the werewolf and questioning if he had traded cards."
270,Gemma 4 2B,run_1,Stochastic,54,1,if,if,rejected_nosense,NoSense,,0.9980440139770508,Contingency,False,"The discussion remains highly inconclusive, with players debating whether Justin or Mitchell is the Werewolf, or if there are no Werewolves at all."
379,Gemma 4 2B,run_1,Stochastic,73,1,if,if,rejected_nosense,NoSense,,0.998376965522766,Contingency,False,The discussion revolves around identifying roles and determining if Mitchell is a Werewolf.
819,Gemma 4 2B,run_1,Stochastic,157,1,if,if,rejected_nosense,NoSense,,0.9985496401786804,Contingency,False,"The discussion revolves around the credibility of Mike's statement that he did not see a Werewolf, which is crucial for determining if any Werewolf is present."
5281,Gemma 4 4B,run_2,Stochastic,986,1,if,if,rejected_nosense,NoSense,,0.9987218976020812,Contingency,False,"The transcript provides a critical piece of information when Daniel asks Kaelan if he is a Minion, and Kaelan confirms, 'Yes.'"
11615,Gemma 4 31B,run_3,Stochastic,1940,2,if,if,rejected_nosense,NoSense,,0.9989218711853028,Contingency,False,"Although Daniel initially suggests Kaelan might be the Tanner or the Werewolf, he later asks if they are 'good with the center,' and Kevin agrees."
7631,Gemma 4 4B,greedy_t0,Greedy,1368,2,if,if,rejected_nosense,NoSense,,0.9991397857666016,Contingency,False,"In the final exchange, Daniel asks Kaelan if they are a Minion, and Kaelan confirms this identity."
4099,Gemma 4 4B,run_1,Stochastic,795,2,if,if,rejected_nosense,NoSense,,0.9991713762283324,Contingency,False,"In lines [65] and [66], Daniel asks Kaelan if he is a Minion, and Kaelan confirms this role."
11122,Gemma 4 31B,run_2,Stochastic,1873,2,if,if,rejected_nosense,NoSense,,0.9991973042488098,Contingency,False,"He claims to be the Troublemaker ([33]), then suggests he is the Seer ([36]), and in a short span of time, he asks Alana if she was the Tanner ([41]) while simultaneously claiming he thinks she is the Werewolf ([49])."
6443,Gemma 4 4B,run_3,Stochastic,1177,2,if,if,rejected_nosense,NoSense,,0.9994357228279114,Contingency,False,"In the final exchange, Daniel asks Kaelan if he is a Minion, and Kaelan confirms this role."
13038,Gemma 4 31B,greedy_t0,Greedy,2131,2,if,if,rejected_nosense,NoSense,,0.9995040893554688,Contingency,False,"Daniel suggests Kaelan could be the Tanner or the Werewolf, but the conversation concludes with Daniel asking if they are 'all good with the center' and Kevin agreeing."
5604,Gemma 4 4B,run_2,Stochastic,1039,2,if,if,rejected_nosense,NoSense,,0.9995324611663818,Contingency,False,"Mitchell specifically asks if Justin is lying about being the Troublemaker, suggesting that Justin's claimed alignment is suspect."
8816,Gemma 4 31B,run_1,Stochastic,1558,2,if,if,rejected_nosense,NoSense,,0.9995718598365784,Contingency,False,"While Daniel briefly suggests Kaelan might be the Tanner or the Werewolf, the discussion concludes with Daniel asking if they are 'all good with the center' and Kevin agreeing."
13052,Gemma 4 31B,greedy_t0,Greedy,2133,3,if,if,rejected_nosense,NoSense,,0.9996713399887084,Contingency,False,"Jessica is the only player who has not claimed a role and provides a nonsensical answer when asked if she is the Drunk, suggesting she is bluffing to hide her identity as a Werewolf."
8252,Gemma 4 4B,greedy_t0,Greedy,1468,4,if,if,rejected_nosense,NoSense,,0.9997686743736268,Contingency,False,"Therefore, based solely on the public discussion, I cannot determine if a Werewolf is present among the players."
10241,Gemma 4 31B,run_2,Stochastic,1749,2,if,if,rejected_nosense,NoSense,,0.9998160004615784,Contingency,False,"Kaelan and Jessica both claim to be Villagers, and while Daniel initially suggests Kaelan might be the Tanner or Werewolf, he quickly pivots to ask if they are 'all good with the center,' which Kevin confirms."
715,Gemma 4 2B,run_1,Stochastic,135,2,if,if,rejected_nosense,NoSense,,0.9999845027923584,Contingency,False,"While roles are shifting, the focus of the conversation during the voting phase centers on determining if Pete is the Werewolf or the Tanner."
9014,Gemma 4 31B,run_1,Stochastic,1586,4,if then,If then,accepted,Contingency.Condition,Contingency,0.5064114332199097,Contingency,True,"If Justin was the Werewolf and was swapped with Caitlynn, then Caitlynn is now the Werewolf."
10711,Gemma 4 31B,run_2,Stochastic,1815,4,if then,If then,accepted,Contingency.Condition,Contingency,0.5537083745002747,Contingency,True,"If their claims are true, particularly Julie's observation that Justin was the Drunk, then Justin cannot be the Werewolf, and it is likely that all Werewolf cards are in the center."
12555,Gemma 4 31B,run_3,Stochastic,2067,3,if then,If then,accepted,Contingency.Condition,Contingency,0.5541677474975586,Contingency,True,"If Mike was the Werewolf and was swapped with Paul, then Paul is now the Werewolf."
11664,Gemma 4 31B,run_3,Stochastic,1948,2,if then,If then,accepted,Contingency.Condition,Contingency,0.5585655570030212,,True,"If Ashley's claim of being the Troublemaker and swapping Sukeshi and Elliot is true, and Sukeshi started as the Tanner, then Sukeshi would now be the Werewolf if Elliot started as one."
10417,Gemma 4 31B,run_2,Stochastic,1777,4,if then,If then,accepted,Contingency.Condition,Contingency,0.6130530834197998,Contingency,True,"If Justin was the starting Werewolf and was swapped with Caitlynn, then Caitlynn is the current Werewolf."
13665,Gemma 4 31B,greedy_t0,Greedy,2221,2,if then,If then,accepted,Contingency.Condition,Contingency,0.6672267317771912,Contingency,True,"If this claim is true, then no player currently holds a Werewolf card."
8214,Gemma 4 4B,greedy_t0,Greedy,1463,3,if then,If then,accepted,Contingency.Condition,Contingency,0.7164903283119202,Contingency,True,"If this claim is accurate, then no player among Justin, Mitchell, Paul, or Mike holds the Werewolf card."
12091,Gemma 4 31B,run_3,Stochastic,2005,3,if then,If then,accepted,Contingency.Condition,Contingency,0.727064311504364,Contingency,True,"If Justin, Mike, and Julie are their claimed roles and Mitchell is the Tanner, then no player holds the Werewolf card, and the Werewolf cards must be in the center."
12387,Gemma 4 31B,run_3,Stochastic,2045,3,if then,If then,accepted,Contingency.Condition,Contingency,0.7280848622322083,,True,"If Brett, Dustin, and Pete are their claimed roles (Seer, Drunk, and Robber), and Katie is the Tanner, then all Werewolf cards must be in the center."
10087,Gemma 4 31B,run_2,Stochastic,1729,3,if then,If then,accepted,Contingency.Condition,Contingency,0.7358039021492004,Contingency,True,"If Jacob's claim is true and there is only one Werewolf in the game, then no player is a Werewolf."
12345,Gemma 4 31B,run_3,Stochastic,2039,3,if then,If then,accepted,Contingency.Condition,Contingency,0.787602961063385,Contingency,True,"If Paul's claim is truthful, then no player currently holds a werewolf card, meaning Team Village wins by voting 'No Werewolf'."
10200,Gemma 4 31B,run_2,Stochastic,1744,4,if then,If then,accepted,Contingency.Condition,Contingency,0.7990682125091553,Contingency,True,"If Jessica is the Minion and saw no Werewolves, then all Werewolf cards must be in the center, meaning Team Village wins if no one is voted out."
11557,Gemma 4 31B,run_3,Stochastic,1932,2,if then,If then,accepted,Contingency.Condition,Contingency,0.7998638153076172,Contingency,True,"If this information is accurate, then no player is currently a Werewolf."
13159,Gemma 4 31B,greedy_t0,Greedy,2148,3,if then,If then,accepted,Contingency.Condition,Contingency,0.8142038583755493,Contingency,True,"If Tyler is the Seer and saw the Werewolf card in the center, then no player is currently a Werewolf."
12712,Gemma 4 31B,run_3,Stochastic,2087,3,if then,If then,accepted,Contingency.Condition,Contingency,0.8148667216300964,Contingency,True,"If James is the Seer and telling the truth, then no player is a Werewolf, and Team Village wins by voting 'No Werewolf'."
11858,Gemma 4 31B,run_3,Stochastic,1977,3,if then,If then,accepted,Contingency.Condition,Contingency,0.8387215733528137,Contingency,True,"If these claims are true, then no player is currently a werewolf, and the Village wins by voting 'No Werewolf'."
12031,Gemma 4 31B,run_3,Stochastic,1998,3,if then,If then,accepted,Contingency.Condition,Contingency,0.8725908994674683,Contingency,True,"If all three players are telling the truth about their roles (Seer, Robber, and Insomniac), then no player is a Werewolf, and the Werewolf card must be in the center."
12767,Gemma 4 31B,run_3,Stochastic,2095,3,if then,If then,accepted,Contingency.Condition,Contingency,0.8783325552940369,Contingency,True,"If the Werewolf card is in the center, then no player is a Werewolf, and Team Village wins by voting for 'No Werewolf'."
9081,Gemma 4 31B,run_1,Stochastic,1596,2,if then,If then,accepted,Temporal.Asynchronous,Temporal,0.5761279463768005,,True,"If this were true, Mike would currently be the Tanner, and Mitchell would be a Villager; however, Mitchell then agrees to vote for Mike, which contradicts the goal of Team Village (who would not want to vote out the Tanner)."
14129,Gemma 4 31B,greedy_t0,Greedy,2283,3,if then,if then,accepted,Temporal.Asynchronous,Temporal,0.6336431503295898,Contingency,True,"Following the night action order (Robber then Troublemaker), if Mitchell robbed Laura (Villager) and Paul then swapped Justin (Werewolf) and Laura (now Robber), Laura would end the night as the Werewolf."
10918,Gemma 4 31B,run_2,Stochastic,1846,3,if then,If then,accepted,Temporal.Asynchronous,Temporal,0.7564316987991333,,True,"If Mitchell started as the Werewolf, Mike would have stolen the Werewolf card, and Paul would have then swapped it back to Mitchell."
9172,Gemma 4 31B,run_1,Stochastic,1608,3,if then,If then,accepted,Temporal.Asynchronous,Temporal,0.8219698071479797,,True,"If James was the Drunk and swapped with the center, or if Justin (as the Robber) stole the Drunk role from James and then swapped with the center, Justin is the most likely player to currently hold the Werewolf card."
9817,Gemma 4 31B,run_1,Stochastic,1695,2,if then,If then,accepted,Temporal.Asynchronous,Temporal,0.8811707496643066,Contingency,True,"If Mike started as the Robber and stole from Mitchell (the Troublemaker), and then Mitchell (as the Troublemaker) swapped Mike and Alana (the Seer), the final roles would be Mike as the Seer, Alana as the Troublemaker, and Mitchell as the Robber."
11888,Gemma 4 31B,run_3,Stochastic,1980,4,if then,if then,accepted,Temporal.Asynchronous,Temporal,0.8811826109886169,Contingency,True,"Specifically, if Mitchell (Robber) stole the Tanner card from Justin, and James (Troublemaker) then swapped Justin and Mitchell, Justin would end the game as the Tanner."
11459,Gemma 4 31B,run_3,Stochastic,1919,3,if then,If then,accepted,Temporal.Asynchronous,Temporal,0.930917263031006,Contingency,True,"If Jacob (Drunk) swapped the Drunk card into the center and then Hunter (Troublemaker) swapped Jacob with Zack, Zack would end up with the Drunk card."
11993,Gemma 4 31B,run_3,Stochastic,1994,3,if then,If then,accepted,Temporal.Asynchronous,Temporal,0.9718571305274964,Contingency,True,"If Paul (Robber) stole the Troublemaker card from Justin and then swapped Justin (now Robber) with Mitchell (Werewolf), Justin would end the night as the Werewolf."
14176,Gemma 4 31B,greedy_t0,Greedy,2288,3,if then,if then,rejected_nosense,NoSense,,0.4311165809631347,Contingency,True,"However, if Justin is the Tanner, then the Tanner cannot be in the center, meaning Mitchell is lying."
12752,Gemma 4 31B,run_3,Stochastic,2092,3,if then,If then,rejected_nosense,NoSense,,0.474200576543808,Contingency,True,"If Paul's swap is legitimate and Justin was the starting Werewolf, then Laura is now the Werewolf."
11931,Gemma 4 31B,run_3,Stochastic,1985,2,if then,If then,rejected_nosense,NoSense,,0.4992343485355377,Contingency,True,"If James is the Seer, then both Mike and Mitchell are lying about being the Seer."
12924,Gemma 4 31B,greedy_t0,Greedy,2117,2,if then,if then,rejected_nosense,NoSense,,0.6446943283081055,Contingency,True,"However, Margaret explicitly calls Clint 'the worst liar' and notes that if Clint's swap actually occurred and Erin was the Werewolf, then Margaret herself would now be the Werewolf."
9176,Gemma 4 31B,run_1,Stochastic,1608,3,if then,if then,rejected_nosense,NoSense,,0.9253931045532228,,True,"If James was the Drunk and swapped with the center, or if Justin (as the Robber) stole the Drunk role from James and then swapped with the center, Justin is the most likely player to currently hold the Werewolf card."
7093,Gemma 4 4B,run_3,Stochastic,1280,3,then,then,accepted,Temporal.Asynchronous,Temporal,0.5197042226791382,Temporal,False,"While Pete himself is accused of being the Tanner (184), targeting Brett is justified because he has been heavily involved in complex role manipulations, specifically claiming to be the Robber and then the Seer (80, 86)."
10705,Gemma 4 31B,run_2,Stochastic,1815,1,then,then,accepted,Temporal.Asynchronous,Temporal,0.5304268598556519,Temporal,False,"Justin's behavior is highly erratic, as he claims to be the Werewolf, then the Tanner, and finally the Drunk."
1483,Gemma 4 2B,run_2,Stochastic,286,2,then,then,accepted,Temporal.Asynchronous,Temporal,0.5360403656959534,Temporal,False,"Mitchell made several contradictory claims, stating he was the Robber, then the Tanner, and ultimately claiming he was the Werewolf."
9484,Gemma 4 31B,run_1,Stochastic,1649,3,then,then,accepted,Temporal.Asynchronous,Temporal,0.549294114112854,Temporal,False,"Mitchell, however, has been highly inconsistent, claiming to be the Drunk and then the Troublemaker, before admitting he may have lied about swapping players, which is characteristic of a Werewolf attempting to create confusion."
12978,Gemma 4 31B,greedy_t0,Greedy,2125,1,then,then,accepted,Temporal.Asynchronous,Temporal,0.5888822674751282,Temporal,False,"Kaelan's claims about his role are highly inconsistent; he first claims to be the Troublemaker, then the Robber, and then claims to be the Robber while describing the actions of a Troublemaker ('I troubled these two')."
4201,Gemma 4 4B,run_1,Stochastic,813,3,then,then,accepted,Temporal.Asynchronous,Temporal,0.5951076745986938,Temporal,False,"Furthermore, Justin himself makes a highly incriminating statement late in the game, admitting, 'Well then, I want to know which one of you's the tanner."
5820,Gemma 4 4B,run_2,Stochastic,1075,2,then,then,accepted,Temporal.Asynchronous,Temporal,0.6148141026496887,Temporal,False,"He initially claims to be the Robber, then the Drunk, and later admits he might be a Werewolf."
6996,Gemma 4 4B,run_3,Stochastic,1266,3,then,then,accepted,Temporal.Asynchronous,Temporal,0.697567343711853,Temporal,False,"Justin's narrative is the most inconsistent; he claims to be a Robber, then the Drunk, and is subsequently accused of being the Tanner or a Werewolf."
8376,Gemma 4 4B,greedy_t0,Greedy,1490,2,then,then,accepted,Temporal.Asynchronous,Temporal,0.700729489326477,Temporal,False,"He initially claimed to be the Tanner, then the Seer, before finally admitting, 'I'm the werewolf' (151)."
9636,Gemma 4 31B,run_1,Stochastic,1671,1,then,then,accepted,Temporal.Asynchronous,Temporal,0.7083385586738586,Temporal,False,"Justin provides multiple contradictory claims about his role, stating he was the Copycat, then the Robber (which he later claims was a joke), and finally claiming he started as the Tanner."
8178,Gemma 4 4B,greedy_t0,Greedy,1457,2,then,then,accepted,Temporal.Asynchronous,Temporal,0.7137233018875122,Temporal,False,"Justin, however, has been highly inconsistent, claiming to be the Robber and then the Drunk, and has been accused of lying multiple times by Paul."
11147,Gemma 4 31B,run_2,Stochastic,1877,1,then,then,accepted,Temporal.Asynchronous,Temporal,0.7279248237609863,Temporal,False,"Justin's claims are highly contradictory; he first claims to be the Troublemaker, then the Robber, and repeatedly states he 'robbed from Justin' (himself) before finally claiming he robbed Paul."
11874,Gemma 4 31B,run_3,Stochastic,1979,2,then,then,accepted,Temporal.Asynchronous,Temporal,0.7313838005065918,Temporal,False,"While Mitchell also made contradictory claims about being a werewolf and then a Tanner, James's direct admission is the strongest piece of evidence available in the transcript."
8287,Gemma 4 4B,greedy_t0,Greedy,1474,3,then,then,accepted,Temporal.Asynchronous,Temporal,0.7583386301994324,Temporal,False,"Furthermore, Brett has been highly inconsistent, claiming to be the Robber and then the Drunk, suggesting complex role manipulation."
4647,Gemma 4 4B,run_1,Stochastic,884,2,then,then,accepted,Temporal.Asynchronous,Temporal,0.7692835927009583,Temporal,False,"He initially claimed to be the Robber and then the Drunk, but later admitted he might be a Werewolf, which is a major red flag for Team Village."
13180,Gemma 4 31B,greedy_t0,Greedy,2151,3,then,then,accepted,Temporal.Asynchronous,Temporal,0.7958803176879883,Temporal,False,Mitchell's contradictory claims about being a Villager and then a Werewolf suggest confusion rather than a calculated Werewolf strategy.
13721,Gemma 4 31B,greedy_t0,Greedy,2228,1,then,then,accepted,Temporal.Asynchronous,Temporal,0.8600333333015442,Temporal,False,"Justin's claims are highly inconsistent; he claims to be the Insomniac, then the Seer, then admits to being the Werewolf, and finally claims to be the Tanner."
12228,Gemma 4 31B,run_3,Stochastic,2022,1,then,then,accepted,Temporal.Asynchronous,Temporal,0.8737025856971741,Temporal,False,"Kelsey's claims are highly inconsistent, shifting from Troublemaker to Robber, then to Tanner, and finally denying being the Tanner."
9969,Gemma 4 31B,run_1,Stochastic,1713,1,then,then,accepted,Temporal.Asynchronous,Temporal,0.8771311640739441,Temporal,False,"Laura claims to be the Seer but provides highly contradictory information, first stating there was no werewolf (T32), then later claiming she saw one (T133) and accusing Paul (T136)."
12278,Gemma 4 31B,run_3,Stochastic,2030,3,then,then,accepted,Temporal.Asynchronous,Temporal,0.8917418122291565,Temporal,False,"Other players' claims are contradictory: Justin claimed to be the Robber and then the Drunk, and Paul's claim of robbing the Seer (Justin) is inconsistent with Justin's erratic behavior."
11354,Gemma 4 31B,run_2,Stochastic,1903,4,then,then,accepted,Temporal.Asynchronous,Temporal,0.9077552556991576,Temporal,False,"Furthermore, James's accusations are erratic, targeting Paul and Justin, then shifting to Laura, then back to Paul, and finally to Laura again, which is characteristic of a Werewolf attempting to divert suspicion."
12454,Gemma 4 31B,run_3,Stochastic,2053,3,then,then,accepted,Temporal.Asynchronous,Temporal,0.9456420540809632,Temporal,False,"Paul, however, is highly inconsistent, first claiming to be the Robber who robbed James, and then later claiming to be the Seer himself while stating the Robber is in the center."
8407,Gemma 4 4B,greedy_t0,Greedy,1495,2,then,then,accepted,Temporal.Asynchronous,Temporal,0.947665512561798,Temporal,False,"He repeatedly makes strong claims about who robbed whom and who belongs to which team, often shifting his target (e.g., accusing Paul, then defending himself)."
12838,Gemma 4 31B,greedy_t0,Greedy,2106,1,then,then,accepted,Temporal.Asynchronous,Temporal,0.9524081349372864,Temporal,False,"Sukeshi's claims are highly contradictory; she first claims to be the Seer, then later explicitly admits, 'I was a fucking werewolf.'"
9929,Gemma 4 31B,run_1,Stochastic,1708,2,then,then,accepted,Temporal.Asynchronous,Temporal,0.9537051916122437,Temporal,False,"Paul's claims were highly inconsistent, shifting from Mason to Werewolf, then to Insomniac, and finally back to Werewolf."
4027,Gemma 4 4B,run_1,Stochastic,782,3,then,then,accepted,Temporal.Asynchronous,Temporal,0.9543558955192566,Temporal,False,"Furthermore, Tyler's narrative shifts—claiming to be a Drunk, then denying being a Werewolf, and then reaffirming his Drunk status—suggests a pattern of attempting to manage suspicion."
5685,Gemma 4 4B,run_2,Stochastic,1052,1,then,then,accepted,Temporal.Asynchronous,Temporal,0.9568943977355956,Temporal,False,"Justin exhibits the most aggressive and manipulative behavior throughout the discussion, frequently initiating accusations and then immediately pivoting or defending himself with complex role theories."
11428,Gemma 4 31B,run_3,Stochastic,1915,1,then,then,accepted,Temporal.Asynchronous,Temporal,0.9647236466407776,Temporal,False,"Sukeshi's claims are highly contradictory; she first claims to be the Seer, then later explicitly states, 'actually I was a fucking werewolf.'"
9957,Gemma 4 31B,run_1,Stochastic,1711,3,then,then,accepted,Temporal.Asynchronous,Temporal,0.9679642915725708,Temporal,False,"While Justin also provided inconsistent claims, James's behavior of claiming a role and then panicking when the vote shifted toward him is a classic sign of a Werewolf attempting to deflect suspicion."
14156,Gemma 4 31B,greedy_t0,Greedy,2286,1,then,then,accepted,Temporal.Asynchronous,Temporal,0.9700435996055604,Temporal,False,"James is the most suspicious player due to his highly inconsistent claims; he initially claims to be the Tanner, then later claims to be the Seer and the Insomniac."
4489,Gemma 4 4B,run_1,Stochastic,859,2,then,then,accepted,Temporal.Asynchronous,Temporal,0.970533013343811,Temporal,False,"He initially claims to be the Troublemaker, then later claims to be the Robber and the Tanner, before briefly admitting he was a Werewolf."
6043,Gemma 4 4B,run_2,Stochastic,1110,2,then,then,accepted,Temporal.Asynchronous,Temporal,0.971471071243286,Temporal,False,This pattern of claiming the enemy role and then immediately directing the vote against a specific player is a common tactic used by Werewolves to divert suspicion.
12362,Gemma 4 31B,run_3,Stochastic,2042,2,then,then,accepted,Temporal.Asynchronous,Temporal,0.9715242981910706,Temporal,False,"He first accuses Mike of being the werewolf, then claims to be the Tanner, then immediately denies being the Tanner and asks for votes, and finally claims to be the Robber."
9169,Gemma 4 31B,run_1,Stochastic,1608,1,then,then,accepted,Temporal.Asynchronous,Temporal,0.9716067910194396,Temporal,False,"Justin's claims are highly inconsistent; he first claims to have stolen from Mike and seen no Seer, then later claims to have stolen from James."
13836,Gemma 4 31B,greedy_t0,Greedy,2244,2,then,then,accepted,Temporal.Asynchronous,Temporal,0.9735260009765624,Temporal,False,"He initially claims to be the Robber who robbed James, then later denies being the Robber and claims to be the Seer, while also stating the Robber is in the center."
13466,Gemma 4 31B,greedy_t0,Greedy,2195,1,then,then,accepted,Temporal.Asynchronous,Temporal,0.9738098978996276,Temporal,False,"Julie's behavior is highly contradictory; she first claims she did nothing during the night, then later claims she 'saw the tanner card,' which is impossible for a Tanner as they do not wake up."
11286,Gemma 4 31B,run_2,Stochastic,1895,2,then,then,accepted,Temporal.Asynchronous,Temporal,0.9747822880744934,Temporal,False,"He initially claims to be the Seer, then later claims to be the Robber who robbed Paul."
14138,Gemma 4 31B,greedy_t0,Greedy,2284,1,then,then,accepted,Temporal.Asynchronous,Temporal,0.976711630821228,Temporal,False,"Justin is the most suspicious player due to multiple contradictions in his claims; he first claimed to be the Tanner, then later claimed to be the Insomniac, and shifted his accusations between James and Mitchell."
4593,Gemma 4 4B,run_1,Stochastic,877,2,then,then,accepted,Temporal.Asynchronous,Temporal,0.9772038459777832,Temporal,False,"He repeatedly claims to have been a Werewolf (130, 160), then later claims to be a Robber (197), and finally suggests he is a Tanner (331)."
10582,Gemma 4 31B,run_2,Stochastic,1799,2,then,then,accepted,Temporal.Asynchronous,Temporal,0.977565050125122,Temporal,False,"He first claims to have robbed Mike and not seen a Seer, then later claims to have robbed James and not seen a Drunk; a Robber can only rob one person."
11353,Gemma 4 31B,run_2,Stochastic,1903,4,then,then,accepted,Temporal.Asynchronous,Temporal,0.9776322841644288,Temporal,False,"Furthermore, James's accusations are erratic, targeting Paul and Justin, then shifting to Laura, then back to Paul, and finally to Laura again, which is characteristic of a Werewolf attempting to divert suspicion."
5901,Gemma 4 4B,run_2,Stochastic,1088,2,then,then,accepted,Temporal.Asynchronous,Temporal,0.9793317317962646,Temporal,False,"He initially claims to have seen the Robber, then vehemently denies being the Werewolf, only to later claim he himself was the Werewolf."
13376,Gemma 4 31B,greedy_t0,Greedy,2181,2,then,then,accepted,Temporal.Asynchronous,Temporal,0.979390025138855,Temporal,False,"He first claims to have robbed Mike and not seen a Seer, then later claims to have robbed James and not seen a Drunk, contradicting both Mike's and James's claims."
11963,Gemma 4 31B,run_3,Stochastic,1990,1,then,then,accepted,Temporal.Asynchronous,Temporal,0.9824461936950684,Temporal,False,"Justin's claims are highly inconsistent; he first claims to be the Robber who stole from Mike, then later claims he stole from James."
10748,Gemma 4 31B,run_2,Stochastic,1820,2,then,then,accepted,Temporal.Asynchronous,Temporal,0.9825603365898132,Temporal,False,"Mike's behavior is the most suspicious; he claims to be the Revealer but provides inconsistent information about what he saw (first claiming Meghan was a Werewolf, then claiming he lied and she was the Tanner)."
14072,Gemma 4 31B,greedy_t0,Greedy,2275,1,then,then,accepted,Temporal.Asynchronous,Temporal,0.983234405517578,Temporal,False,"Mitchell exhibits highly suspicious behavior, first claiming to be the Robber (Line 59) and then explicitly denying it later (Line 106)."
10922,Gemma 4 31B,run_2,Stochastic,1846,3,then,then,accepted,Temporal.Asynchronous,Temporal,0.983579695224762,Temporal,False,"If Mitchell started as the Werewolf, Mike would have stolen the Werewolf card, and Paul would have then swapped it back to Mitchell."
10458,Gemma 4 31B,run_2,Stochastic,1783,2,then,then,accepted,Temporal.Asynchronous,Temporal,0.984824240207672,Temporal,False,"He first claims to be the Seer who looked at two cards in the center [25], then later claims to be the Robber who switched cards with Dan [111], and then claims to be the Seer again [109]."
10315,Gemma 4 31B,run_2,Stochastic,1761,3,then,then,accepted,Temporal.Asynchronous,Temporal,0.9849950671195984,Temporal,False,"Justin (Troublemaker) then claims to have swapped James and Laura, which would transfer the Werewolf card from James to Laura."
11237,Gemma 4 31B,run_2,Stochastic,1890,2,then,then,accepted,Temporal.Asynchronous,Temporal,0.9862537384033204,Temporal,False,"He first claims his role was already claimed by someone else, then later suggests that Paul (the Tanner) took his role and that Justin is the werewolf."
9899,Gemma 4 31B,run_1,Stochastic,1704,2,then,then,accepted,Temporal.Asynchronous,Temporal,0.9872122406959534,Temporal,False,"He initially claims to be the Seer and says he looked at Tyler's card, then later claims to be the Robber who robbed Paul."
4029,Gemma 4 4B,run_1,Stochastic,782,3,then,then,accepted,Temporal.Asynchronous,Temporal,0.987244427204132,Temporal,False,"Furthermore, Tyler's narrative shifts—claiming to be a Drunk, then denying being a Werewolf, and then reaffirming his Drunk status—suggests a pattern of attempting to manage suspicion."
9540,Gemma 4 31B,run_1,Stochastic,1657,1,then,then,accepted,Temporal.Asynchronous,Temporal,0.9872542023658752,Temporal,False,"Paul claims to be the Seer but makes contradictory and impossible statements, such as saying he 'saw thee seer' (a Seer cannot see their own card) and then claiming he saw 'two werewolves' (implying they are in the center)."
7447,Gemma 4 4B,run_3,Stochastic,1335,2,then,then,accepted,Temporal.Asynchronous,Temporal,0.987480103969574,Temporal,False,"And then, now I'm not' (Line 67)."
11842,Gemma 4 31B,run_3,Stochastic,1975,3,then,then,accepted,Temporal.Asynchronous,Temporal,0.9877372980117798,Temporal,False,"Justin's erratic role claims (initially claiming Robber, then shifting to Tanner/Drunk, and finally Tanner) are characteristic of the Tanner role, and Mitchell's claim to be the Robber remains consistent."
9189,Gemma 4 31B,run_1,Stochastic,1610,1,then,then,accepted,Temporal.Asynchronous,Temporal,0.9880064129829408,Temporal,False,"Justin's claims are highly inconsistent, shifting from accusing Mitchell to claiming they were both Werewolves, then claiming to be the Robber, and finally admitting to being the Werewolf."
8253,Gemma 4 4B,greedy_t0,Greedy,1469,2,then,then,accepted,Temporal.Asynchronous,Temporal,0.989137589931488,Temporal,False,"He makes several contradictory claims regarding his role, initially suggesting he might be the Tanner, then confirming he was the Robber, and being the subject of a direct accusation from Justin that he was a Werewolf."
13740,Gemma 4 31B,greedy_t0,Greedy,2230,1,then,then,accepted,Temporal.Asynchronous,Temporal,0.9893507361412048,Temporal,False,"Paul makes highly contradictory and suspicious claims, first stating he 'saw thee seer' and then claiming he 'totally saw two werewolves' (presumably in the center)."
8187,Gemma 4 4B,greedy_t0,Greedy,1458,2,then,then,accepted,Temporal.Asynchronous,Temporal,0.9893718361854552,Temporal,False,"He initially claimed to be the Drunk, then later claimed to have switched Justin and Paul's cards, indicating involvement in manipulative roles like Robber or Troublemaker."
11713,Gemma 4 31B,run_3,Stochastic,1955,2,then,then,accepted,Temporal.Asynchronous,Temporal,0.989600419998169,Temporal,False,"Justin's claims are highly contradictory; he first claims to be the Troublemaker, then later states he is the Troublemaker but did not switch anyone, which is impossible according to the game rules."
7848,Gemma 4 4B,greedy_t0,Greedy,1406,1,then,then,accepted,Temporal.Asynchronous,Temporal,0.9897993803024292,Temporal,False,"Mitchell exhibits highly suspicious and inconsistent behavior throughout the discussion, repeatedly claiming to be a Werewolf and then immediately retracting that claim to be a Tanner."
5294,Gemma 4 4B,run_2,Stochastic,989,2,then,then,accepted,Temporal.Asynchronous,Temporal,0.9904380440711976,Temporal,False,"He initially claims to be the Seer, then aggressively accuses Jessica of being the Werewolf, only to later suggest he might be the Minion or involved in a conspiracy (26, 34)."
4133,Gemma 4 4B,run_1,Stochastic,801,2,then,then,accepted,Temporal.Asynchronous,Temporal,0.9905349612236024,Temporal,False,"However, James makes several highly suspicious statements, including admitting he was a Werewolf (206) and then immediately attempting to frame Elliot as the Werewolf (209, 216)."
10273,Gemma 4 31B,run_2,Stochastic,1756,1,then,then,accepted,Temporal.Asynchronous,Temporal,0.9907194972038268,Temporal,False,"James initially claimed to be the Seer, then later claimed he was actually a Werewolf and that Elliot, the Robber, had swapped cards with him."
14132,Gemma 4 31B,greedy_t0,Greedy,2283,3,then,then,accepted,Temporal.Asynchronous,Temporal,0.9913404583930968,,False,"Following the night action order (Robber then Troublemaker), if Mitchell robbed Laura (Villager) and Paul then swapped Justin (Werewolf) and Laura (now Robber), Laura would end the night as the Werewolf."
9651,Gemma 4 31B,run_1,Stochastic,1673,2,then,then,accepted,Temporal.Asynchronous,Temporal,0.9914793968200684,Temporal,False,"He claims to be the Robber (T[45]), then claims he was a Werewolf (T[73], T[117]), and then claims to have seen two Werewolves in the center, which is a Seer's ability (T[86])."
6247,Gemma 4 4B,run_2,Stochastic,1143,2,then,then,accepted,Temporal.Asynchronous,Temporal,0.9932000041007996,Temporal,False,"He is highly involved in the role confusion, initially accusing Paul of being the Werewolf, but then pivoting to suggest he could have been the Werewolf all along."
10031,Gemma 4 31B,run_2,Stochastic,1722,1,then,then,accepted,Temporal.Asynchronous,Temporal,0.9934831261634828,Temporal,False,"Sian claimed to be the Robber but demonstrated a complete lack of understanding of the role's mechanics, first incorrectly stating 'You are the Robber' and then failing to explain how the Robber swaps cards."
6343,Gemma 4 4B,run_3,Stochastic,1161,2,then,then,accepted,Temporal.Asynchronous,Temporal,0.9936169385910034,Temporal,False,"He claims to be the Seer and states that he knows what the Seer saw, but then refuses to reveal this crucial information."
3947,Gemma 4 4B,run_1,Stochastic,768,3,then,then,accepted,Temporal.Asynchronous,Temporal,0.993630349636078,Temporal,False,"This pattern of claiming roles and then immediately being accused of lying suggests a deliberate attempt to confuse the group, which is a common tactic used by Werewolves."
5399,Gemma 4 4B,run_2,Stochastic,1006,3,then,then,accepted,Temporal.Asynchronous,Temporal,0.9937544465065002,Temporal,False,"A Werewolf often attempts to control the narrative and deflect suspicion, which aligns with Alvin's behavior of making a strong accusation and then attempting to defend the accused."
3349,Gemma 4 2B,greedy_t0,Greedy,654,1,then,then,accepted,Temporal.Asynchronous,Temporal,0.9941095113754272,Temporal,False,"The discussion centers heavily on Mitchell's identity, with him claiming to be the Seer or a Werewolf and then actively trying to assure others he is safe."
10364,Gemma 4 31B,run_2,Stochastic,1769,1,then,then,accepted,Temporal.Asynchronous,Temporal,0.9941148161888124,Temporal,False,"Mitchell's behavior is highly contradictory; he first claims to be a Villager, then explicitly admits 'I was the Werewolf' twice, and finally attempts to shift the vote toward James."
12351,Gemma 4 31B,run_3,Stochastic,2040,3,then,then,accepted,Temporal.Asynchronous,Temporal,0.9941163063049316,Temporal,False,"Mitchell's claims are highly inconsistent; he first suggests being voted out, then claims he swapped Mike and Justin, and later expresses confusion about whether he swapped anyone at all."
13659,Gemma 4 31B,greedy_t0,Greedy,2220,2,then,then,accepted,Temporal.Asynchronous,Temporal,0.9943509101867676,Temporal,False,"Justin's claims were inconsistent; he first stated he saw a 'Witch' in the center, then later claimed the middle card was the 'Tanner', and eventually admitted he was lying to bait Mike."
13442,Gemma 4 31B,greedy_t0,Greedy,2191,2,then,then,accepted,Temporal.Asynchronous,Temporal,0.994631052017212,Temporal,False,"She first claims to be the Troublemaker (Line 45), then claims to have seen the Troublemaker and a Werewolf in the center (Line 67), which is an action only the Seer can perform."
12049,Gemma 4 31B,run_3,Stochastic,2000,2,then,then,accepted,Temporal.Asynchronous,Temporal,0.9949669241905212,Temporal,False,"He initially claims to be the Seer, then jokingly claims to be the Minion, and finally attempts to divert the vote toward Haak."
2605,Gemma 4 2B,run_3,Stochastic,511,2,then,then,accepted,Temporal.Asynchronous,Temporal,0.9950562715530396,Temporal,False,"Paul makes a strong claim about seeing two werewolves, while Justin claims to be the Insomniac and then denies being a Werewolf."
7134,Gemma 4 4B,run_3,Stochastic,1288,2,then,then,accepted,Temporal.Asynchronous,Temporal,0.9954428672790528,Temporal,False,"Mitchell presents the most convoluted narrative, initially claiming to be the Drunk, and then pivoting to admit he was a Werewolf."
6791,Gemma 4 4B,run_3,Stochastic,1232,2,then,then,accepted,Temporal.Asynchronous,Temporal,0.995590090751648,Temporal,False,"Paul's narrative is inconsistent; he initially claims to be the Insomniac, then dramatically claims he was a Werewolf, which is a classic deception tactic."
11891,Gemma 4 31B,run_3,Stochastic,1980,4,then,then,accepted,Temporal.Asynchronous,Temporal,0.9957666397094728,,False,"Specifically, if Mitchell (Robber) stole the Tanner card from Justin, and James (Troublemaker) then swapped Justin and Mitchell, Justin would end the game as the Tanner."
13012,Gemma 4 31B,greedy_t0,Greedy,2128,2,then,then,accepted,Temporal.Asynchronous,Temporal,0.9958162903785706,Temporal,False,"Daniel's claims were highly inconsistent, first claiming to be the Robber, then accusing Kaelan of being the Minion, and finally claiming to be the Minion himself."
4794,Gemma 4 4B,run_1,Stochastic,907,2,then,then,accepted,Temporal.Asynchronous,Temporal,0.995871126651764,Temporal,False,"However, Justin exhibits the most inconsistent and contradictory behavior, claiming to be a Copycat, then a Tanner, and then denying those roles."
9085,Gemma 4 31B,run_1,Stochastic,1596,2,then,then,accepted,Temporal.Asynchronous,Temporal,0.9961187839508056,Temporal,False,"If this were true, Mike would currently be the Tanner, and Mitchell would be a Villager; however, Mitchell then agrees to vote for Mike, which contradicts the goal of Team Village (who would not want to vote out the Tanner)."
14154,Gemma 4 31B,greedy_t0,Greedy,2285,3,then,then,accepted,Temporal.Asynchronous,Temporal,0.9961250424385072,Temporal,False,"Furthermore, James contradicts himself regarding whether Paul switched him, first claiming Paul did and then claiming Paul was lying about it."
8628,Gemma 4 31B,run_1,Stochastic,1533,1,then,then,accepted,Temporal.Asynchronous,Temporal,0.9962702989578248,Temporal,False,"Sukeshi's claims are highly contradictory, first claiming to be the Seer, then identifying Sian as a Minion and Chris as a Werewolf, and finally admitting, 'I was a fucking werewolf.'"
11638,Gemma 4 31B,run_3,Stochastic,1943,1,then,then,accepted,Temporal.Asynchronous,Temporal,0.9962880611419678,Temporal,False,"Daniel makes two contradictory claims about his role: he first states he was the Insomniac and remained the Insomniac upon waking, but then claims he was the Seer and saw that Kaelan was the Drunk."
10337,Gemma 4 31B,run_2,Stochastic,1764,3,then,then,accepted,Temporal.Asynchronous,Temporal,0.9962961077690125,Temporal,False,"Justin's own claims are contradictory; he claimed to be the Troublemaker but then stated he didn't switch anyone, which is impossible for a Troublemaker."
14003,Gemma 4 31B,greedy_t0,Greedy,2264,2,then,then,accepted,Temporal.Asynchronous,Temporal,0.9963512420654296,Temporal,False,"Mitchell openly claims to be a Werewolf with high confidence ('100% sure', betting money), but then attempts to divert the vote toward James."
5491,Gemma 4 4B,run_2,Stochastic,1021,1,then,then,accepted,Temporal.Asynchronous,Temporal,0.9964566826820374,Temporal,False,"The discussion heavily targets Mike, whose role claims shifted significantly throughout the day phase (e.g., claiming to be an Insomniac, then a Villager, and then insisting he was a Villager the whole time)."
12361,Gemma 4 31B,run_3,Stochastic,2042,2,then,then,accepted,Temporal.Asynchronous,Temporal,0.9966623783111572,Temporal,False,"He first accuses Mike of being the werewolf, then claims to be the Tanner, then immediately denies being the Tanner and asks for votes, and finally claims to be the Robber."
10594,Gemma 4 31B,run_2,Stochastic,1801,1,then,then,accepted,Temporal.Asynchronous,Temporal,0.9967986345291138,Temporal,False,"Justin's claims are highly inconsistent, shifting from accusing Mitchell to claiming he himself is the Werewolf, and then claiming to be the Robber."
13722,Gemma 4 31B,greedy_t0,Greedy,2228,1,then,then,accepted,Temporal.Asynchronous,Temporal,0.9971216320991516,Temporal,False,"Justin's claims are highly inconsistent; he claims to be the Insomniac, then the Seer, then admits to being the Werewolf, and finally claims to be the Tanner."
12143,Gemma 4 31B,run_3,Stochastic,2011,2,then,then,accepted,Temporal.Asynchronous,Temporal,0.997157335281372,Temporal,False,"Mike's behavior is highly suspicious; he claims to be the Revealer and initially identifies Meghan as a Werewolf, but then abruptly changes his story to say he was lying and that she is actually the Tanner."
8868,Gemma 4 31B,run_1,Stochastic,1565,2,then,then,accepted,Temporal.Asynchronous,Temporal,0.9971779584884644,Temporal,False,He then attempts to shift the Werewolf role onto Elliot by claiming Elliot (as the Robber) swapped cards with him.
13756,Gemma 4 31B,greedy_t0,Greedy,2232,1,then,then,accepted,Temporal.Asynchronous,Temporal,0.9972450733184814,Temporal,False,"Justin provides multiple contradictory claims about his role: he first suggests he was switched, then claims he saw the Apprentice Seer in the center (implying he is the Seer), and finally claims he was the Tanner and was robbed by Mitchell."
12790,Gemma 4 31B,run_3,Stochastic,2098,1,then,then,accepted,Temporal.Asynchronous,Temporal,0.9974573254585266,Temporal,False,"The players' claims suggest a sequence of events where the Robber (Mike) stole from the Tanner (Paul), and the Troublemaker (Mitchell) then swapped the current holders of those roles (Mike and Eric)."
4734,Gemma 4 4B,run_1,Stochastic,897,2,then,then,accepted,Temporal.Asynchronous,Temporal,0.9975984692573548,Temporal,False,"He initially claims to be the Robber, then states he is a 'Pirate,' before finally admitting he was the Werewolf (127)."
14185,Gemma 4 31B,greedy_t0,Greedy,2289,1,then,then,accepted,Temporal.Asynchronous,Temporal,0.99762624502182,Temporal,False,"The players' claims form a consistent narrative: Paul started as the Tanner, Mike was the Robber and stole Paul's card (becoming the Tanner), and Mitchell (the Troublemaker) then swapped Mike and Eric (the Insomniac)."
6615,Gemma 4 4B,run_3,Stochastic,1204,2,then,then,accepted,Temporal.Asynchronous,Temporal,0.9977219700813292,Temporal,False,"He initially claims to be the Robber, then pivots to claiming he was the sole Werewolf, and subsequently attempts to frame Caitlynn as the Werewolf."
12758,Gemma 4 31B,run_3,Stochastic,2093,2,then,then,accepted,Temporal.Asynchronous,Temporal,0.9977686405181884,Temporal,False,"He first claimed to be the Tanner [107], then retracted this to say he was a 'lonely nobody' [132], which is inconsistent with the behavior of a real Tanner who would want to be voted out."
11462,Gemma 4 31B,run_3,Stochastic,1919,3,then,then,accepted,Temporal.Asynchronous,Temporal,0.9977715611457824,,False,"If Jacob (Drunk) swapped the Drunk card into the center and then Hunter (Troublemaker) swapped Jacob with Zack, Zack would end up with the Drunk card."
11095,Gemma 4 31B,run_2,Stochastic,1870,2,then,then,accepted,Temporal.Asynchronous,Temporal,0.99785053730011,Temporal,False,"He first claimed to have seen Mike's card and confirmed Mike was the Robber (implying he was the Seer or Robber), then later claimed he was the Tanner, and finally pivoted to urging the group to vote for Alana."
10461,Gemma 4 31B,run_2,Stochastic,1783,2,then,then,accepted,Temporal.Asynchronous,Temporal,0.9978735446929932,Temporal,False,"He first claims to be the Seer who looked at two cards in the center [25], then later claims to be the Robber who switched cards with Dan [111], and then claims to be the Seer again [109]."
13056,Gemma 4 31B,greedy_t0,Greedy,2134,1,then,then,accepted,Temporal.Asynchronous,Temporal,0.9978981018066406,Temporal,False,"Jessica claims to be the Robber and says she robbed Kaelan, but then admits she 'forgot to look' at the card she stole."
9526,Gemma 4 31B,run_1,Stochastic,1655,4,then,then,accepted,Temporal.Asynchronous,Temporal,0.9979438185691832,Temporal,False,"Justin's claims are highly inconsistent, as he claims to be the Insomniac, then claims to have seen cards in the center (a Seer ability), then claims he was a Werewolf, and finally claims to be the Tanner, which is characteristic of a Werewolf attempting to confuse the group."
9255,Gemma 4 31B,run_1,Stochastic,1618,2,then,then,accepted,Temporal.Asynchronous,Temporal,0.9980242252349854,Temporal,False,"She first claims to be the Troublemaker (Line 45), then claims to have performed a Seer action by seeing a Troublemaker and a Werewolf in the center (Line 67), and finally attempts to conflate the two roles (Line 89)."
11348,Gemma 4 31B,run_2,Stochastic,1903,3,then,then,accepted,Temporal.Asynchronous,Temporal,0.9980539083480836,Temporal,False,"James then attempts to reconcile this by suggesting Paul (the Troublemaker) switched him and Mitchell, despite Paul explicitly stating he switched Justin and James."
11580,Gemma 4 31B,run_3,Stochastic,1935,2,then,then,accepted,Temporal.Asynchronous,Temporal,0.9981447458267212,Temporal,False,"Kaelan claims he was the Robber and robbed Jessica, which would make him the Minion, but Kevin (the Troublemaker) then swapped Kaelan and Jessica, potentially returning the Minion role to Jessica."
5439,Gemma 4 4B,run_2,Stochastic,1013,2,then,then,accepted,Temporal.Asynchronous,Temporal,0.9981495141983032,Temporal,False,"He repeatedly shifts his claimed role—from Robber to Werewolf, and then attempting to frame Caitlynn as the Werewolf—which strongly suggests he is attempting to manipulate the narrative."
9653,Gemma 4 31B,run_1,Stochastic,1673,2,then,then,accepted,Temporal.Asynchronous,Temporal,0.9983514547348022,Temporal,False,"He claims to be the Robber (T[45]), then claims he was a Werewolf (T[73], T[117]), and then claims to have seen two Werewolves in the center, which is a Seer's ability (T[86])."
11061,Gemma 4 31B,run_2,Stochastic,1864,1,then,then,accepted,Temporal.Asynchronous,Temporal,0.9983896017074584,Temporal,False,"Justin's claims are highly contradictory: he first claims to be the Robber, then admits to being a Werewolf, and finally claims he saw two Werewolves in the center."
11101,Gemma 4 31B,run_2,Stochastic,1870,3,then,then,accepted,Temporal.Asynchronous,Temporal,0.9984732270240784,Temporal,False,"This erratic behavior—switching from a role with information to a role that wants to die, and then trying to divert suspicion to a quiet player—is strongly indicative of a Werewolf attempting to deceive the group."
10686,Gemma 4 31B,run_2,Stochastic,1813,1,then,then,accepted,Temporal.Asynchronous,Temporal,0.9985700845718384,Temporal,False,"Julie's claims are highly contradictory; she first says she did nothing at night, then claims to be the Tanner, and finally claims she 'woke up and saw the tanner card.'"
7779,Gemma 4 4B,greedy_t0,Greedy,1395,2,then,then,accepted,Temporal.Asynchronous,Temporal,0.998583436012268,Temporal,False,"He initially claims to be the Robber, then asserts he was the sole Werewolf, and later contradicts himself by claiming he saw the Robber card."
5313,Gemma 4 4B,run_2,Stochastic,992,2,then,then,accepted,Temporal.Asynchronous,Temporal,0.9986013770103456,Temporal,False,"James makes a highly suspicious claim that he was a Werewolf, and then asserts that Elliot switched with him, thereby becoming a Werewolf (209, 216)."
7328,Gemma 4 4B,run_3,Stochastic,1315,2,then,then,accepted,Temporal.Asynchronous,Temporal,0.9986304044723512,Temporal,False,He attempts to control the narrative by accusing others (Mike and Eric) and then quickly pivots to suggesting Paul be eliminated.
9180,Gemma 4 31B,run_1,Stochastic,1608,3,then,then,accepted,Temporal.Asynchronous,Temporal,0.9986366629600524,Temporal,False,"If James was the Drunk and swapped with the center, or if Justin (as the Robber) stole the Drunk role from James and then swapped with the center, Justin is the most likely player to currently hold the Werewolf card."
3961,Gemma 4 4B,run_1,Stochastic,772,2,then,then,accepted,Temporal.Asynchronous,Temporal,0.9986423850059508,Temporal,False,"He initially claims to be a Villager, then claims to be the Tanner, and later admits to potentially being a Werewolf because of a Drunk role swap."
11655,Gemma 4 31B,run_3,Stochastic,1947,2,then,then,accepted,Temporal.Asynchronous,Temporal,0.9986568689346312,Temporal,False,"He then attempts to frame Elliot by claiming that Elliot, as the Robber, swapped cards with him, making Elliot the Werewolf."
9527,Gemma 4 31B,run_1,Stochastic,1655,4,then,then,accepted,Temporal.Asynchronous,Temporal,0.998796820640564,Temporal,False,"Justin's claims are highly inconsistent, as he claims to be the Insomniac, then claims to have seen cards in the center (a Seer ability), then claims he was a Werewolf, and finally claims to be the Tanner, which is characteristic of a Werewolf attempting to confuse the group."
8024,Gemma 4 4B,greedy_t0,Greedy,1433,2,then,then,accepted,Temporal.Asynchronous,Temporal,0.9988631010055542,Temporal,False,"He claims to be a Werewolf, then claims to be the Tanner, and later makes confusing statements about being the Drunk, all while denying drinking."
13900,Gemma 4 31B,greedy_t0,Greedy,2252,2,then,then,accepted,Temporal.Asynchronous,Temporal,0.9989438652992249,Temporal,False,"He first claims to be the Seer (by confirming Mike was the Robber), then claims to be the Tanner, and finally attempts to divert the vote toward Alana."
9139,Gemma 4 31B,run_1,Stochastic,1603,1,then,then,accepted,Temporal.Asynchronous,Temporal,0.998969554901123,Temporal,False,"Mike claims to be the Seer and identifies Mitchell as the Werewolf, but then immediately claims to know that Caitlynn was the Drunk."
10655,Gemma 4 31B,run_2,Stochastic,1809,1,then,then,accepted,Temporal.Asynchronous,Temporal,0.9989842772483826,Temporal,False,"Meryl's claims are internally contradictory; she claims to be the Troublemaker but then states she saw the Troublemaker card in the center, which is impossible."
9822,Gemma 4 31B,run_1,Stochastic,1695,2,then,then,accepted,Temporal.Asynchronous,Temporal,0.9990420937538148,,False,"If Mike started as the Robber and stole from Mitchell (the Troublemaker), and then Mitchell (as the Troublemaker) swapped Mike and Alana (the Seer), the final roles would be Mike as the Seer, Alana as the Troublemaker, and Mitchell as the Robber."
12744,Gemma 4 31B,run_3,Stochastic,2091,2,then,then,accepted,Temporal.Asynchronous,Temporal,0.9990504384040833,Temporal,False,"He first claimed to be one of the 'Hunter/Insomniac' pair, then explicitly claimed to be the Hunter, and finally claimed to be a Mason."
6666,Gemma 4 4B,run_3,Stochastic,1211,1,then,then,accepted,Temporal.Asynchronous,Temporal,0.99905663728714,Temporal,False,"Justin's role claims are highly inconsistent throughout the discussion, first claiming to be the Tanner, and then being suggested by Mike to be the Robber."
10207,Gemma 4 31B,run_2,Stochastic,1745,2,then,then,accepted,Temporal.Asynchronous,Temporal,0.9991694688796996,Temporal,False,"He first claims to be the Seer and states that a Werewolf is in the center (suggesting a 'no one' vote), but then suddenly pivots to claim he is the Minion and accuses Jessica of being the Werewolf."
11326,Gemma 4 31B,run_2,Stochastic,1900,2,then,then,accepted,Temporal.Asynchronous,Temporal,0.9991806149482728,Temporal,False,"They both initially claimed to be the Hunter, and then both suddenly claimed to be Masons, which is a strong indicator of bluffing by Team Werewolf (likely a Werewolf and a Minion)."
11120,Gemma 4 31B,run_2,Stochastic,1873,2,then,then,accepted,Temporal.Asynchronous,Temporal,0.9991901516914368,Temporal,False,"He claims to be the Troublemaker ([33]), then suggests he is the Seer ([36]), and in a short span of time, he asks Alana if she was the Tanner ([41]) while simultaneously claiming he thinks she is the Werewolf ([49])."
9952,Gemma 4 31B,run_1,Stochastic,1711,1,then,then,accepted,Temporal.Asynchronous,Temporal,0.9992214441299438,Temporal,False,"James claimed to be the Tanner at [107], but then immediately contradicted this by stating that voting him out would be a 'mistake' at [132]."
12980,Gemma 4 31B,greedy_t0,Greedy,2125,1,then,then,accepted,Temporal.Asynchronous,Temporal,0.9992220401763916,Temporal,False,"Kaelan's claims about his role are highly inconsistent; he first claims to be the Troublemaker, then the Robber, and then claims to be the Robber while describing the actions of a Troublemaker ('I troubled these two')."
6880,Gemma 4 4B,run_3,Stochastic,1247,2,then,then,accepted,Temporal.Asynchronous,Temporal,0.9992232322692872,Temporal,False,"She initially claimed to be the Robber, then claimed to become a Werewolf after a swap, and later suggested she might be the Tanner."
9686,Gemma 4 31B,run_1,Stochastic,1677,3,then,then,accepted,Temporal.Asynchronous,Temporal,0.9992351531982422,Temporal,False,Mitchell then revealed he swapped Caitlynn and Alana.
10934,Gemma 4 31B,run_2,Stochastic,1848,1,then,then,accepted,Temporal.Asynchronous,Temporal,0.9992746710777284,Temporal,False,"Paul's claim to be the Seer is highly contradictory and erratic; he claims to have seen 'thee seer' and then claims to have seen 'two werewolves' (presumably in the center), which is an inconsistent narrative."
7909,Gemma 4 4B,greedy_t0,Greedy,1415,4,then,then,accepted,Temporal.Asynchronous,Temporal,0.9992893934249878,Temporal,False,This pattern of admitting to role manipulation and then attempting to deflect suspicion onto himself strongly suggests he is a Werewolf trying to survive the vote.
9722,Gemma 4 31B,run_1,Stochastic,1682,1,then,then,accepted,Temporal.Asynchronous,Temporal,0.9993365406990052,Temporal,False,"Mike's claims are highly contradictory; he claims to be the Troublemaker, then suggests he is the Seer (or identifies someone else as such), and simultaneously claims Alana is both the Insomniac and the Werewolf."
11198,Gemma 4 31B,run_2,Stochastic,1883,3,then,then,accepted,Temporal.Asynchronous,Temporal,0.9993657469749452,Temporal,False,"Alana's behavior—claiming to be the Troublemaker, contradicting Mike's role, and then admitting she 'fell into a trap'—is consistent with a Minion attempting to protect the Werewolf by creating confusion and diverting suspicion."
9909,Gemma 4 31B,run_1,Stochastic,1705,2,then,then,accepted,Temporal.Asynchronous,Temporal,0.9993699193000792,Temporal,False,"Paul's behavior is highly suspicious; he aggressively frames James as the Tanner and then attempts to shift the vote to Justin without any evidence, stating only that he 'feels good' about the other players."
1256,Gemma 4 2B,run_2,Stochastic,239,2,then,then,accepted,Temporal.Asynchronous,Temporal,0.9993815422058104,Temporal,False,"James directly accuses Justin of being the Werewolf, but then shifts his suspicion onto Mitchell, and Alvin confirms Mitchell as the suspect."
5324,Gemma 4 4B,run_2,Stochastic,994,2,then,then,accepted,Temporal.Asynchronous,Temporal,0.9993914365768432,Temporal,False,"Sukeshi then specifically directs suspicion toward James, suggesting he is a target."
8939,Gemma 4 31B,run_1,Stochastic,1573,2,then,then,accepted,Temporal.Asynchronous,Temporal,0.9993958473205566,Temporal,False,"Justin claimed to be the Troublemaker but then contradicted himself by stating he didn't switch anyone, which is impossible for a Troublemaker."
9132,Gemma 4 31B,run_1,Stochastic,1602,3,then,then,accepted,Temporal.Asynchronous,Temporal,0.9994016885757446,Temporal,False,"He then confusingly claims to be an Insomniac, a role that cannot be achieved through a Troublemaker swap between a Minion and a Werewolf."
9606,Gemma 4 31B,run_1,Stochastic,1667,1,then,then,accepted,Temporal.Asynchronous,Temporal,0.9994022846221924,Temporal,False,"Based on the claims, Katie (Robber) stole Ryan's (Troublemaker) card, and Ryan then swapped Katie and Brett."
9346,Gemma 4 31B,run_1,Stochastic,1629,2,then,then,accepted,Temporal.Asynchronous,Temporal,0.9994170665740968,Temporal,False,"Mike, who claimed to be the Revealer, initially confirmed she was a werewolf but then contradictorily claimed he was lying and that she was the Tanner."
12281,Gemma 4 31B,run_3,Stochastic,2031,1,then,then,accepted,Temporal.Asynchronous,Temporal,0.9994284510612488,Temporal,False,"Mitchell is the most suspicious player due to his contradictory claims; he first claimed to be the Drunk, then claimed to be the Troublemaker who swapped Justin and Paul, and finally admitted he lied about the swap."
10883,Gemma 4 31B,run_2,Stochastic,1840,3,then,then,accepted,Temporal.Asynchronous,Temporal,0.9994340538978576,Temporal,False,"Mitchell, however, is highly inconsistent, claiming to be the Drunk, then the Troublemaker, and then admitting he lied about the Troublemaker's action."
13526,Gemma 4 31B,greedy_t0,Greedy,2202,1,then,then,accepted,Temporal.Asynchronous,Temporal,0.9994702935218812,Temporal,False,Mike's behavior is highly suspicious due to his contradictory claims about Meghan's role; he first identifies her as a Werewolf and then pivots to claiming she is the Tanner.
5163,Gemma 4 4B,run_2,Stochastic,967,3,then,then,accepted,Temporal.Asynchronous,Temporal,0.9994788765907288,Temporal,False,"Crucially, Hunter then explicitly stated, 'I hate to tell you chief, but you're now the werewolf,' directly identifying Zack as the Werewolf."
5670,Gemma 4 4B,run_2,Stochastic,1050,2,then,then,accepted,Temporal.Asynchronous,Temporal,0.9995014667510986,Temporal,False,"He initially claims to be the Tanner, but then contradicts himself by stating he was actually a Werewolf, before finally settling on being the Robber."
4264,Gemma 4 4B,run_1,Stochastic,822,2,then,then,accepted,Temporal.Asynchronous,Temporal,0.9995194673538208,Temporal,False,"He initially claims to be the Robber, a Village role, but then shifts his story to claim he was the Werewolf, and later attempts to justify this change."
10998,Gemma 4 31B,run_2,Stochastic,1855,4,then,then,accepted,Temporal.Asynchronous,Temporal,0.9995239973068236,Temporal,False,"Furthermore, Mike's claims are highly contradictory, as he claims to be the Seer, then the Werewolf, and then claims to have seen a Werewolf in the center, making him the most likely candidate for elimination."
14089,Gemma 4 31B,greedy_t0,Greedy,2277,2,then,then,accepted,Temporal.Asynchronous,Temporal,0.9995259046554564,Temporal,False,"He first claims to be the Robber who robbed Paul (line 89), and then, when prompted by James, he agrees that he is the Troublemaker (line 105), despite the fact that he never previously made that claim."
5562,Gemma 4 4B,run_2,Stochastic,1033,2,then,then,accepted,Temporal.Asynchronous,Temporal,0.9995266199111938,Temporal,False,"He admits to having a card swap and then attempts to manipulate the group into voting for him, stating a '60% chance that I'm a bad dude.'"
9614,Gemma 4 31B,run_1,Stochastic,1668,1,then,then,accepted,Temporal.Asynchronous,Temporal,0.9995561242103576,Temporal,False,"Justin's behavior is highly erratic and contradictory; he claims to be the 'PI' (likely meaning Seer), repeatedly asks to be voted out (mimicking the Tanner), and then attempts to shift the vote toward Mitchell."
11996,Gemma 4 31B,run_3,Stochastic,1994,3,then,then,accepted,Temporal.Asynchronous,Temporal,0.99960857629776,,False,"If Paul (Robber) stole the Troublemaker card from Justin and then swapped Justin (now Robber) with Mitchell (Werewolf), Justin would end the night as the Werewolf."
2251,Gemma 4 2B,run_3,Stochastic,439,1,then,then,accepted,Temporal.Asynchronous,Temporal,0.999626636505127,Temporal,False,"The discussion heavily revolves around identifying the Werewolf and the Tanner, with Justin accusing Mitchell of being the Tanner and then implying Mitchell is the Werewolf."
13763,Gemma 4 31B,greedy_t0,Greedy,2233,2,then,then,accepted,Temporal.Asynchronous,Temporal,0.9996317625045776,Temporal,False,"He initially denied being a Werewolf, then claimed to be the Tanner, and finally claimed to be the Robber."
7522,Gemma 4 4B,greedy_t0,Greedy,1349,3,then,then,accepted,Temporal.Asynchronous,Temporal,0.9996532201766968,Temporal,False,"Hunter then stated that Zack was 'now the werewolf,' which is a direct consequence of the Robber's ability if they swapped with a Werewolf."
10321,Gemma 4 31B,run_2,Stochastic,1762,3,then,then,accepted,Temporal.Asynchronous,Temporal,0.9996635913848876,Temporal,False,"Justin (Troublemaker) then swapped two players; since both Paul and Justin subsequently suspect Laura, it is highly probable that Justin swapped the Werewolf card from Mitchell to Laura."
10476,Gemma 4 31B,run_2,Stochastic,1785,1,then,then,accepted,Temporal.Asynchronous,Temporal,0.9996930360794068,Temporal,False,"Mike's claims are inconsistent; he initially suggested he was the Insomniac and then pivoted to claiming he was a Villager, offering a weak excuse that he only said it to see if others would react."
13948,Gemma 4 31B,greedy_t0,Greedy,2258,1,then,then,accepted,Temporal.Asynchronous,Temporal,0.9996951818466188,Temporal,False,"Mike's claims to be the Seer/Copycat are contradictory and highly suspicious, as he first claims he didn't see a werewolf in the center and then changes his story."
3357,Gemma 4 2B,greedy_t0,Greedy,655,2,then,then,accepted,Temporal.Asynchronous,Temporal,0.99972265958786,Temporal,False,"Justin aggressively claimed to have been the Werewolf and then suggested killing Mitchell, which suggests he might be attempting to deflect suspicion."
7504,Gemma 4 4B,greedy_t0,Greedy,1345,2,then,then,accepted,Temporal.Asynchronous,Temporal,0.999723255634308,Temporal,False,"He initially claims to be a Villager, but later admits to being a Werewolf due to drinking, and then attempts to frame himself as the Tanner."
1639,Gemma 4 2B,run_2,Stochastic,318,2,then,then,accepted,Temporal.Asynchronous,Temporal,0.9997283816337584,Temporal,False,"However, Mitchell explicitly suggests Justin is the werewolf, and Justin himself claims to have seen a werewolf and then immediately pivots to claiming to be the Tanner."
6579,Gemma 4 4B,run_3,Stochastic,1199,2,then,then,accepted,Temporal.Asynchronous,Temporal,0.9997382760047911,Temporal,False,"He claimed to be the Seer and stated he saw the Werewolf, but then immediately pivoted and accused Alvin, which is a common tactic for a Werewolf attempting to deflect suspicion."
5934,Gemma 4 4B,run_2,Stochastic,1093,1,then,then,accepted,Temporal.Asynchronous,Temporal,0.9997527003288268,Temporal,False,"DeAndre is the most suspicious player because he immediately claimed to be a Werewolf (T22) and then attempted to frame Katie by claiming she received his Werewolf card (T50, T52)."
10263,Gemma 4 31B,run_2,Stochastic,1754,2,then,then,accepted,Temporal.Asynchronous,Temporal,0.9997536540031432,Temporal,False,"According to the game rules, the Robber swaps their card with another player's card and then looks at the new card; since there is only one Robber card in the game, it is logically impossible for the Robber to find the Robber card on another player."
10186,Gemma 4 31B,run_2,Stochastic,1742,4,then,then,accepted,Temporal.Asynchronous,Temporal,0.9997556805610656,Temporal,False,"Sean's behavior was inconsistent, as he claimed to be the Tanner and then later claimed to be a Villager, increasing suspicion."
8499,Gemma 4 4B,greedy_t0,Greedy,1509,2,then,then,accepted,Temporal.Asynchronous,Temporal,0.9997602105140686,Temporal,False,"However, Paul made a direct claim of being a Werewolf early in the discussion (40) and then attempted to retract that claim later (73, 133)."
8856,Gemma 4 31B,run_1,Stochastic,1563,2,then,then,accepted,Temporal.Asynchronous,Temporal,0.9997887015342712,Temporal,False,"He states that when he robbed Jessica, he saw the Robber card; however, the Robber swaps their own card with another player's and then looks at the new card."
11295,Gemma 4 31B,run_2,Stochastic,1896,3,then,then,accepted,Temporal.Asynchronous,Temporal,0.999811351299286,Temporal,False,"Paul claims James is the Tanner and then inconsistently suggests Justin is the only possible Werewolf, despite claiming he only looked at James."
5253,Gemma 4 4B,run_2,Stochastic,981,1,then,then,accepted,Temporal.Asynchronous,Temporal,0.9998416900634766,Temporal,False,"Daniel, claiming to be the Seer, explicitly stated that he saw a Werewolf and then directly accused Jessica of being the Werewolf."
8290,Gemma 4 4B,greedy_t0,Greedy,1475,2,then,then,accepted,Temporal.Asynchronous,Temporal,0.9998561143875122,Temporal,False,"He then attempted to steer the vote toward Katie, claiming she possessed his Werewolf card (50), which suggests he is trying to manipulate the outcome."
9008,Gemma 4 31B,run_1,Stochastic,1585,1,then,then,accepted,Temporal.Asynchronous,Temporal,0.999863624572754,Temporal,False,"Justin's behavior is highly suspicious; he claimed to be the Seer only after Mitchell had already made that claim, and then asserted that he saw a Werewolf in the center."
7907,Gemma 4 4B,greedy_t0,Greedy,1415,3,then,then,accepted,Temporal.Asynchronous,Temporal,0.9998890161514282,Temporal,False,"Furthermore, he actively discussed the mechanics of how he might have acquired a Werewolf role and then preemptively suggested he had a high probability of being a 'bad dude.'"
12112,Gemma 4 31B,run_3,Stochastic,2007,3,then,then,accepted,Temporal.Asynchronous,Temporal,0.9998916387557985,Temporal,False,"Justin then claimed to be the Werewolf while simultaneously calling Caitlynn the Tanner, a manipulative move likely intended to divert suspicion or confuse the village."
12523,Gemma 4 31B,run_3,Stochastic,2063,2,then,then,accepted,Temporal.Asynchronous,Temporal,0.999896764755249,Temporal,False,"He then attempted to divert the group's attention by urging them to 'vote left' and explicitly stating, 'Just don't vote for me, that's for sure' ([161])."
9239,Gemma 4 31B,run_1,Stochastic,1616,2,then,then,accepted,Temporal.Asynchronous,Temporal,0.9999018907546996,Temporal,False,"However, he then contradicts himself by claiming he knows at least one other player is lying, while simultaneously suggesting that the group should vote in a way that ensures no one is eliminated."
9868,Gemma 4 31B,run_1,Stochastic,1700,3,then,then,accepted,Temporal.Asynchronous,Temporal,0.9999022483825684,Temporal,False,"Mike's behavior is highly suspicious, as he first claims to be the Troublemaker and then switches his claim to the Tanner, a common bluff used by Werewolves to avoid being voted out."
4068,Gemma 4 4B,run_1,Stochastic,790,1,then,then,accepted,Temporal.Asynchronous,Temporal,0.9999197721481324,Temporal,False,"Daniel, claiming to be the Seer, explicitly stated in the transcript that he saw a Werewolf and then named Jessica as the Werewolf."
4018,Gemma 4 4B,run_1,Stochastic,781,2,then,then,accepted,Temporal.Asynchronous,Temporal,0.99994957447052,Temporal,False,"He claimed to have been the Robber and then swapped to the Insomniac, and subsequently claimed knowledge of Clint's previous role."
8773,Gemma 4 31B,run_1,Stochastic,1552,5,then,then,accepted,Temporal.Asynchronous,Temporal,0.9999619722366332,Temporal,False,"Since Jessica (the starting Minion) reported seeing no Werewolf, the Werewolf card must have been in the center, which Daniel then swapped into his hand."
13425,Gemma 4 31B,greedy_t0,Greedy,2188,2,then,then,accepted,Temporal.Asynchronous,Temporal,0.9999688863754272,Temporal,False,"Furthermore, Paul claimed to have information but did not specify a role, and then aggressively accused both other players of being werewolves, a common strategy for Werewolves to divert suspicion."
12585,Gemma 4 31B,run_3,Stochastic,2070,3,then,then,accepted,Temporal.Asynchronous,Temporal,0.999970316886902,Temporal,False,"According to Mike's explanation, Mitchell (the Robber) robbed Justin, and then Mike switched Justin (who now held the Robber card) with Paul (the Seer)."
13686,Gemma 4 31B,greedy_t0,Greedy,2223,3,then,then,accepted,Temporal.Asynchronous,Temporal,0.999988317489624,Temporal,False,"Paul then swapped the Seer card for a card in the center, and since Mitchell confirmed a Werewolf was in the center, Paul is the only player who could have ended the night as a Werewolf."
11113,Gemma 4 31B,run_2,Stochastic,1872,1,then,then,rejected_nosense,NoSense,,0.5103393793106079,Temporal,False,"Mitchell made several contradictory claims throughout the discussion, first claiming to be the Tanner, then the Seer, and finally admitting to being the Werewolf."
12974,Gemma 4 31B,greedy_t0,Greedy,2124,3,then,then,rejected_nosense,NoSense,,0.5618398189544678,Temporal,False,"Sean's behavior is erratic, claiming to be the Tanner and then a Villager, which increases suspicion."
13852,Gemma 4 31B,greedy_t0,Greedy,2246,1,then,then,rejected_nosense,NoSense,,0.5652844905853271,Temporal,False,"Justin's claims are completely contradictory throughout the discussion; he claims to be the Robber, then a Werewolf, then a Seer (claiming to see two Werewolves in the center), and then a Werewolf again."
9711,Gemma 4 31B,run_1,Stochastic,1681,1,then,then,rejected_nosense,NoSense,,0.5860857367515564,Temporal,False,"Mitchell's claims are highly inconsistent, as he claims to be the Tanner, then the Seer, and finally the Werewolf."
12331,Gemma 4 31B,run_3,Stochastic,2037,2,then,then,rejected_nosense,NoSense,,0.600005567073822,Temporal,False,"Mike and Paul provide a consistent narrative as the Robber and Troublemaker, respectively, and their combined actions (Robber robbing Mitchell, then Troublemaker swapping Mike and Mitchell) would return Mitchell to his original role."
10996,Gemma 4 31B,run_2,Stochastic,1855,4,then,then,rejected_nosense,NoSense,,0.6085854172706604,Temporal,False,"Furthermore, Mike's claims are highly contradictory, as he claims to be the Seer, then the Werewolf, and then claims to have seen a Werewolf in the center, making him the most likely candidate for elimination."
13678,Gemma 4 31B,greedy_t0,Greedy,2222,3,then,then,rejected_nosense,NoSense,,0.6147043704986572,Temporal,False,"Mitchell, however, has been highly erratic, claiming to be the Drunk, then the Troublemaker, and subsequently admitting he lied about switching players."
4792,Gemma 4 4B,run_1,Stochastic,907,2,then,then,rejected_nosense,NoSense,,0.62486332654953,Temporal,False,"However, Justin exhibits the most inconsistent and contradictory behavior, claiming to be a Copycat, then a Tanner, and then denying those roles."
1489,Gemma 4 2B,run_2,Stochastic,287,1,then,then,rejected_nosense,NoSense,,0.641751766204834,Temporal,False,"Justin makes conflicting claims about his role, stating he is the Werewolf, then the Tanner, and denying being the Drunk."
12469,Gemma 4 31B,run_3,Stochastic,2055,1,then,then,rejected_nosense,NoSense,,0.6938571333885193,Temporal,False,"Justin's claims are completely contradictory throughout the discussion; he claims to be the Robber, then a Werewolf, and then a Seer who saw two Werewolves in the center."
13855,Gemma 4 31B,greedy_t0,Greedy,2246,1,then,then,rejected_nosense,NoSense,,0.7005696892738342,Temporal,False,"Justin's claims are completely contradictory throughout the discussion; he claims to be the Robber, then a Werewolf, then a Seer (claiming to see two Werewolves in the center), and then a Werewolf again."
12467,Gemma 4 31B,run_3,Stochastic,2055,1,then,then,rejected_nosense,NoSense,,0.7032101154327393,Temporal,False,"Justin's claims are completely contradictory throughout the discussion; he claims to be the Robber, then a Werewolf, and then a Seer who saw two Werewolves in the center."
8764,Gemma 4 31B,run_1,Stochastic,1551,3,then,then,rejected_nosense,NoSense,,0.7038904428482056,Temporal,False,"Sean's behavior is highly suspicious, as he inconsistently claimed to be the Tanner and then a Villager, suggesting he is attempting to deceive the group to avoid elimination."
6967,Gemma 4 4B,run_3,Stochastic,1261,2,then,then,rejected_nosense,NoSense,,0.7216548919677734,Temporal,False,"While Mike has made conflicting claims throughout the discussion (claiming to be a Tanner, then a Werewolf), James's declaration provides strong evidence of his alignment."
11933,Gemma 4 31B,run_3,Stochastic,1985,2,then,then,rejected_nosense,NoSense,,0.7238903641700745,,False,"If James is the Seer, then both Mike and Mitchell are lying about being the Seer."
10881,Gemma 4 31B,run_2,Stochastic,1840,3,then,then,rejected_nosense,NoSense,,0.7422532439231873,Temporal,False,"Mitchell, however, is highly inconsistent, claiming to be the Drunk, then the Troublemaker, and then admitting he lied about the Troublemaker's action."
13268,Gemma 4 31B,greedy_t0,Greedy,2166,3,then,then,rejected_nosense,NoSense,,0.7675150632858276,Temporal,False,"Justin's behavior—claiming to be the Robber, then the Drunk, and finally explicitly claiming to be the Tanner—is highly characteristic of a Tanner attempting to attract votes."
460,Gemma 4 2B,run_1,Stochastic,89,2,then,then,rejected_nosense,NoSense,,0.7821925282478333,Temporal,False,"Meryl is particularly suspicious as she claims to be the Seer, then the Werewolf, and finally the Tanner, suggesting she may be attempting to mislead the group."
9069,Gemma 4 31B,run_1,Stochastic,1593,3,then,then,rejected_nosense,NoSense,,0.7880710363388062,Temporal,False,"While Justin's behavior is suspicious (claiming to be the Robber and then the Tanner), this is consistent with the role of the Tanner."
13914,Gemma 4 31B,greedy_t0,Greedy,2254,1,then,then,rejected_nosense,NoSense,,0.8007148504257202,Temporal,False,"Mitchell's behavior is highly erratic, claiming to be the Tanner, then the Seer, and finally the Werewolf."
11670,Gemma 4 31B,run_3,Stochastic,1948,2,then,then,rejected_nosense,NoSense,,0.8165225982666016,Temporal,False,"If Ashley's claim of being the Troublemaker and swapping Sukeshi and Elliot is true, and Sukeshi started as the Tanner, then Sukeshi would now be the Werewolf if Elliot started as one."
14178,Gemma 4 31B,greedy_t0,Greedy,2288,3,then,then,rejected_nosense,NoSense,,0.8312059640884399,,False,"However, if Justin is the Tanner, then the Tanner cannot be in the center, meaning Mitchell is lying."
12558,Gemma 4 31B,run_3,Stochastic,2067,3,then,then,rejected_nosense,NoSense,,0.8399747014045715,,False,"If Mike was the Werewolf and was swapped with Paul, then Paul is now the Werewolf."
5489,Gemma 4 4B,run_2,Stochastic,1021,1,then,then,rejected_nosense,NoSense,,0.8696766495704651,Temporal,False,"The discussion heavily targets Mike, whose role claims shifted significantly throughout the day phase (e.g., claiming to be an Insomniac, then a Villager, and then insisting he was a Villager the whole time)."
8960,Gemma 4 31B,run_1,Stochastic,1575,3,then,then,rejected_nosense,NoSense,,0.8698684573173523,Temporal,False,"Justin's shifting claims (first claiming Copycat, then Robber) make him the most suspicious player in the group."
9017,Gemma 4 31B,run_1,Stochastic,1586,4,then,then,rejected_nosense,NoSense,,0.9111393690109252,,False,"If Justin was the Werewolf and was swapped with Caitlynn, then Caitlynn is now the Werewolf."
11860,Gemma 4 31B,run_3,Stochastic,1977,3,then,then,rejected_nosense,NoSense,,0.9155505895614624,,False,"If these claims are true, then no player is currently a werewolf, and the Village wins by voting 'No Werewolf'."
12715,Gemma 4 31B,run_3,Stochastic,2087,3,then,then,rejected_nosense,NoSense,,0.919633686542511,,False,"If James is the Seer and telling the truth, then no player is a Werewolf, and Team Village wins by voting 'No Werewolf'."
10713,Gemma 4 31B,run_2,Stochastic,1815,4,then,then,rejected_nosense,NoSense,,0.9297621846199036,,False,"If their claims are true, particularly Julie's observation that Justin was the Drunk, then Justin cannot be the Werewolf, and it is likely that all Werewolf cards are in the center."
10203,Gemma 4 31B,run_2,Stochastic,1744,4,then,then,rejected_nosense,NoSense,,0.9333052039146424,,False,"If Jessica is the Minion and saw no Werewolves, then all Werewolf cards must be in the center, meaning Team Village wins if no one is voted out."
11559,Gemma 4 31B,run_3,Stochastic,1932,2,then,then,rejected_nosense,NoSense,,0.935033082962036,,False,"If this information is accurate, then no player is currently a Werewolf."
12034,Gemma 4 31B,run_3,Stochastic,1998,3,then,then,rejected_nosense,NoSense,,0.939813792705536,,False,"If all three players are telling the truth about their roles (Seer, Robber, and Insomniac), then no player is a Werewolf, and the Werewolf card must be in the center."
13162,Gemma 4 31B,greedy_t0,Greedy,2148,3,then,then,rejected_nosense,NoSense,,0.9402658343315125,,False,"If Tyler is the Seer and saw the Werewolf card in the center, then no player is currently a Werewolf."
10420,Gemma 4 31B,run_2,Stochastic,1777,4,then,then,rejected_nosense,NoSense,,0.9431492686271667,,False,"If Justin was the starting Werewolf and was swapped with Caitlynn, then Caitlynn is the current Werewolf."
8161,Gemma 4 4B,greedy_t0,Greedy,1455,2,then,then,rejected_nosense,NoSense,,0.953478455543518,Temporal,False,"However, Dustin exhibits the most suspicious behavior by claiming multiple, conflicting roles throughout the discussion—first Insomniac, then Tanner, and finally claiming to be a Werewolf."
12755,Gemma 4 31B,run_3,Stochastic,2092,3,then,then,rejected_nosense,NoSense,,0.9546281695365906,,False,"If Paul's swap is legitimate and Justin was the starting Werewolf, then Laura is now the Werewolf."
12769,Gemma 4 31B,run_3,Stochastic,2095,3,then,then,rejected_nosense,NoSense,,0.9551279544830322,,False,"If the Werewolf card is in the center, then no player is a Werewolf, and Team Village wins by voting for 'No Werewolf'."
12927,Gemma 4 31B,greedy_t0,Greedy,2117,2,then,then,rejected_nosense,NoSense,,0.9565095901489258,,False,"However, Margaret explicitly calls Clint 'the worst liar' and notes that if Clint's swap actually occurred and Erin was the Werewolf, then Margaret herself would now be the Werewolf."
13667,Gemma 4 31B,greedy_t0,Greedy,2221,2,then,then,rejected_nosense,NoSense,,0.9580671787261964,,False,"If this claim is true, then no player currently holds a Werewolf card."
8216,Gemma 4 4B,greedy_t0,Greedy,1463,3,then,then,rejected_nosense,NoSense,,0.9600011110305786,,False,"If this claim is accurate, then no player among Justin, Mitchell, Paul, or Mike holds the Werewolf card."
12347,Gemma 4 31B,run_3,Stochastic,2039,3,then,then,rejected_nosense,NoSense,,0.9600513577461244,,False,"If Paul's claim is truthful, then no player currently holds a werewolf card, meaning Team Village wins by voting 'No Werewolf'."
10090,Gemma 4 31B,run_2,Stochastic,1729,3,then,then,rejected_nosense,NoSense,,0.9620118737220764,,False,"If Jacob's claim is true and there is only one Werewolf in the game, then no player is a Werewolf."
12095,Gemma 4 31B,run_3,Stochastic,2005,3,then,then,rejected_nosense,NoSense,,0.9652203917503356,,False,"If Justin, Mike, and Julie are their claimed roles and Mitchell is the Tanner, then no player holds the Werewolf card, and the Werewolf cards must be in the center."
14000,Gemma 4 31B,greedy_t0,Greedy,2264,1,then,then,rejected_nosense,NoSense,,0.969115912914276,Temporal,False,"James exhibits classic Tanner behavior by repeatedly begging to be voted out ('Vote for me', 'Kill James with me') and contradicting his own role claims multiple times (claiming to be the Witch, then the Troublemaker, then the Werewolf)."
14165,Gemma 4 31B,greedy_t0,Greedy,2286,4,then,then,rejected_nosense,NoSense,,0.9766383171081544,Temporal,False,"Paul's subsequent contradictory claims (Robber, then Hunter) and his attempt to frame Laura are consistent with a Tanner trying to attract votes or a confused player, whereas James's attempts to claim multiple village roles are typical of a Werewolf trying to blend in."
12392,Gemma 4 31B,run_3,Stochastic,2045,3,then,then,rejected_nosense,NoSense,,0.9787346124649048,Temporal,False,"If Brett, Dustin, and Pete are their claimed roles (Seer, Drunk, and Robber), and Katie is the Tanner, then all Werewolf cards must be in the center."
13853,Gemma 4 31B,greedy_t0,Greedy,2246,1,then,then,rejected_nosense,NoSense,,0.984346091747284,Temporal,False,"Justin's claims are completely contradictory throughout the discussion; he claims to be the Robber, then a Werewolf, then a Seer (claiming to see two Werewolves in the center), and then a Werewolf again."
13585,Gemma 4 31B,greedy_t0,Greedy,2210,3,then,then,rejected_nosense,NoSense,,0.9867196679115297,Temporal,False,"Paul's claims are highly inconsistent (claiming to be the Troublemaker, then the Minion, then the Hunter), making him unreliable."
12211,Gemma 4 31B,run_3,Stochastic,2019,4,then,then,rejected_nosense,NoSense,,0.9898518323898317,Temporal,False,"Paul's inconsistent claims (first Troublemaker, then Hunter) suggest he was either the original Werewolf/Minion or is bluffing, but the swap makes Mitchell the primary target for elimination."
14001,Gemma 4 31B,greedy_t0,Greedy,2264,1,then,then,rejected_nosense,NoSense,,0.9902426600456238,Temporal,False,"James exhibits classic Tanner behavior by repeatedly begging to be voted out ('Vote for me', 'Kill James with me') and contradicting his own role claims multiple times (claiming to be the Witch, then the Troublemaker, then the Werewolf)."
12878,Gemma 4 31B,greedy_t0,Greedy,2110,2,then,then,rejected_nosense,NoSense,,0.9913721084594728,Temporal,False,"According to the game rules, the Drunk always swaps their card with one from the center, meaning it is logically impossible for any player to end the night as the Drunk (unless they were the Doppelganger, but even then, the copied Drunk role would have swapped the card away)."
13586,Gemma 4 31B,greedy_t0,Greedy,2210,3,then,then,rejected_nosense,NoSense,,0.9939047694206238,Temporal,False,"Paul's claims are highly inconsistent (claiming to be the Troublemaker, then the Minion, then the Hunter), making him unreliable."
8728,Gemma 4 31B,run_1,Stochastic,1546,3,then,then,rejected_nosense,NoSense,,0.9963584542274476,Temporal,False,"Margaret's claims are inconsistent (first Troublemaker, then Robber), but her final claim of being the Robber who swapped with Clint (the Hunter) is internally consistent with her stating she is the Hunter now."
11399,Gemma 4 31B,run_2,Stochastic,1909,3,then,then,rejected_nosense,NoSense,,0.9989036321640016,Temporal,False,"Mitchell's erratic claims (Hunter, then Tanner, then Werewolf) are characteristic of a Tanner attempting to attract votes."
11277,Gemma 4 31B,run_2,Stochastic,1894,3,then,then,rejected_nosense,NoSense,,0.9997116923332214,Temporal,False,"Following the night action order (Seer, then Robber, then Troublemaker), if these claims are true, Mitchell (Seer) saw Tyler (Copycat/Werewolf), Tyler took the Seer card, and James swapped them back, meaning Tyler ended the night as the Werewolf and Mitchell as the Seer."
9308,Gemma 4 31B,run_1,Stochastic,1624,4,then,then,rejected_nosense,NoSense,,0.9998026490211488,Temporal,False,"Justin's erratic claims (Werewolf, then Tanner, then Drunk) are characteristic of a Tanner or a Drunk, and voting him out would either result in a Tanner win or a failure to eliminate a Werewolf."
11278,Gemma 4 31B,run_2,Stochastic,1894,3,then,then,rejected_nosense,NoSense,,0.9999200105667114,Temporal,False,"Following the night action order (Seer, then Robber, then Troublemaker), if these claims are true, Mitchell (Seer) saw Tyler (Copycat/Werewolf), Tyler took the Seer card, and James swapped them back, meaning Tyler ended the night as the Werewolf and Mitchell as the Seer."
11400,Gemma 4 31B,run_2,Stochastic,1909,3,then,then,rejected_nosense,NoSense,,0.9999445676803588,Temporal,False,"Mitchell's erratic claims (Hunter, then Tanner, then Werewolf) are characteristic of a Tanner attempting to attract votes."
14128,Gemma 4 31B,greedy_t0,Greedy,2283,3,then,then,rejected_nosense,NoSense,,0.9999450445175172,Temporal,False,"Following the night action order (Robber then Troublemaker), if Mitchell robbed Laura (Villager) and Paul then swapped Justin (Werewolf) and Laura (now Robber), Laura would end the night as the Werewolf."
9309,Gemma 4 31B,run_1,Stochastic,1624,4,then,then,rejected_nosense,NoSense,,0.9999693632125854,Temporal,False,"Justin's erratic claims (Werewolf, then Tanner, then Drunk) are characteristic of a Tanner or a Drunk, and voting him out would either result in a Tanner win or a failure to eliminate a Werewolf."
