occurrence_id,justification_id,model,game_id,run_label,run_number,decoding_group,marker,category,matched_text,start,end,component_variant,gap_tokens,sentence,match_type,sentence_id,sentence_text,char_spans,alignment_status,discopy_occurrence_id,discopy_surface,discopy_raw_sense,discopy_top_level,discopy_confidence,category_changed,is_coverage_evidence,is_classification_evidence,sent_start,sent_end,triage
11,2,Gemma 4 2B,Ego4D / 0c2659db-7bd4-4b37-9b08-4e247befe382 / Game4,run_1,1,Stochastic,given,Contingency,Given,130,135,,0,,contiguous,2,"Given the high suspicion surrounding the Werewolf role and the goal of Team Village to eliminate a Werewolf, voting for Elliot is a strategic move, as he is a plausible target and potentially a Werewolf, which would secure a win for Team Village.",130-135,NOT_A_CANDIDATE_FORM_OUTSIDE_INVENTORY,,,,,,,True,False,0,5,CLAUSE_INITIAL_PLAUSIBLE
21,3,Gemma 4 2B,Ego4D / 0c2659db-7bd4-4b37-9b08-4e247befe382 / Game5,run_1,1,Stochastic,with,Contingency,with,171,175,,0,,contiguous,2,"While the transcript is filled with role swaps and bluffs, targeting the most heavily accused player maximizes the chance of eliminating a Werewolf and securing Team Village's win condition.",171-175,NOT_A_CANDIDATE_FORM_OUTSIDE_INVENTORY,,,,,,,True,False,31,35,NON_CONNECTIVE_LIKELY
31,5,Gemma 4 2B,Ego4D / 0c2659db-7bd4-4b37-9b08-4e247befe382 / Game7,run_1,1,Stochastic,with,Contingency,with,239,243,,0,,contiguous,2,"While several players make claims about their roles or who they swapped with, there is no concrete evidence that confirms any player is currently a Werewolf.",239-243,NOT_A_CANDIDATE_FORM_OUTSIDE_INVENTORY,,,,,,,True,False,72,76,NON_CONNECTIVE_LIKELY
39,7,Gemma 4 2B,Ego4D / 0c2659db-7bd4-4b37-9b08-4e247befe382 / Game9,run_1,1,Stochastic,with,Contingency,with,36,40,,0,,contiguous,1,"The discussion is highly confusing, with multiple players claiming different roles, especially the Villager role.",36-40,NOT_A_CANDIDATE_FORM_OUTSIDE_INVENTORY,,,,,,,True,False,36,40,CLAUSE_INITIAL_PLAUSIBLE
42,7,Gemma 4 2B,Ego4D / 0c2659db-7bd4-4b37-9b08-4e247befe382 / Game9,run_1,1,Stochastic,given,Contingency,Given,215,220,,0,,contiguous,3,"Given the high level of uncertainty and the need to eliminate a Werewolf to secure a victory for Team Village, targeting the player who is most frequently implicated by other players is the safest choice.",215-220,NOT_A_CANDIDATE_FORM_OUTSIDE_INVENTORY,,,,,,,True,False,0,5,CLAUSE_INITIAL_PLAUSIBLE
58,10,Gemma 4 2B,Ego4D / 1a0d3e22-a6d6-4723-91a0-52fc2c87d5ce / Game6,run_1,1,Stochastic,particularly,Expansion,particularly,59,71,,0,,contiguous,1,"The discussion heavily implies the presence of Werewolves, particularly when players debate the number of Werewolves in a deck.",59-71,NOT_A_CANDIDATE_FORM_OUTSIDE_INVENTORY,,,,,,,True,False,59,71,NON_CONNECTIVE_LIKELY
63,10,Gemma 4 2B,Ego4D / 1a0d3e22-a6d6-4723-91a0-52fc2c87d5ce / Game6,run_1,1,Stochastic,with,Contingency,with,364,368,,0,,contiguous,3,"To maximize the chances of Team Village winning, I will vote for Hunter, as he made a direct claim about his role that could be a lie, aligning with the goal of eliminating a Werewolf.",364-368,NOT_A_CANDIDATE_FORM_OUTSIDE_INVENTORY,,,,,,,True,False,144,148,NON_CONNECTIVE_LIKELY
74,13,Gemma 4 2B,Ego4D / 1a0d3e22-a6d6-4723-91a0-52fc2c87d5ce / Game9,run_1,1,Stochastic,with,Contingency,with,77,81,,0,,contiguous,1,"The discussion centers heavily on the possibility that Zack is the Werewolf, with Jacob suggesting Sean is the Robber who switched cards with Zack to cover up.",77-81,NOT_A_CANDIDATE_FORM_OUTSIDE_INVENTORY,,,,,,,True,False,77,81,UNCLEAR
75,13,Gemma 4 2B,Ego4D / 1a0d3e22-a6d6-4723-91a0-52fc2c87d5ce / Game9,run_1,1,Stochastic,with,Contingency,with,137,141,,0,,contiguous,1,"The discussion centers heavily on the possibility that Zack is the Werewolf, with Jacob suggesting Sean is the Robber who switched cards with Zack to cover up.",137-141,NOT_A_CANDIDATE_FORM_OUTSIDE_INVENTORY,,,,,,,True,False,77,81,UNCLEAR
80,14,Gemma 4 2B,Ego4D / 2ba4023c-a8bf-43ad-ad5a-80ba222ce990 / Game10,run_1,1,Stochastic,with,Contingency,with,265,269,,0,,contiguous,2,"Tyler claims the Troublemaker role and engages in complex arguments designed to deflect suspicion, which aligns with the behavior of a Werewolf trying to sow discord.",265-269,NOT_A_CANDIDATE_FORM_OUTSIDE_INVENTORY,,,,,,,True,False,112,116,NON_CONNECTIVE_LIKELY
81,14,Gemma 4 2B,Ego4D / 2ba4023c-a8bf-43ad-ad5a-80ba222ce990 / Game10,run_1,1,Stochastic,given,Contingency,Given,320,325,,0,,contiguous,3,"Given the high level of deception and the focus on who is lying, Tyler is the most likely candidate to be the Werewolf.",320-325,NOT_A_CANDIDATE_FORM_OUTSIDE_INVENTORY,,,,,,,True,False,0,5,CLAUSE_INITIAL_PLAUSIBLE
90,15,Gemma 4 2B,Ego4D / 2ba4023c-a8bf-43ad-ad5a-80ba222ce990 / Game6,run_1,1,Stochastic,given,Contingency,Given,337,342,,0,,contiguous,4,"Given the high level of suspicion directed at Clint, he is the primary target to eliminate a potential Werewolf.",337-342,NOT_A_CANDIDATE_FORM_OUTSIDE_INVENTORY,,,,,,,True,False,0,5,CLAUSE_INITIAL_PLAUSIBLE
94,16,Gemma 4 2B,Ego4D / 2ba4023c-a8bf-43ad-ad5a-80ba222ce990 / Game7,run_1,1,Stochastic,given,Contingency,Given,261,266,,0,,contiguous,3,"Given the goal is to eliminate a Werewolf, targeting the player who is the subject of the most direct suspicion is the most logical move to maximize the chance of winning.",261-266,NOT_A_CANDIDATE_FORM_OUTSIDE_INVENTORY,,,,,,,True,False,0,5,CLAUSE_INITIAL_PLAUSIBLE
99,17,Gemma 4 2B,Ego4D / 2ba4023c-a8bf-43ad-ad5a-80ba222ce990 / Game8,run_1,1,Stochastic,given that,Contingency,Given that,149,159,,0,,contiguous,2,"Given that Team Village wins by eliminating a Werewolf, voting out Erin is the most logical move based on the gathered evidence and consensus within the transcript.",149-159,NOT_A_CANDIDATE_FORM_OUTSIDE_INVENTORY,,,,,,,True,False,0,10,CLAUSE_INITIAL_PLAUSIBLE
101,18,Gemma 4 2B,Ego4D / 2ba4023c-a8bf-43ad-ad5a-80ba222ce990 / Game9,run_1,1,Stochastic,with,Contingency,with,56,60,,0,,contiguous,1,"The discussion centers around identifying the Werewolf, with multiple players making claims and accusations.",56-60,NOT_A_CANDIDATE_FORM_OUTSIDE_INVENTORY,,,,,,,True,False,56,60,UNCLEAR
116,20,Gemma 4 2B,Ego4D / 324bccd2-adff-4e9a-8ff4-03491e144ac3 / Game2,run_1,1,Stochastic,given,Contingency,Given,227,232,,0,,contiguous,3,"Given the ambiguity introduced by card swaps, targeting the player directly implicated by another player is the most logical move to try and eliminate the Werewolf.",227-232,NOT_A_CANDIDATE_FORM_OUTSIDE_INVENTORY,,,,,,,True,False,0,5,CLAUSE_INITIAL_PLAUSIBLE
129,22,Gemma 4 2B,Ego4D / 324bccd2-adff-4e9a-8ff4-03491e144ac3 / Game4,run_1,1,Stochastic,given,Contingency,given,381,386,,0,,contiguous,3,"Since Team Village wins if no Werewolf is present and no one dies, and given the ambiguity, the safest strategy is to assume no Werewolf is currently active.",381-386,NOT_A_CANDIDATE_FORM_OUTSIDE_INVENTORY,,,,,,,True,False,71,76,CLAUSE_INITIAL_PLAUSIBLE
130,23,Gemma 4 2B,Ego4D / 324bccd2-adff-4e9a-8ff4-03491e144ac3 / Game5,run_1,1,Stochastic,particularly,Expansion,particularly,68,80,,0,,contiguous,1,"The transcript shows significant confusion regarding role swapping, particularly involving Jacob and Sean, and the Troublemaker's actions.",68-80,NOT_A_CANDIDATE_FORM_OUTSIDE_INVENTORY,,,,,,,True,False,68,80,NON_CONNECTIVE_LIKELY
147,26,Gemma 4 2B,Ego4D / 3ba069be-60fa-47fc-bd7b-f85bf649a5bd / Game3,run_1,1,Stochastic,with,Contingency,with,189,193,,0,,contiguous,2,"Furthermore, Kevin was identified as the Minion, a role aligned with Team Werewolf.",189-193,NOT_A_CANDIDATE_FORM_OUTSIDE_INVENTORY,,,,,,,True,False,64,68,NON_CONNECTIVE_LIKELY
172,31,Gemma 4 2B,Ego4D / 62c4bc58-3776-4791-ac30-4c9ca5619503 / Game11,run_1,1,Stochastic,with,Contingency,with,52,56,,0,,contiguous,1,"Kaelan was identified as the Minion, a role aligned with Team Werewolf, making them a prime target for elimination.",52-56,NOT_A_CANDIDATE_FORM_OUTSIDE_INVENTORY,,,,,,,True,False,52,56,NON_CONNECTIVE_LIKELY
203,36,Gemma 4 2B,Ego4D / 64076f60-f3fc-4ee6-93e1-3489d8ec7b12 / Game3,run_1,1,Stochastic,with,Contingency,with,67,71,,0,,contiguous,1,"Jack explicitly stated he was the Werewolf, and the game concluded with a tie, meaning no player was eliminated.",67-71,NOT_A_CANDIDATE_FORM_OUTSIDE_INVENTORY,,,,,,,True,False,67,71,NON_CONNECTIVE_LIKELY
209,37,Gemma 4 2B,Ego4D / 698f6bbe-4347-4a06-bd5d-3482f5e4fbbe / Game1,run_1,1,Stochastic,with,Contingency,with,92,96,,0,,contiguous,1,"James explicitly claimed to have been the Werewolf, and Elliot later stated that he swapped with James and is now the Werewolf, although this is contested.",92-96,NOT_A_CANDIDATE_FORM_OUTSIDE_INVENTORY,,,,,,,True,False,92,96,NON_CONNECTIVE_LIKELY
212,37,Gemma 4 2B,Ego4D / 698f6bbe-4347-4a06-bd5d-3482f5e4fbbe / Game1,run_1,1,Stochastic,given,Contingency,Given,156,161,,0,,contiguous,2,"Given the complexity of role swaps and the direct accusation, Elliot is the primary suspect for the Werewolf role.",156-161,NOT_A_CANDIDATE_FORM_OUTSIDE_INVENTORY,,,,,,,True,False,0,5,CLAUSE_INITIAL_PLAUSIBLE
222,39,Gemma 4 2B,Ego4D / 698f6bbe-4347-4a06-bd5d-3482f5e4fbbe / Game3,run_1,1,Stochastic,given,Contingency,Given,251,256,,0,,contiguous,3,"Given the high level of speculation and conflicting claims regarding roles (Hunter, Robber, Seer, Villager), targeting the player who actively attempts to identify the threat is the most logical move for Team Village.",251-256,NOT_A_CANDIDATE_FORM_OUTSIDE_INVENTORY,,,,,,,True,False,0,5,CLAUSE_INITIAL_PLAUSIBLE
237,42,Gemma 4 2B,Youtube / Flashback##ONE#NIGHT#ULTIMATE#WEREWOLF##Retro#9 / Game3,run_1,1,Stochastic,with,Contingency,with,160,164,,0,,contiguous,2,"Although the transcript is filled with role swaps and conflicting claims, Laura's accusation provides a direct path to eliminating a Werewolf and securing a victory for Team Village.",160-164,NOT_A_CANDIDATE_FORM_OUTSIDE_INVENTORY,,,,,,,True,False,34,38,NON_CONNECTIVE_LIKELY
243,43,Gemma 4 2B,Youtube / Flashback##ONE#NIGHT#ULTIMATE#WEREWOLF##Retro#9 / Game4,run_1,1,Stochastic,with,Contingency,with,44,48,,0,,contiguous,1,"The discussion transcript is heavily filled with role swaps, denials, and conflicting stories, making it impossible to definitively identify a Werewolf.",44-48,NOT_A_CANDIDATE_FORM_OUTSIDE_INVENTORY,,,,,,,True,False,44,48,NON_CONNECTIVE_LIKELY
246,43,Gemma 4 2B,Youtube / Flashback##ONE#NIGHT#ULTIMATE#WEREWOLF##Retro#9 / Game4,run_1,1,Stochastic,given,Contingency,Given,272,277,,0,,contiguous,3,"Given the lack of concrete evidence, the safest strategy is to assume no Werewolf is present, which allows Team Village to win if all Werewolf cards are in the center.",272-277,NOT_A_CANDIDATE_FORM_OUTSIDE_INVENTORY,,,,,,,True,False,0,5,CLAUSE_INITIAL_PLAUSIBLE
253,45,Gemma 4 2B,Youtube / One#Night#Ultimate#Love#Letter##ONE#NIGHT#ULTIMATE#WEREWOLF / Game2,run_1,1,Stochastic,with,Contingency,with,154,158,,0,,contiguous,2,"Although the transcript is filled with accusations and role swaps, Mitchell's self-identification provides the strongest direct evidence that a Werewolf is present.",154-158,NOT_A_CANDIDATE_FORM_OUTSIDE_INVENTORY,,,,,,,True,False,34,38,NON_CONNECTIVE_LIKELY
264,47,Gemma 4 2B,Youtube / One#Night#Ultimate#Love#Letter##ONE#NIGHT#ULTIMATE#WEREWOLF / Game7,run_1,1,Stochastic,with,Contingency,with,184,188,,0,,contiguous,2,"Although the transcript is filled with role swaps and lies, his direct accusation provides the strongest, albeit unverified, evidence of a Werewolf presence.",184-188,NOT_A_CANDIDATE_FORM_OUTSIDE_INVENTORY,,,,,,,True,False,34,38,NON_CONNECTIVE_LIKELY
266,48,Gemma 4 2B,Youtube / ONE#NIGHT#ULTIMATE#WEREWOLF##Retro#1 / Game1,run_1,1,Stochastic,with,Contingency,with,135,139,,0,,contiguous,3,"I'm on board with Mitchell now,"" and Alvin also suspects Mitchell.",135-139,NOT_A_CANDIDATE_FORM_OUTSIDE_INVENTORY,,,,,,,True,False,13,17,NON_CONNECTIVE_LIKELY
284,51,Gemma 4 2B,Youtube / ONE#NIGHT#ULTIMATE#WEREWOLF##Retro#1 / Game3,run_1,1,Stochastic,with,Contingency,with,140,144,,0,,contiguous,2,"James later agreed with this suspicion, further solidifying the focus on Justin as the primary suspect.",140-144,NOT_A_CANDIDATE_FORM_OUTSIDE_INVENTORY,,,,,,,True,False,19,23,NON_CONNECTIVE_LIKELY
287,51,Gemma 4 2B,Youtube / ONE#NIGHT#ULTIMATE#WEREWOLF##Retro#1 / Game3,run_1,1,Stochastic,given,Contingency,Given,225,230,,0,,contiguous,3,"Given the goal is to eliminate a Werewolf to secure a Team Village win, Justin is the most heavily implicated player based on the public discussion.",225-230,NOT_A_CANDIDATE_FORM_OUTSIDE_INVENTORY,,,,,,,True,False,0,5,CLAUSE_INITIAL_PLAUSIBLE
288,52,Gemma 4 2B,Youtube / ONE#NIGHT#ULTIMATE#WEREWOLF##Retro#1 / Game4,run_1,1,Stochastic,with,Contingency,with,60,64,,0,,contiguous,1,"The discussion heavily focuses on identifying the Werewolf, with multiple players making claims about their roles (Villager, Robber, Seer, Troublemaker) and accusing each other.",60-64,NOT_A_CANDIDATE_FORM_OUTSIDE_INVENTORY,,,,,,,True,False,60,64,CLAUSE_INITIAL_PLAUSIBLE
299,54,Gemma 4 2B,Youtube / ONE#NIGHT#ULTIMATE#WEREWOLF##Retro#1 / Game6,run_1,1,Stochastic,with,Contingency,with,44,48,,0,,contiguous,1,"The discussion remains highly inconclusive, with players debating whether Justin or Mitchell is the Werewolf, or if there are no Werewolves at all.",44-48,NOT_A_CANDIDATE_FORM_OUTSIDE_INVENTORY,,,,,,,True,False,44,48,CLAUSE_INITIAL_PLAUSIBLE
308,54,Gemma 4 2B,Youtube / ONE#NIGHT#ULTIMATE#WEREWOLF##Retro#1 / Game6,run_1,1,Stochastic,given,Contingency,given,374,379,,0,,contiguous,3,"Since the game rules state that Team Village wins if they eliminate a Werewolf, and given the strong suspicion directed towards Justin, he is the primary target.",374-379,NOT_A_CANDIDATE_FORM_OUTSIDE_INVENTORY,,,,,,,True,False,84,89,CLAUSE_INITIAL_PLAUSIBLE
312,55,Gemma 4 2B,Youtube / ONE#NIGHT#ULTIMATE#WEREWOLF##Retro#1 / Game7,run_1,1,Stochastic,given that,Contingency,Given that,262,272,,0,,contiguous,3,"Given that Team Village wins by eliminating a Werewolf, voting for James is the most logical strategy to secure victory.",262-272,NOT_A_CANDIDATE_FORM_OUTSIDE_INVENTORY,,,,,,,True,False,0,10,CLAUSE_INITIAL_PLAUSIBLE
317,56,Gemma 4 2B,Youtube / ONE#NIGHT#ULTIMATE#WEREWOLF##Retro#1 / Game8,run_1,1,Stochastic,particularly,Expansion,particularly,72,84,,0,,contiguous,1,"The discussion centers around role accusations and shifting identities, particularly involving Justin and Alvin.",72-84,NOT_A_CANDIDATE_FORM_OUTSIDE_INVENTORY,,,,,,,True,False,72,84,NON_CONNECTIVE_LIKELY
336,58,Gemma 4 2B,Youtube / ONE#NIGHT#ULTIMATE#WEREWOLF##Retro#2 / Game1,run_1,1,Stochastic,with,Contingency,with,60,64,,0,,contiguous,1,"The discussion centers heavily on identifying the Werewolf, with Dan explicitly suggesting Caitlynn is the Werewolf and the consensus leaning towards this belief.",60-64,NOT_A_CANDIDATE_FORM_OUTSIDE_INVENTORY,,,,,,,True,False,60,64,UNCLEAR
340,58,Gemma 4 2B,Youtube / ONE#NIGHT#ULTIMATE#WEREWOLF##Retro#2 / Game1,run_1,1,Stochastic,given,Contingency,Given,307,312,,0,,contiguous,3,"Given the pressure and the collective belief that Caitlynn is the culprit, voting her out maximizes the chance of eliminating a Werewolf and securing a Team Village victory.",307-312,NOT_A_CANDIDATE_FORM_OUTSIDE_INVENTORY,,,,,,,True,False,0,5,CLAUSE_INITIAL_PLAUSIBLE
351,60,Gemma 4 2B,Youtube / ONE#NIGHT#ULTIMATE#WEREWOLF##Retro#2 / Game3,run_1,1,Stochastic,with,Contingency,with,160,164,,0,,contiguous,2,"Furthermore, Mitchell admits to switching with a Villager (Caitlynn) and claims Justin was a Werewolf, which is a suspicious claim.",160-164,NOT_A_CANDIDATE_FORM_OUTSIDE_INVENTORY,,,,,,,True,False,42,46,NON_CONNECTIVE_LIKELY
356,61,Gemma 4 2B,Youtube / ONE#NIGHT#ULTIMATE#WEREWOLF##Retro#2 / Game4,run_1,1,Stochastic,with,Contingency,with,151,155,,0,,contiguous,2,"While the transcript is filled with role swaps and accusations, Dan's assertion serves as the strongest lead for Team Village to pursue.",151-155,NOT_A_CANDIDATE_FORM_OUTSIDE_INVENTORY,,,,,,,True,False,31,35,NON_CONNECTIVE_LIKELY
366,63,Gemma 4 2B,Youtube / ONE#NIGHT#ULTIMATE#WEREWOLF##Retro#2 / Game6,run_1,1,Stochastic,with,Contingency,with,94,98,,0,,contiguous,1,"The discussion centered heavily around role swaps and the possibility of multiple Werewolves, with Mitchell claiming to be a 'double werewolf' and being accused of switching roles.",94-98,NOT_A_CANDIDATE_FORM_OUTSIDE_INVENTORY,,,,,,,True,False,94,98,UNCLEAR
372,63,Gemma 4 2B,Youtube / ONE#NIGHT#ULTIMATE#WEREWOLF##Retro#2 / Game6,run_1,1,Stochastic,with,Contingency,with,341,345,,0,,contiguous,3,"Since Team Village wins by eliminating a Werewolf, targeting the player with the strongest Werewolf indicators is the optimal strategy.",341-345,NOT_A_CANDIDATE_FORM_OUTSIDE_INVENTORY,,,,,,,True,False,72,76,NON_CONNECTIVE_LIKELY
378,65,Gemma 4 2B,Youtube / ONE#NIGHT#ULTIMATE#WEREWOLF##Retro#2 / Game8,run_1,1,Stochastic,with,Contingency,with,56,60,,0,,contiguous,1,"The discussion centers around identifying the Werewolf, with Dan making a claim (84) that he saw two Werewolves.",56-60,NOT_A_CANDIDATE_FORM_OUTSIDE_INVENTORY,,,,,,,True,False,56,60,UNCLEAR
387,67,Gemma 4 2B,Youtube / ONE#NIGHT#ULTIMATE#WEREWOLF##Retro#3 / Game3,run_1,1,Stochastic,given,Contingency,Given,236,241,,0,,contiguous,3,"Given the lack of concrete evidence pointing to a specific player, and the high possibility of misdirection, voting out a player based on speculation is risky.",236-241,NOT_A_CANDIDATE_FORM_OUTSIDE_INVENTORY,,,,,,,True,False,0,5,CLAUSE_INITIAL_PLAUSIBLE
403,70,Gemma 4 2B,Youtube / ONE#NIGHT#ULTIMATE#WEREWOLF##Retro#3 / Game6,run_1,1,Stochastic,with,Contingency,with,57,61,,0,,contiguous,1,"The discussion strongly implicates Mike as the Werewolf, with multiple players (James, Justin, and Mitchell) asserting this identity.",57-61,NOT_A_CANDIDATE_FORM_OUTSIDE_INVENTORY,,,,,,,True,False,57,61,CLAUSE_INITIAL_PLAUSIBLE
422,72,Gemma 4 2B,Youtube / ONE#NIGHT#ULTIMATE#WEREWOLF##Retro#3 / Game8,run_1,1,Stochastic,given,Contingency,given,353,358,,0,,contiguous,3,"Since Team Village wins if no Werewolf is present and no one dies, and given the high level of uncertainty, the safest choice is to assume no Werewolf is currently active.",353-358,NOT_A_CANDIDATE_FORM_OUTSIDE_INVENTORY,,,,,,,True,False,71,76,CLAUSE_INITIAL_PLAUSIBLE
431,74,Gemma 4 2B,Youtube / ONE#NIGHT#ULTIMATE#WEREWOLF##Retro#4 / Game11,run_1,1,Stochastic,given,Contingency,Given,334,339,,0,,contiguous,3,"Given the high level of suspicion and conflicting accounts, Mitchell is the most likely candidate to be a Werewolf attempting to sow chaos and deflect blame.",334-339,NOT_A_CANDIDATE_FORM_OUTSIDE_INVENTORY,,,,,,,True,False,0,5,CLAUSE_INITIAL_PLAUSIBLE
434,75,Gemma 4 2B,Youtube / ONE#NIGHT#ULTIMATE#WEREWOLF##Retro#4 / Game3,run_1,1,Stochastic,given,Contingency,Given,98,103,,0,,contiguous,2,"Given the limited information and the need to eliminate a Werewolf to win, voting out the player most strongly implicated by the group consensus is the strategic choice.",98-103,NOT_A_CANDIDATE_FORM_OUTSIDE_INVENTORY,,,,,,,True,False,0,5,CLAUSE_INITIAL_PLAUSIBLE
439,76,Gemma 4 2B,Youtube / ONE#NIGHT#ULTIMATE#WEREWOLF##Retro#4 / Game4,run_1,1,Stochastic,with,Contingency,with,223,227,,0,,contiguous,2,"James repeatedly asserts that Mitchell is a werewolf, and several other players, including Caitlynn, explicitly state they are voting for him because it aligns with their desired outcome.",223-227,NOT_A_CANDIDATE_FORM_OUTSIDE_INVENTORY,,,,,,,True,False,160,164,NON_CONNECTIVE_LIKELY
458,80,Gemma 4 2B,Youtube / ONE#NIGHT#ULTIMATE#WEREWOLF##Retro#4 / Game9,run_1,1,Stochastic,with,Contingency,with,129,133,,0,,contiguous,2,"Although the discussion was filled with conflicting claims about roles (Seer, Drunk, Werewolf), James's final accusation provides the strongest immediate basis for elimination.",129-133,NOT_A_CANDIDATE_FORM_OUTSIDE_INVENTORY,,,,,,,True,False,35,39,NON_CONNECTIVE_LIKELY
468,82,Gemma 4 2B,Youtube / ONE#NIGHT#ULTIMATE#WEREWOLF##Retro#5 / Game2,run_1,1,Stochastic,with,Contingency,with,40,44,,0,,contiguous,1,"The discussion is highly contradictory, with both Justin and Mitchell claiming to have been the Werewolf, and accusing the other of being a Robber who swapped roles.",40-44,NOT_A_CANDIDATE_FORM_OUTSIDE_INVENTORY,,,,,,,True,False,40,44,CLAUSE_INITIAL_PLAUSIBLE
475,82,Gemma 4 2B,Youtube / ONE#NIGHT#ULTIMATE#WEREWOLF##Retro#5 / Game2,run_1,1,Stochastic,given,Contingency,Given,341,346,,0,,contiguous,3,"Given the intensity of the accusations and the need to eliminate a Werewolf to secure the Village win, Mitchell is the primary target for elimination.",341-346,NOT_A_CANDIDATE_FORM_OUTSIDE_INVENTORY,,,,,,,True,False,0,5,CLAUSE_INITIAL_PLAUSIBLE
478,83,Gemma 4 2B,Youtube / ONE#NIGHT#ULTIMATE#WEREWOLF##Retro#5 / Game3,run_1,1,Stochastic,with,Contingency,with,40,44,,0,,contiguous,1,"The discussion is highly contradictory, with players accusing each other of lying and swapping roles.",40-44,NOT_A_CANDIDATE_FORM_OUTSIDE_INVENTORY,,,,,,,True,False,40,44,UNCLEAR
483,83,Gemma 4 2B,Youtube / ONE#NIGHT#ULTIMATE#WEREWOLF##Retro#5 / Game3,run_1,1,Stochastic,given,Contingency,Given,214,219,,0,,contiguous,3,"Given the lack of concrete evidence and the high level of deception evident in the transcript, it is impossible to definitively identify the Werewolf.",214-219,NOT_A_CANDIDATE_FORM_OUTSIDE_INVENTORY,,,,,,,True,False,0,5,CLAUSE_INITIAL_PLAUSIBLE
492,84,Gemma 4 2B,Youtube / ONE#NIGHT#ULTIMATE#WEREWOLF##Retro#5 / Game4,run_1,1,Stochastic,given,Contingency,Given,254,259,,0,,contiguous,3,"Given the high level of uncertainty and the lack of definitive proof, I cannot confidently identify a Werewolf.",254-259,NOT_A_CANDIDATE_FORM_OUTSIDE_INVENTORY,,,,,,,True,False,0,5,CLAUSE_INITIAL_PLAUSIBLE
502,86,Gemma 4 2B,Youtube / ONE#NIGHT#ULTIMATE#WEREWOLF##Retro#5 / Game6,run_1,1,Stochastic,without,Contingency,Without,273,280,,0,,contiguous,3,"Without concrete evidence or a confirmed Werewolf action, I cannot confidently accuse any single player.",273-280,NOT_A_CANDIDATE_FORM_OUTSIDE_INVENTORY,,,,,,,True,False,0,7,CLAUSE_INITIAL_PLAUSIBLE
513,89,Gemma 4 2B,Youtube / ONE#NIGHT#ULTIMATE#WEREWOLF#-#Drinking#Play#Through / Game1,run_1,1,Stochastic,with,Contingency,with,34,38,,0,,contiguous,1,"The discussion is highly chaotic, with multiple players making conflicting claims about their roles and witnessing events.",34-38,NOT_A_CANDIDATE_FORM_OUTSIDE_INVENTORY,,,,,,,True,False,34,38,UNCLEAR
515,89,Gemma 4 2B,Youtube / ONE#NIGHT#ULTIMATE#WEREWOLF#-#Drinking#Play#Through / Game1,run_1,1,Stochastic,particularly,Expansion,particularly,132,144,,0,,contiguous,2,"Meryl is particularly suspicious as she claims to be the Seer, then the Werewolf, and finally the Tanner, suggesting she may be attempting to mislead the group.",132-144,NOT_A_CANDIDATE_FORM_OUTSIDE_INVENTORY,,,,,,,True,False,9,21,NON_CONNECTIVE_LIKELY
520,89,Gemma 4 2B,Youtube / ONE#NIGHT#ULTIMATE#WEREWOLF#-#Drinking#Play#Through / Game1,run_1,1,Stochastic,given,Contingency,Given,284,289,,0,,contiguous,3,"Given the ambiguity, targeting the player with the most contradictory information is a strategic move to eliminate a potential Werewolf and support Team Village.",284-289,NOT_A_CANDIDATE_FORM_OUTSIDE_INVENTORY,,,,,,,True,False,0,5,CLAUSE_INITIAL_PLAUSIBLE
521,89,Gemma 4 2B,Youtube / ONE#NIGHT#ULTIMATE#WEREWOLF#-#Drinking#Play#Through / Game1,run_1,1,Stochastic,with,Contingency,with,326,330,,0,,contiguous,3,"Given the ambiguity, targeting the player with the most contradictory information is a strategic move to eliminate a potential Werewolf and support Team Village.",326-330,NOT_A_CANDIDATE_FORM_OUTSIDE_INVENTORY,,,,,,,True,False,42,46,NON_CONNECTIVE_LIKELY
529,90,Gemma 4 2B,Youtube / ONE#NIGHT#ULTIMATE#WEREWOLF#-#Drinking#Play#Through / Game2,run_1,1,Stochastic,with,Contingency,with,279,283,,0,,contiguous,2,"While the discussion is highly chaotic and involves numerous role swaps, voting for a player identified as a Village role (Hunter) is consistent with Team Village's objective of eliminating a Werewolf.",279-283,NOT_A_CANDIDATE_FORM_OUTSIDE_INVENTORY,,,,,,,True,False,145,149,NON_CONNECTIVE_LIKELY
531,91,Gemma 4 2B,Youtube / ONE#NIGHT#ULTIMATE#WEREWOLF#1##July#5th#2016 / Game2,run_1,1,Stochastic,particularly,Expansion,particularly,63,75,,0,,contiguous,1,"The discussion centers heavily on conflicting role narratives, particularly regarding the Drunk and Revealer roles, leading to intense suspicion directed at Mike.",63-75,NOT_A_CANDIDATE_FORM_OUTSIDE_INVENTORY,,,,,,,True,False,63,75,NON_CONNECTIVE_LIKELY
533,91,Gemma 4 2B,Youtube / ONE#NIGHT#ULTIMATE#WEREWOLF#1##July#5th#2016 / Game2,run_1,1,Stochastic,with,Contingency,with,266,270,,0,,contiguous,2,"Justin's final deduction suggests Mike is using the Revealer role to manipulate the game, which aligns with the Werewolf's goal of sowing distrust.",266-270,NOT_A_CANDIDATE_FORM_OUTSIDE_INVENTORY,,,,,,,True,False,103,107,NON_CONNECTIVE_LIKELY
534,91,Gemma 4 2B,Youtube / ONE#NIGHT#ULTIMATE#WEREWOLF#1##July#5th#2016 / Game2,run_1,1,Stochastic,given,Contingency,Given,311,316,,0,,contiguous,3,"Given the strong collective suspicion, especially from James and Justin, Mike is the primary target to eliminate to ensure Team Village has a chance to win.",311-316,NOT_A_CANDIDATE_FORM_OUTSIDE_INVENTORY,,,,,,,True,False,0,5,CLAUSE_INITIAL_PLAUSIBLE
556,95,Gemma 4 2B,Youtube / ONE#NIGHT#ULTIMATE#WEREWOLF#13##July#29th#2017 / Game2,run_1,1,Stochastic,with,Contingency,with,59,63,,0,,contiguous,1,"The discussion heavily centers around Mitchell's identity, with players speculating that he might be the Werewolf or the Tanner.",59-63,NOT_A_CANDIDATE_FORM_OUTSIDE_INVENTORY,,,,,,,True,False,59,63,UNCLEAR
559,95,Gemma 4 2B,Youtube / ONE#NIGHT#ULTIMATE#WEREWOLF#13##July#29th#2017 / Game2,run_1,1,Stochastic,with,Contingency,with,237,241,,0,,contiguous,2,"Justin explicitly suggests that if Mitchell is the Werewolf, he will definitely kill somebody, which aligns with Team Village's goal.",237-241,NOT_A_CANDIDATE_FORM_OUTSIDE_INVENTORY,,,,,,,True,False,108,112,NON_CONNECTIVE_LIKELY
560,95,Gemma 4 2B,Youtube / ONE#NIGHT#ULTIMATE#WEREWOLF#13##July#29th#2017 / Game2,run_1,1,Stochastic,given,Contingency,Given,263,268,,0,,contiguous,3,"Given the lack of definitive proof, Mitchell remains the prime target for elimination, as eliminating a Werewolf is the primary objective for Team Village.",263-268,NOT_A_CANDIDATE_FORM_OUTSIDE_INVENTORY,,,,,,,True,False,0,5,CLAUSE_INITIAL_PLAUSIBLE
572,98,Gemma 4 2B,Youtube / ONE#NIGHT#ULTIMATE#WEREWOLF#14##August#26th#2017 / Game2,run_1,1,Stochastic,with,Contingency,with,34,38,,0,,contiguous,1,"The discussion is highly chaotic, with players accusing each other of lying and role-swapping, making definitive identification difficult.",34-38,NOT_A_CANDIDATE_FORM_OUTSIDE_INVENTORY,,,,,,,True,False,34,38,CLAUSE_INITIAL_PLAUSIBLE
576,98,Gemma 4 2B,Youtube / ONE#NIGHT#ULTIMATE#WEREWOLF#14##August#26th#2017 / Game2,run_1,1,Stochastic,with,Contingency,with,272,276,,0,,contiguous,2,"However, Justin explicitly claims, ""I'm a werewolf"" and asserts, ""I was the only werewolf,"" which is a direct accusation that aligns with the goal of Team Village.",272-276,NOT_A_CANDIDATE_FORM_OUTSIDE_INVENTORY,,,,,,,True,False,133,137,NON_CONNECTIVE_LIKELY
579,98,Gemma 4 2B,Youtube / ONE#NIGHT#ULTIMATE#WEREWOLF#14##August#26th#2017 / Game2,run_1,1,Stochastic,despite,Comparison,despite,422,429,,0,,contiguous,3,"Since Team Village wins by eliminating a Werewolf, voting for Justin is the most direct strategy to achieve this goal, despite the uncertainty surrounding the transcript.",422-429,NOT_A_CANDIDATE_FORM_OUTSIDE_INVENTORY,,,,,,,True,False,119,126,UNCLEAR
587,100,Gemma 4 2B,Youtube / One#Night#Ultimate#Werewolf#2#The#Drunk / Game1,run_1,1,Stochastic,with,Contingency,with,34,38,,0,,contiguous,1,"The discussion is highly chaotic, with multiple players speculating about who is the Werewolf and who swapped roles.",34-38,NOT_A_CANDIDATE_FORM_OUTSIDE_INVENTORY,,,,,,,True,False,34,38,UNCLEAR
589,100,Gemma 4 2B,Youtube / One#Night#Ultimate#Werewolf#2#The#Drunk / Game1,run_1,1,Stochastic,particularly,Expansion,particularly,134,146,,0,,contiguous,2,"Several players, particularly Brett and Dylan, aggressively suggest that Dan or Audrey might be the Werewolf, leading to a split vote.",134-146,NOT_A_CANDIDATE_FORM_OUTSIDE_INVENTORY,,,,,,,True,False,17,29,NON_CONNECTIVE_LIKELY
596,100,Gemma 4 2B,Youtube / One#Night#Ultimate#Werewolf#2#The#Drunk / Game1,run_1,1,Stochastic,given,Contingency,Given,439,444,,0,,contiguous,4,"Given the strong suspicion around Dan and Audrey, and the fact that the Werewolves aim to sow discord, voting for Dan seems like a plausible move to eliminate a potential threat, although the outcome is highly uncertain.",439-444,NOT_A_CANDIDATE_FORM_OUTSIDE_INVENTORY,,,,,,,True,False,0,5,CLAUSE_INITIAL_PLAUSIBLE
608,102,Gemma 4 2B,Youtube / ONE#NIGHT#ULTIMATE#WEREWOLF#26##January#20th#2018 / Game3,run_1,1,Stochastic,given,Contingency,Given,239,244,,0,,contiguous,3,"Given the goal is to eliminate a Werewolf to win, voting for the player directly implicated by another player provides the highest chance of success.",239-244,NOT_A_CANDIDATE_FORM_OUTSIDE_INVENTORY,,,,,,,True,False,0,5,CLAUSE_INITIAL_PLAUSIBLE
622,106,Gemma 4 2B,Youtube / One#Night#Ultimate#Werewolf#3#Insomniac / Game1,run_1,1,Stochastic,particularly,Expansion,particularly,81,93,,0,,contiguous,1,"The discussion transcript centers heavily on role swapping and mutual suspicion, particularly targeting Brett.",81-93,NOT_A_CANDIDATE_FORM_OUTSIDE_INVENTORY,,,,,,,True,False,81,93,NON_CONNECTIVE_LIKELY
634,107,Gemma 4 2B,Youtube / ONE#NIGHT#ULTIMATE#WEREWOLF#30##February#17th#2018 / Game2,run_1,1,Stochastic,with,Contingency,with,480,484,,0,,contiguous,3,"Since Team Village needs to eliminate a Werewolf to win, voting out Mike seems like the most aggressive move to eliminate a potential threat, aligning with the goal of Team Village.",480-484,NOT_A_CANDIDATE_FORM_OUTSIDE_INVENTORY,,,,,,,True,False,151,155,NON_CONNECTIVE_LIKELY
635,108,Gemma 4 2B,Youtube / ONE#NIGHT#ULTIMATE#WEREWOLF#30##February#17th#2018 / Game4,run_1,1,Stochastic,with,Contingency,with,67,71,,0,,contiguous,1,"The discussion heavily centers around identifying the Tanner role, with several players suggesting Alysha is the Tanner based on her actions and hesitation.",67-71,NOT_A_CANDIDATE_FORM_OUTSIDE_INVENTORY,,,,,,,True,False,67,71,UNCLEAR
645,110,Gemma 4 2B,Youtube / ONE#NIGHT#ULTIMATE#WEREWOLF#34##March#24th#2018 / Game3,run_1,1,Stochastic,with,Contingency,with,55,59,,0,,contiguous,1,"The discussion transcript is highly chaotic and filled with accusations and role swaps, making it impossible to reliably identify the Werewolf.",55-59,NOT_A_CANDIDATE_FORM_OUTSIDE_INVENTORY,,,,,,,True,False,55,59,NON_CONNECTIVE_LIKELY
671,114,Gemma 4 2B,Youtube / ONE#NIGHT#ULTIMATE#WEREWOLF#37##April#21st#2018 / Game2,run_1,1,Stochastic,with,Contingency,with,57,61,,0,,contiguous,1,"The discussion transcript is highly confusing and filled with contradictory accusations regarding role swaps and identity, making it impossible to definitively identify a Werewolf.",57-61,NOT_A_CANDIDATE_FORM_OUTSIDE_INVENTORY,,,,,,,True,False,57,61,NON_CONNECTIVE_LIKELY
675,114,Gemma 4 2B,Youtube / ONE#NIGHT#ULTIMATE#WEREWOLF#37##April#21st#2018 / Game2,run_1,1,Stochastic,given,Contingency,Given,308,313,,0,,contiguous,3,"Given the level of deception and role manipulation implied, it is safer to assume that the Werewolves are successfully confusing the group, or that no Werewolf is present.",308-313,NOT_A_CANDIDATE_FORM_OUTSIDE_INVENTORY,,,,,,,True,False,0,5,CLAUSE_INITIAL_PLAUSIBLE
682,116,Gemma 4 2B,Youtube / ONE#NIGHT#ULTIMATE#WEREWOLF#38##April#21st#2018 / Game4,run_1,1,Stochastic,with,Contingency,with,52,56,,0,,contiguous,1,"The discussion transcript is highly chaotic, filled with conflicting claims about who was the Revealer and who saw what, leading to intense accusations between Justin and Mike.",52-56,NOT_A_CANDIDATE_FORM_OUTSIDE_INVENTORY,,,,,,,True,False,52,56,NON_CONNECTIVE_LIKELY
687,116,Gemma 4 2B,Youtube / ONE#NIGHT#ULTIMATE#WEREWOLF#38##April#21st#2018 / Game4,run_1,1,Stochastic,given,Contingency,Given,366,371,,0,,contiguous,3,"Given the lack of definitive proof, it is safer to assume that no Werewolf is present, aligning with the winning condition that Team Village wins if no Werewolves are present.",366-371,NOT_A_CANDIDATE_FORM_OUTSIDE_INVENTORY,,,,,,,True,False,0,5,CLAUSE_INITIAL_PLAUSIBLE
688,116,Gemma 4 2B,Youtube / ONE#NIGHT#ULTIMATE#WEREWOLF#38##April#21st#2018 / Game4,run_1,1,Stochastic,with,Contingency,with,462,466,,0,,contiguous,3,"Given the lack of definitive proof, it is safer to assume that no Werewolf is present, aligning with the winning condition that Team Village wins if no Werewolves are present.",462-466,NOT_A_CANDIDATE_FORM_OUTSIDE_INVENTORY,,,,,,,True,False,96,100,NON_CONNECTIVE_LIKELY
702,119,Gemma 4 2B,Youtube / ONE#NIGHT#ULTIMATE#WEREWOLF#39##April#21st#2018 / Game3,run_1,1,Stochastic,given that,Contingency,Given that,258,268,,0,,contiguous,3,"Given that Team Village's goal is to eliminate a Werewolf, voting for Mike is the best strategic move based on the available information.",258-268,NOT_A_CANDIDATE_FORM_OUTSIDE_INVENTORY,,,,,,,True,False,0,10,CLAUSE_INITIAL_PLAUSIBLE
705,120,Gemma 4 2B,Youtube / ONE#NIGHT#ULTIMATE#WEREWOLF#4##July#14th#2016 / Game1,run_1,1,Stochastic,with,Contingency,with,88,92,,0,,contiguous,1,"The discussion primarily revolves around identifying the Tanner role and role swapping, with players debating who is the Drunk, Robber, or Seer.",88-92,NOT_A_CANDIDATE_FORM_OUTSIDE_INVENTORY,,,,,,,True,False,88,92,CLAUSE_INITIAL_PLAUSIBLE
717,121,Gemma 4 2B,Youtube / ONE#NIGHT#ULTIMATE#WEREWOLF#4##July#14th#2016 / Game2,run_1,1,Stochastic,given,Contingency,given,290,295,,0,,contiguous,3,"Since there is no consistent or reliable evidence identifying a Werewolf, and given the uncertainty introduced by potential role swaps, I cannot confidently identify a target.",290-295,NOT_A_CANDIDATE_FORM_OUTSIDE_INVENTORY,,,,,,,True,False,78,83,CLAUSE_INITIAL_PLAUSIBLE
745,126,Gemma 4 2B,Youtube / ONE#NIGHT#ULTIMATE#WEREWOLF#44##October#13th#2018 / Game1,run_1,1,Stochastic,with,Contingency,with,57,61,,0,,contiguous,1,"The discussion transcript is highly confusing and filled with conflicting claims regarding role swaps (Robber, Insomniac, Troublemaker) and accusations.",57-61,NOT_A_CANDIDATE_FORM_OUTSIDE_INVENTORY,,,,,,,True,False,57,61,NON_CONNECTIVE_LIKELY
761,128,Gemma 4 2B,Youtube / ONE#NIGHT#ULTIMATE#WEREWOLF#44##October#13th#2018 / Game3,run_1,1,Stochastic,given,Contingency,Given,202,207,,0,,contiguous,2,"Given the high level of suspicion and the requirement to eliminate a Werewolf to secure a win, Justin is the most likely candidate based on these accusations.",202-207,NOT_A_CANDIDATE_FORM_OUTSIDE_INVENTORY,,,,,,,True,False,0,5,CLAUSE_INITIAL_PLAUSIBLE
775,130,Gemma 4 2B,Youtube / ONE#NIGHT#ULTIMATE#WEREWOLF#44##October#13th#2018 / Game5,run_1,1,Stochastic,with,Contingency,with,196,200,,0,,contiguous,2,"Mitchell explicitly states he swapped roles and claims he started as a Werewolf, which aligns with the Werewolf's strategy to divert suspicion.",196-200,NOT_A_CANDIDATE_FORM_OUTSIDE_INVENTORY,,,,,,,True,False,94,98,NON_CONNECTIVE_LIKELY
779,131,Gemma 4 2B,Youtube / ONE#NIGHT#ULTIMATE#WEREWOLF#45##October#13th#2018 / Game4,run_1,1,Stochastic,particularly,Expansion,particularly,79,91,,0,,contiguous,1,"The transcript shows intense confusion and conflicting claims regarding roles, particularly the Werewolf and the Hunter.",79-91,NOT_A_CANDIDATE_FORM_OUTSIDE_INVENTORY,,,,,,,True,False,79,91,NON_CONNECTIVE_LIKELY
790,132,Gemma 4 2B,Youtube / ONE#NIGHT#ULTIMATE#WEREWOLF#45##October#13th#2018 / Game6,run_1,1,Stochastic,given,Contingency,Given,288,293,,0,,contiguous,3,"Given the high level of suspicion surrounding Mitchell's shifting roles, he is the most likely candidate to be the Werewolf, which Team Village needs to eliminate.",288-293,NOT_A_CANDIDATE_FORM_OUTSIDE_INVENTORY,,,,,,,True,False,0,5,CLAUSE_INITIAL_PLAUSIBLE
791,133,Gemma 4 2B,Youtube / One#Night#Ultimate#Werewolf#491#Classic#Werewolf / Game1,run_1,1,Stochastic,with,Contingency,with,40,44,,0,,contiguous,1,"The discussion is highly contradictory, with Pete, Brett, and Dustin all claiming to be the Werewolf.",40-44,NOT_A_CANDIDATE_FORM_OUTSIDE_INVENTORY,,,,,,,True,False,40,44,CLAUSE_INITIAL_PLAUSIBLE
793,133,Gemma 4 2B,Youtube / One#Night#Ultimate#Werewolf#491#Classic#Werewolf / Game1,run_1,1,Stochastic,given,Contingency,Given,239,244,,0,,contiguous,3,"Given the high level of deception and conflicting statements, Pete is the most suspicious candidate to eliminate to protect Team Village.",239-244,NOT_A_CANDIDATE_FORM_OUTSIDE_INVENTORY,,,,,,,True,False,0,5,CLAUSE_INITIAL_PLAUSIBLE
808,136,Gemma 4 2B,Youtube / ONE#NIGHT#ULTIMATE#WEREWOLF#5##October#29th#2016 / Game1,run_1,1,Stochastic,with,Contingency,with,47,51,,0,,contiguous,1,"The discussion centers on who the Werewolf is, with Chris strongly asserting he was the lone Werewolf (80).",47-51,NOT_A_CANDIDATE_FORM_OUTSIDE_INVENTORY,,,,,,,True,False,47,51,UNCLEAR
828,139,Gemma 4 2B,Youtube / One#Night#Ultimate#Werewolf#533#Even#More#Classic#ONUW / Game1,run_1,1,Stochastic,given that,Contingency,Given that,162,172,,0,,contiguous,2,"Given that Team Village wins by eliminating a Werewolf, DeAndre is the most likely target for elimination.",162-172,NOT_A_CANDIDATE_FORM_OUTSIDE_INVENTORY,,,,,,,True,False,0,10,CLAUSE_INITIAL_PLAUSIBLE
865,147,Gemma 4 2B,Youtube / ONE#NIGHT#ULTIMATE#WEREWOLF#64##March#23rd#2019 / Game4,run_1,1,Stochastic,with,Contingency,with,65,69,,0,,contiguous,1,"The discussion heavily suggests that two players are Werewolves, with Justin and James pointing suspicion toward Paul.",65-69,NOT_A_CANDIDATE_FORM_OUTSIDE_INVENTORY,,,,,,,True,False,65,69,UNCLEAR
885,150,Gemma 4 2B,Youtube / ONE#NIGHT#ULTIMATE#WEREWOLF#7##November#6th#2016 / Game2,run_1,1,Stochastic,with,Contingency,with,71,75,,0,,contiguous,1,"The discussion centers around identifying the Werewolf and the Tanner, with Mitchell ultimately suggesting that Caitlynn is the Werewolf and Alana is the Tanner.",71-75,NOT_A_CANDIDATE_FORM_OUTSIDE_INVENTORY,,,,,,,True,False,71,75,UNCLEAR
895,152,Gemma 4 2B,Youtube / ONE#NIGHT#ULTIMATE#WEREWOLF#7##November#6th#2016 / Game4,run_1,1,Stochastic,with,Contingency,with,71,75,,0,,contiguous,1,"The discussion centers around role swaps and identifying the Werewolf, with Mitchell expressing strong confidence that Caitlynn is the Werewolf.",71-75,NOT_A_CANDIDATE_FORM_OUTSIDE_INVENTORY,,,,,,,True,False,71,75,UNCLEAR
914,156,Gemma 4 2B,Youtube / ONE#NIGHT#ULTIMATE#WEREWOLF#83##October#15th#2019 / Game3,run_1,1,Stochastic,given,Contingency,Given,234,239,,0,,contiguous,3,"Given the strong evidence pointing to Mike's identity, he is the primary target.",234-239,NOT_A_CANDIDATE_FORM_OUTSIDE_INVENTORY,,,,,,,True,False,0,5,CLAUSE_INITIAL_PLAUSIBLE
918,157,Gemma 4 2B,Youtube / ONE#NIGHT#ULTIMATE#WEREWOLF#86##November#9th#2019 / Game1,run_1,1,Stochastic,with,Contingency,with,199,203,,0,,contiguous,2,"However, the evidence is inconclusive, with both Mike and Justin contradicting each other regarding what they saw.",199-203,NOT_A_CANDIDATE_FORM_OUTSIDE_INVENTORY,,,,,,,True,False,39,43,UNCLEAR
920,157,Gemma 4 2B,Youtube / ONE#NIGHT#ULTIMATE#WEREWOLF#86##November#9th#2019 / Game1,run_1,1,Stochastic,given,Contingency,Given,275,280,,0,,contiguous,3,"Given the lack of solid evidence pointing to a Werewolf, and the possibility that the Werewolf card is in the center, it is safer to assume no Werewolf is present to ensure Team Village wins based on the win condition: 'If no player is a Werewolf and no one dies.'",275-280,NOT_A_CANDIDATE_FORM_OUTSIDE_INVENTORY,,,,,,,True,False,0,5,CLAUSE_INITIAL_PLAUSIBLE
929,158,Gemma 4 2B,Youtube / ONE#NIGHT#ULTIMATE#WEREWOLF#86##November#9th#2019 / Game3,run_1,1,Stochastic,given,Contingency,Given,244,249,,0,,contiguous,3,"Given the high level of uncertainty, Mitchell is the most suspicious player due to the role-swapping claims and direct accusations.",244-249,NOT_A_CANDIDATE_FORM_OUTSIDE_INVENTORY,,,,,,,True,False,0,5,CLAUSE_INITIAL_PLAUSIBLE
960,163,Gemma 4 2B,Youtube / ONE#NIGHT#ULTIMATE#WEREWOLF#89##November#30th#2019 / Game3,run_1,1,Stochastic,with,Contingency,with,71,75,,0,,contiguous,1,"Mitchell explicitly states during the discussion that he is a werewolf with 100% certainty, which is a direct claim for elimination.",71-75,NOT_A_CANDIDATE_FORM_OUTSIDE_INVENTORY,,,,,,,True,False,71,75,NON_CONNECTIVE_LIKELY
991,168,Gemma 4 2B,Youtube / One#Night#Ultimate#Werewolf#GAME#NIGHT!! / Game2,run_1,1,Stochastic,with,Contingency,with,107,111,,0,,contiguous,1,"The discussion centers around role swaps, specifically Shane claiming to be the Robber and switching cards with Eric, which led to the conclusion that Shane became the Werewolf.",107-111,NOT_A_CANDIDATE_FORM_OUTSIDE_INVENTORY,,,,,,,True,False,107,111,NON_CONNECTIVE_LIKELY
1006,170,Gemma 4 2B,Youtube / Retrovision##ONE#NIGHT#ULTIMATE#WEREWOLF##Retro#7 / Game2,run_1,1,Stochastic,given that,Contingency,Given that,263,273,,0,,contiguous,4,"Given that Team Village wins by eliminating a Werewolf, voting for Mike is the necessary action to achieve this goal.",263-273,NOT_A_CANDIDATE_FORM_OUTSIDE_INVENTORY,,,,,,,True,False,0,10,CLAUSE_INITIAL_PLAUSIBLE
1008,171,Gemma 4 2B,Youtube / Retrovision##ONE#NIGHT#ULTIMATE#WEREWOLF##Retro#7 / Game3,run_1,1,Stochastic,with,Contingency,with,69,73,,0,,contiguous,1,"The discussion indicates high suspicion regarding the Werewolf role, with multiple players pointing towards Justin and Mitchell as potential Werewolves.",69-73,NOT_A_CANDIDATE_FORM_OUTSIDE_INVENTORY,,,,,,,True,False,69,73,UNCLEAR
1022,173,Gemma 4 2B,Youtube / Retrovision##ONE#NIGHT#ULTIMATE#WEREWOLF##Retro#7 / Game5,run_1,1,Stochastic,with,Contingency,with,86,90,,0,,contiguous,1,"The discussion heavily suggests that Eric and Mitchell are claiming to be Werewolves, with Justin also pointing suspicion toward Eric.",86-90,NOT_A_CANDIDATE_FORM_OUTSIDE_INVENTORY,,,,,,,True,False,86,90,UNCLEAR
1034,175,Gemma 4 2B,Youtube / The#Return#of#the#King##ONE#NIGHT#ULTIMATE#WEREWOLF / Game6,run_1,1,Stochastic,with,Contingency,with,97,101,,0,,contiguous,1,"The discussion heavily focuses on role swapping and identifying potential Werewolves or Tanners, with Paul being heavily implicated in these suspicions.",97-101,NOT_A_CANDIDATE_FORM_OUTSIDE_INVENTORY,,,,,,,True,False,97,101,UNCLEAR
1078,184,Gemma 4 2B,Youtube / Way#Way#Back##ONE#NIGHT#ULTIMATE#WEREWOLF##Retro#10 / Game3,run_1,1,Stochastic,with,Contingency,with,43,47,,0,,contiguous,1,"The discussion remains highly speculative, with multiple players pointing suspicion towards Laura being the Werewolf.",43-47,NOT_A_CANDIDATE_FORM_OUTSIDE_INVENTORY,,,,,,,True,False,43,47,UNCLEAR
1091,186,Gemma 4 2B,Youtube / Way#Way#Back##ONE#NIGHT#ULTIMATE#WEREWOLF##Retro#10 / Game5,run_1,1,Stochastic,with,Contingency,with,64,68,,0,,contiguous,1,"The discussion heavily centers around identifying the Werewolf, with Laura being repeatedly implicated and claimed to be the Werewolf by multiple players.",64-68,NOT_A_CANDIDATE_FORM_OUTSIDE_INVENTORY,,,,,,,True,False,64,68,UNCLEAR
1096,187,Gemma 4 2B,Youtube / Ye#Olde#Times##ONE#NIGHT#ULTIMATE#WEREWOLF##Retro#8 / Game1,run_1,1,Stochastic,with,Contingency,with,327,331,,0,,contiguous,3,"Eliminating Justin maximizes the chances of Team Village winning by removing the Werewolf, aligning with the team's primary goal.",327-331,NOT_A_CANDIDATE_FORM_OUTSIDE_INVENTORY,,,,,,,True,False,100,104,NON_CONNECTIVE_LIKELY
1105,189,Gemma 4 2B,Youtube / Ye#Olde#Times##ONE#NIGHT#ULTIMATE#WEREWOLF##Retro#8 / Game3,run_1,1,Stochastic,given,Contingency,Given,272,277,,0,,contiguous,3,"Given the high level of suspicion directed at Paul, he is the primary target for elimination.",272-277,NOT_A_CANDIDATE_FORM_OUTSIDE_INVENTORY,,,,,,,True,False,0,5,CLAUSE_INITIAL_PLAUSIBLE
1117,192,Gemma 4 2B,Ego4D / 0a6ef9dc-a2dc-452b-a907-d6fa2ed4cae0 / Game2,run_2,2,Stochastic,with,Contingency,with,75,79,,0,,contiguous,1,"The discussion revolves entirely around card swaps and identity confusion, with players debating whether they are lying or if the Werewolves are colluding.",75-79,NOT_A_CANDIDATE_FORM_OUTSIDE_INVENTORY,,,,,,,True,False,75,79,UNCLEAR
1127,194,Gemma 4 2B,Ego4D / 0c2659db-7bd4-4b37-9b08-4e247befe382 / Game5,run_2,2,Stochastic,with,Contingency,with,87,91,,0,,contiguous,1,"The discussion focuses heavily on role identification and accusations between players, with multiple players claiming different roles (Doppelganger, Insomniac, Seer, Werewolf).",87-91,NOT_A_CANDIDATE_FORM_OUTSIDE_INVENTORY,,,,,,,True,False,87,91,CLAUSE_INITIAL_PLAUSIBLE
1132,195,Gemma 4 2B,Ego4D / 0c2659db-7bd4-4b37-9b08-4e247befe382 / Game6,run_2,2,Stochastic,with,Contingency,with,44,48,,0,,contiguous,1,"The discussion is highly chaotic and filled with conflicting claims regarding roles and identities, making definitive identification difficult.",44-48,NOT_A_CANDIDATE_FORM_OUTSIDE_INVENTORY,,,,,,,True,False,44,48,NON_CONNECTIVE_LIKELY
1135,195,Gemma 4 2B,Ego4D / 0c2659db-7bd4-4b37-9b08-4e247befe382 / Game6,run_2,2,Stochastic,particularly,Expansion,particularly,170,182,,0,,contiguous,2,"However, several players, particularly Elliot, are heavily suspected of being the Werewolf due to inconsistencies in their claims and the general suspicion raised by others.",170-182,NOT_A_CANDIDATE_FORM_OUTSIDE_INVENTORY,,,,,,,True,False,26,38,NON_CONNECTIVE_LIKELY
1145,196,Gemma 4 2B,Ego4D / 0c2659db-7bd4-4b37-9b08-4e247befe382 / Game7,run_2,2,Stochastic,given,Contingency,given,328,333,,0,,contiguous,3,"Since Team Village wins if no Werewolf is present, and given the lack of concrete identification, it is safer to assume that no Werewolf has been successfully identified and eliminated yet.",328-333,NOT_A_CANDIDATE_FORM_OUTSIDE_INVENTORY,,,,,,,True,False,55,60,CLAUSE_INITIAL_PLAUSIBLE
1157,198,Gemma 4 2B,Ego4D / 0c2659db-7bd4-4b37-9b08-4e247befe382 / Game9,run_2,2,Stochastic,with,Contingency,with,38,42,,0,,contiguous,1,"The discussion is highly contentious, with players making conflicting claims about their roles (Villager, Robber, Hunter) and accusing each other.",38-42,NOT_A_CANDIDATE_FORM_OUTSIDE_INVENTORY,,,,,,,True,False,38,42,CLAUSE_INITIAL_PLAUSIBLE
1159,198,Gemma 4 2B,Ego4D / 0c2659db-7bd4-4b37-9b08-4e247befe382 / Game9,run_2,2,Stochastic,particularly,Expansion,particularly,164,176,,0,,contiguous,2,"Several players, particularly Chris and Elliot, are suggested as potential Werewolves, leading to intense suspicion.",164-176,NOT_A_CANDIDATE_FORM_OUTSIDE_INVENTORY,,,,,,,True,False,17,29,NON_CONNECTIVE_LIKELY
1178,201,Gemma 4 2B,Ego4D / 1a0d3e22-a6d6-4723-91a0-52fc2c87d5ce / Game6,run_2,2,Stochastic,given,Contingency,Given,244,249,,0,,contiguous,3,"Given the high level of suspicion and the focus on Hunter's contradictory statements, voting for him offers the best chance to achieve the win condition.",244-249,NOT_A_CANDIDATE_FORM_OUTSIDE_INVENTORY,,,,,,,True,False,0,5,CLAUSE_INITIAL_PLAUSIBLE
1190,204,Gemma 4 2B,Ego4D / 1a0d3e22-a6d6-4723-91a0-52fc2c87d5ce / Game9,run_2,2,Stochastic,with,Contingency,with,117,121,,0,,contiguous,2,"Jacob deduces that Sean is the Robber who switched cards with Zack, making Zack the actual Werewolf.",117-121,NOT_A_CANDIDATE_FORM_OUTSIDE_INVENTORY,,,,,,,True,False,57,61,NON_CONNECTIVE_LIKELY
1193,204,Gemma 4 2B,Ego4D / 1a0d3e22-a6d6-4723-91a0-52fc2c87d5ce / Game9,run_2,2,Stochastic,with,Contingency,with,320,324,,0,,contiguous,4,"Sean and Hunter claim to be the Villager, aligning them with Team Village, while Jacob's analysis points to Zack as the threat.",320-324,NOT_A_CANDIDATE_FORM_OUTSIDE_INVENTORY,,,,,,,True,False,56,60,NON_CONNECTIVE_LIKELY
1217,209,Gemma 4 2B,Ego4D / 2ba4023c-a8bf-43ad-ad5a-80ba222ce990 / Game9,run_2,2,Stochastic,with,Contingency,with,375,379,,0,,contiguous,3,"Although the roles are highly volatile due to swaps, the collective suspicion focuses on her alignment with the Werewolf team.",375-379,NOT_A_CANDIDATE_FORM_OUTSIDE_INVENTORY,,,,,,,True,False,103,107,NON_CONNECTIVE_LIKELY
1248,214,Gemma 4 2B,Ego4D / 324bccd2-adff-4e9a-8ff4-03491e144ac3 / Game5,run_2,2,Stochastic,particularly,Expansion,particularly,72,84,,0,,contiguous,1,"The discussion centers heavily on role swapping and identity confusion, particularly regarding Jacob's starting role as Werewolf.",72-84,NOT_A_CANDIDATE_FORM_OUTSIDE_INVENTORY,,,,,,,True,False,72,84,NON_CONNECTIVE_LIKELY
1267,216,Gemma 4 2B,Ego4D / 3ba069be-60fa-47fc-bd7b-f85bf649a5bd / Game2,run_2,2,Stochastic,given,Contingency,Given,255,260,,0,,contiguous,3,"Given the lack of concrete information to identify a Werewolf, the safest strategy is to assume that all Werewolf cards are currently in the center, which would lead to a Team Village victory under the specified rules.",255-260,NOT_A_CANDIDATE_FORM_OUTSIDE_INVENTORY,,,,,,,True,False,0,5,CLAUSE_INITIAL_PLAUSIBLE
1274,218,Gemma 4 2B,Ego4D / 3ba069be-60fa-47fc-bd7b-f85bf649a5bd / Game4,run_2,2,Stochastic,with,Contingency,with,36,40,,0,,contiguous,1,"The discussion transcript is filled with role claims and role swaps, making it impossible to definitively identify the Werewolf.",36-40,NOT_A_CANDIDATE_FORM_OUTSIDE_INVENTORY,,,,,,,True,False,36,40,NON_CONNECTIVE_LIKELY
1297,222,Gemma 4 2B,Ego4D / 62c4bc58-3776-4791-ac30-4c9ca5619503 / Game11,run_2,2,Stochastic,particularly,Expansion,particularly,71,83,,0,,contiguous,1,"The discussion centers heavily on suspicions regarding Jessica's role, particularly concerning the Tanner role and deceptive gameplay.",71-83,NOT_A_CANDIDATE_FORM_OUTSIDE_INVENTORY,,,,,,,True,False,71,83,NON_CONNECTIVE_LIKELY
1301,222,Gemma 4 2B,Ego4D / 62c4bc58-3776-4791-ac30-4c9ca5619503 / Game11,run_2,2,Stochastic,given,Contingency,Given,266,271,,0,,contiguous,3,"Given the goal is to eliminate a Werewolf, Jessica is the most likely candidate to be the target of suspicion, making her the prime target for the vote.",266-271,NOT_A_CANDIDATE_FORM_OUTSIDE_INVENTORY,,,,,,,True,False,0,5,CLAUSE_INITIAL_PLAUSIBLE
1304,223,Gemma 4 2B,Ego4D / 62c4bc58-3776-4791-ac30-4c9ca5619503 / Game12,run_2,2,Stochastic,given,Contingency,Given,157,162,,0,,contiguous,2,"Given the objective is to eliminate a Werewolf to win, Daniel is the most logical target for the vote.",157-162,NOT_A_CANDIDATE_FORM_OUTSIDE_INVENTORY,,,,,,,True,False,0,5,CLAUSE_INITIAL_PLAUSIBLE
1311,224,Gemma 4 2B,Ego4D / 62c4bc58-3776-4791-ac30-4c9ca5619503 / Game7,run_2,2,Stochastic,given that,Contingency,Given that,224,234,,0,,contiguous,3,"Given that Team Village needs to eliminate a Werewolf, and Jessica is the target of multiple suspicions, she is the most likely candidate to be the Werewolf, or at least the player who can be eliminated to increase Team Village's chances.",224-234,NOT_A_CANDIDATE_FORM_OUTSIDE_INVENTORY,,,,,,,True,False,0,10,CLAUSE_INITIAL_PLAUSIBLE
1315,225,Gemma 4 2B,Ego4D / 62c4bc58-3776-4791-ac30-4c9ca5619503 / Game8,run_2,2,Stochastic,with,Contingency,with,147,151,,0,,contiguous,2,"Daniel explicitly suggests that Jessica could be the Werewolf, which aligns with Team Village's goal of eliminating a Werewolf.",147-151,NOT_A_CANDIDATE_FORM_OUTSIDE_INVENTORY,,,,,,,True,False,76,80,NON_CONNECTIVE_LIKELY
1317,225,Gemma 4 2B,Ego4D / 62c4bc58-3776-4791-ac30-4c9ca5619503 / Game8,run_2,2,Stochastic,with,Contingency,with,278,282,,0,,contiguous,3,"Since the game outcome depends on eliminating a Werewolf, targeting the player with the strongest suspicion is the best strategy to pursue the win condition.",278-282,NOT_A_CANDIDATE_FORM_OUTSIDE_INVENTORY,,,,,,,True,False,79,83,NON_CONNECTIVE_LIKELY
1347,231,Gemma 4 2B,Youtube / Flashback##ONE#NIGHT#ULTIMATE#WEREWOLF##Retro#9 / Game1,run_2,2,Stochastic,with,Contingency,with,60,64,,0,,contiguous,1,"The discussion heavily focuses on identifying the Werewolf, with Paul explicitly expressing suspicion toward Mitchell, believing Mitchell's claim of being the Insomniac is too 'sweet a story.'",60-64,NOT_A_CANDIDATE_FORM_OUTSIDE_INVENTORY,,,,,,,True,False,60,64,CLAUSE_INITIAL_PLAUSIBLE
1357,233,Gemma 4 2B,Youtube / Flashback##ONE#NIGHT#ULTIMATE#WEREWOLF##Retro#9 / Game3,run_2,2,Stochastic,with,Contingency,with,425,429,,0,,contiguous,3,"To ensure Team Village wins, we must assume the worst-case scenario where no Werewolf is present, aligning with the winning condition that Team Village wins if no player is a Werewolf and no one dies.",425-429,NOT_A_CANDIDATE_FORM_OUTSIDE_INVENTORY,,,,,,,True,False,107,111,NON_CONNECTIVE_LIKELY
1364,234,Gemma 4 2B,Youtube / Flashback##ONE#NIGHT#ULTIMATE#WEREWOLF##Retro#9 / Game4,run_2,2,Stochastic,with,Contingency,with,278,282,,0,,contiguous,2,"Players are actively debating and denying their roles, and the discussion ultimately leads to a vote to 'left' with no one dying.",278-282,NOT_A_CANDIDATE_FORM_OUTSIDE_INVENTORY,,,,,,,True,False,111,115,NON_CONNECTIVE_LIKELY
1373,235,Gemma 4 2B,Youtube / Flashback##ONE#NIGHT#ULTIMATE#WEREWOLF##Retro#9 / Game5,run_2,2,Stochastic,given,Contingency,given,406,411,,0,,contiguous,4,"Voting for Laura directly targets a player who claimed the Werewolf role, which is a strong strategy given the uncertainty.",406-411,NOT_A_CANDIDATE_FORM_OUTSIDE_INVENTORY,,,,,,,True,False,101,106,NON_CONNECTIVE_LIKELY
1383,238,Gemma 4 2B,Youtube / One#Night#Ultimate#Love#Letter##ONE#NIGHT#ULTIMATE#WEREWOLF / Game7,run_2,2,Stochastic,particularly,Expansion,particularly,80,92,,0,,contiguous,1,"The discussion is highly focused on who is lying about their roles and actions, particularly between Justin and Paul.",80-92,NOT_A_CANDIDATE_FORM_OUTSIDE_INVENTORY,,,,,,,True,False,80,92,NON_CONNECTIVE_LIKELY
1393,239,Gemma 4 2B,Youtube / ONE#NIGHT#ULTIMATE#WEREWOLF##Retro#1 / Game1,run_2,2,Stochastic,with,Contingency,with,251,255,,0,,contiguous,3,"Justin and James both agree with the conclusion that Mitchell is the Werewolf, and all three players vote for him.",251-255,NOT_A_CANDIDATE_FORM_OUTSIDE_INVENTORY,,,,,,,True,False,28,32,NON_CONNECTIVE_LIKELY
1397,240,Gemma 4 2B,Youtube / ONE#NIGHT#ULTIMATE#WEREWOLF##Retro#1 / Game10,run_2,2,Stochastic,with,Contingency,with,64,68,,0,,contiguous,1,"The discussion heavily centers around identifying the Werewolf, with Mitchell strongly asserting that Justin is the Werewolf based on his lack of information when claiming the Seer role.",64-68,NOT_A_CANDIDATE_FORM_OUTSIDE_INVENTORY,,,,,,,True,False,64,68,UNCLEAR
1401,240,Gemma 4 2B,Youtube / ONE#NIGHT#ULTIMATE#WEREWOLF##Retro#1 / Game10,run_2,2,Stochastic,given,Contingency,Given,300,305,,0,,contiguous,3,"Given the collective suspicion and Mitchell's final conviction, Justin is the most likely candidate to be eliminated to ensure Team Village's survival.",300-305,NOT_A_CANDIDATE_FORM_OUTSIDE_INVENTORY,,,,,,,True,False,0,5,CLAUSE_INITIAL_PLAUSIBLE
1414,243,Gemma 4 2B,Youtube / ONE#NIGHT#ULTIMATE#WEREWOLF##Retro#1 / Game4,run_2,2,Stochastic,particularly,Expansion,particularly,61,73,,0,,contiguous,1,"The discussion strongly implicates Mitchell as the Werewolf, particularly when Justin directly accuses him based on the card swaps.",61-73,NOT_A_CANDIDATE_FORM_OUTSIDE_INVENTORY,,,,,,,True,False,61,73,NON_CONNECTIVE_LIKELY
1420,244,Gemma 4 2B,Youtube / ONE#NIGHT#ULTIMATE#WEREWOLF##Retro#1 / Game5,run_2,2,Stochastic,with,Contingency,with,44,48,,0,,contiguous,1,"The discussion heavily centers on Mitchell, with multiple players (Justin, James, and Alvin) concluding that he is the Werewolf.",44-48,NOT_A_CANDIDATE_FORM_OUTSIDE_INVENTORY,,,,,,,True,False,44,48,CLAUSE_INITIAL_PLAUSIBLE
1438,248,Gemma 4 2B,Youtube / ONE#NIGHT#ULTIMATE#WEREWOLF##Retro#1 / Game9,run_2,2,Stochastic,with,Contingency,with,37,41,,0,,contiguous,1,"The discussion is highly conflicted, with players accusing each other of being the Werewolf or the Tanner.",37-41,NOT_A_CANDIDATE_FORM_OUTSIDE_INVENTORY,,,,,,,True,False,37,41,UNCLEAR
1444,249,Gemma 4 2B,Youtube / ONE#NIGHT#ULTIMATE#WEREWOLF##Retro#2 / Game1,run_2,2,Stochastic,with,Contingency,with,56,60,,0,,contiguous,1,"The discussion centers around identifying the Werewolf, with Dan suggesting he switched Caitlynn and Justin's cards, leading to the conclusion that Caitlynn is the Werewolf.",56-60,NOT_A_CANDIDATE_FORM_OUTSIDE_INVENTORY,,,,,,,True,False,56,60,CLAUSE_INITIAL_PLAUSIBLE
1450,250,Gemma 4 2B,Youtube / ONE#NIGHT#ULTIMATE#WEREWOLF##Retro#2 / Game2,run_2,2,Stochastic,with,Contingency,with,57,61,,0,,contiguous,1,"The discussion transcript is highly confusing and filled with conflicting claims regarding role swaps and identities, making it impossible to definitively identify a Werewolf.",57-61,NOT_A_CANDIDATE_FORM_OUTSIDE_INVENTORY,,,,,,,True,False,57,61,NON_CONNECTIVE_LIKELY
1457,251,Gemma 4 2B,Youtube / ONE#NIGHT#ULTIMATE#WEREWOLF##Retro#2 / Game3,run_2,2,Stochastic,with,Contingency,with,148,152,,0,,contiguous,2,"Mitchell, who started as a Robber, claimed to have switched with Caitlynn, who was confirmed to be a Villager.",148-152,NOT_A_CANDIDATE_FORM_OUTSIDE_INVENTORY,,,,,,,True,False,60,64,NON_CONNECTIVE_LIKELY
1459,251,Gemma 4 2B,Youtube / ONE#NIGHT#ULTIMATE#WEREWOLF##Retro#2 / Game3,run_2,2,Stochastic,with,Contingency,with,292,296,,0,,contiguous,3,"Mitchell ultimately concluded that Justin was the Werewolf, a conclusion which Justin agreed with.",292-296,NOT_A_CANDIDATE_FORM_OUTSIDE_INVENTORY,,,,,,,True,False,93,97,NON_CONNECTIVE_LIKELY
1460,251,Gemma 4 2B,Youtube / ONE#NIGHT#ULTIMATE#WEREWOLF##Retro#2 / Game3,run_2,2,Stochastic,given that,Contingency,Given that,298,308,,0,,contiguous,4,"Given that Team Village needs to eliminate a Werewolf to win, Justin is the primary suspect based on the collective testimony.",298-308,NOT_A_CANDIDATE_FORM_OUTSIDE_INVENTORY,,,,,,,True,False,0,10,CLAUSE_INITIAL_PLAUSIBLE
1466,253,Gemma 4 2B,Youtube / ONE#NIGHT#ULTIMATE#WEREWOLF##Retro#2 / Game5,run_2,2,Stochastic,with,Contingency,with,73,77,,0,,contiguous,1,"The discussion centers heavily on the identities of Justin and Mitchell, with Caitlynn repeatedly accusing Justin of being the Werewolf.",73-77,NOT_A_CANDIDATE_FORM_OUTSIDE_INVENTORY,,,,,,,True,False,73,77,UNCLEAR
1469,253,Gemma 4 2B,Youtube / ONE#NIGHT#ULTIMATE#WEREWOLF##Retro#2 / Game5,run_2,2,Stochastic,given,Contingency,given,254,259,,0,,contiguous,2,"While Mike also claims to be a Werewolf, the evidence points toward Justin being the target of suspicion, especially given the confusion around role swaps and conflicting statements about the Seer role.",254-259,NOT_A_CANDIDATE_FORM_OUTSIDE_INVENTORY,,,,,,,True,False,117,122,NON_CONNECTIVE_LIKELY
1472,254,Gemma 4 2B,Youtube / ONE#NIGHT#ULTIMATE#WEREWOLF##Retro#2 / Game6,run_2,2,Stochastic,with,Contingency,with,68,72,,0,,contiguous,1,"The discussion centers heavily on the roles of Justin and Mitchell, with Mitchell claiming to be a 'double werewolf' and suggesting Justin switched them.",68-72,NOT_A_CANDIDATE_FORM_OUTSIDE_INVENTORY,,,,,,,True,False,68,72,UNCLEAR
1476,254,Gemma 4 2B,Youtube / ONE#NIGHT#ULTIMATE#WEREWOLF##Retro#2 / Game6,run_2,2,Stochastic,given,Contingency,Given,221,226,,0,,contiguous,3,"Given the high level of suspicion and the direct accusation made by a Team Village player, Mitchell is the most likely candidate to eliminate a Werewolf and secure a win for Team Village.",221-226,NOT_A_CANDIDATE_FORM_OUTSIDE_INVENTORY,,,,,,,True,False,0,5,CLAUSE_INITIAL_PLAUSIBLE
1487,256,Gemma 4 2B,Youtube / ONE#NIGHT#ULTIMATE#WEREWOLF##Retro#2 / Game8,run_2,2,Stochastic,given,Contingency,Given,247,252,,0,,contiguous,3,"Given the high level of suspicion and the need to eliminate a Werewolf, voting for the player making the most critical claim is the most strategic move.",247-252,NOT_A_CANDIDATE_FORM_OUTSIDE_INVENTORY,,,,,,,True,False,0,5,CLAUSE_INITIAL_PLAUSIBLE
1490,257,Gemma 4 2B,Youtube / ONE#NIGHT#ULTIMATE#WEREWOLF##Retro#3 / Game2,run_2,2,Stochastic,with,Contingency,with,36,40,,0,,contiguous,1,"The discussion transcript is filled with conflicting accusations and denials, making it impossible to definitively identify a Werewolf.",36-40,NOT_A_CANDIDATE_FORM_OUTSIDE_INVENTORY,,,,,,,True,False,36,40,NON_CONNECTIVE_LIKELY
1497,258,Gemma 4 2B,Youtube / ONE#NIGHT#ULTIMATE#WEREWOLF##Retro#3 / Game3,run_2,2,Stochastic,with,Contingency,with,150,154,,0,,contiguous,1,"The transcript indicates that Mitchell claimed to see two werewolves, which was corroborated by Mike, who stated he was the Robber and switched cards with Mitchell.",150-154,NOT_A_CANDIDATE_FORM_OUTSIDE_INVENTORY,,,,,,,True,False,150,154,NON_CONNECTIVE_LIKELY
1500,258,Gemma 4 2B,Youtube / ONE#NIGHT#ULTIMATE#WEREWOLF##Retro#3 / Game3,run_2,2,Stochastic,given,Contingency,Given,304,309,,0,,contiguous,3,"Given the limited information, this is the best available evidence to support a vote.",304-309,NOT_A_CANDIDATE_FORM_OUTSIDE_INVENTORY,,,,,,,True,False,0,5,CLAUSE_INITIAL_PLAUSIBLE
1515,260,Gemma 4 2B,Youtube / ONE#NIGHT#ULTIMATE#WEREWOLF##Retro#3 / Game5,run_2,2,Stochastic,with,Contingency,with,370,374,,0,,contiguous,3,"Since Team Village wins by eliminating a Werewolf, Mitchell is the primary suspect who aligns with the Werewolf role, making him the target for elimination.",370-374,NOT_A_CANDIDATE_FORM_OUTSIDE_INVENTORY,,,,,,,True,False,94,98,NON_CONNECTIVE_LIKELY
1522,262,Gemma 4 2B,Youtube / ONE#NIGHT#ULTIMATE#WEREWOLF##Retro#3 / Game7,run_2,2,Stochastic,with,Contingency,with,77,81,,0,,contiguous,1,"The discussion focused heavily on the Tanner role and the Werewolf identity, with James repeatedly concluding that Mitchell was the Werewolf.",77-81,NOT_A_CANDIDATE_FORM_OUTSIDE_INVENTORY,,,,,,,True,False,77,81,UNCLEAR
1530,263,Gemma 4 2B,Youtube / ONE#NIGHT#ULTIMATE#WEREWOLF##Retro#3 / Game8,run_2,2,Stochastic,given,Contingency,Given,315,320,,0,,contiguous,3,"Given the lack of conclusive data, assuming no Werewolf is present is the safest strategy to maximize the chance of Team Village winning.",315-320,NOT_A_CANDIDATE_FORM_OUTSIDE_INVENTORY,,,,,,,True,False,0,5,CLAUSE_INITIAL_PLAUSIBLE
1541,266,Gemma 4 2B,Youtube / ONE#NIGHT#ULTIMATE#WEREWOLF##Retro#4 / Game3,run_2,2,Stochastic,with,Contingency,with,65,69,,0,,contiguous,1,"The discussion centers heavily on role swapping and accusations, with Mike explicitly stating that Mitchell is the Werewolf.",65-69,NOT_A_CANDIDATE_FORM_OUTSIDE_INVENTORY,,,,,,,True,False,65,69,UNCLEAR
1542,266,Gemma 4 2B,Youtube / ONE#NIGHT#ULTIMATE#WEREWOLF##Retro#4 / Game3,run_2,2,Stochastic,with,Contingency,with,151,155,,0,,contiguous,2,"Justin immediately agrees with this assessment and suggests killing Mitchell, indicating a strong consensus among the players that Mitchell is the target.",151-155,NOT_A_CANDIDATE_FORM_OUTSIDE_INVENTORY,,,,,,,True,False,26,30,NON_CONNECTIVE_LIKELY
1544,266,Gemma 4 2B,Youtube / ONE#NIGHT#ULTIMATE#WEREWOLF##Retro#4 / Game3,run_2,2,Stochastic,given,Contingency,Given,280,285,,0,,contiguous,3,"Given the objective is to eliminate a Werewolf, voting out the player most strongly implicated by the group is the best strategy to maximize Team Village's chances of winning.",280-285,NOT_A_CANDIDATE_FORM_OUTSIDE_INVENTORY,,,,,,,True,False,0,5,CLAUSE_INITIAL_PLAUSIBLE
1556,269,Gemma 4 2B,Youtube / ONE#NIGHT#ULTIMATE#WEREWOLF##Retro#4 / Game6,run_2,2,Stochastic,with,Contingency,with,235,239,,0,,contiguous,2,"Mitchell expressed low confidence in his status, claiming only a 60% chance of being guilty, which aligns with the typical behavior of a player trying to deflect suspicion.",235-239,NOT_A_CANDIDATE_FORM_OUTSIDE_INVENTORY,,,,,,,True,False,106,110,NON_CONNECTIVE_LIKELY
1562,271,Gemma 4 2B,Youtube / ONE#NIGHT#ULTIMATE#WEREWOLF##Retro#4 / Game9,run_2,2,Stochastic,with,Contingency,with,84,88,,0,,contiguous,1,"The discussion has devolved into intense accusations regarding who the Werewolf is, with James directly accusing Justin.",84-88,NOT_A_CANDIDATE_FORM_OUTSIDE_INVENTORY,,,,,,,True,False,84,88,UNCLEAR
1563,271,Gemma 4 2B,Youtube / ONE#NIGHT#ULTIMATE#WEREWOLF##Retro#4 / Game9,run_2,2,Stochastic,given,Contingency,Given,121,126,,0,,contiguous,2,"Given the high level of conflict and the immediate call for a vote, targeting the player most directly implicated by another player is the most logical move to maximize the chance of eliminating a Werewolf and securing a victory for Team Village.",121-126,NOT_A_CANDIDATE_FORM_OUTSIDE_INVENTORY,,,,,,,True,False,0,5,CLAUSE_INITIAL_PLAUSIBLE
1575,273,Gemma 4 2B,Youtube / ONE#NIGHT#ULTIMATE#WEREWOLF##Retro#5 / Game2,run_2,2,Stochastic,with,Contingency,with,57,61,,0,,contiguous,1,The discussion transcript is highly confusing and filled with accusations and conflicting claims regarding role swaps and past identities.,57-61,NOT_A_CANDIDATE_FORM_OUTSIDE_INVENTORY,,,,,,,True,False,57,61,NON_CONNECTIVE_LIKELY
1583,274,Gemma 4 2B,Youtube / ONE#NIGHT#ULTIMATE#WEREWOLF##Retro#5 / Game3,run_2,2,Stochastic,with,Contingency,with,57,61,,0,,contiguous,1,"The discussion transcript is highly confusing and filled with conflicting claims regarding role identity and card swaps, making it impossible to definitively identify a Werewolf.",57-61,NOT_A_CANDIDATE_FORM_OUTSIDE_INVENTORY,,,,,,,True,False,57,61,NON_CONNECTIVE_LIKELY
1590,275,Gemma 4 2B,Youtube / ONE#NIGHT#ULTIMATE#WEREWOLF##Retro#5 / Game4,run_2,2,Stochastic,particularly,Expansion,particularly,61,73,,0,,contiguous,1,"The transcript shows intense role confusion and accusations, particularly regarding the Robber and Insomniac roles.",61-73,NOT_A_CANDIDATE_FORM_OUTSIDE_INVENTORY,,,,,,,True,False,61,73,NON_CONNECTIVE_LIKELY
1617,280,Gemma 4 2B,Youtube / ONE#NIGHT#ULTIMATE#WEREWOLF#-#Drinking#Play#Through / Game1,run_2,2,Stochastic,with,Contingency,with,44,48,,0,,contiguous,1,"The discussion is highly chaotic and filled with conflicting claims regarding roles, making definitive identification difficult.",44-48,NOT_A_CANDIDATE_FORM_OUTSIDE_INVENTORY,,,,,,,True,False,44,48,NON_CONNECTIVE_LIKELY
1619,280,Gemma 4 2B,Youtube / ONE#NIGHT#ULTIMATE#WEREWOLF#-#Drinking#Play#Through / Game1,run_2,2,Stochastic,with,Contingency,with,216,220,,0,,contiguous,2,"However, Jordan1 claimed to be the Werewolf at the beginning of the game, which aligns with the Werewolf's goal of creating immediate suspicion.",216-220,NOT_A_CANDIDATE_FORM_OUTSIDE_INVENTORY,,,,,,,True,False,87,91,NON_CONNECTIVE_LIKELY
1630,282,Gemma 4 2B,Youtube / ONE#NIGHT#ULTIMATE#WEREWOLF#1##July#5th#2016 / Game2,run_2,2,Stochastic,with,Contingency,with,189,193,,0,,contiguous,2,"While the transcript is filled with role swapping and deception, the accumulated evidence points towards Mike as the primary suspect, especially given the conflicting stories regarding the Drunk and the Revealer roles.",189-193,NOT_A_CANDIDATE_FORM_OUTSIDE_INVENTORY,,,,,,,True,False,31,35,NON_CONNECTIVE_LIKELY
1633,282,Gemma 4 2B,Youtube / ONE#NIGHT#ULTIMATE#WEREWOLF#1##July#5th#2016 / Game2,run_2,2,Stochastic,given,Contingency,given,303,308,,0,,contiguous,2,"While the transcript is filled with role swapping and deception, the accumulated evidence points towards Mike as the primary suspect, especially given the conflicting stories regarding the Drunk and the Revealer roles.",303-308,NOT_A_CANDIDATE_FORM_OUTSIDE_INVENTORY,,,,,,,True,False,145,150,NON_CONNECTIVE_LIKELY
1665,289,Gemma 4 2B,Youtube / ONE#NIGHT#ULTIMATE#WEREWOLF#14##August#26th#2017 / Game2,run_2,2,Stochastic,particularly,Expansion,particularly,68,80,,0,,contiguous,1,"The transcript shows significant confusion and self-identification, particularly from Justin, who repeatedly claims to be a Werewolf and asserts he was the only one.",68-80,NOT_A_CANDIDATE_FORM_OUTSIDE_INVENTORY,,,,,,,True,False,68,80,NON_CONNECTIVE_LIKELY
1667,289,Gemma 4 2B,Youtube / ONE#NIGHT#ULTIMATE#WEREWOLF#14##August#26th#2017 / Game2,run_2,2,Stochastic,given,Contingency,Given,331,336,,0,,contiguous,3,"Given the high level of suspicion and the chaotic nature of the discussion, Justin is the primary target.",331-336,NOT_A_CANDIDATE_FORM_OUTSIDE_INVENTORY,,,,,,,True,False,0,5,CLAUSE_INITIAL_PLAUSIBLE
1673,290,Gemma 4 2B,Youtube / ONE#NIGHT#ULTIMATE#WEREWOLF#18##September#30th#2017 / Game1,run_2,2,Stochastic,given,Contingency,Given,178,183,,0,,contiguous,2,"Given the objective is to eliminate a Werewolf to win, voting for Paul is the most direct path to achieving Team Village's victory.",178-183,NOT_A_CANDIDATE_FORM_OUTSIDE_INVENTORY,,,,,,,True,False,0,5,CLAUSE_INITIAL_PLAUSIBLE
1678,291,Gemma 4 2B,Youtube / One#Night#Ultimate#Werewolf#2#The#Drunk / Game1,run_2,2,Stochastic,with,Contingency,with,38,42,,0,,contiguous,1,"The discussion is highly contentious, with players speculating about who the Werewolf is, leading to accusations and role swaps.",38-42,NOT_A_CANDIDATE_FORM_OUTSIDE_INVENTORY,,,,,,,True,False,38,42,CLAUSE_INITIAL_PLAUSIBLE
1691,291,Gemma 4 2B,Youtube / One#Night#Ultimate#Werewolf#2#The#Drunk / Game1,run_2,2,Stochastic,with,Contingency,with,450,454,,0,,contiguous,3,"Since the goal is to eliminate a Werewolf to win, and the discussion heavily suggested Audrey might be the Werewolf (especially after the role swaps and conflicting statements), voting for her is the most aligned move with Team Village's objective.",450-454,NOT_A_CANDIDATE_FORM_OUTSIDE_INVENTORY,,,,,,,True,False,218,222,NON_CONNECTIVE_LIKELY
1692,291,Gemma 4 2B,Youtube / One#Night#Ultimate#Werewolf#2#The#Drunk / Game1,run_2,2,Stochastic,given,Contingency,Given,481,486,,0,,contiguous,4,"Given the uncertainty, targeting the most accused player is strategic.",481-486,NOT_A_CANDIDATE_FORM_OUTSIDE_INVENTORY,,,,,,,True,False,0,5,CLAUSE_INITIAL_PLAUSIBLE
1693,292,Gemma 4 2B,Youtube / ONE#NIGHT#ULTIMATE#WEREWOLF#26##January#20th#2018 / Game2,run_2,2,Stochastic,with,Contingency,with,80,84,,0,,contiguous,1,"Meghan is the most aggressive player, claiming to be the Werewolf, which aligns with the goal of Team Village to eliminate a Werewolf.",80-84,NOT_A_CANDIDATE_FORM_OUTSIDE_INVENTORY,,,,,,,True,False,80,84,NON_CONNECTIVE_LIKELY
1707,296,Gemma 4 2B,Youtube / ONE#NIGHT#ULTIMATE#WEREWOLF#28##February#17th#2018 / Game3,run_2,2,Stochastic,with,Contingency,with,153,157,,0,,contiguous,2,"While the transcript is filled with confusing claims about card swaps and identities, Justin is the central figure in the suspicion surrounding the Werewolf role.",153-157,NOT_A_CANDIDATE_FORM_OUTSIDE_INVENTORY,,,,,,,True,False,31,35,NON_CONNECTIVE_LIKELY
1711,297,Gemma 4 2B,Youtube / One#Night#Ultimate#Werewolf#3#Insomniac / Game1,run_2,2,Stochastic,particularly,Expansion,particularly,174,186,,0,,contiguous,2,"However, the players, particularly Audrey and Katie, converge on Brett as a primary suspect, believing he might be the Mason or a Werewolf, which would result in a loss for Team Village.",174-186,NOT_A_CANDIDATE_FORM_OUTSIDE_INVENTORY,,,,,,,True,False,22,34,NON_CONNECTIVE_LIKELY
1727,300,Gemma 4 2B,Youtube / ONE#NIGHT#ULTIMATE#WEREWOLF#34##March#24th#2018 / Game2,run_2,2,Stochastic,with,Contingency,with,46,50,,0,,contiguous,1,"The transcript is highly confusing and filled with conflicting claims about roles and card swaps, making it impossible to definitively identify the Werewolf.",46-50,NOT_A_CANDIDATE_FORM_OUTSIDE_INVENTORY,,,,,,,True,False,46,50,NON_CONNECTIVE_LIKELY
1749,303,Gemma 4 2B,Youtube / One#Night#Ultimate#Werewolf#362#More#Classic#Werewolf / Game1,run_2,2,Stochastic,with,Contingency,with,407,411,,0,,contiguous,4,"Since Team Village needs to eliminate a Werewolf to win, voting for the player with the strongest suspicion is the best strategy.",407-411,NOT_A_CANDIDATE_FORM_OUTSIDE_INVENTORY,,,,,,,True,False,79,83,NON_CONNECTIVE_LIKELY
1755,305,Gemma 4 2B,Youtube / ONE#NIGHT#ULTIMATE#WEREWOLF#37##April#21st#2018 / Game2,run_2,2,Stochastic,with,Contingency,with,44,48,,0,,contiguous,1,"The discussion is highly chaotic and filled with accusations and role confusion, making definitive identification impossible.",44-48,NOT_A_CANDIDATE_FORM_OUTSIDE_INVENTORY,,,,,,,True,False,44,48,NON_CONNECTIVE_LIKELY
1757,305,Gemma 4 2B,Youtube / ONE#NIGHT#ULTIMATE#WEREWOLF#37##April#21st#2018 / Game2,run_2,2,Stochastic,given,Contingency,Given,263,268,,0,,contiguous,3,"Given the high level of distrust and the need to eliminate a Werewolf to win, targeting the player who is actively directing suspicion seems the most strategic move.",263-268,NOT_A_CANDIDATE_FORM_OUTSIDE_INVENTORY,,,,,,,True,False,0,5,CLAUSE_INITIAL_PLAUSIBLE
1759,306,Gemma 4 2B,Youtube / ONE#NIGHT#ULTIMATE#WEREWOLF#38##April#21st#2018 / Game3,run_2,2,Stochastic,particularly,Expansion,particularly,72,84,,0,,contiguous,1,"The transcript contains strong accusations regarding the Werewolf role, particularly when James explicitly states he was Werewolf (126) and later Justin and James accuse each other of being Werewolves (153).",72-84,NOT_A_CANDIDATE_FORM_OUTSIDE_INVENTORY,,,,,,,True,False,72,84,NON_CONNECTIVE_LIKELY
1766,307,Gemma 4 2B,Youtube / ONE#NIGHT#ULTIMATE#WEREWOLF#38##April#21st#2018 / Game4,run_2,2,Stochastic,with,Contingency,with,52,56,,0,,contiguous,1,"The discussion culminates in a vote targeting Mike, with Justin claiming he saw a Werewolf on Mike's card.",52-56,NOT_A_CANDIDATE_FORM_OUTSIDE_INVENTORY,,,,,,,True,False,52,56,UNCLEAR
1778,309,Gemma 4 2B,Youtube / One#Night#Ultimate#Werewolf#382#Game#100!! / Game1,run_2,2,Stochastic,given,Contingency,Given,247,252,,0,,contiguous,3,"Given the objective is to eliminate a Werewolf to secure a win for Team Village, voting for Dylan is the most direct action based on the available, albeit contested, information.",247-252,NOT_A_CANDIDATE_FORM_OUTSIDE_INVENTORY,,,,,,,True,False,0,5,CLAUSE_INITIAL_PLAUSIBLE
1785,310,Gemma 4 2B,Youtube / ONE#NIGHT#ULTIMATE#WEREWOLF#39##April#21st#2018 / Game3,run_2,2,Stochastic,with,Contingency,with,356,360,,0,,contiguous,3,"Since the Tanner is a target that Team Village benefits from eliminating, voting for Justin aligns with the goal of removing a potential threat or independent team member.",356-360,NOT_A_CANDIDATE_FORM_OUTSIDE_INVENTORY,,,,,,,True,False,99,103,NON_CONNECTIVE_LIKELY
1787,311,Gemma 4 2B,Youtube / ONE#NIGHT#ULTIMATE#WEREWOLF#4##July#14th#2016 / Game1,run_2,2,Stochastic,particularly,Expansion,particularly,60,72,,0,,contiguous,1,"The transcript shows significant confusion regarding roles, particularly surrounding the Tanner role, which is a common tactic used by Werewolves to divert suspicion.",60-72,NOT_A_CANDIDATE_FORM_OUTSIDE_INVENTORY,,,,,,,True,False,60,72,NON_CONNECTIVE_LIKELY
1804,314,Gemma 4 2B,Youtube / ONE#NIGHT#ULTIMATE#WEREWOLF#43##October#13th#2018 / Game1,run_2,2,Stochastic,with,Contingency,with,132,136,,0,,contiguous,2,"While the transcript is filled with role swaps and conflicting claims, Mike's assertion provides the strongest direct link to the Werewolf role.",132-136,NOT_A_CANDIDATE_FORM_OUTSIDE_INVENTORY,,,,,,,True,False,31,35,NON_CONNECTIVE_LIKELY
1809,315,Gemma 4 2B,Youtube / ONE#NIGHT#ULTIMATE#WEREWOLF#43##October#13th#2018 / Game3,run_2,2,Stochastic,with,Contingency,with,156,160,,0,,contiguous,2,"Although the transcript is filled with role swaps and accusations, Justin's direct statement about his role is a critical piece of information.",156-160,NOT_A_CANDIDATE_FORM_OUTSIDE_INVENTORY,,,,,,,True,False,34,38,NON_CONNECTIVE_LIKELY
1821,317,Gemma 4 2B,Youtube / ONE#NIGHT#ULTIMATE#WEREWOLF#44##October#13th#2018 / Game1,run_2,2,Stochastic,given,Contingency,given,398,403,,0,,contiguous,3,"Since Team Village wins if no Werewolf is present and no one dies, and given the heavy emphasis on misdirection, it is safer to assume the Werewolf is hidden in the center role pool.",398-403,NOT_A_CANDIDATE_FORM_OUTSIDE_INVENTORY,,,,,,,True,False,71,76,CLAUSE_INITIAL_PLAUSIBLE
1827,318,Gemma 4 2B,Youtube / ONE#NIGHT#ULTIMATE#WEREWOLF#44##October#13th#2018 / Game2,run_2,2,Stochastic,given,Contingency,Given,320,325,,0,,contiguous,3,"Given the pressure and the nature of the game, Justin is the primary suspect who has placed himself in the Werewolf role, making him the most logical target for Team Village to eliminate.",320-325,NOT_A_CANDIDATE_FORM_OUTSIDE_INVENTORY,,,,,,,True,False,0,5,CLAUSE_INITIAL_PLAUSIBLE
1832,319,Gemma 4 2B,Youtube / ONE#NIGHT#ULTIMATE#WEREWOLF#44##October#13th#2018 / Game3,run_2,2,Stochastic,with,Contingency,with,151,155,,0,,contiguous,2,"However, the transcript concludes with a statement that 'no werewolf exists,' implying that the Werewolves were either eliminated or swapped out of the game.",151-155,NOT_A_CANDIDATE_FORM_OUTSIDE_INVENTORY,,,,,,,True,False,34,38,NON_CONNECTIVE_LIKELY
1849,321,Gemma 4 2B,Youtube / ONE#NIGHT#ULTIMATE#WEREWOLF#44##October#13th#2018 / Game5,run_2,2,Stochastic,with,Contingency,with,114,118,,0,,contiguous,1,"The discussion centers heavily around role swaps and accusations, specifically Mitchell claiming he swapped roles with the Werewolf.",114-118,NOT_A_CANDIDATE_FORM_OUTSIDE_INVENTORY,,,,,,,True,False,114,118,NON_CONNECTIVE_LIKELY
1856,323,Gemma 4 2B,Youtube / ONE#NIGHT#ULTIMATE#WEREWOLF#45##October#13th#2018 / Game6,run_2,2,Stochastic,with,Contingency,with,54,58,,0,,contiguous,1,"The discussion transcript is highly confusing, filled with accusations of role swapping (Robber, Troublemaker, Hunter) and denial of roles.",54-58,NOT_A_CANDIDATE_FORM_OUTSIDE_INVENTORY,,,,,,,True,False,54,58,NON_CONNECTIVE_LIKELY
1865,324,Gemma 4 2B,Youtube / One#Night#Ultimate#Werewolf#491#Classic#Werewolf / Game1,run_2,2,Stochastic,with,Contingency,with,216,220,,0,,contiguous,2,"However, Pete explicitly claimed to be the Werewolf twice, and the conversation concluded with Brett suggesting they vote for him.",216-220,NOT_A_CANDIDATE_FORM_OUTSIDE_INVENTORY,,,,,,,True,False,90,94,NON_CONNECTIVE_LIKELY
1867,324,Gemma 4 2B,Youtube / One#Night#Ultimate#Werewolf#491#Classic#Werewolf / Game1,run_2,2,Stochastic,given,Contingency,Given,257,262,,0,,contiguous,3,"Given the goal is to eliminate a Werewolf, voting for the player who actively claimed the Werewolf role is the most logical move to secure a victory for Team Village.",257-262,NOT_A_CANDIDATE_FORM_OUTSIDE_INVENTORY,,,,,,,True,False,0,5,CLAUSE_INITIAL_PLAUSIBLE
1871,325,Gemma 4 2B,Youtube / One#Night#Ultimate#Werewolf#492#More#Classic#Werewolf / Game1,run_2,2,Stochastic,with,Contingency,with,61,65,,0,,contiguous,1,"The discussion transcript is highly contradictory and filled with accusations and role claims, making it impossible to definitively identify a Werewolf.",61-65,NOT_A_CANDIDATE_FORM_OUTSIDE_INVENTORY,,,,,,,True,False,61,65,NON_CONNECTIVE_LIKELY
1886,328,Gemma 4 2B,Youtube / One#Night#Ultimate#Werewolf#531#Classic#ONUW / Game1,run_2,2,Stochastic,given,Contingency,Given,141,146,,0,,contiguous,2,"Given the uncertainty and numerous card swaps described in the transcript, targeting the player who claims the Werewolf role is the most logical move to maximize the chances of eliminating a Werewolf and securing a Team Village victory.",141-146,NOT_A_CANDIDATE_FORM_OUTSIDE_INVENTORY,,,,,,,True,False,0,5,CLAUSE_INITIAL_PLAUSIBLE
1894,329,Gemma 4 2B,Youtube / One#Night#Ultimate#Werewolf#532#More#Classic#ONUW / Game1,run_2,2,Stochastic,given,Contingency,Given,217,222,,0,,contiguous,3,"Given the context of the game and the need to eliminate a Werewolf to secure a Village victory, DeAndre is the most direct suspect based on his self-identification.",217-222,NOT_A_CANDIDATE_FORM_OUTSIDE_INVENTORY,,,,,,,True,False,0,5,CLAUSE_INITIAL_PLAUSIBLE
1897,330,Gemma 4 2B,Youtube / One#Night#Ultimate#Werewolf#533#Even#More#Classic#ONUW / Game1,run_2,2,Stochastic,with,Contingency,with,54,58,,0,,contiguous,1,"The discussion centers heavily on DeAndre's identity, with players debating whether he is the Werewolf, the Minion, or simply the Drunk.",54-58,NOT_A_CANDIDATE_FORM_OUTSIDE_INVENTORY,,,,,,,True,False,54,58,CLAUSE_INITIAL_PLAUSIBLE
1911,332,Gemma 4 2B,Youtube / ONE#NIGHT#ULTIMATE#WEREWOLF#6##November#6th#2016 / Game1,run_2,2,Stochastic,with,Contingency,with,223,227,,0,,contiguous,3,Mike agrees with this deduction and explicitly states they should vote for Caitlynn.,223-227,NOT_A_CANDIDATE_FORM_OUTSIDE_INVENTORY,,,,,,,True,False,12,16,NON_CONNECTIVE_LIKELY
1929,335,Gemma 4 2B,Youtube / ONE#NIGHT#ULTIMATE#WEREWOLF#62##March#23rd#2019 / Game2,run_2,2,Stochastic,given,Contingency,Given,243,248,,0,,contiguous,3,"Given the lack of clear confirmation of a Werewolf, James is the most suspicious player due to his involvement in the Robber action and the subsequent uncertainty surrounding the night phase.",243-248,NOT_A_CANDIDATE_FORM_OUTSIDE_INVENTORY,,,,,,,True,False,0,5,CLAUSE_INITIAL_PLAUSIBLE
1939,337,Gemma 4 2B,Youtube / ONE#NIGHT#ULTIMATE#WEREWOLF#64##March#23rd#2019 / Game3,run_2,2,Stochastic,with,Contingency,with,321,325,,0,,contiguous,3,"To maximize the chances of Team Village winning, we must target the player most aggressively aligned with the Werewolf team, which is James.",321-325,NOT_A_CANDIDATE_FORM_OUTSIDE_INVENTORY,,,,,,,True,False,101,105,NON_CONNECTIVE_LIKELY
1942,338,Gemma 4 2B,Youtube / ONE#NIGHT#ULTIMATE#WEREWOLF#64##March#23rd#2019 / Game4,run_2,2,Stochastic,given,Contingency,Given,210,215,,0,,contiguous,3,"Given the requirement to eliminate a Werewolf to win, voting out a highly suspected player is the optimal strategy.",210-215,NOT_A_CANDIDATE_FORM_OUTSIDE_INVENTORY,,,,,,,True,False,0,5,CLAUSE_INITIAL_PLAUSIBLE
1960,341,Gemma 4 2B,Youtube / ONE#NIGHT#ULTIMATE#WEREWOLF#7##November#6th#2016 / Game2,run_2,2,Stochastic,given,Contingency,Given,326,331,,0,,contiguous,3,"Given the uncertainty, targeting the player who is actively pursuing the Werewolf hypothesis is the most logical choice.",326-331,NOT_A_CANDIDATE_FORM_OUTSIDE_INVENTORY,,,,,,,True,False,0,5,CLAUSE_INITIAL_PLAUSIBLE
1971,343,Gemma 4 2B,Youtube / ONE#NIGHT#ULTIMATE#WEREWOLF#7##November#6th#2016 / Game4,run_2,2,Stochastic,given,Contingency,Given,270,275,,0,,contiguous,3,"Given the goal is to eliminate a Werewolf to win, Mitchell is the most logical choice to vote out to maximize the chances of Team Village winning.",270-275,NOT_A_CANDIDATE_FORM_OUTSIDE_INVENTORY,,,,,,,True,False,0,5,CLAUSE_INITIAL_PLAUSIBLE
1986,346,Gemma 4 2B,Youtube / ONE#NIGHT#ULTIMATE#WEREWOLF#83##October#15th#2019 / Game2,run_2,2,Stochastic,with,Contingency,with,199,203,,0,,contiguous,2,"Although there is significant discussion suggesting that Mike may have been switched with another player, the immediate goal is to eliminate a Werewolf to secure a Team Village win.",199-203,NOT_A_CANDIDATE_FORM_OUTSIDE_INVENTORY,,,,,,,True,False,85,89,NON_CONNECTIVE_LIKELY
1998,348,Gemma 4 2B,Youtube / ONE#NIGHT#ULTIMATE#WEREWOLF#86##November#9th#2019 / Game1,run_2,2,Stochastic,given,Contingency,given,388,393,,0,,contiguous,4,"Since there is no conclusive evidence pointing to a Werewolf, and given the high level of distrust and confusion, it is safer to assume no Werewolf is present, which satisfies the condition for Team Village to win if all Werewolf cards are in the center.",388-393,NOT_A_CANDIDATE_FORM_OUTSIDE_INVENTORY,,,,,,,True,False,66,71,CLAUSE_INITIAL_PLAUSIBLE
2005,349,Gemma 4 2B,Youtube / ONE#NIGHT#ULTIMATE#WEREWOLF#86##November#9th#2019 / Game3,run_2,2,Stochastic,with,Contingency,with,183,187,,0,,contiguous,2,"While the transcript is filled with accusations and role swaps, focusing the vote on the player who claims the Werewolf role maximizes the chance of eliminating a Werewolf and securing a victory for Team Village.",183-187,NOT_A_CANDIDATE_FORM_OUTSIDE_INVENTORY,,,,,,,True,False,31,35,NON_CONNECTIVE_LIKELY
2011,350,Gemma 4 2B,Youtube / ONE#NIGHT#ULTIMATE#WEREWOLF#86##November#9th#2019 / Game4,run_2,2,Stochastic,particularly,Expansion,particularly,119,131,,0,,contiguous,1,"The discussion centers heavily on identifying roles and determining who is lying, but the consensus among the players, particularly Justin and Paul, points toward Mike as the primary suspect.",119-131,NOT_A_CANDIDATE_FORM_OUTSIDE_INVENTORY,,,,,,,True,False,119,131,NON_CONNECTIVE_LIKELY
2040,354,Gemma 4 2B,Youtube / ONE#NIGHT#ULTIMATE#WEREWOLF#89##November#30th#2019 / Game3,run_2,2,Stochastic,with,Contingency,with,159,163,,0,,contiguous,2,"However, Mitchell explicitly states he is a werewolf with 100% certainty, and James also admits to being a werewolf.",159-163,NOT_A_CANDIDATE_FORM_OUTSIDE_INVENTORY,,,,,,,True,False,53,57,NON_CONNECTIVE_LIKELY
2043,354,Gemma 4 2B,Youtube / ONE#NIGHT#ULTIMATE#WEREWOLF#89##November#30th#2019 / Game3,run_2,2,Stochastic,given,Contingency,Given,223,228,,0,,contiguous,3,"Given the requirement to eliminate a Werewolf to win, Mitchell is the most obvious target.",223-228,NOT_A_CANDIDATE_FORM_OUTSIDE_INVENTORY,,,,,,,True,False,0,5,CLAUSE_INITIAL_PLAUSIBLE
2061,357,Gemma 4 2B,Youtube / ONE#NIGHT#ULTIMATE#WEREWOLF#9##November#6th#2016 / Game3,run_2,2,Stochastic,given,Contingency,Given,294,299,,0,,contiguous,3,"Given the pressure and the need to make a decisive move, I will vote for Mitchell, hoping he is the Werewolf.",294-299,NOT_A_CANDIDATE_FORM_OUTSIDE_INVENTORY,,,,,,,True,False,0,5,CLAUSE_INITIAL_PLAUSIBLE
2071,359,Gemma 4 2B,Youtube / One#Night#Ultimate#Werewolf#GAME#NIGHT!! / Game2,run_2,2,Stochastic,with,Contingency,with,48,52,,0,,contiguous,1,"The discussion heavily focuses on Shane's role, with Eric accusing him of being the Werewolf and Shane admitting to having switched cards with Eric (the Robber role).",48-52,NOT_A_CANDIDATE_FORM_OUTSIDE_INVENTORY,,,,,,,True,False,48,52,UNCLEAR
2073,359,Gemma 4 2B,Youtube / One#Night#Ultimate#Werewolf#GAME#NIGHT!! / Game2,run_2,2,Stochastic,with,Contingency,with,138,142,,0,,contiguous,1,"The discussion heavily focuses on Shane's role, with Eric accusing him of being the Werewolf and Shane admitting to having switched cards with Eric (the Robber role).",138-142,NOT_A_CANDIDATE_FORM_OUTSIDE_INVENTORY,,,,,,,True,False,48,52,UNCLEAR
2075,359,Gemma 4 2B,Youtube / One#Night#Ultimate#Werewolf#GAME#NIGHT!! / Game2,run_2,2,Stochastic,given,Contingency,Given,263,268,,0,,contiguous,3,"Given the objective is to eliminate a Werewolf to secure a Team Village win, Shane is the primary target based on the collective suspicion and self-confession.",263-268,NOT_A_CANDIDATE_FORM_OUTSIDE_INVENTORY,,,,,,,True,False,0,5,CLAUSE_INITIAL_PLAUSIBLE
2094,363,Gemma 4 2B,Youtube / Retrovision##ONE#NIGHT#ULTIMATE#WEREWOLF##Retro#7 / Game4,run_2,2,Stochastic,given,Contingency,Given,234,239,,0,,contiguous,3,"Given the lack of concrete evidence pointing to a Villager or another confirmed role, targeting the player with the most incriminating initial claim is the best strategy to maximize the chances of eliminating a Werewolf.",234-239,NOT_A_CANDIDATE_FORM_OUTSIDE_INVENTORY,,,,,,,True,False,0,5,CLAUSE_INITIAL_PLAUSIBLE
2096,363,Gemma 4 2B,Youtube / Retrovision##ONE#NIGHT#ULTIMATE#WEREWOLF##Retro#7 / Game4,run_2,2,Stochastic,with,Contingency,with,341,345,,0,,contiguous,3,"Given the lack of concrete evidence pointing to a Villager or another confirmed role, targeting the player with the most incriminating initial claim is the best strategy to maximize the chances of eliminating a Werewolf.",341-345,NOT_A_CANDIDATE_FORM_OUTSIDE_INVENTORY,,,,,,,True,False,107,111,NON_CONNECTIVE_LIKELY
2100,364,Gemma 4 2B,Youtube / Retrovision##ONE#NIGHT#ULTIMATE#WEREWOLF##Retro#7 / Game5,run_2,2,Stochastic,eventually,Temporal,eventually,118,128,,0,,contiguous,1,"The transcript indicates that Eric and Mitchell both claimed to have started as the Werewolf, and the Werewolves were eventually identified during the Night phase.",118-128,NOT_A_CANDIDATE_FORM_OUTSIDE_INVENTORY,,,,,,,True,False,118,128,NON_CONNECTIVE_LIKELY
2113,367,Gemma 4 2B,Youtube / The#Return#of#the#King##ONE#NIGHT#ULTIMATE#WEREWOLF / Game7,run_2,2,Stochastic,given that,Contingency,Given that,137,147,,0,,contiguous,2,"Given that Team Village needs to eliminate a Werewolf to win, and the Werewolves aim to survive, voting out the person who seems most suspicious or who might be a Werewolf is the best strategy.",137-147,NOT_A_CANDIDATE_FORM_OUTSIDE_INVENTORY,,,,,,,True,False,0,10,CLAUSE_INITIAL_PLAUSIBLE
2121,368,Gemma 4 2B,Youtube / Visions#from#2016##ONE#NIGHT#ULTIMATE#WEREWOLF##Retro#11 / Game1,run_2,2,Stochastic,particularly,Expansion,particularly,55,67,,0,,contiguous,1,"The discussion centers heavily on role identification, particularly the Seer and Tanner roles, but no definitive Werewolf has been confirmed.",55-67,NOT_A_CANDIDATE_FORM_OUTSIDE_INVENTORY,,,,,,,True,False,55,67,NON_CONNECTIVE_LIKELY
2128,369,Gemma 4 2B,Youtube / Visions#from#2016##ONE#NIGHT#ULTIMATE#WEREWOLF##Retro#11 / Game2,run_2,2,Stochastic,with,Contingency,with,97,101,,0,,contiguous,1,"The discussion in the transcript focuses heavily on identifying the Tanner and the Troublemaker, with speculation regarding Paul's role.",97-101,NOT_A_CANDIDATE_FORM_OUTSIDE_INVENTORY,,,,,,,True,False,97,101,UNCLEAR
2131,369,Gemma 4 2B,Youtube / Visions#from#2016##ONE#NIGHT#ULTIMATE#WEREWOLF##Retro#11 / Game2,run_2,2,Stochastic,given,Contingency,Given,319,324,,0,,contiguous,3,"Given the lack of definitive proof, and the possibility that all Werewolf cards are in the center, the safest strategy is to assume no Werewolf is present.",319-324,NOT_A_CANDIDATE_FORM_OUTSIDE_INVENTORY,,,,,,,True,False,0,5,CLAUSE_INITIAL_PLAUSIBLE
2137,370,Gemma 4 2B,Youtube / Visions#from#2016##ONE#NIGHT#ULTIMATE#WEREWOLF##Retro#11 / Game3,run_2,2,Stochastic,given,Contingency,Given,231,236,,0,,contiguous,3,"Given the conflicting accusations and the direct statement, Laura is the most likely Werewolf, and eliminating her ensures Team Village wins.",231-236,NOT_A_CANDIDATE_FORM_OUTSIDE_INVENTORY,,,,,,,True,False,0,5,CLAUSE_INITIAL_PLAUSIBLE
2150,372,Gemma 4 2B,Youtube / Visions#from#2016##ONE#NIGHT#ULTIMATE#WEREWOLF##Retro#11 / Game5,run_2,2,Stochastic,given,Contingency,Given,299,304,,0,,contiguous,3,"Given the uncertainty and the potential for misidentification due to role changes, it is safer to assume no Werewolf is present to maximize Team Village's chance of winning by default.",299-304,NOT_A_CANDIDATE_FORM_OUTSIDE_INVENTORY,,,,,,,True,False,0,5,CLAUSE_INITIAL_PLAUSIBLE
2156,373,Gemma 4 2B,Youtube / Way#Way#Back##ONE#NIGHT#ULTIMATE#WEREWOLF##Retro#10 / Game1,run_2,2,Stochastic,despite,Comparison,despite,410,417,,0,,contiguous,3,"Since Team Village needs to eliminate a Werewolf, targeting the player who claims that role is the most logical strategic move, despite the high likelihood that he is lying.",410-417,NOT_A_CANDIDATE_FORM_OUTSIDE_INVENTORY,,,,,,,True,False,128,135,UNCLEAR
2157,374,Gemma 4 2B,Youtube / Way#Way#Back##ONE#NIGHT#ULTIMATE#WEREWOLF##Retro#10 / Game2,run_2,2,Stochastic,particularly,Expansion,particularly,54,66,,0,,contiguous,1,"The discussion is highly confusing due to role swaps, particularly involving the Tanner and Insomniac roles, making definitive identification difficult.",54-66,NOT_A_CANDIDATE_FORM_OUTSIDE_INVENTORY,,,,,,,True,False,54,66,NON_CONNECTIVE_LIKELY
2160,374,Gemma 4 2B,Youtube / Way#Way#Back##ONE#NIGHT#ULTIMATE#WEREWOLF##Retro#10 / Game2,run_2,2,Stochastic,given,Contingency,Given,321,326,,0,,contiguous,3,"Given the goal is to eliminate a Werewolf to win, James is the primary target based on the available accusations.",321-326,NOT_A_CANDIDATE_FORM_OUTSIDE_INVENTORY,,,,,,,True,False,0,5,CLAUSE_INITIAL_PLAUSIBLE
2161,375,Gemma 4 2B,Youtube / Way#Way#Back##ONE#NIGHT#ULTIMATE#WEREWOLF##Retro#10 / Game3,run_2,2,Stochastic,with,Contingency,with,60,64,,0,,contiguous,1,"The discussion heavily focuses on identifying the Werewolf, with Mitchell explicitly suggesting Laura is the Werewolf or the Hunter.",60-64,NOT_A_CANDIDATE_FORM_OUTSIDE_INVENTORY,,,,,,,True,False,60,64,UNCLEAR
2172,376,Gemma 4 2B,Youtube / Way#Way#Back##ONE#NIGHT#ULTIMATE#WEREWOLF##Retro#10 / Game4,run_2,2,Stochastic,given,Contingency,Given,196,201,,0,,contiguous,3,"Given the objective is to eliminate a Werewolf to secure victory for Team Village, targeting the player directly accused by another player (Laura) is the most strategic move.",196-201,NOT_A_CANDIDATE_FORM_OUTSIDE_INVENTORY,,,,,,,True,False,0,5,CLAUSE_INITIAL_PLAUSIBLE
2175,377,Gemma 4 2B,Youtube / Way#Way#Back##ONE#NIGHT#ULTIMATE#WEREWOLF##Retro#10 / Game5,run_2,2,Stochastic,with,Contingency,with,183,187,,0,,contiguous,2,"Furthermore, Mitchell attempts to eliminate her, suggesting she is the Troublemaker, which aligns with the goal of Team Village to eliminate a Werewolf.",183-187,NOT_A_CANDIDATE_FORM_OUTSIDE_INVENTORY,,,,,,,True,False,98,102,NON_CONNECTIVE_LIKELY
2189,381,Gemma 4 2B,Youtube / Ye#Olde#Times##ONE#NIGHT#ULTIMATE#WEREWOLF##Retro#8 / Game4,run_2,2,Stochastic,given,Contingency,Given,271,276,,0,,contiguous,3,"Given the goal is to eliminate a Werewolf, and Eric is the primary target identified by another player, he is the most logical choice for elimination.",271-276,NOT_A_CANDIDATE_FORM_OUTSIDE_INVENTORY,,,,,,,True,False,0,5,CLAUSE_INITIAL_PLAUSIBLE
2197,383,Gemma 4 2B,Ego4D / 0a6ef9dc-a2dc-452b-a907-d6fa2ed4cae0 / Game2,run_3,3,Stochastic,with,Contingency,with,31,35,,0,,contiguous,1,"The discussion transcript ends with players agreeing not to kill, indicating a lack of consensus or certainty regarding the identity of the Werewolf.",31-35,NOT_A_CANDIDATE_FORM_OUTSIDE_INVENTORY,,,,,,,True,False,31,35,NON_CONNECTIVE_LIKELY
2206,384,Gemma 4 2B,Ego4D / 0c2659db-7bd4-4b37-9b08-4e247befe382 / Game4,run_3,3,Stochastic,with,Contingency,with,188,192,,0,,contiguous,2,"The conversation centered around Elliot potentially swapping with Ashley and becoming the Werewolf, suggesting high volatility in roles.",188-192,NOT_A_CANDIDATE_FORM_OUTSIDE_INVENTORY,,,,,,,True,False,61,65,NON_CONNECTIVE_LIKELY
2208,384,Gemma 4 2B,Ego4D / 0c2659db-7bd4-4b37-9b08-4e247befe382 / Game4,run_3,3,Stochastic,given,Contingency,Given,264,269,,0,,contiguous,3,"Given the objective is to eliminate a Werewolf, voting out the player who claims the Werewolf role is the most direct path to achieving a Team Village victory.",264-269,NOT_A_CANDIDATE_FORM_OUTSIDE_INVENTORY,,,,,,,True,False,0,5,CLAUSE_INITIAL_PLAUSIBLE
2214,385,Gemma 4 2B,Ego4D / 0c2659db-7bd4-4b37-9b08-4e247befe382 / Game5,run_3,3,Stochastic,given,Contingency,Given,258,263,,0,,contiguous,3,"Given the uncertainty, targeting the player who is most frequently implicated by other players provides the highest chance of eliminating a Werewolf and securing a Team Village win.",258-263,NOT_A_CANDIDATE_FORM_OUTSIDE_INVENTORY,,,,,,,True,False,0,5,CLAUSE_INITIAL_PLAUSIBLE
2216,386,Gemma 4 2B,Ego4D / 0c2659db-7bd4-4b37-9b08-4e247befe382 / Game6,run_3,3,Stochastic,with,Contingency,with,34,38,,0,,contiguous,1,"The discussion is highly chaotic, with multiple players making conflicting claims about their roles, which is typical in this game.",34-38,NOT_A_CANDIDATE_FORM_OUTSIDE_INVENTORY,,,,,,,True,False,34,38,CLAUSE_INITIAL_PLAUSIBLE
2218,386,Gemma 4 2B,Ego4D / 0c2659db-7bd4-4b37-9b08-4e247befe382 / Game6,run_3,3,Stochastic,with,Contingency,with,229,233,,0,,contiguous,2,"However, Sukeshi explicitly states that James is a werewolf twice, suggesting a strong alignment with the Werewolf role.",229-233,NOT_A_CANDIDATE_FORM_OUTSIDE_INVENTORY,,,,,,,True,False,97,101,NON_CONNECTIVE_LIKELY
2226,388,Gemma 4 2B,Ego4D / 0c2659db-7bd4-4b37-9b08-4e247befe382 / Game8,run_3,3,Stochastic,with,Contingency,with,71,75,,0,,contiguous,1,"The discussion strongly suggests that Sian is the target of suspicion, with players debating whether she could be the Tanner, Minion, or Werewolf.",71-75,NOT_A_CANDIDATE_FORM_OUTSIDE_INVENTORY,,,,,,,True,False,71,75,CLAUSE_INITIAL_PLAUSIBLE
2229,388,Gemma 4 2B,Ego4D / 0c2659db-7bd4-4b37-9b08-4e247befe382 / Game8,run_3,3,Stochastic,given,Contingency,Given,264,269,,0,,contiguous,3,"Given the high level of role swapping and deception evident in the transcript, Sian represents the highest risk and most likely threat to Team Village.",264-269,NOT_A_CANDIDATE_FORM_OUTSIDE_INVENTORY,,,,,,,True,False,0,5,CLAUSE_INITIAL_PLAUSIBLE
2232,389,Gemma 4 2B,Ego4D / 0c2659db-7bd4-4b37-9b08-4e247befe382 / Game9,run_3,3,Stochastic,particularly,Expansion,particularly,64,76,,0,,contiguous,1,"The discussion revolves heavily around conflicting role claims, particularly concerning Villager and Werewolf identities.",64-76,NOT_A_CANDIDATE_FORM_OUTSIDE_INVENTORY,,,,,,,True,False,64,76,NON_CONNECTIVE_LIKELY
2236,389,Gemma 4 2B,Ego4D / 0c2659db-7bd4-4b37-9b08-4e247befe382 / Game9,run_3,3,Stochastic,given,Contingency,Given,247,252,,0,,contiguous,3,"Given the ambiguity, targeting one of the primary suspects is necessary to maximize the chances of eliminating a Werewolf and securing a win for Team Village.",247-252,NOT_A_CANDIDATE_FORM_OUTSIDE_INVENTORY,,,,,,,True,False,0,5,CLAUSE_INITIAL_PLAUSIBLE
2240,390,Gemma 4 2B,Ego4D / 1a0d3e22-a6d6-4723-91a0-52fc2c87d5ce / Game10,run_3,3,Stochastic,particularly,Expansion,particularly,84,96,,0,,contiguous,1,"The discussion centers heavily on role swaps and who is lying about their identity, particularly involving Hunter and Sean.",84-96,NOT_A_CANDIDATE_FORM_OUTSIDE_INVENTORY,,,,,,,True,False,84,96,NON_CONNECTIVE_LIKELY
2251,391,Gemma 4 2B,Ego4D / 1a0d3e22-a6d6-4723-91a0-52fc2c87d5ce / Game11,run_3,3,Stochastic,with,Contingency,with,396,400,,0,,contiguous,3,"Since there is no concrete evidence pointing to a Werewolf, the safest choice is to assume all Werewolf cards are in the center, which aligns with the condition for Team Village to win without a kill.",396-400,NOT_A_CANDIDATE_FORM_OUTSIDE_INVENTORY,,,,,,,True,False,142,146,NON_CONNECTIVE_LIKELY
2253,391,Gemma 4 2B,Ego4D / 1a0d3e22-a6d6-4723-91a0-52fc2c87d5ce / Game11,run_3,3,Stochastic,without,Contingency,without,439,446,,0,,contiguous,3,"Since there is no concrete evidence pointing to a Werewolf, the safest choice is to assume all Werewolf cards are in the center, which aligns with the condition for Team Village to win without a kill.",439-446,NOT_A_CANDIDATE_FORM_OUTSIDE_INVENTORY,,,,,,,True,False,185,192,NON_CONNECTIVE_LIKELY
2264,394,Gemma 4 2B,Ego4D / 1a0d3e22-a6d6-4723-91a0-52fc2c87d5ce / Game8,run_3,3,Stochastic,without,Contingency,Without,274,281,,0,,contiguous,3,"Without more concrete evidence or information gathered during the Night phase, it is impossible to definitively identify a Werewolf.",274-281,NOT_A_CANDIDATE_FORM_OUTSIDE_INVENTORY,,,,,,,True,False,0,7,CLAUSE_INITIAL_PLAUSIBLE
2275,396,Gemma 4 2B,Ego4D / 2ba4023c-a8bf-43ad-ad5a-80ba222ce990 / Game10,run_3,3,Stochastic,given,Contingency,Given,263,268,,0,,contiguous,3,"Given the complexity and the strong implication that multiple players might be Werewolves, voting out Tyler targets the player who is aggressively trying to manipulate the narrative and create confusion.",263-268,NOT_A_CANDIDATE_FORM_OUTSIDE_INVENTORY,,,,,,,True,False,0,5,CLAUSE_INITIAL_PLAUSIBLE
2288,399,Gemma 4 2B,Ego4D / 2ba4023c-a8bf-43ad-ad5a-80ba222ce990 / Game8,run_3,3,Stochastic,with,Contingency,with,34,38,,0,,contiguous,1,"The discussion is highly chaotic, with players claiming various roles and accusing each other of being Werewolves.",34-38,NOT_A_CANDIDATE_FORM_OUTSIDE_INVENTORY,,,,,,,True,False,34,38,UNCLEAR
2295,400,Gemma 4 2B,Ego4D / 2ba4023c-a8bf-43ad-ad5a-80ba222ce990 / Game9,run_3,3,Stochastic,with,Contingency,with,45,49,,0,,contiguous,1,"The discussion is highly volatile and filled with role swaps, making definitive identification difficult.",45-49,NOT_A_CANDIDATE_FORM_OUTSIDE_INVENTORY,,,,,,,True,False,45,49,NON_CONNECTIVE_LIKELY
2328,405,Gemma 4 2B,Ego4D / 324bccd2-adff-4e9a-8ff4-03491e144ac3 / Game5,run_3,3,Stochastic,given,Contingency,Given,218,223,,0,,contiguous,3,"Given the pressure and the need to eliminate a Werewolf to secure a Team Village win, Sean is the most suspicious player based on the available discussion.",218-223,NOT_A_CANDIDATE_FORM_OUTSIDE_INVENTORY,,,,,,,True,False,0,5,CLAUSE_INITIAL_PLAUSIBLE
2334,407,Gemma 4 2B,Ego4D / 3ba069be-60fa-47fc-bd7b-f85bf649a5bd / Game2,run_3,3,Stochastic,with,Contingency,with,62,66,,0,,contiguous,1,"Kaelan is confirmed to be the Minion, which is a role aligned with Team Werewolf.",62-66,NOT_A_CANDIDATE_FORM_OUTSIDE_INVENTORY,,,,,,,True,False,62,66,NON_CONNECTIVE_LIKELY
2344,410,Gemma 4 2B,Ego4D / 3ba069be-60fa-47fc-bd7b-f85bf649a5bd / Game5,run_3,3,Stochastic,given,Contingency,Given,208,213,,0,,contiguous,3,"Given the objective is to eliminate a Werewolf, voting Daniel out is the most strategic move to ensure Team Village has a chance to win.",208-213,NOT_A_CANDIDATE_FORM_OUTSIDE_INVENTORY,,,,,,,True,False,0,5,CLAUSE_INITIAL_PLAUSIBLE
2352,411,Gemma 4 2B,Ego4D / 3ba069be-60fa-47fc-bd7b-f85bf649a5bd / Game6,run_3,3,Stochastic,without,Contingency,without,464,471,,0,,contiguous,3,"Since I cannot identify a Werewolf, I must assume the possibility that all Werewolf cards are in the center, fulfilling the condition for Team Village to win without a specific vote.",464-471,NOT_A_CANDIDATE_FORM_OUTSIDE_INVENTORY,,,,,,,True,False,158,165,NON_CONNECTIVE_LIKELY
2360,413,Gemma 4 2B,Ego4D / 62c4bc58-3776-4791-ac30-4c9ca5619503 / Game11,run_3,3,Stochastic,with,Contingency,with,89,93,,0,,contiguous,1,"Kaelan explicitly claims to be the Minion during the discussion, which is a role aligned with Team Werewolf.",89-93,NOT_A_CANDIDATE_FORM_OUTSIDE_INVENTORY,,,,,,,True,False,89,93,NON_CONNECTIVE_LIKELY
2379,416,Gemma 4 2B,Ego4D / 62c4bc58-3776-4791-ac30-4c9ca5619503 / Game8,run_3,3,Stochastic,with,Contingency,with,314,318,,0,,contiguous,3,"The debate concludes with a tie vote, suggesting uncertainty about the Werewolf's location.",314-318,NOT_A_CANDIDATE_FORM_OUTSIDE_INVENTORY,,,,,,,True,False,21,25,NON_CONNECTIVE_LIKELY
2395,418,Gemma 4 2B,Ego4D / 64076f60-f3fc-4ee6-93e1-3489d8ec7b12 / Game3,run_3,3,Stochastic,with,Contingency,with,296,300,,0,,contiguous,2,"Jack claimed to have started as the Werewolf, while other players made conflicting statements about who swapped cards with whom.",296-300,NOT_A_CANDIDATE_FORM_OUTSIDE_INVENTORY,,,,,,,True,False,118,122,NON_CONNECTIVE_LIKELY
2398,418,Gemma 4 2B,Ego4D / 64076f60-f3fc-4ee6-93e1-3489d8ec7b12 / Game3,run_3,3,Stochastic,given,Contingency,Given,447,452,,0,,contiguous,4,"Given the lack of conclusive evidence, I cannot confidently identify a Werewolf.",447-452,NOT_A_CANDIDATE_FORM_OUTSIDE_INVENTORY,,,,,,,True,False,0,5,CLAUSE_INITIAL_PLAUSIBLE
2401,419,Gemma 4 2B,Ego4D / 698f6bbe-4347-4a06-bd5d-3482f5e4fbbe / Game1,run_3,3,Stochastic,with,Contingency,with,203,207,,0,,contiguous,2,"While the transcript is full of role confusion, this accusation, coupled with the general suspicion surrounding Elliot's identity and the Tanner role, makes him the primary target.",203-207,NOT_A_CANDIDATE_FORM_OUTSIDE_INVENTORY,,,,,,,True,False,73,77,NON_CONNECTIVE_LIKELY
2408,420,Gemma 4 2B,Ego4D / 698f6bbe-4347-4a06-bd5d-3482f5e4fbbe / Game2,run_3,3,Stochastic,with,Contingency,with,379,383,,0,,contiguous,3,"Since Team Village wins by eliminating a Werewolf, targeting the player with the highest collective suspicion is the optimal strategy.",379-383,NOT_A_CANDIDATE_FORM_OUTSIDE_INVENTORY,,,,,,,True,False,72,76,NON_CONNECTIVE_LIKELY
2410,422,Gemma 4 2B,Youtube / Flashback##ONE#NIGHT#ULTIMATE#WEREWOLF##Retro#9 / Game1,run_3,3,Stochastic,particularly,Expansion,particularly,76,88,,0,,contiguous,1,"The discussion focuses heavily on Mitchell's claims during the Night phase, particularly his quick revelation of being the Insomniac role.",76-88,NOT_A_CANDIDATE_FORM_OUTSIDE_INVENTORY,,,,,,,True,False,76,88,NON_CONNECTIVE_LIKELY
2415,422,Gemma 4 2B,Youtube / Flashback##ONE#NIGHT#ULTIMATE#WEREWOLF##Retro#9 / Game1,run_3,3,Stochastic,given,Contingency,Given,379,384,,0,,contiguous,4,"Given the pressure and the collective suspicion, Mitchell is the most likely candidate to be the Werewolf, and eliminating him is necessary to secure a win for Team Village.",379-384,NOT_A_CANDIDATE_FORM_OUTSIDE_INVENTORY,,,,,,,True,False,0,5,CLAUSE_INITIAL_PLAUSIBLE
2420,423,Gemma 4 2B,Youtube / Flashback##ONE#NIGHT#ULTIMATE#WEREWOLF##Retro#9 / Game2,run_3,3,Stochastic,with,Contingency,with,160,164,,0,,contiguous,2,"While the transcript is filled with confusion regarding role swaps and accusations, Paul's direct self-identification makes him a primary target.",160-164,NOT_A_CANDIDATE_FORM_OUTSIDE_INVENTORY,,,,,,,True,False,31,35,NON_CONNECTIVE_LIKELY
2423,424,Gemma 4 2B,Youtube / Flashback##ONE#NIGHT#ULTIMATE#WEREWOLF##Retro#9 / Game3,run_3,3,Stochastic,with,Contingency,with,71,75,,0,,contiguous,1,"The discussion centers on the possibility of Werewolves being present, with Mitchell being directly questioned about his identity and being targeted by Justin.",71-75,NOT_A_CANDIDATE_FORM_OUTSIDE_INVENTORY,,,,,,,True,False,71,75,UNCLEAR
2431,425,Gemma 4 2B,Youtube / Flashback##ONE#NIGHT#ULTIMATE#WEREWOLF##Retro#9 / Game4,run_3,3,Stochastic,with,Contingency,with,96,100,,0,,contiguous,1,"The discussion transcript reveals significant confusion and conflicting claims regarding roles, with players actively lying or changing their stories.",96-100,NOT_A_CANDIDATE_FORM_OUTSIDE_INVENTORY,,,,,,,True,False,96,100,UNCLEAR
2456,430,Gemma 4 2B,Youtube / ONE#NIGHT#ULTIMATE#WEREWOLF##Retro#1 / Game1,run_3,3,Stochastic,particularly,Expansion,particularly,47,59,,0,,contiguous,1,"The discussion centers heavily on accusations, particularly involving Mitchell, who is implicated by both Justin and James.",47-59,NOT_A_CANDIDATE_FORM_OUTSIDE_INVENTORY,,,,,,,True,False,47,59,NON_CONNECTIVE_LIKELY
2464,431,Gemma 4 2B,Youtube / ONE#NIGHT#ULTIMATE#WEREWOLF##Retro#1 / Game10,run_3,3,Stochastic,with,Contingency,with,38,42,,0,,contiguous,1,"The discussion is highly speculative, with multiple players accusing each other of holding roles like Werewolf, Robber, and Tanner.",38-42,NOT_A_CANDIDATE_FORM_OUTSIDE_INVENTORY,,,,,,,True,False,38,42,CLAUSE_INITIAL_PLAUSIBLE
2474,432,Gemma 4 2B,Youtube / ONE#NIGHT#ULTIMATE#WEREWOLF##Retro#1 / Game2,run_3,3,Stochastic,given,Contingency,Given,205,210,,0,,contiguous,3,"Given the pressure and the need to eliminate a Werewolf to secure the win for Team Village, James is the most immediate target of suspicion and the most likely candidate to be the Werewolf.",205-210,NOT_A_CANDIDATE_FORM_OUTSIDE_INVENTORY,,,,,,,True,False,0,5,CLAUSE_INITIAL_PLAUSIBLE
2478,433,Gemma 4 2B,Youtube / ONE#NIGHT#ULTIMATE#WEREWOLF##Retro#1 / Game3,run_3,3,Stochastic,with,Contingency,with,76,80,,0,,contiguous,1,"The discussion centers on conflicting claims regarding who the Werewolf is, with Alvin claiming to have seen the Werewolf card in Justin's hand.",76-80,NOT_A_CANDIDATE_FORM_OUTSIDE_INVENTORY,,,,,,,True,False,76,80,UNCLEAR
2483,434,Gemma 4 2B,Youtube / ONE#NIGHT#ULTIMATE#WEREWOLF##Retro#1 / Game4,run_3,3,Stochastic,with,Contingency,with,38,42,,0,,contiguous,1,"The transcript is highly contentious, with players accusing each other of being the Werewolf, and conflicting information regarding card swaps and role identities.",38-42,NOT_A_CANDIDATE_FORM_OUTSIDE_INVENTORY,,,,,,,True,False,38,42,CLAUSE_INITIAL_PLAUSIBLE
2490,434,Gemma 4 2B,Youtube / ONE#NIGHT#ULTIMATE#WEREWOLF##Retro#1 / Game4,run_3,3,Stochastic,given,Contingency,Given,398,403,,0,,contiguous,4,"Given the lack of definitive proof, James is chosen as the vote target due to the conflicting claims and his role as the Seer, making him a central point of suspicion.",398-403,NOT_A_CANDIDATE_FORM_OUTSIDE_INVENTORY,,,,,,,True,False,0,5,CLAUSE_INITIAL_PLAUSIBLE
2500,436,Gemma 4 2B,Youtube / ONE#NIGHT#ULTIMATE#WEREWOLF##Retro#1 / Game6,run_3,3,Stochastic,with,Contingency,with,81,85,,0,,contiguous,1,"The discussion centered heavily on verifying roles and identifying the Werewolf, with Alvin specifically suggesting Justin is the Werewolf multiple times.",81-85,NOT_A_CANDIDATE_FORM_OUTSIDE_INVENTORY,,,,,,,True,False,81,85,UNCLEAR
2503,436,Gemma 4 2B,Youtube / ONE#NIGHT#ULTIMATE#WEREWOLF##Retro#1 / Game6,run_3,3,Stochastic,with,Contingency,with,241,245,,0,,contiguous,2,"Although the evidence is circumstantial, Alvin's confidence in his suspicion, coupled with Mitchell's acknowledgment that Justin is the primary suspect, makes him the logical target.",241-245,NOT_A_CANDIDATE_FORM_OUTSIDE_INVENTORY,,,,,,,True,False,86,90,NON_CONNECTIVE_LIKELY
2510,438,Gemma 4 2B,Youtube / ONE#NIGHT#ULTIMATE#WEREWOLF##Retro#1 / Game8,run_3,3,Stochastic,with,Contingency,with,36,40,,0,,contiguous,1,"The discussion is highly confusing, with players contradicting their starting roles and accusing each other of role swapping.",36-40,NOT_A_CANDIDATE_FORM_OUTSIDE_INVENTORY,,,,,,,True,False,36,40,UNCLEAR
2514,438,Gemma 4 2B,Youtube / ONE#NIGHT#ULTIMATE#WEREWOLF##Retro#1 / Game8,run_3,3,Stochastic,given,Contingency,Given,232,237,,0,,contiguous,3,"Given the goal is to eliminate a Werewolf, Mitchell is the most heavily suspected player, making him the primary target for Team Village to eliminate.",232-237,NOT_A_CANDIDATE_FORM_OUTSIDE_INVENTORY,,,,,,,True,False,0,5,CLAUSE_INITIAL_PLAUSIBLE
2517,438,Gemma 4 2B,Youtube / ONE#NIGHT#ULTIMATE#WEREWOLF##Retro#1 / Game8,run_3,3,Stochastic,given,Contingency,given,423,428,,0,,contiguous,4,"This is a high-risk move, but necessary given the lack of concrete evidence pointing to a Werewolf.",423-428,NOT_A_CANDIDATE_FORM_OUTSIDE_INVENTORY,,,,,,,True,False,40,45,NON_CONNECTIVE_LIKELY
2519,439,Gemma 4 2B,Youtube / ONE#NIGHT#ULTIMATE#WEREWOLF##Retro#1 / Game9,run_3,3,Stochastic,with,Contingency,with,80,84,,0,,contiguous,1,"The discussion heavily revolves around identifying the Werewolf and the Tanner, with Justin accusing Mitchell of being the Tanner and then implying Mitchell is the Werewolf.",80-84,NOT_A_CANDIDATE_FORM_OUTSIDE_INVENTORY,,,,,,,True,False,80,84,UNCLEAR
2522,439,Gemma 4 2B,Youtube / ONE#NIGHT#ULTIMATE#WEREWOLF##Retro#1 / Game9,run_3,3,Stochastic,given,Contingency,Given,258,263,,0,,contiguous,3,"Given the intense suspicion and the focus on Mitchell being the primary target of accusations, I will vote for him, betting that he is the Werewolf.",258-263,NOT_A_CANDIDATE_FORM_OUTSIDE_INVENTORY,,,,,,,True,False,0,5,CLAUSE_INITIAL_PLAUSIBLE
2543,442,Gemma 4 2B,Youtube / ONE#NIGHT#ULTIMATE#WEREWOLF##Retro#2 / Game3,run_3,3,Stochastic,given,Contingency,Given,221,226,,0,,contiguous,3,"Given the goal is to eliminate a Werewolf to win, voting for Justin is the most logical move based on the direct accusation and subsequent agreement.",221-226,NOT_A_CANDIDATE_FORM_OUTSIDE_INVENTORY,,,,,,,True,False,0,5,CLAUSE_INITIAL_PLAUSIBLE
2550,445,Gemma 4 2B,Youtube / ONE#NIGHT#ULTIMATE#WEREWOLF##Retro#2 / Game6,run_3,3,Stochastic,despite,Comparison,Despite,0,7,,0,,contiguous,1,"Despite the confusion caused by role swaps and conflicting statements, the discussion ultimately points toward Mitchell being the Werewolf.",0-7,NOT_A_CANDIDATE_FORM_OUTSIDE_INVENTORY,,,,,,,True,False,0,7,CLAUSE_INITIAL_PLAUSIBLE
2560,447,Gemma 4 2B,Youtube / ONE#NIGHT#ULTIMATE#WEREWOLF##Retro#2 / Game8,run_3,3,Stochastic,with,Contingency,with,46,50,,0,,contiguous,1,"The discussion is highly ambiguous and filled with accusations, making definitive identification difficult.",46-50,NOT_A_CANDIDATE_FORM_OUTSIDE_INVENTORY,,,,,,,True,False,46,50,NON_CONNECTIVE_LIKELY
2572,450,Gemma 4 2B,Youtube / ONE#NIGHT#ULTIMATE#WEREWOLF##Retro#3 / Game4,run_3,3,Stochastic,with,Contingency,with,117,121,,0,,contiguous,1,"James explicitly states his intention to vote out Mike, citing that Mike is talkative and manipulative, which aligns with the general suspicion being cast.",117-121,NOT_A_CANDIDATE_FORM_OUTSIDE_INVENTORY,,,,,,,True,False,117,121,NON_CONNECTIVE_LIKELY
2592,453,Gemma 4 2B,Youtube / ONE#NIGHT#ULTIMATE#WEREWOLF##Retro#3 / Game7,run_3,3,Stochastic,particularly,Expansion,particularly,59,71,,0,,contiguous,1,"The discussion heavily focuses on conflicting role claims, particularly regarding the Tanner role and who switched cards.",59-71,NOT_A_CANDIDATE_FORM_OUTSIDE_INVENTORY,,,,,,,True,False,59,71,NON_CONNECTIVE_LIKELY
2595,453,Gemma 4 2B,Youtube / ONE#NIGHT#ULTIMATE#WEREWOLF##Retro#3 / Game7,run_3,3,Stochastic,given,Contingency,Given,263,268,,0,,contiguous,3,"Given the strong consensus in the discussion that Mitchell is the Werewolf, eliminating him is the best way for Team Village to win.",263-268,NOT_A_CANDIDATE_FORM_OUTSIDE_INVENTORY,,,,,,,True,False,0,5,CLAUSE_INITIAL_PLAUSIBLE
2601,454,Gemma 4 2B,Youtube / ONE#NIGHT#ULTIMATE#WEREWOLF##Retro#3 / Game8,run_3,3,Stochastic,given,Contingency,Given,299,304,,0,,contiguous,3,"Given the lack of actionable information, the safest and most logical choice is to assume that all Werewolf cards remain in the center, which satisfies the Team Village winning condition if no one dies.",299-304,NOT_A_CANDIDATE_FORM_OUTSIDE_INVENTORY,,,,,,,True,False,0,5,CLAUSE_INITIAL_PLAUSIBLE
2618,457,Gemma 4 2B,Youtube / ONE#NIGHT#ULTIMATE#WEREWOLF##Retro#4 / Game3,run_3,3,Stochastic,with,Contingency,with,54,58,,0,,contiguous,1,"The discussion heavily focuses suspicion on Mitchell, with Mike and Justin both asserting that Mitchell is the Werewolf.",54-58,NOT_A_CANDIDATE_FORM_OUTSIDE_INVENTORY,,,,,,,True,False,54,58,UNCLEAR
2628,458,Gemma 4 2B,Youtube / ONE#NIGHT#ULTIMATE#WEREWOLF##Retro#4 / Game4,run_3,3,Stochastic,given,Contingency,Given,319,324,,0,,contiguous,3,"Given the pressure and the collective suspicion, Mitchell is the most likely candidate for elimination to maximize the chances of Team Village eliminating a Werewolf.",319-324,NOT_A_CANDIDATE_FORM_OUTSIDE_INVENTORY,,,,,,,True,False,0,5,CLAUSE_INITIAL_PLAUSIBLE
2647,463,Gemma 4 2B,Youtube / ONE#NIGHT#ULTIMATE#WEREWOLF##Retro#5 / Game1,run_3,3,Stochastic,with,Contingency,with,100,104,,0,,contiguous,1,"The discussion revolves heavily around card swapping and accusations regarding who the Werewolf is, with Mitchell being the primary focus of suspicion from both Justin and Paul.",100-104,NOT_A_CANDIDATE_FORM_OUTSIDE_INVENTORY,,,,,,,True,False,100,104,UNCLEAR
2651,464,Gemma 4 2B,Youtube / ONE#NIGHT#ULTIMATE#WEREWOLF##Retro#5 / Game2,run_3,3,Stochastic,with,Contingency,with,46,50,,0,,contiguous,1,"The discussion is highly confusing and filled with contradictory claims regarding who held which role, suggesting potential role swaps or misdirection.",46-50,NOT_A_CANDIDATE_FORM_OUTSIDE_INVENTORY,,,,,,,True,False,46,50,NON_CONNECTIVE_LIKELY
2660,465,Gemma 4 2B,Youtube / ONE#NIGHT#ULTIMATE#WEREWOLF##Retro#5 / Game3,run_3,3,Stochastic,with,Contingency,with,46,50,,0,,contiguous,1,"The discussion is highly confusing and filled with accusations and role swaps, making it difficult to definitively identify the Werewolf.",46-50,NOT_A_CANDIDATE_FORM_OUTSIDE_INVENTORY,,,,,,,True,False,46,50,NON_CONNECTIVE_LIKELY
2670,467,Gemma 4 2B,Youtube / ONE#NIGHT#ULTIMATE#WEREWOLF##Retro#5 / Game5,run_3,3,Stochastic,with,Contingency,with,66,70,,0,,contiguous,1,"The discussion revolves entirely around identifying the Werewolf, with both Justin and Mitchell admitting they started with the Werewolf role.",66-70,NOT_A_CANDIDATE_FORM_OUTSIDE_INVENTORY,,,,,,,True,False,66,70,UNCLEAR
2672,467,Gemma 4 2B,Youtube / ONE#NIGHT#ULTIMATE#WEREWOLF##Retro#5 / Game5,run_3,3,Stochastic,with,Contingency,with,119,123,,0,,contiguous,1,"The discussion revolves entirely around identifying the Werewolf, with both Justin and Mitchell admitting they started with the Werewolf role.",119-123,NOT_A_CANDIDATE_FORM_OUTSIDE_INVENTORY,,,,,,,True,False,66,70,UNCLEAR
2694,470,Gemma 4 2B,Youtube / ONE#NIGHT#ULTIMATE#WEREWOLF##Retro#5 / Game8,run_3,3,Stochastic,given,Contingency,Given,230,235,,0,,contiguous,3,"Given the goal is to eliminate a Werewolf to secure a Village win, Mitchell is the most plausible candidate.",230-235,NOT_A_CANDIDATE_FORM_OUTSIDE_INVENTORY,,,,,,,True,False,0,5,CLAUSE_INITIAL_PLAUSIBLE
2696,471,Gemma 4 2B,Youtube / ONE#NIGHT#ULTIMATE#WEREWOLF#-#Drinking#Play#Through / Game1,run_3,3,Stochastic,with,Contingency,with,46,50,,0,,contiguous,1,"The transcript is highly confusing and filled with conflicting claims regarding roles, especially between Sarah, Jordan1, Jordan2, and Meryl.",46-50,NOT_A_CANDIDATE_FORM_OUTSIDE_INVENTORY,,,,,,,True,False,46,50,NON_CONNECTIVE_LIKELY
2704,471,Gemma 4 2B,Youtube / ONE#NIGHT#ULTIMATE#WEREWOLF#-#Drinking#Play#Through / Game1,run_3,3,Stochastic,given,Contingency,given,424,429,,0,,contiguous,3,"Since the goal is to eliminate a Werewolf, voting for the player who self-identified as the Werewolf is the most logical move given the lack of concrete evidence otherwise.",424-429,NOT_A_CANDIDATE_FORM_OUTSIDE_INVENTORY,,,,,,,True,False,126,131,NON_CONNECTIVE_LIKELY
2707,472,Gemma 4 2B,Youtube / ONE#NIGHT#ULTIMATE#WEREWOLF#-#Drinking#Play#Through / Game2,run_3,3,Stochastic,with,Contingency,with,57,61,,0,,contiguous,1,"The discussion transcript is highly confusing and filled with conflicting claims about roles, making it impossible to definitively identify a Werewolf.",57-61,NOT_A_CANDIDATE_FORM_OUTSIDE_INVENTORY,,,,,,,True,False,57,61,NON_CONNECTIVE_LIKELY
2711,473,Gemma 4 2B,Youtube / ONE#NIGHT#ULTIMATE#WEREWOLF#1##July#5th#2016 / Game2,run_3,3,Stochastic,with,Contingency,with,60,64,,0,,contiguous,1,"The discussion heavily focuses on identifying the Werewolf, with Justin and James strongly suspecting Mike.",60-64,NOT_A_CANDIDATE_FORM_OUTSIDE_INVENTORY,,,,,,,True,False,60,64,UNCLEAR
2717,474,Gemma 4 2B,Youtube / One#Night#Ultimate#Werewolf#1#How-To#and#Playthrough / Game1,run_3,3,Stochastic,given,Contingency,Given,256,261,,0,,contiguous,3,"Given the requirement to eliminate a Werewolf to win, Brett is the most suspicious player based on the collective accusations and the immediate consensus to vote against him.",256-261,NOT_A_CANDIDATE_FORM_OUTSIDE_INVENTORY,,,,,,,True,False,0,5,CLAUSE_INITIAL_PLAUSIBLE
2722,475,Gemma 4 2B,Youtube / ONE#NIGHT#ULTIMATE#WEREWOLF#10##November#6th#2016 / Game1,run_3,3,Stochastic,given,Contingency,Given,343,348,,0,,contiguous,3,"Given the objective is to eliminate a Werewolf, voting for the player most heavily targeted by the group is the optimal strategy.",343-348,NOT_A_CANDIDATE_FORM_OUTSIDE_INVENTORY,,,,,,,True,False,0,5,CLAUSE_INITIAL_PLAUSIBLE
2725,476,Gemma 4 2B,Youtube / ONE#NIGHT#ULTIMATE#WEREWOLF#13##July#29th#2017 / Game1,run_3,3,Stochastic,particularly,Expansion,particularly,68,80,,0,,contiguous,1,"The discussion revolves heavily around role swapping and deception, particularly concerning the Tanner and the Drunk roles.",68-80,NOT_A_CANDIDATE_FORM_OUTSIDE_INVENTORY,,,,,,,True,False,68,80,NON_CONNECTIVE_LIKELY
2728,476,Gemma 4 2B,Youtube / ONE#NIGHT#ULTIMATE#WEREWOLF#13##July#29th#2017 / Game1,run_3,3,Stochastic,eventually,Temporal,eventually,169,179,,0,,contiguous,2,"Mike claims to be the Robber, the Drunk, and eventually the Tanner, indicating he is actively manipulating the information flow.",169-179,NOT_A_CANDIDATE_FORM_OUTSIDE_INVENTORY,,,,,,,True,False,45,55,CLAUSE_INITIAL_PLAUSIBLE
2730,476,Gemma 4 2B,Youtube / ONE#NIGHT#ULTIMATE#WEREWOLF#13##July#29th#2017 / Game1,run_3,3,Stochastic,given,Contingency,Given,327,332,,0,,contiguous,4,"Given the high level of deception and shifting identities, Mike is the most suspicious player and a strong candidate for the Werewolf role, which Team Village must eliminate to win.",327-332,NOT_A_CANDIDATE_FORM_OUTSIDE_INVENTORY,,,,,,,True,False,0,5,CLAUSE_INITIAL_PLAUSIBLE
2742,478,Gemma 4 2B,Youtube / ONE#NIGHT#ULTIMATE#WEREWOLF#13##July#29th#2017 / Game3,run_3,3,Stochastic,given,Contingency,Given,290,295,,0,,contiguous,3,"Given the high probability mentioned by Mike, and Justin's initial declaration, he is the primary suspect for the Werewolf role.",290-295,NOT_A_CANDIDATE_FORM_OUTSIDE_INVENTORY,,,,,,,True,False,0,5,CLAUSE_INITIAL_PLAUSIBLE
2748,479,Gemma 4 2B,Youtube / ONE#NIGHT#ULTIMATE#WEREWOLF#14##August#26th#2017 / Game1,run_3,3,Stochastic,given,Contingency,Given,170,175,,0,,contiguous,2,"Given the high level of accusation and conflicting information, Caitlynn is the primary suspect for the Werewolf role.",170-175,NOT_A_CANDIDATE_FORM_OUTSIDE_INVENTORY,,,,,,,True,False,0,5,CLAUSE_INITIAL_PLAUSIBLE
2751,480,Gemma 4 2B,Youtube / ONE#NIGHT#ULTIMATE#WEREWOLF#14##August#26th#2017 / Game2,run_3,3,Stochastic,with,Contingency,with,72,76,,0,,contiguous,1,"The transcript contains conflicting claims regarding the Werewolf role, with both Justin and Mitchell asserting they are Werewolves.",72-76,NOT_A_CANDIDATE_FORM_OUTSIDE_INVENTORY,,,,,,,True,False,72,76,UNCLEAR
2757,481,Gemma 4 2B,Youtube / ONE#NIGHT#ULTIMATE#WEREWOLF#18##September#30th#2017 / Game1,run_3,3,Stochastic,with,Contingency,with,57,61,,0,,contiguous,1,"The discussion transcript is highly confusing and filled with conflicting claims regarding who played which role (Tanner, Robber, Drunk, Revealer).",57-61,NOT_A_CANDIDATE_FORM_OUTSIDE_INVENTORY,,,,,,,True,False,57,61,NON_CONNECTIVE_LIKELY
2762,482,Gemma 4 2B,Youtube / One#Night#Ultimate#Werewolf#2#The#Drunk / Game1,run_3,3,Stochastic,with,Contingency,with,78,82,,0,,contiguous,1,"The discussion centers heavily on role swapping and identifying the Werewolf, with players pointing suspicion toward Dan and Dylan.",78-82,NOT_A_CANDIDATE_FORM_OUTSIDE_INVENTORY,,,,,,,True,False,78,82,UNCLEAR
2765,482,Gemma 4 2B,Youtube / One#Night#Ultimate#Werewolf#2#The#Drunk / Game1,run_3,3,Stochastic,with,Contingency,with,246,250,,0,,contiguous,2,"Brett repeatedly suggests that Dan might have been swapped into the Werewolf role, and the conversation concludes with Dan voting for himself.",246-250,NOT_A_CANDIDATE_FORM_OUTSIDE_INVENTORY,,,,,,,True,False,114,118,NON_CONNECTIVE_LIKELY
2767,482,Gemma 4 2B,Youtube / One#Night#Ultimate#Werewolf#2#The#Drunk / Game1,run_3,3,Stochastic,given,Contingency,Given,275,280,,0,,contiguous,3,"Given the high level of suspicion and the focus on Dan being potentially the Werewolf, voting for him is the strongest strategy to eliminate a Werewolf and secure a win for Team Village.",275-280,NOT_A_CANDIDATE_FORM_OUTSIDE_INVENTORY,,,,,,,True,False,0,5,CLAUSE_INITIAL_PLAUSIBLE
2784,486,Gemma 4 2B,Youtube / ONE#NIGHT#ULTIMATE#WEREWOLF#28##February#17th#2018 / Game2,run_3,3,Stochastic,despite,Comparison,despite,91,98,,0,,contiguous,1,"Multiple players, including Alysha and Caitlynn, directly claim that Mike is the Werewolf, despite his attempts to claim the Drunk role.",91-98,NOT_A_CANDIDATE_FORM_OUTSIDE_INVENTORY,,,,,,,True,False,91,98,UNCLEAR
2785,486,Gemma 4 2B,Youtube / ONE#NIGHT#ULTIMATE#WEREWOLF#28##February#17th#2018 / Game2,run_3,3,Stochastic,given,Contingency,Given,137,142,,0,,contiguous,2,"Given the constraints of the game, it is strategically necessary to eliminate a Werewolf to secure a victory for Team Village.",137-142,NOT_A_CANDIDATE_FORM_OUTSIDE_INVENTORY,,,,,,,True,False,0,5,CLAUSE_INITIAL_PLAUSIBLE
2788,487,Gemma 4 2B,Youtube / ONE#NIGHT#ULTIMATE#WEREWOLF#28##February#17th#2018 / Game3,run_3,3,Stochastic,given,Contingency,Given,164,169,,0,,contiguous,2,"Given the high level of confusion and role swapping in the transcript, this direct accusation is the strongest piece of evidence pointing towards a Werewolf.",164-169,NOT_A_CANDIDATE_FORM_OUTSIDE_INVENTORY,,,,,,,True,False,0,5,CLAUSE_INITIAL_PLAUSIBLE
2790,488,Gemma 4 2B,Youtube / One#Night#Ultimate#Werewolf#3#Insomniac / Game1,run_3,3,Stochastic,with,Contingency,with,60,64,,0,,contiguous,1,"The discussion centers heavily on identifying the Werewolf, with players debating the likelihood of Brett holding the role.",60-64,NOT_A_CANDIDATE_FORM_OUTSIDE_INVENTORY,,,,,,,True,False,60,64,UNCLEAR
2801,489,Gemma 4 2B,Youtube / ONE#NIGHT#ULTIMATE#WEREWOLF#30##February#17th#2018 / Game2,run_3,3,Stochastic,given,Contingency,Given,340,345,,0,,contiguous,4,"Given the high level of confusion and the need to eliminate a Werewolf to win, voting for Mike is the most logical choice based on the explicit claim and subsequent speculation.",340-345,NOT_A_CANDIDATE_FORM_OUTSIDE_INVENTORY,,,,,,,True,False,0,5,CLAUSE_INITIAL_PLAUSIBLE
2806,490,Gemma 4 2B,Youtube / ONE#NIGHT#ULTIMATE#WEREWOLF#30##February#17th#2018 / Game4,run_3,3,Stochastic,with,Contingency,with,75,79,,0,,contiguous,1,"The discussion centers heavily on identifying the Tanner and Troublemaker, with multiple players, including Justin and Mitchell, strongly suspecting Alysha of holding the Tanner role.",75-79,NOT_A_CANDIDATE_FORM_OUTSIDE_INVENTORY,,,,,,,True,False,75,79,CLAUSE_INITIAL_PLAUSIBLE
2823,493,Gemma 4 2B,Youtube / One#Night#Ultimate#Werewolf#361#Classic#Werewolf / Game1,run_3,3,Stochastic,with,Contingency,with,39,43,,0,,contiguous,1,"The discussion transcript is saturated with role claims, accusations, and deliberate misdirection, making it impossible to definitively identify the Werewolf.",39-43,NOT_A_CANDIDATE_FORM_OUTSIDE_INVENTORY,,,,,,,True,False,39,43,NON_CONNECTIVE_LIKELY
2841,495,Gemma 4 2B,Youtube / One#Night#Ultimate#Werewolf#363#Even#More#Classic#Werewolf / Game1,run_3,3,Stochastic,given,Contingency,Given,305,310,,0,,contiguous,3,"Given the final stated roles, Katie is the most likely target.",305-310,NOT_A_CANDIDATE_FORM_OUTSIDE_INVENTORY,,,,,,,True,False,0,5,CLAUSE_INITIAL_PLAUSIBLE
2853,498,Gemma 4 2B,Youtube / ONE#NIGHT#ULTIMATE#WEREWOLF#38##April#21st#2018 / Game4,run_3,3,Stochastic,given,Contingency,Given,252,257,,0,,contiguous,3,"Given the requirement for Team Village to eliminate a Werewolf to win, voting for Mike is the necessary action to attempt victory.",252-257,NOT_A_CANDIDATE_FORM_OUTSIDE_INVENTORY,,,,,,,True,False,0,5,CLAUSE_INITIAL_PLAUSIBLE
2857,499,Gemma 4 2B,Youtube / One#Night#Ultimate#Werewolf#381#The#Hunt#Is#On / Game1,run_3,3,Stochastic,with,Contingency,with,140,144,,0,,contiguous,2,"Although the transcript is filled with role swaps and conflicting claims, focusing the vote on the player who claimed the Werewolf role is the most direct strategy to eliminate a threat and attempt to win the game.",140-144,NOT_A_CANDIDATE_FORM_OUTSIDE_INVENTORY,,,,,,,True,False,34,38,NON_CONNECTIVE_LIKELY
2880,503,Gemma 4 2B,Youtube / ONE#NIGHT#ULTIMATE#WEREWOLF#4##July#14th#2016 / Game2,run_3,3,Stochastic,given,Contingency,Given,135,140,,0,,contiguous,2,"Given the high level of uncertainty and conflicting accusations among the players, targeting the player who directly claims the Werewolf role is the most logical move for Team Village to attempt to eliminate a Werewolf.",135-140,NOT_A_CANDIDATE_FORM_OUTSIDE_INVENTORY,,,,,,,True,False,0,5,CLAUSE_INITIAL_PLAUSIBLE
2895,506,Gemma 4 2B,Youtube / ONE#NIGHT#ULTIMATE#WEREWOLF#43##October#13th#2018 / Game3,run_3,3,Stochastic,given,Contingency,Given,322,327,,0,,contiguous,3,"Given the high degree of uncertainty, this is the most aggressive move to fulfill the winning condition.",322-327,NOT_A_CANDIDATE_FORM_OUTSIDE_INVENTORY,,,,,,,True,False,0,5,CLAUSE_INITIAL_PLAUSIBLE
2899,507,Gemma 4 2B,Youtube / ONE#NIGHT#ULTIMATE#WEREWOLF#43##October#13th#2018 / Game4,run_3,3,Stochastic,given,Contingency,Given,296,301,,0,,contiguous,3,"Given the high level of uncertainty regarding roles due to card swaps, targeting the player receiving the most direct accusation is the highest probability move.",296-301,NOT_A_CANDIDATE_FORM_OUTSIDE_INVENTORY,,,,,,,True,False,0,5,CLAUSE_INITIAL_PLAUSIBLE
2913,510,Gemma 4 2B,Youtube / ONE#NIGHT#ULTIMATE#WEREWOLF#44##October#13th#2018 / Game3,run_3,3,Stochastic,given,Contingency,Given,361,366,,0,,contiguous,4,"Given the goal is to eliminate a Werewolf, Mitchell is the most logical target for the vote.",361-366,NOT_A_CANDIDATE_FORM_OUTSIDE_INVENTORY,,,,,,,True,False,0,5,CLAUSE_INITIAL_PLAUSIBLE
2916,511,Gemma 4 2B,Youtube / ONE#NIGHT#ULTIMATE#WEREWOLF#44##October#13th#2018 / Game4,run_3,3,Stochastic,with,Contingency,with,55,59,,0,,contiguous,1,"The provided transcript is highly ambiguous and filled with conflicting claims regarding roles and actions, making it impossible to definitively identify a Werewolf.",55-59,NOT_A_CANDIDATE_FORM_OUTSIDE_INVENTORY,,,,,,,True,False,55,59,NON_CONNECTIVE_LIKELY
2924,511,Gemma 4 2B,Youtube / ONE#NIGHT#ULTIMATE#WEREWOLF#44##October#13th#2018 / Game4,run_3,3,Stochastic,given,Contingency,given,394,399,,0,,contiguous,3,"Since there is no concrete evidence proving a Werewolf was eliminated or is currently present, and given the high level of deception suggested by the dialogue, the safest strategy is to assume no Werewolf is present to ensure Team Village wins by default.",394-399,NOT_A_CANDIDATE_FORM_OUTSIDE_INVENTORY,,,,,,,True,False,99,104,CLAUSE_INITIAL_PLAUSIBLE
2946,515,Gemma 4 2B,Youtube / One#Night#Ultimate#Werewolf#491#Classic#Werewolf / Game1,run_3,3,Stochastic,with,Contingency,with,44,48,,0,,contiguous,1,The discussion is highly chaotic and filled with conflicting claims regarding who the Werewolf is and who performed role swaps.,44-48,NOT_A_CANDIDATE_FORM_OUTSIDE_INVENTORY,,,,,,,True,False,44,48,NON_CONNECTIVE_LIKELY
2953,517,Gemma 4 2B,Youtube / One#Night#Ultimate#Werewolf#493#Even#More#Classic#Werewolf / Game1,run_3,3,Stochastic,with,Contingency,with,57,61,,0,,contiguous,1,"The discussion transcript is highly confusing and filled with contradictory claims regarding roles and card swaps, making it impossible to definitively identify the Werewolf.",57-61,NOT_A_CANDIDATE_FORM_OUTSIDE_INVENTORY,,,,,,,True,False,57,61,NON_CONNECTIVE_LIKELY
2956,517,Gemma 4 2B,Youtube / One#Night#Ultimate#Werewolf#493#Even#More#Classic#Werewolf / Game1,run_3,3,Stochastic,without,Contingency,Without,269,276,,0,,contiguous,3,"Without concrete evidence or a clear chain of events, selecting a target would be pure speculation.",269-276,NOT_A_CANDIDATE_FORM_OUTSIDE_INVENTORY,,,,,,,True,False,0,7,CLAUSE_INITIAL_PLAUSIBLE
2966,519,Gemma 4 2B,Youtube / One#Night#Ultimate#Werewolf#531#Classic#ONUW / Game1,run_3,3,Stochastic,with,Contingency,with,277,281,,0,,contiguous,3,"Although the discussion is filled with role swaps and lies, Brett's direct admission of being the Werewolf makes him the primary target.",277-281,NOT_A_CANDIDATE_FORM_OUTSIDE_INVENTORY,,,,,,,True,False,34,38,NON_CONNECTIVE_LIKELY
2970,520,Gemma 4 2B,Youtube / One#Night#Ultimate#Werewolf#532#More#Classic#ONUW / Game1,run_3,3,Stochastic,with,Contingency,with,179,183,,0,,contiguous,2,"While the transcript is filled with card swaps and conflicting accusations regarding roles like Robber and Troublemaker, DeAndre's direct claim provides the strongest evidence for Team Village to target.",179-183,NOT_A_CANDIDATE_FORM_OUTSIDE_INVENTORY,,,,,,,True,False,31,35,NON_CONNECTIVE_LIKELY
2975,521,Gemma 4 2B,Youtube / One#Night#Ultimate#Werewolf#533#Even#More#Classic#ONUW / Game1,run_3,3,Stochastic,with,Contingency,with,54,58,,0,,contiguous,1,"The discussion centers on identifying DeAndre's role, with Brett suggesting DeAndre is either a Werewolf or a Minion.",54-58,NOT_A_CANDIDATE_FORM_OUTSIDE_INVENTORY,,,,,,,True,False,54,58,UNCLEAR
2989,523,Gemma 4 2B,Youtube / ONE#NIGHT#ULTIMATE#WEREWOLF#6##November#6th#2016 / Game1,run_3,3,Stochastic,with,Contingency,with,92,96,,0,,contiguous,1,"The discussion centers heavily on role swaps and accusations between Mitchell and Caitlynn, with Mitchell claiming he became the Werewolf after robbing Caitlynn, and Caitlynn confirming she was a werewolf.",92-96,NOT_A_CANDIDATE_FORM_OUTSIDE_INVENTORY,,,,,,,True,False,92,96,CLAUSE_INITIAL_PLAUSIBLE
2995,524,Gemma 4 2B,Youtube / ONE#NIGHT#ULTIMATE#WEREWOLF#6##November#6th#2016 / Game2,run_3,3,Stochastic,with,Contingency,with,126,130,,0,,contiguous,1,"The transcript strongly indicates that Mitchell is the Werewolf, as he explicitly states, 'I actually was a werewolf to begin with,' and Caitlynn confirms this, stating, 'So I'm the werewolf, fucking kill me.'",126-130,NOT_A_CANDIDATE_FORM_OUTSIDE_INVENTORY,,,,,,,True,False,126,130,NON_CONNECTIVE_LIKELY
3002,525,Gemma 4 2B,Youtube / ONE#NIGHT#ULTIMATE#WEREWOLF#62##March#23rd#2019 / Game1,run_3,3,Stochastic,with,Contingency,with,106,110,,0,,contiguous,1,"The discussion centers around intense suspicion regarding Justin and Paul potentially being the Werewolf, with Paul directly accusing Justin of being one.",106-110,NOT_A_CANDIDATE_FORM_OUTSIDE_INVENTORY,,,,,,,True,False,106,110,UNCLEAR
3007,526,Gemma 4 2B,Youtube / ONE#NIGHT#ULTIMATE#WEREWOLF#62##March#23rd#2019 / Game2,run_3,3,Stochastic,with,Contingency,with,57,61,,0,,contiguous,1,"The discussion transcript is highly confusing and filled with contradictory claims regarding who performed which role action (Robber, Troublemaker) and who might be the Werewolf.",57-61,NOT_A_CANDIDATE_FORM_OUTSIDE_INVENTORY,,,,,,,True,False,57,61,NON_CONNECTIVE_LIKELY
3029,530,Gemma 4 2B,Youtube / ONE#NIGHT#ULTIMATE#WEREWOLF#64##March#23rd#2019 / Game5,run_3,3,Stochastic,with,Contingency,with,57,61,,0,,contiguous,1,The discussion transcript is highly confusing and filled with conflicting accusations regarding role swaps and the identity of the Werewolf.,57-61,NOT_A_CANDIDATE_FORM_OUTSIDE_INVENTORY,,,,,,,True,False,57,61,NON_CONNECTIVE_LIKELY
3055,534,Gemma 4 2B,Youtube / ONE#NIGHT#ULTIMATE#WEREWOLF#7##November#6th#2016 / Game4,run_3,3,Stochastic,particularly,Expansion,particularly,106,118,,0,,contiguous,1,"The discussion transcript indicates high suspicion among the players regarding who the Werewolf might be, particularly focusing on Mitchell and Caitlynn.",106-118,NOT_A_CANDIDATE_FORM_OUTSIDE_INVENTORY,,,,,,,True,False,106,118,NON_CONNECTIVE_LIKELY
3063,535,Gemma 4 2B,Youtube / ONE#NIGHT#ULTIMATE#WEREWOLF#8##November#6th#2016 / Game1,run_3,3,Stochastic,given,Contingency,Given,293,298,,0,,contiguous,3,"Given the lack of contradictory evidence, he is the primary suspect.",293-298,NOT_A_CANDIDATE_FORM_OUTSIDE_INVENTORY,,,,,,,True,False,0,5,CLAUSE_INITIAL_PLAUSIBLE
3068,536,Gemma 4 2B,Youtube / ONE#NIGHT#ULTIMATE#WEREWOLF#8##November#6th#2016 / Game4,run_3,3,Stochastic,given,Contingency,Given,315,320,,0,,contiguous,3,"Given the pressure and the need to eliminate a threat, Mike is the primary target.",315-320,NOT_A_CANDIDATE_FORM_OUTSIDE_INVENTORY,,,,,,,True,False,0,5,CLAUSE_INITIAL_PLAUSIBLE
3076,538,Gemma 4 2B,Youtube / ONE#NIGHT#ULTIMATE#WEREWOLF#83##October#15th#2019 / Game3,run_3,3,Stochastic,with,Contingency,with,233,237,,0,,contiguous,3,"Although the transcript is filled with role swaps and accusations, Mike's direct statement provides the most immediate suspect for the Werewolf role.",233-237,NOT_A_CANDIDATE_FORM_OUTSIDE_INVENTORY,,,,,,,True,False,34,38,NON_CONNECTIVE_LIKELY
3084,539,Gemma 4 2B,Youtube / ONE#NIGHT#ULTIMATE#WEREWOLF#86##November#9th#2019 / Game1,run_3,3,Stochastic,given,Contingency,Given,273,278,,0,,contiguous,4,"Given the lack of concrete evidence pointing to a specific Werewolf, and the high uncertainty regarding roles due to card swaps, it is safest to assume no Werewolf is present, which leads to a potential Team Village win condition.",273-278,NOT_A_CANDIDATE_FORM_OUTSIDE_INVENTORY,,,,,,,True,False,0,5,CLAUSE_INITIAL_PLAUSIBLE
3092,541,Gemma 4 2B,Youtube / ONE#NIGHT#ULTIMATE#WEREWOLF#86##November#9th#2019 / Game4,run_3,3,Stochastic,with,Contingency,with,59,63,,0,,contiguous,1,"The discussion strongly centers on identifying a Werewolf, with several players suggesting Mike might be involved, including Justin and Paul.",59-63,NOT_A_CANDIDATE_FORM_OUTSIDE_INVENTORY,,,,,,,True,False,59,63,CLAUSE_INITIAL_PLAUSIBLE
3102,542,Gemma 4 2B,Youtube / ONE#NIGHT#ULTIMATE#WEREWOLF#87##November#9th#2019 / Game1,run_3,3,Stochastic,given,Contingency,Given,276,281,,0,,contiguous,3,"Given the objective is to eliminate a Werewolf, targeting a player who is strongly implicated by others is a reasonable strategy to maximize the chances of Team Village winning.",276-281,NOT_A_CANDIDATE_FORM_OUTSIDE_INVENTORY,,,,,,,True,False,0,5,CLAUSE_INITIAL_PLAUSIBLE
3107,544,Gemma 4 2B,Youtube / ONE#NIGHT#ULTIMATE#WEREWOLF#89##November#30th#2019 / Game2,run_3,3,Stochastic,with,Contingency,with,26,30,,0,,contiguous,1,The transcript culminates with Mitchell and James identifying Justin as the Werewolf.,26-30,NOT_A_CANDIDATE_FORM_OUTSIDE_INVENTORY,,,,,,,True,False,26,30,NON_CONNECTIVE_LIKELY
3114,545,Gemma 4 2B,Youtube / ONE#NIGHT#ULTIMATE#WEREWOLF#89##November#30th#2019 / Game3,run_3,3,Stochastic,given,Contingency,Given,172,177,,0,,contiguous,3,"Given the goal is to eliminate a Werewolf to secure a Team Village win, Mitchell is the most direct target based on the public discussion.",172-177,NOT_A_CANDIDATE_FORM_OUTSIDE_INVENTORY,,,,,,,True,False,0,5,CLAUSE_INITIAL_PLAUSIBLE
3119,546,Gemma 4 2B,Youtube / ONE#NIGHT#ULTIMATE#WEREWOLF#9##November#6th#2016 / Game1,run_3,3,Stochastic,with,Contingency,with,256,260,,0,,contiguous,2,"Since Team Village wins by eliminating a Werewolf, voting for Mitchell aligns with the strongest piece of evidence presented during the discussion.",256-260,NOT_A_CANDIDATE_FORM_OUTSIDE_INVENTORY,,,,,,,True,False,78,82,NON_CONNECTIVE_LIKELY
3121,547,Gemma 4 2B,Youtube / ONE#NIGHT#ULTIMATE#WEREWOLF#9##November#6th#2016 / Game2,run_3,3,Stochastic,with,Contingency,with,95,99,,0,,contiguous,1,"The discussion transcript shows intense suspicion and accusations regarding the Werewolf role, with Mike directly claiming Caitlynn is the Werewolf and Alana and Caitlynn confirming that Werewolf cards were seen.",95-99,NOT_A_CANDIDATE_FORM_OUTSIDE_INVENTORY,,,,,,,True,False,95,99,UNCLEAR
3128,548,Gemma 4 2B,Youtube / ONE#NIGHT#ULTIMATE#WEREWOLF#9##November#6th#2016 / Game3,run_3,3,Stochastic,given that,Contingency,Given that,236,246,,0,,contiguous,3,"Given that Team Village needs to eliminate a Werewolf to win, Mitchell is the primary suspect and the most logical target to vote out.",236-246,NOT_A_CANDIDATE_FORM_OUTSIDE_INVENTORY,,,,,,,True,False,0,10,CLAUSE_INITIAL_PLAUSIBLE
3131,549,Gemma 4 2B,Youtube / ONE#NIGHT#ULTIMATE#WEREWOLF#9##November#6th#2016 / Game4,run_3,3,Stochastic,with,Contingency,with,153,157,,0,,contiguous,1,"Alana expressed the most suspicious intent by stating that if she wanted to be a werewolf, she would want to stay alive, suggesting a possible alignment with the Werewolf team's goal.",153-157,NOT_A_CANDIDATE_FORM_OUTSIDE_INVENTORY,,,,,,,True,False,153,157,NON_CONNECTIVE_LIKELY
3132,549,Gemma 4 2B,Youtube / ONE#NIGHT#ULTIMATE#WEREWOLF#9##November#6th#2016 / Game4,run_3,3,Stochastic,given,Contingency,Given,184,189,,0,,contiguous,2,"Given the high volatility of roles and potential swaps discussed in the transcript, Alana's comments about being a 'wild card' and her desire to survive make her a prime target for elimination to protect Team Village.",184-189,NOT_A_CANDIDATE_FORM_OUTSIDE_INVENTORY,,,,,,,True,False,0,5,CLAUSE_INITIAL_PLAUSIBLE
3137,550,Gemma 4 2B,Youtube / One#Night#Ultimate#Werewolf#GAME#NIGHT!! / Game2,run_3,3,Stochastic,with,Contingency,with,114,118,,0,,contiguous,1,"The discussion centered around the Robber role and card swapping, which led to Shane admitting to switching cards with Eric and claiming to be the Werewolf.",114-118,NOT_A_CANDIDATE_FORM_OUTSIDE_INVENTORY,,,,,,,True,False,114,118,NON_CONNECTIVE_LIKELY
3145,551,Gemma 4 2B,Youtube / Retrovision##ONE#NIGHT#ULTIMATE#WEREWOLF##Retro#7 / Game1,run_3,3,Stochastic,with,Contingency,with,226,230,,0,,contiguous,2,"Eric confirmed being the Robber, which aligns with Justin's suspicions.",226-230,NOT_A_CANDIDATE_FORM_OUTSIDE_INVENTORY,,,,,,,True,False,46,50,NON_CONNECTIVE_LIKELY
3160,554,Gemma 4 2B,Youtube / Retrovision##ONE#NIGHT#ULTIMATE#WEREWOLF##Retro#7 / Game4,run_3,3,Stochastic,with,Contingency,with,253,257,,0,,contiguous,2,Players are actively contradicting themselves regarding their starting roles and who they switched with.,253-257,NOT_A_CANDIDATE_FORM_OUTSIDE_INVENTORY,,,,,,,True,False,99,103,NON_CONNECTIVE_LIKELY
3167,555,Gemma 4 2B,Youtube / Retrovision##ONE#NIGHT#ULTIMATE#WEREWOLF##Retro#7 / Game5,run_3,3,Stochastic,with,Contingency,with,273,277,,0,,contiguous,3,"Furthermore, Eric claims, 'I started as the werewolf,' which aligns with the suspicions raised by other players.",273-277,NOT_A_CANDIDATE_FORM_OUTSIDE_INVENTORY,,,,,,,True,False,68,72,NON_CONNECTIVE_LIKELY
3168,555,Gemma 4 2B,Youtube / Retrovision##ONE#NIGHT#ULTIMATE#WEREWOLF##Retro#7 / Game5,run_3,3,Stochastic,given,Contingency,Given,318,323,,0,,contiguous,4,"Given the high level of conflict and direct accusations, Eric is the most likely candidate for the Werewolf, and eliminating him is necessary to secure a win for Team Village.",318-323,NOT_A_CANDIDATE_FORM_OUTSIDE_INVENTORY,,,,,,,True,False,0,5,CLAUSE_INITIAL_PLAUSIBLE
3173,556,Gemma 4 2B,Youtube / The#Return#of#the#King##ONE#NIGHT#ULTIMATE#WEREWOLF / Game5,run_3,3,Stochastic,with,Contingency,with,71,75,,0,,contiguous,1,"Mitchell is the primary target of suspicion throughout the discussion, with multiple players (Justin and Paul) explicitly claiming he is a Werewolf.",71-75,NOT_A_CANDIDATE_FORM_OUTSIDE_INVENTORY,,,,,,,True,False,71,75,UNCLEAR
3176,556,Gemma 4 2B,Youtube / The#Return#of#the#King##ONE#NIGHT#ULTIMATE#WEREWOLF / Game5,run_3,3,Stochastic,with,Contingency,with,183,187,,0,,contiguous,2,"Although the transcript is filled with role confusion and accusations, the collective belief that Mitchell is the Werewolf makes him the most logical candidate for elimination to maximize Team Village's chances of winning.",183-187,NOT_A_CANDIDATE_FORM_OUTSIDE_INVENTORY,,,,,,,True,False,34,38,NON_CONNECTIVE_LIKELY
3186,558,Gemma 4 2B,Youtube / The#Return#of#the#King##ONE#NIGHT#ULTIMATE#WEREWOLF / Game7,run_3,3,Stochastic,given,Contingency,Given,212,217,,0,,contiguous,3,"Given the general atmosphere of uncertainty and the fact that the game is nearing the voting phase, voting out a player who seems to be making strong claims or who might be a Werewolf is the best strategy for Team Village.",212-217,NOT_A_CANDIDATE_FORM_OUTSIDE_INVENTORY,,,,,,,True,False,0,5,CLAUSE_INITIAL_PLAUSIBLE
3204,561,Gemma 4 2B,Youtube / Visions#from#2016##ONE#NIGHT#ULTIMATE#WEREWOLF##Retro#11 / Game3,run_3,3,Stochastic,with,Contingency,with,87,91,,0,,contiguous,1,"The discussion transcript is highly ambiguous regarding the true roles of the players, with multiple conflicting claims about who is the Werewolf, Hunter, or Tanner.",87-91,NOT_A_CANDIDATE_FORM_OUTSIDE_INVENTORY,,,,,,,True,False,87,91,CLAUSE_INITIAL_PLAUSIBLE
3219,563,Gemma 4 2B,Youtube / Visions#from#2016##ONE#NIGHT#ULTIMATE#WEREWOLF##Retro#11 / Game5,run_3,3,Stochastic,with,Contingency,with,57,61,,0,,contiguous,1,"The discussion transcript is highly confusing and filled with accusations and role claims, making it impossible to definitively identify the Werewolf.",57-61,NOT_A_CANDIDATE_FORM_OUTSIDE_INVENTORY,,,,,,,True,False,57,61,NON_CONNECTIVE_LIKELY
3231,564,Gemma 4 2B,Youtube / Way#Way#Back##ONE#NIGHT#ULTIMATE#WEREWOLF##Retro#10 / Game1,run_3,3,Stochastic,despite,Comparison,despite,343,350,,0,,contiguous,3,"Since the goal is to eliminate a Werewolf, targeting the player who identifies as such is the most direct path to victory, despite the lack of definitive proof.",343-350,NOT_A_CANDIDATE_FORM_OUTSIDE_INVENTORY,,,,,,,True,False,123,130,UNCLEAR
3284,574,Gemma 4 2B,Ego4D / 0a6ef9dc-a2dc-452b-a907-d6fa2ed4cae0 / Game2,greedy_t0,0,Greedy,given,Contingency,Given,317,322,,0,,contiguous,3,"Given the high level of ambiguity and the focus on deception, I cannot confidently accuse any single player of being the Werewolf.",317-322,NOT_A_CANDIDATE_FORM_OUTSIDE_INVENTORY,,,,,,,True,False,0,5,CLAUSE_INITIAL_PLAUSIBLE
3287,575,Gemma 4 2B,Ego4D / 0c2659db-7bd4-4b37-9b08-4e247befe382 / Game4,greedy_t0,0,Greedy,with,Contingency,with,262,266,,0,,contiguous,3,Eliminating the player with the most votes is the optimal strategy to maximize the chances of Team Village winning by removing a Werewolf.,262-266,NOT_A_CANDIDATE_FORM_OUTSIDE_INVENTORY,,,,,,,True,False,23,27,NON_CONNECTIVE_LIKELY
3300,578,Gemma 4 2B,Ego4D / 0c2659db-7bd4-4b37-9b08-4e247befe382 / Game7,greedy_t0,0,Greedy,given,Contingency,Given,262,267,,0,,contiguous,3,"Given the uncertainty and the game rules, the safest strategy is to assume that all Werewolf cards may be in the center, which results in a Team Village victory if no Werewolf is present.",262-267,NOT_A_CANDIDATE_FORM_OUTSIDE_INVENTORY,,,,,,,True,False,0,5,CLAUSE_INITIAL_PLAUSIBLE
3308,580,Gemma 4 2B,Ego4D / 0c2659db-7bd4-4b37-9b08-4e247befe382 / Game9,greedy_t0,0,Greedy,with,Contingency,with,46,50,,0,,contiguous,1,"The discussion is highly confusing and filled with conflicting claims regarding roles, particularly the Villager and Werewolf identities.",46-50,NOT_A_CANDIDATE_FORM_OUTSIDE_INVENTORY,,,,,,,True,False,46,50,NON_CONNECTIVE_LIKELY
3309,580,Gemma 4 2B,Ego4D / 0c2659db-7bd4-4b37-9b08-4e247befe382 / Game9,greedy_t0,0,Greedy,particularly,Expansion,particularly,87,99,,0,,contiguous,1,"The discussion is highly confusing and filled with conflicting claims regarding roles, particularly the Villager and Werewolf identities.",87-99,NOT_A_CANDIDATE_FORM_OUTSIDE_INVENTORY,,,,,,,True,False,87,99,NON_CONNECTIVE_LIKELY
3314,580,Gemma 4 2B,Ego4D / 0c2659db-7bd4-4b37-9b08-4e247befe382 / Game9,greedy_t0,0,Greedy,with,Contingency,with,250,254,,0,,contiguous,2,"Chris is repeatedly accused of being a Werewolf or lying about his role, and he is also mentioned in connection with the Hunter role.",250-254,NOT_A_CANDIDATE_FORM_OUTSIDE_INVENTORY,,,,,,,True,False,112,116,NON_CONNECTIVE_LIKELY
3324,581,Gemma 4 2B,Ego4D / 1a0d3e22-a6d6-4723-91a0-52fc2c87d5ce / Game10,greedy_t0,0,Greedy,given,Contingency,given,415,420,,0,,contiguous,3,"Since Team Village wins if no Werewolves are present and no one dies, and given the high level of ambiguity, the safest strategic move is to assume no Werewolf is present.",415-420,NOT_A_CANDIDATE_FORM_OUTSIDE_INVENTORY,,,,,,,True,False,74,79,CLAUSE_INITIAL_PLAUSIBLE
3347,586,Gemma 4 2B,Ego4D / 1a0d3e22-a6d6-4723-91a0-52fc2c87d5ce / Game9,greedy_t0,0,Greedy,with,Contingency,with,115,119,,0,,contiguous,1,"The discussion strongly suggests that Zack is the Werewolf due to Jacob's deduction that the Robber switched cards with Zack, and Zack's subsequent attempt to cover up.",115-119,NOT_A_CANDIDATE_FORM_OUTSIDE_INVENTORY,,,,,,,True,False,115,119,NON_CONNECTIVE_LIKELY
3352,587,Gemma 4 2B,Ego4D / 2ba4023c-a8bf-43ad-ad5a-80ba222ce990 / Game10,greedy_t0,0,Greedy,with,Contingency,with,241,245,,0,,contiguous,2,"Tyler is actively trying to deflect suspicion onto Margaret by suggesting she is a Werewolf, which aligns with the Werewolf goal of diverting attention.",241-245,NOT_A_CANDIDATE_FORM_OUTSIDE_INVENTORY,,,,,,,True,False,106,110,NON_CONNECTIVE_LIKELY
3353,587,Gemma 4 2B,Ego4D / 2ba4023c-a8bf-43ad-ad5a-80ba222ce990 / Game10,greedy_t0,0,Greedy,given,Contingency,Given,288,293,,0,,contiguous,3,"Given the high level of deception and the complexity of the role swaps, Tyler is the most likely candidate to be a Werewolf attempting to manipulate the voting process.",288-293,NOT_A_CANDIDATE_FORM_OUTSIDE_INVENTORY,,,,,,,True,False,0,5,CLAUSE_INITIAL_PLAUSIBLE
3355,588,Gemma 4 2B,Ego4D / 2ba4023c-a8bf-43ad-ad5a-80ba222ce990 / Game6,greedy_t0,0,Greedy,with,Contingency,with,60,64,,0,,contiguous,1,"The discussion centers heavily on identifying the Werewolf, with Margaret and Tyler strongly suspecting Clint.",60-64,NOT_A_CANDIDATE_FORM_OUTSIDE_INVENTORY,,,,,,,True,False,60,64,UNCLEAR
3358,588,Gemma 4 2B,Ego4D / 2ba4023c-a8bf-43ad-ad5a-80ba222ce990 / Game6,greedy_t0,0,Greedy,given that,Contingency,Given that,209,219,,0,,contiguous,3,"Given that the game rules state Team Village wins by eliminating a Werewolf, and the conversation points toward Clint being the primary target of suspicion, voting for him is the most logical move to attempt to eliminate a Werewolf.",209-219,NOT_A_CANDIDATE_FORM_OUTSIDE_INVENTORY,,,,,,,True,False,0,10,CLAUSE_INITIAL_PLAUSIBLE
3366,589,Gemma 4 2B,Ego4D / 2ba4023c-a8bf-43ad-ad5a-80ba222ce990 / Game7,greedy_t0,0,Greedy,despite,Comparison,despite,381,388,,0,,contiguous,3,"Since Team Village needs to eliminate a Werewolf to win, voting for Erin is the best strategic move based on the current consensus, despite the lack of definitive proof.",381-388,NOT_A_CANDIDATE_FORM_OUTSIDE_INVENTORY,,,,,,,True,False,132,139,UNCLEAR
3371,590,Gemma 4 2B,Ego4D / 2ba4023c-a8bf-43ad-ad5a-80ba222ce990 / Game8,greedy_t0,0,Greedy,given,Contingency,Given,246,251,,0,,contiguous,3,"Given the context of the game and the accumulated suspicion, targeting Erin is the best strategy to eliminate a potential Werewolf and secure a win for Team Village.",246-251,NOT_A_CANDIDATE_FORM_OUTSIDE_INVENTORY,,,,,,,True,False,0,5,CLAUSE_INITIAL_PLAUSIBLE
3380,592,Gemma 4 2B,Ego4D / 324bccd2-adff-4e9a-8ff4-03491e144ac3 / Game1,greedy_t0,0,Greedy,with,Contingency,with,105,109,,0,,contiguous,1,"The discussion transcript is highly ambiguous regarding the actual roles and the presence of Werewolves, with players debating whether one or two Werewolves are present.",105-109,NOT_A_CANDIDATE_FORM_OUTSIDE_INVENTORY,,,,,,,True,False,105,109,UNCLEAR
3408,596,Gemma 4 2B,Ego4D / 324bccd2-adff-4e9a-8ff4-03491e144ac3 / Game5,greedy_t0,0,Greedy,particularly,Expansion,particularly,63,75,,0,,contiguous,1,"The discussion centers heavily on role swapping and deception, particularly involving Jacob and Sean.",63-75,NOT_A_CANDIDATE_FORM_OUTSIDE_INVENTORY,,,,,,,True,False,63,75,NON_CONNECTIVE_LIKELY
3432,601,Gemma 4 2B,Ego4D / 3ba069be-60fa-47fc-bd7b-f85bf649a5bd / Game5,greedy_t0,0,Greedy,with,Contingency,with,68,72,,0,,contiguous,1,"The discussion revolves heavily around role swapping and deception, with Daniel being explicitly called out by Kaelan as being 'very good at convincing people of things' and potentially being the Doppelganger.",68-72,NOT_A_CANDIDATE_FORM_OUTSIDE_INVENTORY,,,,,,,True,False,68,72,UNCLEAR
3454,604,Gemma 4 2B,Ego4D / 62c4bc58-3776-4791-ac30-4c9ca5619503 / Game11,greedy_t0,0,Greedy,with,Contingency,with,84,88,,0,,contiguous,1,"The discussion primarily revolves around identifying the Tanner and Villager roles, with players speculating about deception and double plays.",84-88,NOT_A_CANDIDATE_FORM_OUTSIDE_INVENTORY,,,,,,,True,False,84,88,UNCLEAR
3477,607,Gemma 4 2B,Ego4D / 62c4bc58-3776-4791-ac30-4c9ca5619503 / Game8,greedy_t0,0,Greedy,without,Contingency,without,414,421,,0,,contiguous,3,"Since the voting resulted in a tie, it is highly probable that the Werewolf is in the center, fulfilling the condition for Team Village to win without eliminating anyone.",414-421,NOT_A_CANDIDATE_FORM_OUTSIDE_INVENTORY,,,,,,,True,False,143,150,NON_CONNECTIVE_LIKELY
3484,609,Gemma 4 2B,Ego4D / 64076f60-f3fc-4ee6-93e1-3489d8ec7b12 / Game3,greedy_t0,0,Greedy,with,Contingency,with,81,85,,0,,contiguous,1,"Jack repeatedly claimed to have been the Werewolf and later confirmed he started with that role, despite the confusion caused by multiple card swaps during the game.",81-85,NOT_A_CANDIDATE_FORM_OUTSIDE_INVENTORY,,,,,,,True,False,81,85,NON_CONNECTIVE_LIKELY
3485,609,Gemma 4 2B,Ego4D / 64076f60-f3fc-4ee6-93e1-3489d8ec7b12 / Game3,greedy_t0,0,Greedy,despite,Comparison,despite,97,104,,0,,contiguous,1,"Jack repeatedly claimed to have been the Werewolf and later confirmed he started with that role, despite the confusion caused by multiple card swaps during the game.",97-104,NOT_A_CANDIDATE_FORM_OUTSIDE_INVENTORY,,,,,,,True,False,97,104,UNCLEAR
3490,610,Gemma 4 2B,Ego4D / 698f6bbe-4347-4a06-bd5d-3482f5e4fbbe / Game1,greedy_t0,0,Greedy,with,Contingency,with,77,81,,0,,contiguous,1,"James explicitly stated he was a Werewolf and suggested that Elliot switched with him, making Elliot the Werewolf.",77-81,NOT_A_CANDIDATE_FORM_OUTSIDE_INVENTORY,,,,,,,True,False,77,81,NON_CONNECTIVE_LIKELY
3505,613,Gemma 4 2B,Youtube / Flashback##ONE#NIGHT#ULTIMATE#WEREWOLF##Retro#9 / Game1,greedy_t0,0,Greedy,with,Contingency,with,55,59,,0,,contiguous,1,"The discussion heavily focuses on Mitchell's identity, with Paul expressing suspicion that Mitchell is playing too safe and suggesting he might be the Insomniac, which Paul views as a 'sweet story.'",55-59,NOT_A_CANDIDATE_FORM_OUTSIDE_INVENTORY,,,,,,,True,False,55,59,CLAUSE_INITIAL_PLAUSIBLE
3513,614,Gemma 4 2B,Youtube / Flashback##ONE#NIGHT#ULTIMATE#WEREWOLF##Retro#9 / Game2,greedy_t0,0,Greedy,eventually,Temporal,eventually,101,111,,0,,contiguous,2,"Justin eventually deduces that Mitchell is currently the Werewolf, stating this because of a switch involving Paul.",101-111,NOT_A_CANDIDATE_FORM_OUTSIDE_INVENTORY,,,,,,,True,False,7,17,NON_CONNECTIVE_LIKELY
3515,614,Gemma 4 2B,Youtube / Flashback##ONE#NIGHT#ULTIMATE#WEREWOLF##Retro#9 / Game2,greedy_t0,0,Greedy,given,Contingency,Given,296,301,,0,,contiguous,4,"Given the collective focus and the final deduction made by Justin, Mitchell is the most likely candidate to be eliminated to ensure Team Village wins.",296-301,NOT_A_CANDIDATE_FORM_OUTSIDE_INVENTORY,,,,,,,True,False,0,5,CLAUSE_INITIAL_PLAUSIBLE
3517,615,Gemma 4 2B,Youtube / Flashback##ONE#NIGHT#ULTIMATE#WEREWOLF##Retro#9 / Game3,greedy_t0,0,Greedy,particularly,Expansion,particularly,66,78,,0,,contiguous,1,"The discussion indicates significant suspicion among the players, particularly Mitchell who questions Justin's role and suggests there might be two werewolves present.",66-78,NOT_A_CANDIDATE_FORM_OUTSIDE_INVENTORY,,,,,,,True,False,66,78,NON_CONNECTIVE_LIKELY
3520,615,Gemma 4 2B,Youtube / Flashback##ONE#NIGHT#ULTIMATE#WEREWOLF##Retro#9 / Game3,greedy_t0,0,Greedy,given,Contingency,Given,297,302,,0,,contiguous,3,"Given the high level of distrust and the explicit suggestion that Werewolves are active, Mitchell is a strong candidate for elimination to secure a win for Team Village.",297-302,NOT_A_CANDIDATE_FORM_OUTSIDE_INVENTORY,,,,,,,True,False,0,5,CLAUSE_INITIAL_PLAUSIBLE
3538,619,Gemma 4 2B,Youtube / One#Night#Ultimate#Love#Letter##ONE#NIGHT#ULTIMATE#WEREWOLF / Game3,greedy_t0,0,Greedy,particularly,Expansion,particularly,68,80,,0,,contiguous,1,"The discussion centers around role swapping and identity confusion, particularly involving Justin and Tyler.",68-80,NOT_A_CANDIDATE_FORM_OUTSIDE_INVENTORY,,,,,,,True,False,68,80,NON_CONNECTIVE_LIKELY
3545,620,Gemma 4 2B,Youtube / One#Night#Ultimate#Love#Letter##ONE#NIGHT#ULTIMATE#WEREWOLF / Game7,greedy_t0,0,Greedy,with,Contingency,with,57,61,,0,,contiguous,1,"The discussion transcript is highly confusing and filled with accusations and role swaps, making it impossible to definitively identify the Werewolf.",57-61,NOT_A_CANDIDATE_FORM_OUTSIDE_INVENTORY,,,,,,,True,False,57,61,NON_CONNECTIVE_LIKELY
3579,627,Gemma 4 2B,Youtube / ONE#NIGHT#ULTIMATE#WEREWOLF##Retro#1 / Game6,greedy_t0,0,Greedy,with,Contingency,with,52,56,,0,,contiguous,1,"The discussion centers on identifying the Werewolf, with Alvin and Mitchell both pointing suspicion toward Justin.",52-56,NOT_A_CANDIDATE_FORM_OUTSIDE_INVENTORY,,,,,,,True,False,52,56,UNCLEAR
3582,627,Gemma 4 2B,Youtube / ONE#NIGHT#ULTIMATE#WEREWOLF##Retro#1 / Game6,greedy_t0,0,Greedy,given that,Contingency,Given that,264,274,,0,,contiguous,3,"Given that Team Village wins by eliminating a Werewolf, voting Justin is the most direct way to pursue the win condition based on the current suspicions.",264-274,NOT_A_CANDIDATE_FORM_OUTSIDE_INVENTORY,,,,,,,True,False,0,10,CLAUSE_INITIAL_PLAUSIBLE
3598,630,Gemma 4 2B,Youtube / ONE#NIGHT#ULTIMATE#WEREWOLF##Retro#1 / Game9,greedy_t0,0,Greedy,with,Contingency,with,188,192,,0,,contiguous,2,"Although Justin also claimed to see a Werewolf, Mitchell's self-identification, coupled with the intense suspicion directed at Justin, makes him the primary target.",188-192,NOT_A_CANDIDATE_FORM_OUTSIDE_INVENTORY,,,,,,,True,False,88,92,NON_CONNECTIVE_LIKELY
3610,632,Gemma 4 2B,Youtube / ONE#NIGHT#ULTIMATE#WEREWOLF##Retro#2 / Game2,greedy_t0,0,Greedy,given,Contingency,given,367,372,,0,,contiguous,3,"Since Team Village wins if no Werewolves are present and no one dies, and given the lack of clear Werewolf activity, it is safest to assume no Werewolf is currently active.",367-372,NOT_A_CANDIDATE_FORM_OUTSIDE_INVENTORY,,,,,,,True,False,74,79,CLAUSE_INITIAL_PLAUSIBLE
3612,633,Gemma 4 2B,Youtube / ONE#NIGHT#ULTIMATE#WEREWOLF##Retro#2 / Game3,greedy_t0,0,Greedy,with,Contingency,with,80,84,,0,,contiguous,1,"The transcript indicates that Mitchell, who started as a Robber, switched cards with Caitlynn, who was a Villager.",80-84,NOT_A_CANDIDATE_FORM_OUTSIDE_INVENTORY,,,,,,,True,False,80,84,NON_CONNECTIVE_LIKELY
3619,634,Gemma 4 2B,Youtube / ONE#NIGHT#ULTIMATE#WEREWOLF##Retro#2 / Game4,greedy_t0,0,Greedy,with,Contingency,with,140,144,,0,,contiguous,2,"Furthermore, Mike admitted to switching cards with other players, which is consistent with a role designed to mislead others.",140-144,NOT_A_CANDIDATE_FORM_OUTSIDE_INVENTORY,,,,,,,True,False,46,50,NON_CONNECTIVE_LIKELY
3620,634,Gemma 4 2B,Youtube / ONE#NIGHT#ULTIMATE#WEREWOLF##Retro#2 / Game4,greedy_t0,0,Greedy,with,Contingency,with,180,184,,0,,contiguous,2,"Furthermore, Mike admitted to switching cards with other players, which is consistent with a role designed to mislead others.",180-184,NOT_A_CANDIDATE_FORM_OUTSIDE_INVENTORY,,,,,,,True,False,46,50,NON_CONNECTIVE_LIKELY
3621,634,Gemma 4 2B,Youtube / ONE#NIGHT#ULTIMATE#WEREWOLF##Retro#2 / Game4,greedy_t0,0,Greedy,given,Contingency,Given,220,225,,0,,contiguous,3,"Given the direct accusation and the actions described, Mike is the most likely candidate for elimination to ensure Team Village eliminates a Werewolf.",220-225,NOT_A_CANDIDATE_FORM_OUTSIDE_INVENTORY,,,,,,,True,False,0,5,CLAUSE_INITIAL_PLAUSIBLE
3639,638,Gemma 4 2B,Youtube / ONE#NIGHT#ULTIMATE#WEREWOLF##Retro#2 / Game8,greedy_t0,0,Greedy,with,Contingency,with,46,50,,0,,contiguous,1,"The discussion is highly confusing and filled with accusations, making it difficult to definitively identify the Werewolf.",46-50,NOT_A_CANDIDATE_FORM_OUTSIDE_INVENTORY,,,,,,,True,False,46,50,NON_CONNECTIVE_LIKELY
3645,639,Gemma 4 2B,Youtube / ONE#NIGHT#ULTIMATE#WEREWOLF##Retro#3 / Game2,greedy_t0,0,Greedy,with,Contingency,with,108,112,,0,,contiguous,1,"The discussion centers heavily on conflicting claims regarding who is the Villager and who is the Werewolf, with Mike being repeatedly accused by Justin and James.",108-112,NOT_A_CANDIDATE_FORM_OUTSIDE_INVENTORY,,,,,,,True,False,108,112,UNCLEAR
3648,639,Gemma 4 2B,Youtube / ONE#NIGHT#ULTIMATE#WEREWOLF##Retro#3 / Game2,greedy_t0,0,Greedy,with,Contingency,with,271,275,,0,,contiguous,2,"Although the transcript is confusing due to potential role swaps, Mike is the primary target of suspicion, with Justin explicitly stating, 'I think Mike might be a werewolf.'",271-275,NOT_A_CANDIDATE_FORM_OUTSIDE_INVENTORY,,,,,,,True,False,107,111,CLAUSE_INITIAL_PLAUSIBLE
3651,640,Gemma 4 2B,Youtube / ONE#NIGHT#ULTIMATE#WEREWOLF##Retro#3 / Game3,greedy_t0,0,Greedy,with,Contingency,with,152,156,,0,,contiguous,2,"Mike claims he was the Robber and swapped cards with Mitchell, and Mitchell claims he saw two werewolves.",152-156,NOT_A_CANDIDATE_FORM_OUTSIDE_INVENTORY,,,,,,,True,False,48,52,NON_CONNECTIVE_LIKELY
3653,640,Gemma 4 2B,Youtube / ONE#NIGHT#ULTIMATE#WEREWOLF##Retro#3 / Game3,greedy_t0,0,Greedy,given,Contingency,Given,210,215,,0,,contiguous,3,"Given the uncertainty and the potential for role swaps, it is difficult to definitively identify a Werewolf.",210-215,NOT_A_CANDIDATE_FORM_OUTSIDE_INVENTORY,,,,,,,True,False,0,5,CLAUSE_INITIAL_PLAUSIBLE
3695,646,Gemma 4 2B,Youtube / ONE#NIGHT#ULTIMATE#WEREWOLF##Retro#4 / Game10,greedy_t0,0,Greedy,with,Contingency,with,78,82,,0,,contiguous,1,"The discussion heavily focuses on role swapping and identifying who is lying, with Mike and James specifically suggesting Mitchell might be the Werewolf.",78-82,NOT_A_CANDIDATE_FORM_OUTSIDE_INVENTORY,,,,,,,True,False,78,82,UNCLEAR
3700,646,Gemma 4 2B,Youtube / ONE#NIGHT#ULTIMATE#WEREWOLF##Retro#4 / Game10,greedy_t0,0,Greedy,given,Contingency,Given,269,274,,0,,contiguous,3,"Given the lack of concrete evidence, voting Mitchell is the most strategic move to eliminate a potential Werewolf.",269-274,NOT_A_CANDIDATE_FORM_OUTSIDE_INVENTORY,,,,,,,True,False,0,5,CLAUSE_INITIAL_PLAUSIBLE
3724,651,Gemma 4 2B,Youtube / ONE#NIGHT#ULTIMATE#WEREWOLF##Retro#4 / Game6,greedy_t0,0,Greedy,given,Contingency,Given,268,273,,0,,contiguous,3,"Given the high level of uncertainty and Mitchell's aggressive questioning, he is the primary target for elimination to maximize the chances of eliminating a Werewolf.",268-273,NOT_A_CANDIDATE_FORM_OUTSIDE_INVENTORY,,,,,,,True,False,0,5,CLAUSE_INITIAL_PLAUSIBLE
3736,652,Gemma 4 2B,Youtube / ONE#NIGHT#ULTIMATE#WEREWOLF##Retro#4 / Game7,greedy_t0,0,Greedy,given,Contingency,given,350,355,,0,,contiguous,3,"Since Team Village wins if no Werewolf is present and no one dies, and given the uncertainty, the safest strategy is to assume no Werewolf is present, which guarantees a Team Village victory.",350-355,NOT_A_CANDIDATE_FORM_OUTSIDE_INVENTORY,,,,,,,True,False,71,76,CLAUSE_INITIAL_PLAUSIBLE
3742,654,Gemma 4 2B,Youtube / ONE#NIGHT#ULTIMATE#WEREWOLF##Retro#5 / Game1,greedy_t0,0,Greedy,with,Contingency,with,55,59,,0,,contiguous,1,"The discussion centers heavily on Mitchell's identity, with him claiming to be the Seer or a Werewolf and then actively trying to assure others he is safe.",55-59,NOT_A_CANDIDATE_FORM_OUTSIDE_INVENTORY,,,,,,,True,False,55,59,UNCLEAR
3770,658,Gemma 4 2B,Youtube / ONE#NIGHT#ULTIMATE#WEREWOLF##Retro#5 / Game5,greedy_t0,0,Greedy,with,Contingency,with,97,101,,0,,contiguous,2,"Justin himself admits to starting with the Werewolf role, and other players, including Paul, conclude that Justin is the Werewolf.",97-101,NOT_A_CANDIDATE_FORM_OUTSIDE_INVENTORY,,,,,,,True,False,34,38,NON_CONNECTIVE_LIKELY
3787,661,Gemma 4 2B,Youtube / ONE#NIGHT#ULTIMATE#WEREWOLF##Retro#5 / Game8,greedy_t0,0,Greedy,with,Contingency,with,78,82,,0,,contiguous,1,"The discussion revolves entirely around role swapping and mutual accusations, with players claiming different roles (Seer, Robber, Insomniac, Tanner) and speculating about who might be the Werewolf.",78-82,NOT_A_CANDIDATE_FORM_OUTSIDE_INVENTORY,,,,,,,True,False,78,82,CLAUSE_INITIAL_PLAUSIBLE
3792,662,Gemma 4 2B,Youtube / ONE#NIGHT#ULTIMATE#WEREWOLF#-#Drinking#Play#Through / Game1,greedy_t0,0,Greedy,with,Contingency,with,46,50,,0,,contiguous,1,"The transcript is highly confusing and filled with conflicting claims regarding roles, making definitive identification of the Werewolf impossible.",46-50,NOT_A_CANDIDATE_FORM_OUTSIDE_INVENTORY,,,,,,,True,False,46,50,NON_CONNECTIVE_LIKELY
3798,662,Gemma 4 2B,Youtube / ONE#NIGHT#ULTIMATE#WEREWOLF#-#Drinking#Play#Through / Game1,greedy_t0,0,Greedy,despite,Comparison,despite,385,392,,0,,contiguous,3,"Since Team Village needs to eliminate a Werewolf to win, voting for a player who claims the Werewolf role is the most direct strategy, despite the lack of concrete evidence.",385-392,NOT_A_CANDIDATE_FORM_OUTSIDE_INVENTORY,,,,,,,True,False,135,142,UNCLEAR
3801,663,Gemma 4 2B,Youtube / ONE#NIGHT#ULTIMATE#WEREWOLF#-#Drinking#Play#Through / Game2,greedy_t0,0,Greedy,given,Contingency,Given,187,192,,0,,contiguous,3,"Given the objective is to eliminate a Werewolf to secure a Team Village win, targeting the player most directly accused of being a Werewolf is the most strategic move.",187-192,NOT_A_CANDIDATE_FORM_OUTSIDE_INVENTORY,,,,,,,True,False,0,5,CLAUSE_INITIAL_PLAUSIBLE
3802,664,Gemma 4 2B,Youtube / ONE#NIGHT#ULTIMATE#WEREWOLF#1##July#5th#2016 / Game2,greedy_t0,0,Greedy,particularly,Expansion,particularly,65,77,,0,,contiguous,1,"The discussion centers heavily on conflicting role swap stories, particularly involving Justin, Mitchell, and Mike.",65-77,NOT_A_CANDIDATE_FORM_OUTSIDE_INVENTORY,,,,,,,True,False,65,77,NON_CONNECTIVE_LIKELY
3811,665,Gemma 4 2B,Youtube / One#Night#Ultimate#Werewolf#1#How-To#and#Playthrough / Game1,greedy_t0,0,Greedy,with,Contingency,with,54,58,,0,,contiguous,1,"The discussion transcript is highly confusing, filled with role swaps, contradictory claims about who is a Villager, and mutual accusations.",54-58,NOT_A_CANDIDATE_FORM_OUTSIDE_INVENTORY,,,,,,,True,False,54,58,NON_CONNECTIVE_LIKELY
3815,665,Gemma 4 2B,Youtube / One#Night#Ultimate#Werewolf#1#How-To#and#Playthrough / Game1,greedy_t0,0,Greedy,given,Contingency,Given,314,319,,0,,contiguous,4,"Given the lack of concrete proof, I cannot confidently identify a Werewolf.",314-319,NOT_A_CANDIDATE_FORM_OUTSIDE_INVENTORY,,,,,,,True,False,0,5,CLAUSE_INITIAL_PLAUSIBLE
3831,669,Gemma 4 2B,Youtube / ONE#NIGHT#ULTIMATE#WEREWOLF#13##July#29th#2017 / Game3,greedy_t0,0,Greedy,with,Contingency,with,147,151,,0,,contiguous,2,"While the transcript is filled with role swaps and conflicting stories, his direct admission carries significant weight in the context of the game.",147-151,NOT_A_CANDIDATE_FORM_OUTSIDE_INVENTORY,,,,,,,True,False,31,35,NON_CONNECTIVE_LIKELY
3835,669,Gemma 4 2B,Youtube / ONE#NIGHT#ULTIMATE#WEREWOLF#13##July#29th#2017 / Game3,greedy_t0,0,Greedy,given,Contingency,Given,378,383,,0,,contiguous,4,"Given the high level of uncertainty regarding the actual roles, targeting the player claiming the Werewolf role is the most strategic move.",378-383,NOT_A_CANDIDATE_FORM_OUTSIDE_INVENTORY,,,,,,,True,False,0,5,CLAUSE_INITIAL_PLAUSIBLE
3836,670,Gemma 4 2B,Youtube / ONE#NIGHT#ULTIMATE#WEREWOLF#14##August#26th#2017 / Game1,greedy_t0,0,Greedy,with,Contingency,with,38,42,,0,,contiguous,1,"The discussion is highly contentious, with players accusing each other of being Werewolves or other roles like the Tanner or Troublemaker.",38-42,NOT_A_CANDIDATE_FORM_OUTSIDE_INVENTORY,,,,,,,True,False,38,42,UNCLEAR
3839,670,Gemma 4 2B,Youtube / ONE#NIGHT#ULTIMATE#WEREWOLF#14##August#26th#2017 / Game1,greedy_t0,0,Greedy,given,Contingency,Given,252,257,,0,,contiguous,3,"Given the goal is to eliminate a Werewolf, voting out the player who is directly targeted by another player's suspicion is the most logical move to maximize the chances of Team Village winning.",252-257,NOT_A_CANDIDATE_FORM_OUTSIDE_INVENTORY,,,,,,,True,False,0,5,CLAUSE_INITIAL_PLAUSIBLE
3841,671,Gemma 4 2B,Youtube / ONE#NIGHT#ULTIMATE#WEREWOLF#14##August#26th#2017 / Game2,greedy_t0,0,Greedy,with,Contingency,with,44,48,,0,,contiguous,1,"The discussion is highly chaotic and filled with accusations and role confusion, making it difficult to definitively identify the Werewolf.",44-48,NOT_A_CANDIDATE_FORM_OUTSIDE_INVENTORY,,,,,,,True,False,44,48,NON_CONNECTIVE_LIKELY
3844,671,Gemma 4 2B,Youtube / ONE#NIGHT#ULTIMATE#WEREWOLF#14##August#26th#2017 / Game2,greedy_t0,0,Greedy,given,Contingency,Given,269,274,,0,,contiguous,3,"Given the need to eliminate a Werewolf to secure a win for Team Village, targeting the player who claims the role is the most logical move to attempt to secure the win condition.",269-274,NOT_A_CANDIDATE_FORM_OUTSIDE_INVENTORY,,,,,,,True,False,0,5,CLAUSE_INITIAL_PLAUSIBLE
3848,672,Gemma 4 2B,Youtube / ONE#NIGHT#ULTIMATE#WEREWOLF#18##September#30th#2017 / Game1,greedy_t0,0,Greedy,with,Contingency,with,127,131,,0,,contiguous,2,"While the transcript is filled with role swaps and conflicting claims, Mitchell's repeated accusations and subsequent votes point toward Paul being the threat.",127-131,NOT_A_CANDIDATE_FORM_OUTSIDE_INVENTORY,,,,,,,True,False,31,35,NON_CONNECTIVE_LIKELY
3858,673,Gemma 4 2B,Youtube / One#Night#Ultimate#Werewolf#2#The#Drunk / Game1,greedy_t0,0,Greedy,given,Contingency,Given,216,221,,0,,contiguous,3,"Given the high level of uncertainty and the fact that the game rules state Team Village wins if they eliminate a Werewolf, and Team Werewolf wins if they survive, a vote targeting the most aggressive or suspicious player is often a strategy.",216-221,NOT_A_CANDIDATE_FORM_OUTSIDE_INVENTORY,,,,,,,True,False,0,5,CLAUSE_INITIAL_PLAUSIBLE
3876,675,Gemma 4 2B,Youtube / ONE#NIGHT#ULTIMATE#WEREWOLF#26##January#20th#2018 / Game3,greedy_t0,0,Greedy,given,Contingency,Given,204,209,,0,,contiguous,3,"Given the objective is to eliminate a Werewolf to secure a Team Village win, Meghan is the most strongly indicated player.",204-209,NOT_A_CANDIDATE_FORM_OUTSIDE_INVENTORY,,,,,,,True,False,0,5,CLAUSE_INITIAL_PLAUSIBLE
3892,678,Gemma 4 2B,Youtube / ONE#NIGHT#ULTIMATE#WEREWOLF#28##February#17th#2018 / Game3,greedy_t0,0,Greedy,given,Contingency,Given,312,317,,0,,contiguous,3,"Given the goal is to eliminate a Werewolf, Justin is the primary target based on the available discussion.",312-317,NOT_A_CANDIDATE_FORM_OUTSIDE_INVENTORY,,,,,,,True,False,0,5,CLAUSE_INITIAL_PLAUSIBLE
3904,681,Gemma 4 2B,Youtube / ONE#NIGHT#ULTIMATE#WEREWOLF#30##February#17th#2018 / Game4,greedy_t0,0,Greedy,particularly,Expansion,particularly,53,65,,0,,contiguous,1,"The discussion heavily focuses on identifying roles, particularly the Tanner and the Troublemaker, and accusing players of lying or switching roles.",53-65,NOT_A_CANDIDATE_FORM_OUTSIDE_INVENTORY,,,,,,,True,False,53,65,NON_CONNECTIVE_LIKELY
3922,682,Gemma 4 2B,Youtube / ONE#NIGHT#ULTIMATE#WEREWOLF#34##March#24th#2018 / Game2,greedy_t0,0,Greedy,given,Contingency,Given,432,437,,0,,contiguous,5,"Given the goal is to eliminate a Werewolf to win, Mitchell is the most likely target.",432-437,NOT_A_CANDIDATE_FORM_OUTSIDE_INVENTORY,,,,,,,True,False,0,5,CLAUSE_INITIAL_PLAUSIBLE
3924,683,Gemma 4 2B,Youtube / ONE#NIGHT#ULTIMATE#WEREWOLF#34##March#24th#2018 / Game3,greedy_t0,0,Greedy,with,Contingency,with,57,61,,0,,contiguous,1,"The discussion transcript is highly confusing and filled with role swaps and conflicting claims regarding who holds which role (e.g., Tanner, Troublemaker, Seer).",57-61,NOT_A_CANDIDATE_FORM_OUTSIDE_INVENTORY,,,,,,,True,False,57,61,NON_CONNECTIVE_LIKELY
3936,685,Gemma 4 2B,Youtube / One#Night#Ultimate#Werewolf#362#More#Classic#Werewolf / Game1,greedy_t0,0,Greedy,with,Contingency,with,233,237,,0,,contiguous,2,"However, Kelsey's shifting claims regarding her roles (Troublemaker, Robber, Tanner) and subsequent denials, coupled with being strongly suspected by other players (especially Brett), make her the primary suspect.",233-237,NOT_A_CANDIDATE_FORM_OUTSIDE_INVENTORY,,,,,,,True,False,117,121,NON_CONNECTIVE_LIKELY
3945,687,Gemma 4 2B,Youtube / ONE#NIGHT#ULTIMATE#WEREWOLF#37##April#21st#2018 / Game2,greedy_t0,0,Greedy,with,Contingency,with,89,93,,0,,contiguous,1,"The discussion centers heavily on card swapping and who performed the Troublemaker role, with Mike claiming to be the Troublemaker and admitting to switching cards.",89-93,NOT_A_CANDIDATE_FORM_OUTSIDE_INVENTORY,,,,,,,True,False,89,93,UNCLEAR
3947,687,Gemma 4 2B,Youtube / ONE#NIGHT#ULTIMATE#WEREWOLF#37##April#21st#2018 / Game2,greedy_t0,0,Greedy,given,Contingency,Given,269,274,,0,,contiguous,3,"Given the high level of deception and role manipulation discussed, Mike is the most likely candidate for the Werewolf role, which Team Village needs to eliminate to win.",269-274,NOT_A_CANDIDATE_FORM_OUTSIDE_INVENTORY,,,,,,,True,False,0,5,CLAUSE_INITIAL_PLAUSIBLE
3971,691,Gemma 4 2B,Youtube / One#Night#Ultimate#Werewolf#382#Game#100!! / Game1,greedy_t0,0,Greedy,given,Contingency,Given,245,250,,0,,contiguous,3,"Given the lack of concrete evidence confirming a Werewolf's presence, and the possibility that all Werewolf cards are in the center, it is safer to assume no Werewolf is currently active.",245-250,NOT_A_CANDIDATE_FORM_OUTSIDE_INVENTORY,,,,,,,True,False,0,5,CLAUSE_INITIAL_PLAUSIBLE
3975,692,Gemma 4 2B,Youtube / ONE#NIGHT#ULTIMATE#WEREWOLF#39##April#21st#2018 / Game3,greedy_t0,0,Greedy,with,Contingency,with,109,113,,0,,contiguous,1,"The discussion transcript focuses heavily on identifying non-Werewolf roles such as the Tanner and the Seer, with players accusing each other of holding these roles.",109-113,NOT_A_CANDIDATE_FORM_OUTSIDE_INVENTORY,,,,,,,True,False,109,113,UNCLEAR
3980,692,Gemma 4 2B,Youtube / ONE#NIGHT#ULTIMATE#WEREWOLF#39##April#21st#2018 / Game3,greedy_t0,0,Greedy,upon,Temporal,upon,365,369,,0,,contiguous,3,"Since Team Village wins by eliminating a Werewolf, and no Werewolf has been definitively identified or acted upon, I cannot confidently accuse any player of being the Werewolf.",365-369,NOT_A_CANDIDATE_FORM_OUTSIDE_INVENTORY,,,,,,,True,False,109,113,NON_CONNECTIVE_LIKELY
3984,693,Gemma 4 2B,Youtube / ONE#NIGHT#ULTIMATE#WEREWOLF#4##July#14th#2016 / Game1,greedy_t0,0,Greedy,with,Contingency,with,429,433,,0,,contiguous,3,"To maximize the chances of Team Village winning, we should target the player who appears most suspicious and aligns with the Werewolf narrative.",429-433,NOT_A_CANDIDATE_FORM_OUTSIDE_INVENTORY,,,,,,,True,False,116,120,NON_CONNECTIVE_LIKELY
3989,694,Gemma 4 2B,Youtube / ONE#NIGHT#ULTIMATE#WEREWOLF#4##July#14th#2016 / Game2,greedy_t0,0,Greedy,with,Contingency,with,291,295,,0,,contiguous,2,"However, Mitchell is repeatedly implicated in deception, specifically regarding switching cards and having an 'unconfirmed story,' which aligns with the behavior of a Werewolf trying to sow distrust.",291-295,NOT_A_CANDIDATE_FORM_OUTSIDE_INVENTORY,,,,,,,True,False,144,148,NON_CONNECTIVE_LIKELY
3998,696,Gemma 4 2B,Youtube / ONE#NIGHT#ULTIMATE#WEREWOLF#43##October#13th#2018 / Game1,greedy_t0,0,Greedy,given that,Contingency,Given that,191,201,,0,,contiguous,2,"Given that Team Village wins by eliminating a Werewolf, voting for Mitchell is the strongest move based on the available evidence.",191-201,NOT_A_CANDIDATE_FORM_OUTSIDE_INVENTORY,,,,,,,True,False,0,10,CLAUSE_INITIAL_PLAUSIBLE
4003,697,Gemma 4 2B,Youtube / ONE#NIGHT#ULTIMATE#WEREWOLF#43##October#13th#2018 / Game3,greedy_t0,0,Greedy,with,Contingency,with,158,162,,0,,contiguous,2,"Although the transcript is filled with role swaps and conflicting accusations, this direct statement provides the strongest initial evidence for a Werewolf.",158-162,NOT_A_CANDIDATE_FORM_OUTSIDE_INVENTORY,,,,,,,True,False,34,38,NON_CONNECTIVE_LIKELY
4014,699,Gemma 4 2B,Youtube / ONE#NIGHT#ULTIMATE#WEREWOLF#44##October#13th#2018 / Game1,greedy_t0,0,Greedy,given,Contingency,Given,253,258,,0,,contiguous,3,"Given the goal is to eliminate a Werewolf, Mitchell is the most likely candidate to be the Werewolf, or at least the player making the most definitive claim about the Werewolf's location.",253-258,NOT_A_CANDIDATE_FORM_OUTSIDE_INVENTORY,,,,,,,True,False,0,5,CLAUSE_INITIAL_PLAUSIBLE
4018,700,Gemma 4 2B,Youtube / ONE#NIGHT#ULTIMATE#WEREWOLF#44##October#13th#2018 / Game2,greedy_t0,0,Greedy,with,Contingency,with,143,147,,0,,contiguous,2,"Although the transcript is filled with role swaps and conflicting claims about who is the Tanner or Robber, Justin's self-identification as the Werewolf makes him the primary target for Team Village to eliminate.",143-147,NOT_A_CANDIDATE_FORM_OUTSIDE_INVENTORY,,,,,,,True,False,34,38,NON_CONNECTIVE_LIKELY
4026,701,Gemma 4 2B,Youtube / ONE#NIGHT#ULTIMATE#WEREWOLF#44##October#13th#2018 / Game3,greedy_t0,0,Greedy,given,Contingency,Given,157,162,,0,,contiguous,3,"Given the conflicting claims about who holds which role, the most direct interpretation of the final consensus is that the Werewolf threat has been eliminated.",157-162,NOT_A_CANDIDATE_FORM_OUTSIDE_INVENTORY,,,,,,,True,False,0,5,CLAUSE_INITIAL_PLAUSIBLE
4036,703,Gemma 4 2B,Youtube / ONE#NIGHT#ULTIMATE#WEREWOLF#44##October#13th#2018 / Game5,greedy_t0,0,Greedy,with,Contingency,with,174,178,,0,,contiguous,2,"However, Mitchell explicitly claims he swapped roles with a Werewolf and is actively trying to cast suspicion on others.",174-178,NOT_A_CANDIDATE_FORM_OUTSIDE_INVENTORY,,,,,,,True,False,53,57,NON_CONNECTIVE_LIKELY
4038,703,Gemma 4 2B,Youtube / ONE#NIGHT#ULTIMATE#WEREWOLF#44##October#13th#2018 / Game5,greedy_t0,0,Greedy,given,Contingency,Given,242,247,,0,,contiguous,3,"Given the goal is to eliminate a Werewolf, Mitchell is the most suspicious player and the most likely candidate to be attempting to manipulate the vote.",242-247,NOT_A_CANDIDATE_FORM_OUTSIDE_INVENTORY,,,,,,,True,False,0,5,CLAUSE_INITIAL_PLAUSIBLE
4053,706,Gemma 4 2B,Youtube / One#Night#Ultimate#Werewolf#491#Classic#Werewolf / Game1,greedy_t0,0,Greedy,with,Contingency,with,40,44,,0,,contiguous,1,"The discussion is highly contradictory, with both Pete and Brett claiming to be the Werewolf, and numerous accusations of lying are exchanged.",40-44,NOT_A_CANDIDATE_FORM_OUTSIDE_INVENTORY,,,,,,,True,False,40,44,CLAUSE_INITIAL_PLAUSIBLE
4062,707,Gemma 4 2B,Youtube / One#Night#Ultimate#Werewolf#492#More#Classic#Werewolf / Game1,greedy_t0,0,Greedy,given,Contingency,Given,216,221,,0,,contiguous,3,"Given the limited information, I will target one of the players Pete accused, Brett, as he was involved in several role changes and accusations throughout the discussion.",216-221,NOT_A_CANDIDATE_FORM_OUTSIDE_INVENTORY,,,,,,,True,False,0,5,CLAUSE_INITIAL_PLAUSIBLE
4116,717,Gemma 4 2B,Youtube / ONE#NIGHT#ULTIMATE#WEREWOLF#62##March#23rd#2019 / Game2,greedy_t0,0,Greedy,despite,Comparison,despite,312,319,,0,,contiguous,3,"Mitchell's direct claim makes him the primary suspect for the Werewolf role, despite the high level of confusion during the voting phase.",312-319,NOT_A_CANDIDATE_FORM_OUTSIDE_INVENTORY,,,,,,,True,False,77,84,UNCLEAR
4118,718,Gemma 4 2B,Youtube / ONE#NIGHT#ULTIMATE#WEREWOLF#63##March#23rd#2019 / Game1,greedy_t0,0,Greedy,with,Contingency,with,160,164,,0,,contiguous,2,"The transcript is filled with role swaps and accusations, which increases the likelihood that one of the players is indeed the Werewolf.",160-164,NOT_A_CANDIDATE_FORM_OUTSIDE_INVENTORY,,,,,,,True,False,25,29,NON_CONNECTIVE_LIKELY
4130,720,Gemma 4 2B,Youtube / ONE#NIGHT#ULTIMATE#WEREWOLF#64##March#23rd#2019 / Game4,greedy_t0,0,Greedy,with,Contingency,with,343,347,,0,,contiguous,3,"Since Team Village needs to eliminate a Werewolf to win, voting Paul aligns with the current collective belief and maximizes the chance of success.",343-347,NOT_A_CANDIDATE_FORM_OUTSIDE_INVENTORY,,,,,,,True,False,76,80,NON_CONNECTIVE_LIKELY
4133,721,Gemma 4 2B,Youtube / ONE#NIGHT#ULTIMATE#WEREWOLF#64##March#23rd#2019 / Game5,greedy_t0,0,Greedy,with,Contingency,with,82,86,,0,,contiguous,1,"The discussion heavily centers around role swapping and identifying the Werewolf, with James explicitly claiming he was a werewolf.",82-86,NOT_A_CANDIDATE_FORM_OUTSIDE_INVENTORY,,,,,,,True,False,82,86,UNCLEAR
4141,723,Gemma 4 2B,Youtube / ONE#NIGHT#ULTIMATE#WEREWOLF#7##November#6th#2016 / Game2,greedy_t0,0,Greedy,with,Contingency,with,64,68,,0,,contiguous,1,"The discussion strongly suggests that Caitlynn is the Werewolf, with Mitchell explicitly stating this belief and linking it to her taking a role after looking at the center cards.",64-68,NOT_A_CANDIDATE_FORM_OUTSIDE_INVENTORY,,,,,,,True,False,64,68,UNCLEAR
4152,724,Gemma 4 2B,Youtube / ONE#NIGHT#ULTIMATE#WEREWOLF#7##November#6th#2016 / Game3,greedy_t0,0,Greedy,given,Contingency,Given,252,257,,0,,contiguous,3,"Given the objective is to eliminate a Werewolf to win, Mitchell is the strongest suspect based on the internal conflict presented in the transcript.",252-257,NOT_A_CANDIDATE_FORM_OUTSIDE_INVENTORY,,,,,,,True,False,0,5,CLAUSE_INITIAL_PLAUSIBLE
4154,725,Gemma 4 2B,Youtube / ONE#NIGHT#ULTIMATE#WEREWOLF#7##November#6th#2016 / Game4,greedy_t0,0,Greedy,with,Contingency,with,57,61,,0,,contiguous,1,"The discussion transcript is highly confusing and filled with conflicting claims about who holds which role, making definitive identification of the Werewolf impossible.",57-61,NOT_A_CANDIDATE_FORM_OUTSIDE_INVENTORY,,,,,,,True,False,57,61,NON_CONNECTIVE_LIKELY
4159,726,Gemma 4 2B,Youtube / ONE#NIGHT#ULTIMATE#WEREWOLF#8##November#6th#2016 / Game1,greedy_t0,0,Greedy,with,Contingency,with,57,61,,0,,contiguous,1,"The discussion transcript is highly confusing and filled with conflicting claims regarding player roles, particularly Mitchell's identity.",57-61,NOT_A_CANDIDATE_FORM_OUTSIDE_INVENTORY,,,,,,,True,False,57,61,NON_CONNECTIVE_LIKELY
4160,726,Gemma 4 2B,Youtube / ONE#NIGHT#ULTIMATE#WEREWOLF#8##November#6th#2016 / Game1,greedy_t0,0,Greedy,particularly,Expansion,particularly,105,117,,0,,contiguous,1,"The discussion transcript is highly confusing and filled with conflicting claims regarding player roles, particularly Mitchell's identity.",105-117,NOT_A_CANDIDATE_FORM_OUTSIDE_INVENTORY,,,,,,,True,False,105,117,NON_CONNECTIVE_LIKELY
4179,729,Gemma 4 2B,Youtube / ONE#NIGHT#ULTIMATE#WEREWOLF#83##October#15th#2019 / Game3,greedy_t0,0,Greedy,with,Contingency,with,251,255,,0,,contiguous,3,"Although the transcript is filled with role swaps and deception, Mike's direct claim provides the clearest indication of a Werewolf presence.",251-255,NOT_A_CANDIDATE_FORM_OUTSIDE_INVENTORY,,,,,,,True,False,34,38,NON_CONNECTIVE_LIKELY
4181,730,Gemma 4 2B,Youtube / ONE#NIGHT#ULTIMATE#WEREWOLF#86##November#9th#2019 / Game1,greedy_t0,0,Greedy,particularly,Expansion,particularly,56,68,,0,,contiguous,1,"The discussion centers around the uncertainty of roles, particularly the Werewolf presence.",56-68,NOT_A_CANDIDATE_FORM_OUTSIDE_INVENTORY,,,,,,,True,False,56,68,NON_CONNECTIVE_LIKELY
4188,730,Gemma 4 2B,Youtube / ONE#NIGHT#ULTIMATE#WEREWOLF#86##November#9th#2019 / Game1,greedy_t0,0,Greedy,with,Contingency,with,588,592,,0,,contiguous,4,"Since there is no concrete evidence pointing to a specific player as the Werewolf, and the conflicting information makes it impossible to definitively identify one, the safest choice is to assume no Werewolf is present, aligning with the winning condition where Team Village wins if no Werewolf is present.",588-592,NOT_A_CANDIDATE_FORM_OUTSIDE_INVENTORY,,,,,,,True,False,229,233,NON_CONNECTIVE_LIKELY
4191,731,Gemma 4 2B,Youtube / ONE#NIGHT#ULTIMATE#WEREWOLF#86##November#9th#2019 / Game3,greedy_t0,0,Greedy,given,Contingency,Given,127,132,,0,,contiguous,2,"Given the high level of role swapping and conflicting accusations regarding who robbed whom, Mitchell remains the most suspicious player.",127-132,NOT_A_CANDIDATE_FORM_OUTSIDE_INVENTORY,,,,,,,True,False,0,5,CLAUSE_INITIAL_PLAUSIBLE
4195,732,Gemma 4 2B,Youtube / ONE#NIGHT#ULTIMATE#WEREWOLF#86##November#9th#2019 / Game4,greedy_t0,0,Greedy,particularly,Expansion,particularly,65,77,,0,,contiguous,1,"The discussion centers heavily on role swapping and accusations, particularly involving Mike and Mitchell.",65-77,NOT_A_CANDIDATE_FORM_OUTSIDE_INVENTORY,,,,,,,True,False,65,77,NON_CONNECTIVE_LIKELY
4210,735,Gemma 4 2B,Youtube / ONE#NIGHT#ULTIMATE#WEREWOLF#89##November#30th#2019 / Game2,greedy_t0,0,Greedy,with,Contingency,with,25,29,,0,,contiguous,1,The transcript concludes with Mitchell and James explicitly stating that Justin is the Werewolf.,25-29,NOT_A_CANDIDATE_FORM_OUTSIDE_INVENTORY,,,,,,,True,False,25,29,NON_CONNECTIVE_LIKELY
4219,736,Gemma 4 2B,Youtube / ONE#NIGHT#ULTIMATE#WEREWOLF#89##November#30th#2019 / Game3,greedy_t0,0,Greedy,given,Contingency,Given,293,298,,0,,contiguous,5,"Given the high level of accusation and self-identification, Mitchell is the primary target.",293-298,NOT_A_CANDIDATE_FORM_OUTSIDE_INVENTORY,,,,,,,True,False,0,5,CLAUSE_INITIAL_PLAUSIBLE
4226,738,Gemma 4 2B,Youtube / ONE#NIGHT#ULTIMATE#WEREWOLF#9##November#6th#2016 / Game2,greedy_t0,0,Greedy,particularly,Expansion,particularly,110,122,,0,,contiguous,1,"The discussion revolves heavily around card swapping and role identification, leading to several accusations, particularly from Mike, who claims Caitlynn and Alana are Werewolves.",110-122,NOT_A_CANDIDATE_FORM_OUTSIDE_INVENTORY,,,,,,,True,False,110,122,NON_CONNECTIVE_LIKELY
4240,740,Gemma 4 2B,Youtube / ONE#NIGHT#ULTIMATE#WEREWOLF#9##November#6th#2016 / Game4,greedy_t0,0,Greedy,particularly,Expansion,particularly,103,115,,0,,contiguous,1,"The discussion primarily revolves around role swapping and uncertainty regarding who holds which role, particularly the Insomniac and the Seer.",103-115,NOT_A_CANDIDATE_FORM_OUTSIDE_INVENTORY,,,,,,,True,False,103,115,NON_CONNECTIVE_LIKELY
4247,740,Gemma 4 2B,Youtube / ONE#NIGHT#ULTIMATE#WEREWOLF#9##November#6th#2016 / Game4,greedy_t0,0,Greedy,given,Contingency,given,313,318,,0,,contiguous,3,"Since Team Village wins if no Werewolf is present and no one dies, and given the high level of ambiguity, it is safest to assume no Werewolf is currently active.",313-318,NOT_A_CANDIDATE_FORM_OUTSIDE_INVENTORY,,,,,,,True,False,71,76,CLAUSE_INITIAL_PLAUSIBLE
4270,744,Gemma 4 2B,Youtube / Retrovision##ONE#NIGHT#ULTIMATE#WEREWOLF##Retro#7 / Game3,greedy_t0,0,Greedy,given that,Contingency,Given that,151,161,,0,,contiguous,2,"Given that Team Village wins by eliminating a Werewolf, voting out Mitchell is the most strategic move to secure victory.",151-161,NOT_A_CANDIDATE_FORM_OUTSIDE_INVENTORY,,,,,,,True,False,0,10,CLAUSE_INITIAL_PLAUSIBLE
4275,745,Gemma 4 2B,Youtube / Retrovision##ONE#NIGHT#ULTIMATE#WEREWOLF##Retro#7 / Game4,greedy_t0,0,Greedy,with,Contingency,with,310,314,,0,,contiguous,3,"Since Team Village wins by eliminating a Werewolf, targeting the player with the strongest initial claim of being the Werewolf is the most logical move to maximize the chances of victory.",310-314,NOT_A_CANDIDATE_FORM_OUTSIDE_INVENTORY,,,,,,,True,False,72,76,NON_CONNECTIVE_LIKELY
4285,747,Gemma 4 2B,Youtube / The#Return#of#the#King##ONE#NIGHT#ULTIMATE#WEREWOLF / Game5,greedy_t0,0,Greedy,with,Contingency,with,170,174,,0,,contiguous,2,"Although the transcript is filled with role confusion and accusations, Mitchell's role is heavily implicated in the discussion, making him the primary target for elimination.",170-174,NOT_A_CANDIDATE_FORM_OUTSIDE_INVENTORY,,,,,,,True,False,34,38,NON_CONNECTIVE_LIKELY
4292,749,Gemma 4 2B,Youtube / The#Return#of#the#King##ONE#NIGHT#ULTIMATE#WEREWOLF / Game7,greedy_t0,0,Greedy,given,Contingency,Given,227,232,,0,,contiguous,3,"Given the goal is to eliminate a Werewolf to win, voting for Tyler is the most logical move to eliminate a potential Werewolf, especially since the Seer role is often used to point out threats.",227-232,NOT_A_CANDIDATE_FORM_OUTSIDE_INVENTORY,,,,,,,True,False,0,5,CLAUSE_INITIAL_PLAUSIBLE
4301,751,Gemma 4 2B,Youtube / Visions#from#2016##ONE#NIGHT#ULTIMATE#WEREWOLF##Retro#11 / Game2,greedy_t0,0,Greedy,with,Contingency,with,51,55,,0,,contiguous,1,"The discussion centers heavily on Paul's identity, with multiple players suggesting he is either a Werewolf or a Tanner.",51-55,NOT_A_CANDIDATE_FORM_OUTSIDE_INVENTORY,,,,,,,True,False,51,55,UNCLEAR
4311,753,Gemma 4 2B,Youtube / Visions#from#2016##ONE#NIGHT#ULTIMATE#WEREWOLF##Retro#11 / Game4,greedy_t0,0,Greedy,with,Contingency,with,119,123,,0,,contiguous,1,"The discussion transcript indicates a high degree of confusion and conflicting claims regarding the Werewolf identity, with both Paul and Mitchell claiming to be the Werewolf.",119-123,NOT_A_CANDIDATE_FORM_OUTSIDE_INVENTORY,,,,,,,True,False,119,123,UNCLEAR
4318,754,Gemma 4 2B,Youtube / Visions#from#2016##ONE#NIGHT#ULTIMATE#WEREWOLF##Retro#11 / Game5,greedy_t0,0,Greedy,with,Contingency,with,46,50,,0,,contiguous,1,"The discussion is highly confusing and filled with meta-commentary about roles and swaps, making it impossible to definitively identify a Werewolf.",46-50,NOT_A_CANDIDATE_FORM_OUTSIDE_INVENTORY,,,,,,,True,False,46,50,NON_CONNECTIVE_LIKELY
4327,755,Gemma 4 2B,Youtube / Way#Way#Back##ONE#NIGHT#ULTIMATE#WEREWOLF##Retro#10 / Game1,greedy_t0,0,Greedy,given,Contingency,Given,190,195,,0,,contiguous,2,"Given the objective is to eliminate a Werewolf, targeting the player who self-identifies as such is the most direct path to victory for Team Village.",190-195,NOT_A_CANDIDATE_FORM_OUTSIDE_INVENTORY,,,,,,,True,False,0,5,CLAUSE_INITIAL_PLAUSIBLE
4341,757,Gemma 4 2B,Youtube / Way#Way#Back##ONE#NIGHT#ULTIMATE#WEREWOLF##Retro#10 / Game3,greedy_t0,0,Greedy,with,Contingency,with,176,180,,0,,contiguous,2,"Although the transcript is filled with role swaps and conflicting claims, the collective suspicion points toward her being the Werewolf.",176-180,NOT_A_CANDIDATE_FORM_OUTSIDE_INVENTORY,,,,,,,True,False,34,38,NON_CONNECTIVE_LIKELY
4352,761,Gemma 4 2B,Youtube / Ye#Olde#Times##ONE#NIGHT#ULTIMATE#WEREWOLF##Retro#8 / Game2,greedy_t0,0,Greedy,with,Contingency,with,60,64,,0,,contiguous,1,"The discussion centers heavily on identifying the Werewolf, with Justin and Mike being the primary suspects.",60-64,NOT_A_CANDIDATE_FORM_OUTSIDE_INVENTORY,,,,,,,True,False,60,64,UNCLEAR
4355,761,Gemma 4 2B,Youtube / Ye#Olde#Times##ONE#NIGHT#ULTIMATE#WEREWOLF##Retro#8 / Game2,greedy_t0,0,Greedy,despite,Comparison,despite,216,223,,0,,contiguous,2,"Mike explicitly claimed he was the Werewolf at the beginning of the game, and the uncertainty remains high despite role swaps.",216-223,NOT_A_CANDIDATE_FORM_OUTSIDE_INVENTORY,,,,,,,True,False,107,114,NON_CONNECTIVE_LIKELY
4358,761,Gemma 4 2B,Youtube / Ye#Olde#Times##ONE#NIGHT#ULTIMATE#WEREWOLF##Retro#8 / Game2,greedy_t0,0,Greedy,with,Contingency,with,315,319,,0,,contiguous,3,"Since Team Village needs to eliminate a Werewolf to win, voting for the player with the strongest initial claim is the most logical move to attempt to secure a win.",315-319,NOT_A_CANDIDATE_FORM_OUTSIDE_INVENTORY,,,,,,,True,False,79,83,NON_CONNECTIVE_LIKELY
4360,762,Gemma 4 2B,Youtube / Ye#Olde#Times##ONE#NIGHT#ULTIMATE#WEREWOLF##Retro#8 / Game3,greedy_t0,0,Greedy,with,Contingency,with,66,70,,0,,contiguous,1,"The discussion heavily focuses on identifying Paul as the Tanner, with multiple players expressing strong suspicion that he is not the Werewolf.",66-70,NOT_A_CANDIDATE_FORM_OUTSIDE_INVENTORY,,,,,,,True,False,66,70,UNCLEAR
4373,763,Gemma 4 2B,Youtube / Ye#Olde#Times##ONE#NIGHT#ULTIMATE#WEREWOLF##Retro#8 / Game4,greedy_t0,0,Greedy,given,Contingency,given,342,347,,0,,contiguous,3,"Since Team Village wins if no Werewolf is present, and given the uncertainty, the safest choice is to assume no Werewolf is confirmed.",342-347,NOT_A_CANDIDATE_FORM_OUTSIDE_INVENTORY,,,,,,,True,False,55,60,CLAUSE_INITIAL_PLAUSIBLE
4378,764,Gemma 4 4B,Ego4D / 0a6ef9dc-a2dc-452b-a907-d6fa2ed4cae0 / Game1,run_1,1,Stochastic,with,Contingency,with,348,352,,0,,contiguous,3,"To ensure Team Village wins, the observer must target the player with the highest probability of being a Werewolf, which is Erin.",348-352,NOT_A_CANDIDATE_FORM_OUTSIDE_INVENTORY,,,,,,,True,False,65,69,NON_CONNECTIVE_LIKELY
4380,765,Gemma 4 4B,Ego4D / 0a6ef9dc-a2dc-452b-a907-d6fa2ed4cae0 / Game2,run_1,1,Stochastic,particularly,Expansion,particularly,102,114,,0,,contiguous,1,"The public discussion provided significant detail regarding the mechanics of the night phase actions, particularly the Robber and Troublemaker swaps, but it failed to produce any conclusive evidence regarding who the Werewolves were.",102-114,NOT_A_CANDIDATE_FORM_OUTSIDE_INVENTORY,,,,,,,True,False,102,114,NON_CONNECTIVE_LIKELY
4389,765,Gemma 4 4B,Ego4D / 0a6ef9dc-a2dc-452b-a907-d6fa2ed4cae0 / Game2,run_1,1,Stochastic,with,Contingency,with,475,479,,0,,contiguous,3,"Since no player was successfully identified as a Werewolf, and the game concluded with everyone dying, there is insufficient evidence to confidently name a target for elimination.",475-479,NOT_A_CANDIDATE_FORM_OUTSIDE_INVENTORY,,,,,,,True,False,82,86,NON_CONNECTIVE_LIKELY
4415,769,Gemma 4 4B,Ego4D / 0c2659db-7bd4-4b37-9b08-4e247befe382 / Game7,run_1,1,Stochastic,with,Contingency,with,242,246,,0,,contiguous,2,"While Sukeshi made a self-incriminating statement about being a Werewolf, the transcript concludes with the voting phase.",242-246,NOT_A_CANDIDATE_FORM_OUTSIDE_INVENTORY,,,,,,,True,False,99,103,NON_CONNECTIVE_LIKELY
4418,770,Gemma 4 4B,Ego4D / 0c2659db-7bd4-4b37-9b08-4e247befe382 / Game8,run_1,1,Stochastic,with,Contingency,with,224,228,,0,,contiguous,3,"This evasiveness, combined with the group's mounting suspicion, makes her the prime target for elimination.",224-228,NOT_A_CANDIDATE_FORM_OUTSIDE_INVENTORY,,,,,,,True,False,27,31,NON_CONNECTIVE_LIKELY
4423,771,Gemma 4 4B,Ego4D / 0c2659db-7bd4-4b37-9b08-4e247befe382 / Game9,run_1,1,Stochastic,despite,Comparison,despite,289,296,,0,,contiguous,2,"Based on the flow of suspicion, Elliot was heavily targeted by Sukeshi and James, who repeatedly suggested he was a Werewolf despite his claims of being a Villager.",289-296,NOT_A_CANDIDATE_FORM_OUTSIDE_INVENTORY,,,,,,,True,False,125,132,NON_CONNECTIVE_LIKELY
4454,775,Gemma 4 4B,Ego4D / 1a0d3e22-a6d6-4723-91a0-52fc2c87d5ce / Game7,run_1,1,Stochastic,given,Contingency,Given,414,419,,0,,contiguous,4,"Given the high level of deception in the game, the direct accusation against Sean provides the strongest rationale for targeting him as a potential Werewolf.",414-419,NOT_A_CANDIDATE_FORM_OUTSIDE_INVENTORY,,,,,,,True,False,0,5,CLAUSE_INITIAL_PLAUSIBLE
4460,776,Gemma 4 4B,Ego4D / 1a0d3e22-a6d6-4723-91a0-52fc2c87d5ce / Game8,run_1,1,Stochastic,given that,Contingency,Given that,225,235,,0,,contiguous,3,"Given that Team Village wins by eliminating a Werewolf, and Zack has been explicitly identified as holding that role, he is the primary target.",225-235,NOT_A_CANDIDATE_FORM_OUTSIDE_INVENTORY,,,,,,,True,False,0,10,CLAUSE_INITIAL_PLAUSIBLE
4463,776,Gemma 4 4B,Ego4D / 1a0d3e22-a6d6-4723-91a0-52fc2c87d5ce / Game8,run_1,1,Stochastic,despite,Comparison,Despite,369,376,,0,,contiguous,4,"Despite the possibility of deception, this direct identification provides the strongest evidence available in the public discussion.",369-376,NOT_A_CANDIDATE_FORM_OUTSIDE_INVENTORY,,,,,,,True,False,0,7,CLAUSE_INITIAL_PLAUSIBLE
4464,777,Gemma 4 4B,Ego4D / 1a0d3e22-a6d6-4723-91a0-52fc2c87d5ce / Game9,run_1,1,Stochastic,with,Contingency,with,83,87,,0,,contiguous,1,"Jacob repeatedly targets Sean, accusing him of being the Robber who switched roles with Zack, who was initially identified as the Werewolf.",83-87,NOT_A_CANDIDATE_FORM_OUTSIDE_INVENTORY,,,,,,,True,False,83,87,NON_CONNECTIVE_LIKELY
4468,777,Gemma 4 4B,Ego4D / 1a0d3e22-a6d6-4723-91a0-52fc2c87d5ce / Game9,run_1,1,Stochastic,despite,Comparison,despite,353,360,,0,,contiguous,3,"His insistence on being a Villager, despite the heavy suspicion cast upon him, makes him the most logical target based on the public accusations.",353-360,NOT_A_CANDIDATE_FORM_OUTSIDE_INVENTORY,,,,,,,True,False,36,43,CLAUSE_INITIAL_PLAUSIBLE
4469,777,Gemma 4 4B,Ego4D / 1a0d3e22-a6d6-4723-91a0-52fc2c87d5ce / Game9,run_1,1,Stochastic,upon,Temporal,upon,386,390,,0,,contiguous,3,"His insistence on being a Villager, despite the heavy suspicion cast upon him, makes him the most logical target based on the public accusations.",386-390,NOT_A_CANDIDATE_FORM_OUTSIDE_INVENTORY,,,,,,,True,False,69,73,NON_CONNECTIVE_LIKELY
4476,778,Gemma 4 4B,Ego4D / 2ba4023c-a8bf-43ad-ad5a-80ba222ce990 / Game10,run_1,1,Stochastic,given,Contingency,Given,384,389,,0,,contiguous,4,"Given the high level of suspicion directed at him, he represents the most probable target for Team Village to eliminate.",384-389,NOT_A_CANDIDATE_FORM_OUTSIDE_INVENTORY,,,,,,,True,False,0,5,CLAUSE_INITIAL_PLAUSIBLE
4490,780,Gemma 4 4B,Ego4D / 2ba4023c-a8bf-43ad-ad5a-80ba222ce990 / Game7,run_1,1,Stochastic,with,Contingency,with,358,362,,0,,contiguous,3,"As an external observer with no access to private role information, I cannot confidently pinpoint who holds the Werewolf card.",358-362,NOT_A_CANDIDATE_FORM_OUTSIDE_INVENTORY,,,,,,,True,False,24,28,NON_CONNECTIVE_LIKELY
4505,782,Gemma 4 4B,Ego4D / 2ba4023c-a8bf-43ad-ad5a-80ba222ce990 / Game9,run_1,1,Stochastic,given,Contingency,Given,424,429,,0,,contiguous,4,"Given the strong accusations against him, Tyler is the most probable target to eliminate to secure a Village victory.",424-429,NOT_A_CANDIDATE_FORM_OUTSIDE_INVENTORY,,,,,,,True,False,0,5,CLAUSE_INITIAL_PLAUSIBLE
4519,785,Gemma 4 4B,Ego4D / 324bccd2-adff-4e9a-8ff4-03491e144ac3 / Game3,run_1,1,Stochastic,given,Contingency,Given,355,360,,0,,contiguous,3,"Given the extreme ambiguity and lack of actionable intelligence regarding the Werewolf threat, it is impossible to confidently select a player to eliminate.",355-360,NOT_A_CANDIDATE_FORM_OUTSIDE_INVENTORY,,,,,,,True,False,0,5,CLAUSE_INITIAL_PLAUSIBLE
4530,787,Gemma 4 4B,Ego4D / 324bccd2-adff-4e9a-8ff4-03491e144ac3 / Game5,run_1,1,Stochastic,given,Contingency,Given,272,277,,0,,contiguous,3,"Given the high degree of role swapping and deception in the game, his initial statement cannot be dismissed entirely.",272-277,NOT_A_CANDIDATE_FORM_OUTSIDE_INVENTORY,,,,,,,True,False,0,5,CLAUSE_INITIAL_PLAUSIBLE
4535,788,Gemma 4 4B,Ego4D / 3ba069be-60fa-47fc-bd7b-f85bf649a5bd / Game1,run_1,1,Stochastic,given,Contingency,Given,404,409,,0,,contiguous,4,"Given the strong possibility that the Werewolf is in the center, and Team Village wins if no Werewolf is present and no one dies, the safest and most logical choice is to assume the Werewolf is not among the players.",404-409,NOT_A_CANDIDATE_FORM_OUTSIDE_INVENTORY,,,,,,,True,False,0,5,CLAUSE_INITIAL_PLAUSIBLE
4561,791,Gemma 4 4B,Ego4D / 3ba069be-60fa-47fc-bd7b-f85bf649a5bd / Game4,run_1,1,Stochastic,with,Contingency,with,406,410,,0,,contiguous,3,"While Kaelan is highly suspicious due to his initial claims and subsequent confusion, Daniel's confirmed role aligns directly with the opposing team's goals.",406-410,NOT_A_CANDIDATE_FORM_OUTSIDE_INVENTORY,,,,,,,True,False,126,130,NON_CONNECTIVE_LIKELY
4566,792,Gemma 4 4B,Ego4D / 3ba069be-60fa-47fc-bd7b-f85bf649a5bd / Game5,run_1,1,Stochastic,given,Contingency,Given,403,408,,0,,contiguous,4,"Given the high level of distrust and the accusations of deception, he represents the greatest immediate threat to Team Village.",403-408,NOT_A_CANDIDATE_FORM_OUTSIDE_INVENTORY,,,,,,,True,False,0,5,CLAUSE_INITIAL_PLAUSIBLE
4572,793,Gemma 4 4B,Ego4D / 3ba069be-60fa-47fc-bd7b-f85bf649a5bd / Game6,run_1,1,Stochastic,given,Contingency,Given,349,354,,0,,contiguous,3,"Given the lack of definitive information regarding Team Werewolf members, I cannot confidently choose a player to eliminate.",349-354,NOT_A_CANDIDATE_FORM_OUTSIDE_INVENTORY,,,,,,,True,False,0,5,CLAUSE_INITIAL_PLAUSIBLE
4613,800,Gemma 4 4B,Ego4D / 64076f60-f3fc-4ee6-93e1-3489d8ec7b12 / Game3,run_1,1,Stochastic,given,Contingency,Given,435,440,,0,,contiguous,4,"Given the ambiguity, targeting Jack is a logical choice to attempt to eliminate a potential threat.",435-440,NOT_A_CANDIDATE_FORM_OUTSIDE_INVENTORY,,,,,,,True,False,0,5,CLAUSE_INITIAL_PLAUSIBLE
4618,801,Gemma 4 4B,Ego4D / 698f6bbe-4347-4a06-bd5d-3482f5e4fbbe / Game1,run_1,1,Stochastic,given,Contingency,Given,415,420,,0,,contiguous,4,"Given the conflicting narratives, James's direct admission of the role makes him the most probable target for elimination to secure a Team Village win.",415-420,NOT_A_CANDIDATE_FORM_OUTSIDE_INVENTORY,,,,,,,True,False,0,5,CLAUSE_INITIAL_PLAUSIBLE
4632,803,Gemma 4 4B,Ego4D / 698f6bbe-4347-4a06-bd5d-3482f5e4fbbe / Game3,run_1,1,Stochastic,given,Contingency,Given,335,340,,0,,contiguous,3,"Given the high stakes and the need for a decisive vote, targeting the player who is making the most definitive and potentially manipulative claims about the game's state is the most strategic move to maximize the chance of eliminating a Werewolf.",335-340,NOT_A_CANDIDATE_FORM_OUTSIDE_INVENTORY,,,,,,,True,False,0,5,CLAUSE_INITIAL_PLAUSIBLE
4640,804,Gemma 4 4B,Youtube / Flashback##ONE#NIGHT#ULTIMATE#WEREWOLF##Retro#9 / Game1,run_1,1,Stochastic,given,Contingency,Given,424,429,,0,,contiguous,4,"Given the intense scrutiny and the need to eliminate a threat, Mitchell presents the highest probability of being a Werewolf.",424-429,NOT_A_CANDIDATE_FORM_OUTSIDE_INVENTORY,,,,,,,True,False,0,5,CLAUSE_INITIAL_PLAUSIBLE
4647,805,Gemma 4 4B,Youtube / Flashback##ONE#NIGHT#ULTIMATE#WEREWOLF##Retro#9 / Game2,run_1,1,Stochastic,given,Contingency,Given,420,425,,0,,contiguous,4,"Given the high level of strategic deception, Paul is the most likely candidate to be a Werewolf.",420-425,NOT_A_CANDIDATE_FORM_OUTSIDE_INVENTORY,,,,,,,True,False,0,5,CLAUSE_INITIAL_PLAUSIBLE
4651,806,Gemma 4 4B,Youtube / Flashback##ONE#NIGHT#ULTIMATE#WEREWOLF##Retro#9 / Game3,run_1,1,Stochastic,with,Contingency,with,363,367,,0,,contiguous,3,"While Justin is highly manipulative, his actions are consistent with a Troublemaker's role, and he is actively trying to guide the vote.",363-367,NOT_A_CANDIDATE_FORM_OUTSIDE_INVENTORY,,,,,,,True,False,64,68,NON_CONNECTIVE_LIKELY
4653,806,Gemma 4 4B,Youtube / Flashback##ONE#NIGHT#ULTIMATE#WEREWOLF##Retro#9 / Game3,run_1,1,Stochastic,given,Contingency,Given,436,441,,0,,contiguous,4,"Given the need to eliminate a Werewolf, James's passive behavior makes him the most suspicious target.",436-441,NOT_A_CANDIDATE_FORM_OUTSIDE_INVENTORY,,,,,,,True,False,0,5,CLAUSE_INITIAL_PLAUSIBLE
4661,808,Gemma 4 4B,Youtube / Flashback##ONE#NIGHT#ULTIMATE#WEREWOLF##Retro#9 / Game5,run_1,1,Stochastic,despite,Comparison,despite,119,126,,0,,contiguous,1,"Laura is the most certain target because she explicitly stated, ""I was a werewolf"" (at [53]), confirming her alignment despite the role swaps.",119-126,NOT_A_CANDIDATE_FORM_OUTSIDE_INVENTORY,,,,,,,True,False,119,126,NON_CONNECTIVE_LIKELY
4674,809,Gemma 4 4B,Youtube / One#Night#Ultimate#Love#Letter##ONE#NIGHT#ULTIMATE#WEREWOLF / Game2,run_1,1,Stochastic,with,Contingency,with,398,402,,0,,contiguous,3,"While other players like Justin and Paul are involved in complex role swaps and accusations, Mitchell's direct admissions provide the clearest evidence of his alignment with Team Werewolf.",398-402,NOT_A_CANDIDATE_FORM_OUTSIDE_INVENTORY,,,,,,,True,False,169,173,NON_CONNECTIVE_LIKELY
4678,810,Gemma 4 4B,Youtube / One#Night#Ultimate#Love#Letter##ONE#NIGHT#ULTIMATE#WEREWOLF / Game3,run_1,1,Stochastic,with,Contingency,with,249,253,,0,,contiguous,2,"His subsequent actions and statements suggest an attempt to manipulate the narrative and deflect suspicion, which is consistent with a Werewolf or a Doppelganger who has acquired that role.",249-253,NOT_A_CANDIDATE_FORM_OUTSIDE_INVENTORY,,,,,,,True,False,128,132,NON_CONNECTIVE_LIKELY
4681,810,Gemma 4 4B,Youtube / One#Night#Ultimate#Love#Letter##ONE#NIGHT#ULTIMATE#WEREWOLF / Game3,run_1,1,Stochastic,given,Contingency,Given,430,435,,0,,contiguous,4,"Given the high level of suspicion directed at him and his own admission of acquiring a Werewolf role, he is the most logical choice to eliminate to secure a Village victory.",430-435,NOT_A_CANDIDATE_FORM_OUTSIDE_INVENTORY,,,,,,,True,False,0,5,CLAUSE_INITIAL_PLAUSIBLE
4703,814,Gemma 4 4B,Youtube / ONE#NIGHT#ULTIMATE#WEREWOLF##Retro#1 / Game2,run_1,1,Stochastic,with,Contingency,with,531,535,,0,,contiguous,4,"Eliminating the Troublemaker is a high-risk, high-reward move that aligns with the goal of removing a key disruptive element, potentially a Werewolf or a Doppelganger.",531-535,NOT_A_CANDIDATE_FORM_OUTSIDE_INVENTORY,,,,,,,True,False,74,78,NON_CONNECTIVE_LIKELY
4710,815,Gemma 4 4B,Youtube / ONE#NIGHT#ULTIMATE#WEREWOLF##Retro#1 / Game3,run_1,1,Stochastic,with,Contingency,with,196,200,,0,,contiguous,2,"Although there is skepticism regarding Alvin's motives, both James and Mitchell ultimately align with Alvin's conclusion, stating that Justin is the Werewolf.",196-200,NOT_A_CANDIDATE_FORM_OUTSIDE_INVENTORY,,,,,,,True,False,97,101,NON_CONNECTIVE_LIKELY
4720,816,Gemma 4 4B,Youtube / ONE#NIGHT#ULTIMATE#WEREWOLF##Retro#1 / Game4,run_1,1,Stochastic,given,Contingency,Given,285,290,,0,,contiguous,3,"Given the intense and consistent suspicion directed at Justin by multiple players, he is the most likely candidate to be a Werewolf and the best target for Team Village.",285-290,NOT_A_CANDIDATE_FORM_OUTSIDE_INVENTORY,,,,,,,True,False,0,5,CLAUSE_INITIAL_PLAUSIBLE
4729,817,Gemma 4 4B,Youtube / ONE#NIGHT#ULTIMATE#WEREWOLF##Retro#1 / Game5,run_1,1,Stochastic,given,Contingency,Given,339,344,,0,,contiguous,4,"Given the strong consensus among James and Alvin in the final moments, Mitchell is the most probable target to eliminate to ensure Team Village wins.",339-344,NOT_A_CANDIDATE_FORM_OUTSIDE_INVENTORY,,,,,,,True,False,0,5,CLAUSE_INITIAL_PLAUSIBLE
4737,818,Gemma 4 4B,Youtube / ONE#NIGHT#ULTIMATE#WEREWOLF##Retro#1 / Game6,run_1,1,Stochastic,with,Contingency,with,432,436,,0,,contiguous,4,Eliminating Justin aligns with the Village's goal of removing a potential Werewolf.,432-436,NOT_A_CANDIDATE_FORM_OUTSIDE_INVENTORY,,,,,,,True,False,26,30,NON_CONNECTIVE_LIKELY
4754,821,Gemma 4 4B,Youtube / ONE#NIGHT#ULTIMATE#WEREWOLF##Retro#1 / Game9,run_1,1,Stochastic,with,Contingency,with,38,42,,0,,contiguous,1,"The discussion is highly contentious, with multiple players claiming powerful roles like Seer, which indicates significant deception.",38-42,NOT_A_CANDIDATE_FORM_OUTSIDE_INVENTORY,,,,,,,True,False,38,42,CLAUSE_INITIAL_PLAUSIBLE
4761,821,Gemma 4 4B,Youtube / ONE#NIGHT#ULTIMATE#WEREWOLF##Retro#1 / Game9,run_1,1,Stochastic,with,Contingency,with,515,519,,0,,contiguous,5,Eliminating him aligns with the Village's goal of removing a potential threat.,515-519,NOT_A_CANDIDATE_FORM_OUTSIDE_INVENTORY,,,,,,,True,False,23,27,NON_CONNECTIVE_LIKELY
4768,822,Gemma 4 4B,Youtube / ONE#NIGHT#ULTIMATE#WEREWOLF##Retro#2 / Game1,run_1,1,Stochastic,given,Contingency,Given,413,418,,0,,contiguous,4,"Given his attempts to control the narrative and his shifting alignment, he is the most likely candidate to be a Werewolf.",413-418,NOT_A_CANDIDATE_FORM_OUTSIDE_INVENTORY,,,,,,,True,False,0,5,CLAUSE_INITIAL_PLAUSIBLE
4776,824,Gemma 4 4B,Youtube / ONE#NIGHT#ULTIMATE#WEREWOLF##Retro#2 / Game3,run_1,1,Stochastic,with,Contingency,with,206,210,,0,,contiguous,2,"While this could be a bluff, it is a significant piece of self-incrimination that aligns with typical Werewolf deception tactics.",206-210,NOT_A_CANDIDATE_FORM_OUTSIDE_INVENTORY,,,,,,,True,False,89,93,NON_CONNECTIVE_LIKELY
4778,824,Gemma 4 4B,Youtube / ONE#NIGHT#ULTIMATE#WEREWOLF##Retro#2 / Game3,run_1,1,Stochastic,with,Contingency,with,313,317,,0,,contiguous,3,"Furthermore, he is actively involved in confirming this narrative with Mitchell, suggesting a coordinated effort.",313-317,NOT_A_CANDIDATE_FORM_OUTSIDE_INVENTORY,,,,,,,True,False,66,70,NON_CONNECTIVE_LIKELY
4782,826,Gemma 4 4B,Youtube / ONE#NIGHT#ULTIMATE#WEREWOLF##Retro#2 / Game5,run_1,1,Stochastic,with,Contingency,with,44,48,,0,,contiguous,1,"Justin is the most heavily targeted player, with multiple players accusing him of being a Werewolf.",44-48,NOT_A_CANDIDATE_FORM_OUTSIDE_INVENTORY,,,,,,,True,False,44,48,UNCLEAR
4796,827,Gemma 4 4B,Youtube / ONE#NIGHT#ULTIMATE#WEREWOLF##Retro#2 / Game6,run_1,1,Stochastic,given that,Contingency,Given that,322,332,,0,,contiguous,4,"Given that Team Village needs to eliminate a Werewolf, Dan's erratic narrative makes him the highest risk and the most likely candidate for a deceptive role.",322-332,NOT_A_CANDIDATE_FORM_OUTSIDE_INVENTORY,,,,,,,True,False,0,10,CLAUSE_INITIAL_PLAUSIBLE
4809,828,Gemma 4 4B,Youtube / ONE#NIGHT#ULTIMATE#WEREWOLF##Retro#2 / Game7,run_1,1,Stochastic,with,Contingency,with,562,566,,0,,contiguous,4,Targeting him aligns with the Village goal of eliminating a key threat.,562-566,NOT_A_CANDIDATE_FORM_OUTSIDE_INVENTORY,,,,,,,True,False,21,25,NON_CONNECTIVE_LIKELY
4816,829,Gemma 4 4B,Youtube / ONE#NIGHT#ULTIMATE#WEREWOLF##Retro#2 / Game8,run_1,1,Stochastic,given,Contingency,Given,320,325,,0,,contiguous,4,"Given the high stakes and the immediate suspicion cast upon him by Mike, Dan is the most critical and suspicious player.",320-325,NOT_A_CANDIDATE_FORM_OUTSIDE_INVENTORY,,,,,,,True,False,0,5,CLAUSE_INITIAL_PLAUSIBLE
4818,829,Gemma 4 4B,Youtube / ONE#NIGHT#ULTIMATE#WEREWOLF##Retro#2 / Game8,run_1,1,Stochastic,upon,Temporal,upon,375,379,,0,,contiguous,4,"Given the high stakes and the immediate suspicion cast upon him by Mike, Dan is the most critical and suspicious player.",375-379,NOT_A_CANDIDATE_FORM_OUTSIDE_INVENTORY,,,,,,,True,False,55,59,NON_CONNECTIVE_LIKELY
4824,830,Gemma 4 4B,Youtube / ONE#NIGHT#ULTIMATE#WEREWOLF##Retro#3 / Game2,run_1,1,Stochastic,in response to,Contingency,in response to,327,341,,0,,contiguous,3,"While players can lie, Mike's intense and immediate denial in response to multiple accusations makes him the prime suspect.",327-341,NOT_A_CANDIDATE_FORM_OUTSIDE_INVENTORY,,,,,,,True,False,59,73,UNCLEAR
4828,831,Gemma 4 4B,Youtube / ONE#NIGHT#ULTIMATE#WEREWOLF##Retro#3 / Game3,run_1,1,Stochastic,given,Contingency,Given,251,256,,0,,contiguous,3,"Given the lack of any corroborating evidence or subsequent actions, targeting the player who is aggressively driving the narrative and making the most significant, unverified claim is a logical strategic choice.",251-256,NOT_A_CANDIDATE_FORM_OUTSIDE_INVENTORY,,,,,,,True,False,0,5,CLAUSE_INITIAL_PLAUSIBLE
4833,832,Gemma 4 4B,Youtube / ONE#NIGHT#ULTIMATE#WEREWOLF##Retro#3 / Game4,run_1,1,Stochastic,with,Contingency,with,53,57,,0,,contiguous,1,"The discussion heavily focuses on Mike and Mitchell, with James consistently directing suspicion towards Mike.",53-57,NOT_A_CANDIDATE_FORM_OUTSIDE_INVENTORY,,,,,,,True,False,53,57,UNCLEAR
4838,832,Gemma 4 4B,Youtube / ONE#NIGHT#ULTIMATE#WEREWOLF##Retro#3 / Game4,run_1,1,Stochastic,given,Contingency,Given,348,353,,0,,contiguous,4,"Given the pressure of the time limit, following the strongest stated suspicion provides the best chance for Team Village to eliminate a Werewolf.",348-353,NOT_A_CANDIDATE_FORM_OUTSIDE_INVENTORY,,,,,,,True,False,0,5,CLAUSE_INITIAL_PLAUSIBLE
4842,833,Gemma 4 4B,Youtube / ONE#NIGHT#ULTIMATE#WEREWOLF##Retro#3 / Game5,run_1,1,Stochastic,with,Contingency,with,244,248,,0,,contiguous,2,This pattern of shifting narratives is highly suspicious and aligns with a Werewolf attempting to confuse the group.,244-248,NOT_A_CANDIDATE_FORM_OUTSIDE_INVENTORY,,,,,,,True,False,68,72,NON_CONNECTIVE_LIKELY
4845,833,Gemma 4 4B,Youtube / ONE#NIGHT#ULTIMATE#WEREWOLF##Retro#3 / Game5,run_1,1,Stochastic,given,Contingency,Given,444,449,,0,,contiguous,4,"Given the goal of Team Village is to eliminate a Werewolf, Mitchell presents the most probable target.",444-449,NOT_A_CANDIDATE_FORM_OUTSIDE_INVENTORY,,,,,,,True,False,0,5,CLAUSE_INITIAL_PLAUSIBLE
4856,835,Gemma 4 4B,Youtube / ONE#NIGHT#ULTIMATE#WEREWOLF##Retro#3 / Game7,run_1,1,Stochastic,with,Contingency,with,65,69,,0,,contiguous,1,"The public discussion heavily focuses on identifying a Werewolf, with James repeatedly accusing Mitchell of being the Werewolf (Lines 42, 57, 70).",65-69,NOT_A_CANDIDATE_FORM_OUTSIDE_INVENTORY,,,,,,,True,False,65,69,CLAUSE_INITIAL_PLAUSIBLE
4865,836,Gemma 4 4B,Youtube / ONE#NIGHT#ULTIMATE#WEREWOLF##Retro#3 / Game8,run_1,1,Stochastic,given,Contingency,Given,344,349,,0,,contiguous,4,"Given the pressure to eliminate a Werewolf, Mike is the most likely candidate to be acting deceptively to protect his alignment.",344-349,NOT_A_CANDIDATE_FORM_OUTSIDE_INVENTORY,,,,,,,True,False,0,5,CLAUSE_INITIAL_PLAUSIBLE
4868,837,Gemma 4 4B,Youtube / ONE#NIGHT#ULTIMATE#WEREWOLF##Retro#4 / Game10,run_1,1,Stochastic,with,Contingency,with,320,324,,0,,contiguous,3,"His repeated involvement in the role confusion, coupled with his final suggestion to 'vote me' (129, 131), makes him the most suspicious figure.",320-324,NOT_A_CANDIDATE_FORM_OUTSIDE_INVENTORY,,,,,,,True,False,56,60,NON_CONNECTIVE_LIKELY
4886,840,Gemma 4 4B,Youtube / ONE#NIGHT#ULTIMATE#WEREWOLF##Retro#4 / Game4,run_1,1,Stochastic,given,Contingency,Given,468,473,,0,,contiguous,4,"Given the high level of suspicion directed at him, he represents the most probable Werewolf or Minion to eliminate to maximize Team Village's chances.",468-473,NOT_A_CANDIDATE_FORM_OUTSIDE_INVENTORY,,,,,,,True,False,0,5,CLAUSE_INITIAL_PLAUSIBLE
4900,842,Gemma 4 4B,Youtube / ONE#NIGHT#ULTIMATE#WEREWOLF##Retro#4 / Game6,run_1,1,Stochastic,with,Contingency,with,428,432,,0,,contiguous,4,"While other players are also involved in role swaps, Mitchell's willingness to detail their interaction with a Werewolf card makes them the primary target for Team Village.",428-432,NOT_A_CANDIDATE_FORM_OUTSIDE_INVENTORY,,,,,,,True,False,104,108,NON_CONNECTIVE_LIKELY
4912,844,Gemma 4 4B,Youtube / ONE#NIGHT#ULTIMATE#WEREWOLF##Retro#4 / Game9,run_1,1,Stochastic,given,Contingency,Given,299,304,,0,,contiguous,4,"Given the pressure to eliminate a Werewolf, and the convergence of suspicion on Justin in the final moments, he is the most logical target for the vote.",299-304,NOT_A_CANDIDATE_FORM_OUTSIDE_INVENTORY,,,,,,,True,False,0,5,CLAUSE_INITIAL_PLAUSIBLE
4918,845,Gemma 4 4B,Youtube / ONE#NIGHT#ULTIMATE#WEREWOLF##Retro#5 / Game1,run_1,1,Stochastic,with,Contingency,with,192,196,,0,,contiguous,2,"This declaration, coupled with his insistence that 'We're good.",192-196,NOT_A_CANDIDATE_FORM_OUTSIDE_INVENTORY,,,,,,,True,False,26,30,NON_CONNECTIVE_LIKELY
4921,845,Gemma 4 4B,Youtube / ONE#NIGHT#ULTIMATE#WEREWOLF##Retro#5 / Game1,run_1,1,Stochastic,given,Contingency,Given,427,432,,0,,contiguous,5,"Given the need for Team Village to eliminate a Werewolf, Mitchell's high level of involvement in the conflict and his dramatic claims make him the most likely target.",427-432,NOT_A_CANDIDATE_FORM_OUTSIDE_INVENTORY,,,,,,,True,False,0,5,CLAUSE_INITIAL_PLAUSIBLE
4924,846,Gemma 4 4B,Youtube / ONE#NIGHT#ULTIMATE#WEREWOLF##Retro#5 / Game2,run_1,1,Stochastic,with,Contingency,with,34,38,,0,,contiguous,1,"The discussion is highly chaotic, with both Justin and Mitchell aggressively claiming to be Werewolves, which is a common tactic for Team Werewolf.",34-38,NOT_A_CANDIDATE_FORM_OUTSIDE_INVENTORY,,,,,,,True,False,34,38,CLAUSE_INITIAL_PLAUSIBLE
4927,846,Gemma 4 4B,Youtube / ONE#NIGHT#ULTIMATE#WEREWOLF##Retro#5 / Game2,run_1,1,Stochastic,despite,Comparison,despite,198,205,,0,,contiguous,2,"Justin repeatedly asserts that he was a Werewolf, despite earlier claims of being a Robber, and he is the most vocal in pushing this narrative.",198-205,NOT_A_CANDIDATE_FORM_OUTSIDE_INVENTORY,,,,,,,True,False,50,57,CLAUSE_INITIAL_PLAUSIBLE
4958,850,Gemma 4 4B,Youtube / ONE#NIGHT#ULTIMATE#WEREWOLF##Retro#5 / Game6,run_1,1,Stochastic,given,Contingency,Given,407,412,,0,,contiguous,4,"Given the intense suspicion directed at Justin by Mitchell, he represents the most immediate and plausible target for Team Village to eliminate a Werewolf.",407-412,NOT_A_CANDIDATE_FORM_OUTSIDE_INVENTORY,,,,,,,True,False,0,5,CLAUSE_INITIAL_PLAUSIBLE
4968,851,Gemma 4 4B,Youtube / ONE#NIGHT#ULTIMATE#WEREWOLF##Retro#5 / Game7,run_1,1,Stochastic,given,Contingency,Given,353,358,,0,,contiguous,4,"Given the high stakes, eliminating the player who openly admitted to being a Werewolf, regardless of intent, is the most logical move for Team Village to secure a win.",353-358,NOT_A_CANDIDATE_FORM_OUTSIDE_INVENTORY,,,,,,,True,False,0,5,CLAUSE_INITIAL_PLAUSIBLE
4976,852,Gemma 4 4B,Youtube / ONE#NIGHT#ULTIMATE#WEREWOLF##Retro#5 / Game8,run_1,1,Stochastic,with,Contingency,with,362,366,,0,,contiguous,3,"While Mitchell himself is also highly suspicious for his complex narrative, Paul is the player who has been targeted with the most direct accusation of being a Werewolf.",362-366,NOT_A_CANDIDATE_FORM_OUTSIDE_INVENTORY,,,,,,,True,False,117,121,NON_CONNECTIVE_LIKELY
4978,853,Gemma 4 4B,Youtube / ONE#NIGHT#ULTIMATE#WEREWOLF#-#Drinking#Play#Through / Game1,run_1,1,Stochastic,with,Contingency,with,34,38,,0,,contiguous,1,"The discussion is highly chaotic, with many players making conflicting claims about their roles.",34-38,NOT_A_CANDIDATE_FORM_OUTSIDE_INVENTORY,,,,,,,True,False,34,38,UNCLEAR
4983,853,Gemma 4 4B,Youtube / ONE#NIGHT#ULTIMATE#WEREWOLF#-#Drinking#Play#Through / Game1,run_1,1,Stochastic,given,Contingency,Given,383,388,,0,,contiguous,4,"Given the consistent accusations and his self-identification as a Werewolf, Jordan2 is the most logical target for Team Village to eliminate.",383-388,NOT_A_CANDIDATE_FORM_OUTSIDE_INVENTORY,,,,,,,True,False,0,5,CLAUSE_INITIAL_PLAUSIBLE
4990,854,Gemma 4 4B,Youtube / ONE#NIGHT#ULTIMATE#WEREWOLF#-#Drinking#Play#Through / Game2,run_1,1,Stochastic,with,Contingency,with,257,261,,0,,contiguous,3,"Both Sarah and Jordan2 explicitly call for Haak to be voted out, with Jordan2 stating, 'Vote for Haak.",257-261,NOT_A_CANDIDATE_FORM_OUTSIDE_INVENTORY,,,,,,,True,False,65,69,CLAUSE_INITIAL_PLAUSIBLE
4994,854,Gemma 4 4B,Youtube / ONE#NIGHT#ULTIMATE#WEREWOLF#-#Drinking#Play#Through / Game2,run_1,1,Stochastic,with,Contingency,with,478,482,,0,,contiguous,7,"Haak's sudden claim to be the Hunter (117) appears to be a late attempt to control the narrative or deflect suspicion, aligning with typical Werewolf behavior.",478-482,NOT_A_CANDIDATE_FORM_OUTSIDE_INVENTORY,,,,,,,True,False,128,132,NON_CONNECTIVE_LIKELY
5002,855,Gemma 4 4B,Youtube / ONE#NIGHT#ULTIMATE#WEREWOLF#1##July#5th#2016 / Game2,run_1,1,Stochastic,with,Contingency,with,495,499,,0,,contiguous,4,Eliminating Mike aligns with the majority belief that a Werewolf is present and must be removed.,495-499,NOT_A_CANDIDATE_FORM_OUTSIDE_INVENTORY,,,,,,,True,False,24,28,NON_CONNECTIVE_LIKELY
5011,857,Gemma 4 4B,Youtube / ONE#NIGHT#ULTIMATE#WEREWOLF#10##November#6th#2016 / Game1,run_1,1,Stochastic,particularly,Expansion,particularly,54,66,,0,,contiguous,1,"The discussion quickly centered on identifying roles, particularly the Robber and Troublemaker, leading to a strong focus on Mitchell.",54-66,NOT_A_CANDIDATE_FORM_OUTSIDE_INVENTORY,,,,,,,True,False,54,66,NON_CONNECTIVE_LIKELY
5014,857,Gemma 4 4B,Youtube / ONE#NIGHT#ULTIMATE#WEREWOLF#10##November#6th#2016 / Game1,run_1,1,Stochastic,despite,Comparison,Despite,268,275,,0,,contiguous,3,"Despite the possibility of him being the Tanner, the group reached a unanimous conclusion that he was the most likely target to eliminate.",268-275,NOT_A_CANDIDATE_FORM_OUTSIDE_INVENTORY,,,,,,,True,False,0,7,CLAUSE_INITIAL_PLAUSIBLE
5015,857,Gemma 4 4B,Youtube / ONE#NIGHT#ULTIMATE#WEREWOLF#10##November#6th#2016 / Game1,run_1,1,Stochastic,given,Contingency,Given,407,412,,0,,contiguous,4,"Given the collective agreement and the need to eliminate a potential threat, the logical choice based on the transcript is Mitchell.",407-412,NOT_A_CANDIDATE_FORM_OUTSIDE_INVENTORY,,,,,,,True,False,0,5,CLAUSE_INITIAL_PLAUSIBLE
5022,858,Gemma 4 4B,Youtube / ONE#NIGHT#ULTIMATE#WEREWOLF#13##July#29th#2017 / Game1,run_1,1,Stochastic,given,Contingency,Given,419,424,,0,,contiguous,4,"Given the lack of concrete evidence against the other players, Justin represents the highest immediate risk.",419-424,NOT_A_CANDIDATE_FORM_OUTSIDE_INVENTORY,,,,,,,True,False,0,5,CLAUSE_INITIAL_PLAUSIBLE
5030,859,Gemma 4 4B,Youtube / ONE#NIGHT#ULTIMATE#WEREWOLF#13##July#29th#2017 / Game2,run_1,1,Stochastic,given,Contingency,Given,404,409,,0,,contiguous,4,"Given the goal is to eliminate a Werewolf, Mitchell represents the highest risk and the most probable target.",404-409,NOT_A_CANDIDATE_FORM_OUTSIDE_INVENTORY,,,,,,,True,False,0,5,CLAUSE_INITIAL_PLAUSIBLE
5044,862,Gemma 4 4B,Youtube / ONE#NIGHT#ULTIMATE#WEREWOLF#14##August#26th#2017 / Game2,run_1,1,Stochastic,with,Contingency,with,44,48,,0,,contiguous,1,"The discussion is highly chaotic and filled with conflicting claims, making definitive role identification impossible.",44-48,NOT_A_CANDIDATE_FORM_OUTSIDE_INVENTORY,,,,,,,True,False,44,48,NON_CONNECTIVE_LIKELY
5056,863,Gemma 4 4B,Youtube / ONE#NIGHT#ULTIMATE#WEREWOLF#18##September#30th#2017 / Game1,run_1,1,Stochastic,given,Contingency,Given,367,372,,0,,contiguous,5,"Given the goal is to eliminate a Werewolf, Paul is the strongest candidate.",367-372,NOT_A_CANDIDATE_FORM_OUTSIDE_INVENTORY,,,,,,,True,False,0,5,CLAUSE_INITIAL_PLAUSIBLE
5063,864,Gemma 4 4B,Youtube / One#Night#Ultimate#Werewolf#2#The#Drunk / Game1,run_1,1,Stochastic,upon,Temporal,upon,449,453,,0,,contiguous,3,"Although there were strong accusations against Dylan and Dan earlier in the game, the immediate and highest concentration of suspicion in the final moments rests upon Audrey.",449-453,NOT_A_CANDIDATE_FORM_OUTSIDE_INVENTORY,,,,,,,True,False,162,166,NON_CONNECTIVE_LIKELY
5064,864,Gemma 4 4B,Youtube / One#Night#Ultimate#Werewolf#2#The#Drunk / Game1,run_1,1,Stochastic,with,Contingency,with,544,548,,0,,contiguous,4,"To maximize the chance of Team Village winning, the vote should target the player with the most accumulated suspicion.",544-548,NOT_A_CANDIDATE_FORM_OUTSIDE_INVENTORY,,,,,,,True,False,82,86,NON_CONNECTIVE_LIKELY
5065,865,Gemma 4 4B,Youtube / ONE#NIGHT#ULTIMATE#WEREWOLF#26##January#20th#2018 / Game2,run_1,1,Stochastic,with,Contingency,with,47,51,,0,,contiguous,1,"Meghan is the most heavily scrutinized player, with multiple conflicting claims about her role throughout the discussion.",47-51,NOT_A_CANDIDATE_FORM_OUTSIDE_INVENTORY,,,,,,,True,False,47,51,UNCLEAR
5071,865,Gemma 4 4B,Youtube / ONE#NIGHT#ULTIMATE#WEREWOLF#26##January#20th#2018 / Game2,run_1,1,Stochastic,given,Contingency,Given,369,374,,0,,contiguous,4,"Given the high degree of suspicion and the fact that she has claimed to be a Werewolf, she represents the highest probability target for Team Village to eliminate.",369-374,NOT_A_CANDIDATE_FORM_OUTSIDE_INVENTORY,,,,,,,True,False,0,5,CLAUSE_INITIAL_PLAUSIBLE
5081,867,Gemma 4 4B,Youtube / ONE#NIGHT#ULTIMATE#WEREWOLF#28##February#17th#2018 / Game1,run_1,1,Stochastic,given that,Contingency,Given that,143,153,,0,,contiguous,3,"Given that Team Village wins by eliminating a Werewolf, this confession provides the most definitive evidence available.",143-153,NOT_A_CANDIDATE_FORM_OUTSIDE_INVENTORY,,,,,,,True,False,0,10,CLAUSE_INITIAL_PLAUSIBLE
5089,868,Gemma 4 4B,Youtube / ONE#NIGHT#ULTIMATE#WEREWOLF#28##February#17th#2018 / Game2,run_1,1,Stochastic,with,Contingency,with,363,367,,0,,contiguous,3,Eliminating Mike aligns with Team Village's objective of successfully removing a Werewolf from the game.,363-367,NOT_A_CANDIDATE_FORM_OUTSIDE_INVENTORY,,,,,,,True,False,24,28,NON_CONNECTIVE_LIKELY
5113,872,Gemma 4 4B,Youtube / ONE#NIGHT#ULTIMATE#WEREWOLF#30##February#17th#2018 / Game4,run_1,1,Stochastic,given,Contingency,Given,371,376,,0,,contiguous,4,"Given the strong convergence of suspicion on Alysha by multiple players, she represents the most likely target for Team Village to eliminate a Werewolf.",371-376,NOT_A_CANDIDATE_FORM_OUTSIDE_INVENTORY,,,,,,,True,False,0,5,CLAUSE_INITIAL_PLAUSIBLE
5115,873,Gemma 4 4B,Youtube / ONE#NIGHT#ULTIMATE#WEREWOLF#34##March#24th#2018 / Game2,run_1,1,Stochastic,with,Contingency,with,80,84,,0,,contiguous,1,"The discussion transcript features several strong accusations against Mitchell, with Carly (73, 86) and Mike (113) directly identifying him as a Werewolf.",80-84,NOT_A_CANDIDATE_FORM_OUTSIDE_INVENTORY,,,,,,,True,False,80,84,CLAUSE_INITIAL_PLAUSIBLE
5121,873,Gemma 4 4B,Youtube / ONE#NIGHT#ULTIMATE#WEREWOLF#34##March#24th#2018 / Game2,run_1,1,Stochastic,with,Contingency,with,483,487,,0,,contiguous,4,Eliminating him aligns with the strongest evidence presented in the public discussion.,483-487,NOT_A_CANDIDATE_FORM_OUTSIDE_INVENTORY,,,,,,,True,False,23,27,NON_CONNECTIVE_LIKELY
5127,874,Gemma 4 4B,Youtube / ONE#NIGHT#ULTIMATE#WEREWOLF#34##March#24th#2018 / Game3,run_1,1,Stochastic,given,Contingency,Given,386,391,,0,,contiguous,4,"Given the high level of suspicion directed at him and his involvement in the confusing role dynamics, he represents a credible target for elimination to secure a Village victory.",386-391,NOT_A_CANDIDATE_FORM_OUTSIDE_INVENTORY,,,,,,,True,False,0,5,CLAUSE_INITIAL_PLAUSIBLE
5134,875,Gemma 4 4B,Youtube / One#Night#Ultimate#Werewolf#361#Classic#Werewolf / Game1,run_1,1,Stochastic,with,Contingency,with,366,370,,0,,contiguous,4,"While the game is filled with role confusion, Dylan's pattern of self-incrimination and deflection makes him the most probable target for Team Village to secure a win.",366-370,NOT_A_CANDIDATE_FORM_OUTSIDE_INVENTORY,,,,,,,True,False,25,29,NON_CONNECTIVE_LIKELY
5147,877,Gemma 4 4B,Youtube / One#Night#Ultimate#Werewolf#363#Even#More#Classic#Werewolf / Game1,run_1,1,Stochastic,given,Contingency,Given,457,462,,0,,contiguous,4,"Given the high probability of a Werewolf being present, Pete presents the strongest case for elimination.",457-462,NOT_A_CANDIDATE_FORM_OUTSIDE_INVENTORY,,,,,,,True,False,0,5,CLAUSE_INITIAL_PLAUSIBLE
5164,879,Gemma 4 4B,Youtube / ONE#NIGHT#ULTIMATE#WEREWOLF#38##April#21st#2018 / Game3,run_1,1,Stochastic,given,Contingency,Given,311,316,,0,,contiguous,4,"Given the immediate goal of eliminating a threat, voting for Mike is the most direct path to securing a victory for Team Village.",311-316,NOT_A_CANDIDATE_FORM_OUTSIDE_INVENTORY,,,,,,,True,False,0,5,CLAUSE_INITIAL_PLAUSIBLE
5177,881,Gemma 4 4B,Youtube / One#Night#Ultimate#Werewolf#381#The#Hunt#Is#On / Game1,run_1,1,Stochastic,given,Contingency,Given,332,337,,0,,contiguous,3,"Given the high degree of role swapping and deception in the transcript, Brett's aggressive assertion of this specific, yet doubted, information makes him a prime candidate for a Werewolf attempting to deflect suspicion.",332-337,NOT_A_CANDIDATE_FORM_OUTSIDE_INVENTORY,,,,,,,True,False,0,5,CLAUSE_INITIAL_PLAUSIBLE
5214,886,Gemma 4 4B,Youtube / ONE#NIGHT#ULTIMATE#WEREWOLF#4##July#14th#2016 / Game3,run_1,1,Stochastic,given,Contingency,Given,343,348,,0,,contiguous,4,"Given the consensus among the accusers and the Seer's testimony, eliminating Paul is the most strategic move to maximize the chance of Team Village winning.",343-348,NOT_A_CANDIDATE_FORM_OUTSIDE_INVENTORY,,,,,,,True,False,0,5,CLAUSE_INITIAL_PLAUSIBLE
5229,888,Gemma 4 4B,Youtube / ONE#NIGHT#ULTIMATE#WEREWOLF#43##October#13th#2018 / Game3,run_1,1,Stochastic,with,Contingency,with,178,182,,0,,contiguous,1,"Mitchell exhibits highly erratic and complex behavior throughout the discussion, constantly making detailed yet often contradictory claims about role swaps and who he interacted with.",178-182,NOT_A_CANDIDATE_FORM_OUTSIDE_INVENTORY,,,,,,,True,False,178,182,NON_CONNECTIVE_LIKELY
5239,890,Gemma 4 4B,Youtube / ONE#NIGHT#ULTIMATE#WEREWOLF#44##October#13th#2018 / Game1,run_1,1,Stochastic,with,Contingency,with,34,38,,0,,contiguous,1,"The discussion is highly chaotic, with multiple players claiming complex role swaps and conflicting information.",34-38,NOT_A_CANDIDATE_FORM_OUTSIDE_INVENTORY,,,,,,,True,False,34,38,UNCLEAR
5259,892,Gemma 4 4B,Youtube / ONE#NIGHT#ULTIMATE#WEREWOLF#44##October#13th#2018 / Game3,run_1,1,Stochastic,with,Contingency,with,324,328,,0,,contiguous,2,"While Justin claims to have seen Werewolves, Paul's actions suggest a high degree of deception, consistent with a Werewolf or a Troublemaker attempting to sow discord.",324-328,NOT_A_CANDIDATE_FORM_OUTSIDE_INVENTORY,,,,,,,True,False,107,111,NON_CONNECTIVE_LIKELY
5283,896,Gemma 4 4B,Youtube / ONE#NIGHT#ULTIMATE#WEREWOLF#45##October#13th#2018 / Game6,run_1,1,Stochastic,despite,Comparison,despite,227,234,,0,,contiguous,2,"Justin, who appears to be actively seeking out threats, repeatedly pushed the narrative that Mike was a Werewolf, despite Mike claiming to be the Hunter.",227-234,NOT_A_CANDIDATE_FORM_OUTSIDE_INVENTORY,,,,,,,True,False,114,121,UNCLEAR
5296,898,Gemma 4 4B,Youtube / One#Night#Ultimate#Werewolf#492#More#Classic#Werewolf / Game1,run_1,1,Stochastic,with,Contingency,with,186,190,,0,,contiguous,2,"This strong conviction, combined with his earlier admission of being a Werewolf (24), makes him a prime suspect for deception or being a Werewolf himself.",186-190,NOT_A_CANDIDATE_FORM_OUTSIDE_INVENTORY,,,,,,,True,False,33,37,NON_CONNECTIVE_LIKELY
5302,899,Gemma 4 4B,Youtube / One#Night#Ultimate#Werewolf#493#Even#More#Classic#Werewolf / Game1,run_1,1,Stochastic,with,Contingency,with,35,39,,0,,contiguous,1,"The discussion is highly volatile, with multiple players claiming different roles due to card swaps.",35-39,NOT_A_CANDIDATE_FORM_OUTSIDE_INVENTORY,,,,,,,True,False,35,39,UNCLEAR
5305,899,Gemma 4 4B,Youtube / One#Night#Ultimate#Werewolf#493#Even#More#Classic#Werewolf / Game1,run_1,1,Stochastic,despite,Comparison,Despite,246,253,,0,,contiguous,3,"Despite her claims of being the Seer or Tanner, the intensity of the accusations against her suggests she is the primary target for Team Village.",246-253,NOT_A_CANDIDATE_FORM_OUTSIDE_INVENTORY,,,,,,,True,False,0,7,CLAUSE_INITIAL_PLAUSIBLE
5312,900,Gemma 4 4B,Youtube / ONE#NIGHT#ULTIMATE#WEREWOLF#5##October#29th#2016 / Game1,run_1,1,Stochastic,despite,Comparison,Despite,279,286,,0,,contiguous,4,"Despite these claims, he frequently withheld specific information about his findings (Line 62), which is often a tactic used by Werewolves to maintain cover.",279-286,NOT_A_CANDIDATE_FORM_OUTSIDE_INVENTORY,,,,,,,True,False,0,7,CLAUSE_INITIAL_PLAUSIBLE
5313,900,Gemma 4 4B,Youtube / ONE#NIGHT#ULTIMATE#WEREWOLF#5##October#29th#2016 / Game1,run_1,1,Stochastic,particularly,Expansion,particularly,476,488,,0,,contiguous,5,"The final consensus among the players, particularly Mitchell and Caitlynn, strongly targets Mike, indicating he is the most likely suspect for elimination.",476-488,NOT_A_CANDIDATE_FORM_OUTSIDE_INVENTORY,,,,,,,True,False,39,51,NON_CONNECTIVE_LIKELY
5316,901,Gemma 4 4B,Youtube / One#Night#Ultimate#Werewolf#531#Classic#ONUW / Game1,run_1,1,Stochastic,despite,Comparison,Despite,45,52,,0,,contiguous,2,"Despite the chaotic nature of the discussion, Brett is the only player who explicitly admitted to being a Werewolf during the conversation (transcript line 92).",45-52,NOT_A_CANDIDATE_FORM_OUTSIDE_INVENTORY,,,,,,,True,False,0,7,CLAUSE_INITIAL_PLAUSIBLE
5324,902,Gemma 4 4B,Youtube / One#Night#Ultimate#Werewolf#532#More#Classic#ONUW / Game1,run_1,1,Stochastic,given,Contingency,Given,436,441,,0,,contiguous,4,"Given the immediate need to eliminate a Werewolf to secure the Village victory, targeting the player who admitted to being a wolf is the most strategically sound choice.",436-441,NOT_A_CANDIDATE_FORM_OUTSIDE_INVENTORY,,,,,,,True,False,0,5,CLAUSE_INITIAL_PLAUSIBLE
5325,903,Gemma 4 4B,Youtube / One#Night#Ultimate#Werewolf#533#Even#More#Classic#ONUW / Game1,run_1,1,Stochastic,particularly,Expansion,particularly,53,65,,0,,contiguous,1,"The discussion heavily focuses suspicion on DeAndre, particularly after he claimed to be the Drunk.",53-65,NOT_A_CANDIDATE_FORM_OUTSIDE_INVENTORY,,,,,,,True,False,53,65,NON_CONNECTIVE_LIKELY
5329,903,Gemma 4 4B,Youtube / One#Night#Ultimate#Werewolf#533#Even#More#Classic#ONUW / Game1,run_1,1,Stochastic,despite,Comparison,Despite,253,260,,0,,contiguous,3,"Despite the complexity of the role swaps, the group's collective logic points towards DeAndre as the most likely Werewolf candidate.",253-260,NOT_A_CANDIDATE_FORM_OUTSIDE_INVENTORY,,,,,,,True,False,0,7,CLAUSE_INITIAL_PLAUSIBLE
5332,904,Gemma 4 4B,Youtube / ONE#NIGHT#ULTIMATE#WEREWOLF#55##January#26th#2019 / Game3,run_1,1,Stochastic,particularly,Expansion,particularly,61,73,,0,,contiguous,1,"The discussion quickly established high levels of suspicion, particularly directed at Justin.",61-73,NOT_A_CANDIDATE_FORM_OUTSIDE_INVENTORY,,,,,,,True,False,61,73,NON_CONNECTIVE_LIKELY
5335,904,Gemma 4 4B,Youtube / ONE#NIGHT#ULTIMATE#WEREWOLF#55##January#26th#2019 / Game3,run_1,1,Stochastic,despite,Comparison,Despite,250,257,,0,,contiguous,3,"Despite Justin's attempts to deflect suspicion, the group consensus solidified around him.",250-257,NOT_A_CANDIDATE_FORM_OUTSIDE_INVENTORY,,,,,,,True,False,0,7,CLAUSE_INITIAL_PLAUSIBLE
5336,904,Gemma 4 4B,Youtube / ONE#NIGHT#ULTIMATE#WEREWOLF#55##January#26th#2019 / Game3,run_1,1,Stochastic,with,Contingency,with,389,393,,0,,contiguous,4,"The final votes overwhelmingly targeted Justin, with Mike, Caitlynn, Mitchell, and Justin himself all voting for him, making him the most logical choice for Team Village to eliminate.",389-393,NOT_A_CANDIDATE_FORM_OUTSIDE_INVENTORY,,,,,,,True,False,48,52,CLAUSE_INITIAL_PLAUSIBLE
5340,905,Gemma 4 4B,Youtube / ONE#NIGHT#ULTIMATE#WEREWOLF#6##November#6th#2016 / Game1,run_1,1,Stochastic,despite,Comparison,Despite,115,122,,0,,contiguous,2,"Despite the complexity of role swaps, the majority of players (Mitchell, Mike, and Alana) ultimately converged on the conclusion that Caitlynn is the Werewolf and must be eliminated.",115-122,NOT_A_CANDIDATE_FORM_OUTSIDE_INVENTORY,,,,,,,True,False,0,7,CLAUSE_INITIAL_PLAUSIBLE
5363,907,Gemma 4 4B,Youtube / ONE#NIGHT#ULTIMATE#WEREWOLF#62##March#23rd#2019 / Game1,run_1,1,Stochastic,given,Contingency,Given,366,371,,0,,contiguous,4,"Given the need to eliminate a Werewolf, Justin's pattern of deception and role confusion makes him the most probable target for elimination.",366-371,NOT_A_CANDIDATE_FORM_OUTSIDE_INVENTORY,,,,,,,True,False,0,5,CLAUSE_INITIAL_PLAUSIBLE
5371,908,Gemma 4 4B,Youtube / ONE#NIGHT#ULTIMATE#WEREWOLF#62##March#23rd#2019 / Game2,run_1,1,Stochastic,given,Contingency,Given,399,404,,0,,contiguous,4,"Given the complexity of the role swaps, Justin's constant assertions of power and role manipulation make him the primary suspect for being a Werewolf.",399-404,NOT_A_CANDIDATE_FORM_OUTSIDE_INVENTORY,,,,,,,True,False,0,5,CLAUSE_INITIAL_PLAUSIBLE
5377,909,Gemma 4 4B,Youtube / ONE#NIGHT#ULTIMATE#WEREWOLF#63##March#23rd#2019 / Game1,run_1,1,Stochastic,with,Contingency,with,356,360,,0,,contiguous,3,"His involvement in complex role swaps and his aggressive attempts to control the narrative, including suggesting a coordinated vote with Paul, strongly indicate an attempt to mislead the group.",356-360,NOT_A_CANDIDATE_FORM_OUTSIDE_INVENTORY,,,,,,,True,False,132,136,NON_CONNECTIVE_LIKELY
5378,909,Gemma 4 4B,Youtube / ONE#NIGHT#ULTIMATE#WEREWOLF#63##March#23rd#2019 / Game1,run_1,1,Stochastic,given that,Contingency,Given that,418,428,,0,,contiguous,4,"Given that Team Village wins by eliminating a Werewolf, Justin presents the clearest target for elimination.",418-428,NOT_A_CANDIDATE_FORM_OUTSIDE_INVENTORY,,,,,,,True,False,0,10,CLAUSE_INITIAL_PLAUSIBLE
5385,910,Gemma 4 4B,Youtube / ONE#NIGHT#ULTIMATE#WEREWOLF#64##March#23rd#2019 / Game3,run_1,1,Stochastic,given,Contingency,Given,481,486,,0,,contiguous,4,"Given the high tension and James's aggressive claims, he is the most logical choice for the vote.",481-486,NOT_A_CANDIDATE_FORM_OUTSIDE_INVENTORY,,,,,,,True,False,0,5,CLAUSE_INITIAL_PLAUSIBLE
5393,911,Gemma 4 4B,Youtube / ONE#NIGHT#ULTIMATE#WEREWOLF#64##March#23rd#2019 / Game4,run_1,1,Stochastic,eventually,Temporal,eventually,189,199,,0,,contiguous,2,"James and Mitchell specifically accuse Paul of being a Werewolf, and Justin eventually agrees with the push to vote him out.",189-199,NOT_A_CANDIDATE_FORM_OUTSIDE_INVENTORY,,,,,,,True,False,76,86,NON_CONNECTIVE_LIKELY
5394,911,Gemma 4 4B,Youtube / ONE#NIGHT#ULTIMATE#WEREWOLF#64##March#23rd#2019 / Game4,run_1,1,Stochastic,with,Contingency,with,207,211,,0,,contiguous,2,"James and Mitchell specifically accuse Paul of being a Werewolf, and Justin eventually agrees with the push to vote him out.",207-211,NOT_A_CANDIDATE_FORM_OUTSIDE_INVENTORY,,,,,,,True,False,94,98,NON_CONNECTIVE_LIKELY
5400,912,Gemma 4 4B,Youtube / ONE#NIGHT#ULTIMATE#WEREWOLF#64##March#23rd#2019 / Game5,run_1,1,Stochastic,with,Contingency,with,37,41,,0,,contiguous,1,"The discussion is highly convoluted, with multiple players claiming various roles (Seer, Tanner, Werewolf) and accusing others of deception or role manipulation.",37-41,NOT_A_CANDIDATE_FORM_OUTSIDE_INVENTORY,,,,,,,True,False,37,41,CLAUSE_INITIAL_PLAUSIBLE
5420,914,Gemma 4 4B,Youtube / ONE#NIGHT#ULTIMATE#WEREWOLF#7##November#6th#2016 / Game2,run_1,1,Stochastic,with,Contingency,with,249,253,,0,,contiguous,2,"Mitchell repeatedly asserts that Caitlynn is the werewolf, citing her suspicious actions during the night phase, such as taking a role and interacting with Mike.",249-253,NOT_A_CANDIDATE_FORM_OUTSIDE_INVENTORY,,,,,,,True,False,151,155,NON_CONNECTIVE_LIKELY
5424,915,Gemma 4 4B,Youtube / ONE#NIGHT#ULTIMATE#WEREWOLF#7##November#6th#2016 / Game3,run_1,1,Stochastic,with,Contingency,with,34,38,,0,,contiguous,1,"The discussion is highly chaotic, with multiple players making conflicting claims about their roles (Tanner, Werewolf, Robber, etc.).",34-38,NOT_A_CANDIDATE_FORM_OUTSIDE_INVENTORY,,,,,,,True,False,34,38,CLAUSE_INITIAL_PLAUSIBLE
5430,915,Gemma 4 4B,Youtube / ONE#NIGHT#ULTIMATE#WEREWOLF#7##November#6th#2016 / Game3,run_1,1,Stochastic,given,Contingency,Given,482,487,,0,,contiguous,4,"Given the lack of definitive evidence, Mike presents the most suspicious profile based on his intense involvement in the role drama.",482-487,NOT_A_CANDIDATE_FORM_OUTSIDE_INVENTORY,,,,,,,True,False,0,5,CLAUSE_INITIAL_PLAUSIBLE
5441,916,Gemma 4 4B,Youtube / ONE#NIGHT#ULTIMATE#WEREWOLF#7##November#6th#2016 / Game4,run_1,1,Stochastic,with,Contingency,with,484,488,,0,,contiguous,4,"Since Team Village must eliminate a Werewolf, targeting the player with the highest level of suspicion is the most rational choice based on the public discourse.",484-488,NOT_A_CANDIDATE_FORM_OUTSIDE_INVENTORY,,,,,,,True,False,67,71,NON_CONNECTIVE_LIKELY
5444,917,Gemma 4 4B,Youtube / ONE#NIGHT#ULTIMATE#WEREWOLF#8##November#6th#2016 / Game1,run_1,1,Stochastic,despite,Comparison,Despite,235,242,,0,,contiguous,3,"Despite these complex claims, Mitchell ultimately confessed to being the Werewolf in the final moments of the discussion.",235-242,NOT_A_CANDIDATE_FORM_OUTSIDE_INVENTORY,,,,,,,True,False,0,7,CLAUSE_INITIAL_PLAUSIBLE
5446,917,Gemma 4 4B,Youtube / ONE#NIGHT#ULTIMATE#WEREWOLF#8##November#6th#2016 / Game1,run_1,1,Stochastic,given,Contingency,Given,357,362,,0,,contiguous,4,"Given the goal of Team Village is to eliminate a Werewolf, Mitchell's explicit confession makes him the primary target for elimination.",357-362,NOT_A_CANDIDATE_FORM_OUTSIDE_INVENTORY,,,,,,,True,False,0,5,CLAUSE_INITIAL_PLAUSIBLE
5469,921,Gemma 4 4B,Youtube / ONE#NIGHT#ULTIMATE#WEREWOLF#86##November#9th#2019 / Game1,run_1,1,Stochastic,despite,Comparison,despite,322,329,,0,,contiguous,3,"When questioned by Justin, Mike initially stated he did not see a werewolf in the center (Line 51), despite being the Seer.",322-329,NOT_A_CANDIDATE_FORM_OUTSIDE_INVENTORY,,,,,,,True,False,100,107,UNCLEAR
5486,923,Gemma 4 4B,Youtube / ONE#NIGHT#ULTIMATE#WEREWOLF#86##November#9th#2019 / Game4,run_1,1,Stochastic,given,Contingency,Given,359,364,,0,,contiguous,4,"Given the need for Team Village to eliminate a Werewolf, following the most persistent public accusation provides the highest probability of achieving the victory condition.",359-364,NOT_A_CANDIDATE_FORM_OUTSIDE_INVENTORY,,,,,,,True,False,0,5,CLAUSE_INITIAL_PLAUSIBLE
5492,924,Gemma 4 4B,Youtube / ONE#NIGHT#ULTIMATE#WEREWOLF#87##November#9th#2019 / Game1,run_1,1,Stochastic,given,Contingency,Given,274,279,,0,,contiguous,3,"Given the urgency of the voting phase, targeting the player who openly identifies or strongly implies a Werewolf connection is the most logical move for Team Village.",274-279,NOT_A_CANDIDATE_FORM_OUTSIDE_INVENTORY,,,,,,,True,False,0,5,CLAUSE_INITIAL_PLAUSIBLE
5495,925,Gemma 4 4B,Youtube / ONE#NIGHT#ULTIMATE#WEREWOLF#87##November#9th#2019 / Game2,run_1,1,Stochastic,despite,Comparison,despite,175,182,,0,,contiguous,2,"He repeatedly denies performing a swap, despite admitting he picked up Paul's card, suggesting he is either a Troublemaker or a Werewolf attempting to deflect suspicion.",175-182,NOT_A_CANDIDATE_FORM_OUTSIDE_INVENTORY,,,,,,,True,False,40,47,CLAUSE_INITIAL_PLAUSIBLE
5498,925,Gemma 4 4B,Youtube / ONE#NIGHT#ULTIMATE#WEREWOLF#87##November#9th#2019 / Game2,run_1,1,Stochastic,given,Contingency,Given,388,393,,0,,contiguous,4,"Given the intense focus on his evasiveness and his role in the confusion, he represents the highest risk to Team Village.",388-393,NOT_A_CANDIDATE_FORM_OUTSIDE_INVENTORY,,,,,,,True,False,0,5,CLAUSE_INITIAL_PLAUSIBLE
5512,928,Gemma 4 4B,Youtube / ONE#NIGHT#ULTIMATE#WEREWOLF#9##November#6th#2016 / Game1,run_1,1,Stochastic,with,Contingency,with,325,329,,0,,contiguous,3,"Caitlynn, who is skeptical of his claims, suggests eliminating him, which aligns with the Village strategy of targeting the most confident and potentially deceptive player.",325-329,NOT_A_CANDIDATE_FORM_OUTSIDE_INVENTORY,,,,,,,True,False,81,85,NON_CONNECTIVE_LIKELY
5523,930,Gemma 4 4B,Youtube / ONE#NIGHT#ULTIMATE#WEREWOLF#9##November#6th#2016 / Game3,run_1,1,Stochastic,with,Contingency,with,99,103,,0,,contiguous,1,"Mike is the primary target of suspicion throughout the discussion, exhibiting behavior that aligns with a strategic Werewolf or Tanner attempting to manipulate the vote.",99-103,NOT_A_CANDIDATE_FORM_OUTSIDE_INVENTORY,,,,,,,True,False,99,103,NON_CONNECTIVE_LIKELY
5551,933,Gemma 4 4B,Youtube / Retrovision##ONE#NIGHT#ULTIMATE#WEREWOLF##Retro#7 / Game1,run_1,1,Stochastic,given,Contingency,Given,406,411,,0,,contiguous,4,"Given the pressure to eliminate a threat, Justin's central role in driving the suspicion makes him the most likely candidate to be a Werewolf trying to control the narrative.",406-411,NOT_A_CANDIDATE_FORM_OUTSIDE_INVENTORY,,,,,,,True,False,0,5,CLAUSE_INITIAL_PLAUSIBLE
5558,934,Gemma 4 4B,Youtube / Retrovision##ONE#NIGHT#ULTIMATE#WEREWOLF##Retro#7 / Game2,run_1,1,Stochastic,despite,Comparison,Despite,344,351,,0,,contiguous,4,"Despite some conflicting information regarding role swaps, the weight of the accusations and Mike's initial self-incrimination makes him the most probable target for elimination to ensure Team Village wins.",344-351,NOT_A_CANDIDATE_FORM_OUTSIDE_INVENTORY,,,,,,,True,False,0,7,CLAUSE_INITIAL_PLAUSIBLE
5565,935,Gemma 4 4B,Youtube / Retrovision##ONE#NIGHT#ULTIMATE#WEREWOLF##Retro#7 / Game3,run_1,1,Stochastic,given,Contingency,Given,374,379,,0,,contiguous,4,"Given the high level of uncertainty regarding roles, targeting the player who is most actively manipulating the narrative and is under direct suspicion is the most logical Village strategy.",374-379,NOT_A_CANDIDATE_FORM_OUTSIDE_INVENTORY,,,,,,,True,False,0,5,CLAUSE_INITIAL_PLAUSIBLE
5585,938,Gemma 4 4B,Youtube / The#Return#of#the#King##ONE#NIGHT#ULTIMATE#WEREWOLF / Game5,run_1,1,Stochastic,given,Contingency,Given,477,482,,0,,contiguous,5,"Given the heavy weight of accusations against him, he is the most probable Werewolf to eliminate for Team Village.",477-482,NOT_A_CANDIDATE_FORM_OUTSIDE_INVENTORY,,,,,,,True,False,0,5,CLAUSE_INITIAL_PLAUSIBLE
5597,940,Gemma 4 4B,Youtube / The#Return#of#the#King##ONE#NIGHT#ULTIMATE#WEREWOLF / Game7,run_1,1,Stochastic,given,Contingency,Given,459,464,,0,,contiguous,5,"Given the high level of role confusion, targeting the player who is actively controlling the narrative and making such a bold claim is the safest path to eliminating a threat.",459-464,NOT_A_CANDIDATE_FORM_OUTSIDE_INVENTORY,,,,,,,True,False,0,5,CLAUSE_INITIAL_PLAUSIBLE
5599,941,Gemma 4 4B,Youtube / Visions#from#2016##ONE#NIGHT#ULTIMATE#WEREWOLF##Retro#11 / Game1,run_1,1,Stochastic,with,Contingency,with,36,40,,0,,contiguous,1,"The discussion is highly polarized, with players aggressively asserting their roles and accusing others of lying.",36-40,NOT_A_CANDIDATE_FORM_OUTSIDE_INVENTORY,,,,,,,True,False,36,40,UNCLEAR
5604,941,Gemma 4 4B,Youtube / Visions#from#2016##ONE#NIGHT#ULTIMATE#WEREWOLF##Retro#11 / Game1,run_1,1,Stochastic,given,Contingency,Given,383,388,,0,,contiguous,4,"Given the direct accusation and Paul's highly manipulative attempts to control the narrative, he presents the strongest profile for a Werewolf attempting to divert suspicion.",383-388,NOT_A_CANDIDATE_FORM_OUTSIDE_INVENTORY,,,,,,,True,False,0,5,CLAUSE_INITIAL_PLAUSIBLE
5624,945,Gemma 4 4B,Youtube / Visions#from#2016##ONE#NIGHT#ULTIMATE#WEREWOLF##Retro#11 / Game5,run_1,1,Stochastic,with,Contingency,with,34,38,,0,,contiguous,1,"The discussion is highly chaotic, with multiple players making conflicting or self-serving role claims.",34-38,NOT_A_CANDIDATE_FORM_OUTSIDE_INVENTORY,,,,,,,True,False,34,38,UNCLEAR
5634,946,Gemma 4 4B,Youtube / Way#Way#Back##ONE#NIGHT#ULTIMATE#WEREWOLF##Retro#10 / Game1,run_1,1,Stochastic,with,Contingency,with,152,156,,0,,contiguous,2,"While the game is filled with role swaps and deception, this direct admission provides strong evidence of his alignment.",152-156,NOT_A_CANDIDATE_FORM_OUTSIDE_INVENTORY,,,,,,,True,False,25,29,NON_CONNECTIVE_LIKELY
5643,947,Gemma 4 4B,Youtube / Way#Way#Back##ONE#NIGHT#ULTIMATE#WEREWOLF##Retro#10 / Game2,run_1,1,Stochastic,given,Contingency,Given,353,358,,0,,contiguous,4,"Given the high stakes for Team Village, eliminating the player who is most consistently identified as a threat is the safest strategic choice.",353-358,NOT_A_CANDIDATE_FORM_OUTSIDE_INVENTORY,,,,,,,True,False,0,5,CLAUSE_INITIAL_PLAUSIBLE
5648,948,Gemma 4 4B,Youtube / Way#Way#Back##ONE#NIGHT#ULTIMATE#WEREWOLF##Retro#10 / Game3,run_1,1,Stochastic,despite,Comparison,Despite,228,235,,0,,contiguous,3,"Despite Laura denying the accusation, this sustained focus by the accusers suggests a strong belief that she is the threat.",228-235,NOT_A_CANDIDATE_FORM_OUTSIDE_INVENTORY,,,,,,,True,False,0,7,CLAUSE_INITIAL_PLAUSIBLE
5656,949,Gemma 4 4B,Youtube / Way#Way#Back##ONE#NIGHT#ULTIMATE#WEREWOLF##Retro#10 / Game4,run_1,1,Stochastic,given,Contingency,Given,397,402,,0,,contiguous,4,"Given the pressure to eliminate a Werewolf, Paul represents the strongest, albeit circumstantial, target based on the public discussion.",397-402,NOT_A_CANDIDATE_FORM_OUTSIDE_INVENTORY,,,,,,,True,False,0,5,CLAUSE_INITIAL_PLAUSIBLE
5671,951,Gemma 4 4B,Youtube / Ye#Olde#Times##ONE#NIGHT#ULTIMATE#WEREWOLF##Retro#8 / Game1,run_1,1,Stochastic,with,Contingency,with,465,469,,0,,contiguous,4,Voting him out aligns with Team Village's goal of eliminating a Werewolf if one is present.,465-469,NOT_A_CANDIDATE_FORM_OUTSIDE_INVENTORY,,,,,,,True,False,22,26,NON_CONNECTIVE_LIKELY
5695,955,Gemma 4 4B,Ego4D / 0a6ef9dc-a2dc-452b-a907-d6fa2ed4cae0 / Game1,run_2,2,Stochastic,given,Contingency,Given,296,301,,0,,contiguous,3,"Given the high probability that Erin retains her Werewolf alignment, she represents the clearest target for Team Village to eliminate.",296-301,NOT_A_CANDIDATE_FORM_OUTSIDE_INVENTORY,,,,,,,True,False,0,5,CLAUSE_INITIAL_PLAUSIBLE
5704,957,Gemma 4 4B,Ego4D / 0c2659db-7bd4-4b37-9b08-4e247befe382 / Game4,run_2,2,Stochastic,particularly,Expansion,particularly,65,77,,0,,contiguous,1,"The discussion shows intense suspicion directed towards Sukeshi, particularly from James and Chris, who repeatedly accuse her of being a Werewolf (135, 163, 188).",65-77,NOT_A_CANDIDATE_FORM_OUTSIDE_INVENTORY,,,,,,,True,False,65,77,NON_CONNECTIVE_LIKELY
5709,957,Gemma 4 4B,Ego4D / 0c2659db-7bd4-4b37-9b08-4e247befe382 / Game4,run_2,2,Stochastic,with,Contingency,with,287,291,,0,,contiguous,2,"While the game involves complex role swaps (like Elliot being the Robber and potentially becoming a Werewolf after swapping with Ashley), Sukeshi's quiet demeanor and the consistent accusations against her make her the most probable target for elimination.",287-291,NOT_A_CANDIDATE_FORM_OUTSIDE_INVENTORY,,,,,,,True,False,124,128,NON_CONNECTIVE_LIKELY
5723,959,Gemma 4 4B,Ego4D / 0c2659db-7bd4-4b37-9b08-4e247befe382 / Game6,run_2,2,Stochastic,despite,Comparison,Despite,310,317,,0,,contiguous,3,"Despite the chaos of role swaps, the consensus among several players points toward Elliot as the primary source of suspicion.",310-317,NOT_A_CANDIDATE_FORM_OUTSIDE_INVENTORY,,,,,,,True,False,0,7,CLAUSE_INITIAL_PLAUSIBLE
5725,959,Gemma 4 4B,Ego4D / 0c2659db-7bd4-4b37-9b08-4e247befe382 / Game6,run_2,2,Stochastic,with,Contingency,with,462,466,,0,,contiguous,4,Eliminating Elliot aligns with the Village's goal of removing a highly suspicious individual who is actively misleading the group.,462-466,NOT_A_CANDIDATE_FORM_OUTSIDE_INVENTORY,,,,,,,True,False,26,30,NON_CONNECTIVE_LIKELY
5729,960,Gemma 4 4B,Ego4D / 0c2659db-7bd4-4b37-9b08-4e247befe382 / Game7,run_2,2,Stochastic,given,Contingency,Given,337,342,,0,,contiguous,4,"Given the direct admission, Sukeshi is the primary target for elimination to secure a victory for Team Village.",337-342,NOT_A_CANDIDATE_FORM_OUTSIDE_INVENTORY,,,,,,,True,False,0,5,CLAUSE_INITIAL_PLAUSIBLE
5735,961,Gemma 4 4B,Ego4D / 0c2659db-7bd4-4b37-9b08-4e247befe382 / Game8,run_2,2,Stochastic,eventually,Temporal,eventually,192,202,,0,,contiguous,2,"While Sian is highly suspicious and eventually identified as potentially being the Tanner, the transcript offers no definitive evidence pointing to a Werewolf.",192-202,NOT_A_CANDIDATE_FORM_OUTSIDE_INVENTORY,,,,,,,True,False,36,46,CLAUSE_INITIAL_PLAUSIBLE
5740,962,Gemma 4 4B,Ego4D / 0c2659db-7bd4-4b37-9b08-4e247befe382 / Game9,run_2,2,Stochastic,particularly,Expansion,particularly,184,196,,0,,contiguous,2,"She exhibits strong defensive and evasive behavior, particularly when accused of deception or being a Werewolf (e.g., 129, 133).",184-196,NOT_A_CANDIDATE_FORM_OUTSIDE_INVENTORY,,,,,,,True,False,52,64,NON_CONNECTIVE_LIKELY
5746,962,Gemma 4 4B,Ego4D / 0c2659db-7bd4-4b37-9b08-4e247befe382 / Game9,run_2,2,Stochastic,with,Contingency,with,498,502,,0,,contiguous,4,Eliminating her aligns with the goal of Team Village.,498-502,NOT_A_CANDIDATE_FORM_OUTSIDE_INVENTORY,,,,,,,True,False,23,27,NON_CONNECTIVE_LIKELY
5755,964,Gemma 4 4B,Ego4D / 1a0d3e22-a6d6-4723-91a0-52fc2c87d5ce / Game11,run_2,2,Stochastic,given,Contingency,Given,415,420,,0,,contiguous,4,"Given the high degree of role swapping and confusion, Hunter's authoritative claims make him the primary suspect for attempting to manipulate the vote.",415-420,NOT_A_CANDIDATE_FORM_OUTSIDE_INVENTORY,,,,,,,True,False,0,5,CLAUSE_INITIAL_PLAUSIBLE
5761,965,Gemma 4 4B,Ego4D / 1a0d3e22-a6d6-4723-91a0-52fc2c87d5ce / Game6,run_2,2,Stochastic,upon,Temporal,upon,411,415,,0,,contiguous,3,"The discussion surrounding Jacob's Seer claims is too convoluted and unverified to act upon, making Hunter the most logical target for elimination.",411-415,NOT_A_CANDIDATE_FORM_OUTSIDE_INVENTORY,,,,,,,True,False,87,91,NON_CONNECTIVE_LIKELY
5779,968,Gemma 4 4B,Ego4D / 1a0d3e22-a6d6-4723-91a0-52fc2c87d5ce / Game9,run_2,2,Stochastic,with,Contingency,with,220,224,,0,,contiguous,2,"Although the conversation later became highly complex, involving theories about role swaps (with Sean potentially being the Robber), this initial, direct identification remains the strongest piece of evidence for Team Village.",220-224,NOT_A_CANDIDATE_FORM_OUTSIDE_INVENTORY,,,,,,,True,False,92,96,NON_CONNECTIVE_LIKELY
5785,969,Gemma 4 4B,Ego4D / 2ba4023c-a8bf-43ad-ad5a-80ba222ce990 / Game10,run_2,2,Stochastic,particularly,Expansion,particularly,137,149,,0,,contiguous,2,"He constantly attempts to frame others, particularly Erin and Clint, as Werewolves, while simultaneously presenting complex narratives about how deception works.",137-149,NOT_A_CANDIDATE_FORM_OUTSIDE_INVENTORY,,,,,,,True,False,40,52,NON_CONNECTIVE_LIKELY
5805,972,Gemma 4 4B,Ego4D / 2ba4023c-a8bf-43ad-ad5a-80ba222ce990 / Game8,run_2,2,Stochastic,with,Contingency,with,69,73,,0,,contiguous,1,"Erin is the most heavily targeted suspect throughout the discussion, with multiple players expressing strong conviction that she is a Werewolf.",69-73,NOT_A_CANDIDATE_FORM_OUTSIDE_INVENTORY,,,,,,,True,False,69,73,UNCLEAR
5810,972,Gemma 4 4B,Ego4D / 2ba4023c-a8bf-43ad-ad5a-80ba222ce990 / Game8,run_2,2,Stochastic,with,Contingency,with,463,467,,0,,contiguous,4,Eliminating her aligns with the goal of removing a Werewolf.,463-467,NOT_A_CANDIDATE_FORM_OUTSIDE_INVENTORY,,,,,,,True,False,23,27,NON_CONNECTIVE_LIKELY
5818,973,Gemma 4 4B,Ego4D / 2ba4023c-a8bf-43ad-ad5a-80ba222ce990 / Game9,run_2,2,Stochastic,given,Contingency,Given,334,339,,0,,contiguous,4,"Given his constant shifting of identity and his attempts to frame Erin, he is the most likely target to eliminate to secure a Team Village victory.",334-339,NOT_A_CANDIDATE_FORM_OUTSIDE_INVENTORY,,,,,,,True,False,0,5,CLAUSE_INITIAL_PLAUSIBLE
5838,976,Gemma 4 4B,Ego4D / 324bccd2-adff-4e9a-8ff4-03491e144ac3 / Game3,run_2,2,Stochastic,given,Contingency,Given,381,386,,0,,contiguous,3,"Given the high level of role ambiguity, it is impossible to confidently select a player for elimination.",381-386,NOT_A_CANDIDATE_FORM_OUTSIDE_INVENTORY,,,,,,,True,False,0,5,CLAUSE_INITIAL_PLAUSIBLE
5844,977,Gemma 4 4B,Ego4D / 324bccd2-adff-4e9a-8ff4-03491e144ac3 / Game4,run_2,2,Stochastic,given,Contingency,given,412,417,,0,,contiguous,3,"This aggressive attempt to control the narrative and confirm his current status is suspicious, especially given his history of claiming different roles.",412-417,NOT_A_CANDIDATE_FORM_OUTSIDE_INVENTORY,,,,,,,True,False,106,111,NON_CONNECTIVE_LIKELY
5854,978,Gemma 4 4B,Ego4D / 324bccd2-adff-4e9a-8ff4-03491e144ac3 / Game5,run_2,2,Stochastic,given that,Contingency,Given that,274,284,,0,,contiguous,3,"Given that the goal is to eliminate a Werewolf, and Jacob is the only player with a confirmed starting Werewolf role, he represents the highest probability target.",274-284,NOT_A_CANDIDATE_FORM_OUTSIDE_INVENTORY,,,,,,,True,False,0,10,CLAUSE_INITIAL_PLAUSIBLE
5856,978,Gemma 4 4B,Ego4D / 324bccd2-adff-4e9a-8ff4-03491e144ac3 / Game5,run_2,2,Stochastic,with,Contingency,with,351,355,,0,,contiguous,3,"Given that the goal is to eliminate a Werewolf, and Jacob is the only player with a confirmed starting Werewolf role, he represents the highest probability target.",351-355,NOT_A_CANDIDATE_FORM_OUTSIDE_INVENTORY,,,,,,,True,False,77,81,NON_CONNECTIVE_LIKELY
5857,978,Gemma 4 4B,Ego4D / 324bccd2-adff-4e9a-8ff4-03491e144ac3 / Game5,run_2,2,Stochastic,with,Contingency,with,460,464,,0,,contiguous,4,Voting him out aligns with Team Village's objective.,460-464,NOT_A_CANDIDATE_FORM_OUTSIDE_INVENTORY,,,,,,,True,False,22,26,NON_CONNECTIVE_LIKELY
5875,981,Gemma 4 4B,Ego4D / 3ba069be-60fa-47fc-bd7b-f85bf649a5bd / Game3,run_2,2,Stochastic,given,Contingency,Given,274,279,,0,,contiguous,3,"Given the goal is to eliminate a Werewolf, targeting the player identified by the Seer is the most rational course of action based on the transcript.",274-279,NOT_A_CANDIDATE_FORM_OUTSIDE_INVENTORY,,,,,,,True,False,0,5,CLAUSE_INITIAL_PLAUSIBLE
5891,984,Gemma 4 4B,Ego4D / 3ba069be-60fa-47fc-bd7b-f85bf649a5bd / Game6,run_2,2,Stochastic,despite,Comparison,Despite,146,153,,0,,contiguous,2,"Despite the confusion and accusations, no player has ever claimed to be a Werewolf, nor has any player been definitively identified as one.",146-153,NOT_A_CANDIDATE_FORM_OUTSIDE_INVENTORY,,,,,,,True,False,0,7,CLAUSE_INITIAL_PLAUSIBLE
5895,984,Gemma 4 4B,Ego4D / 3ba069be-60fa-47fc-bd7b-f85bf649a5bd / Game6,run_2,2,Stochastic,given,Contingency,Given,286,291,,0,,contiguous,3,"Given the lack of any evidence pointing toward a Werewolf, the most logical conclusion is that the Werewolf cards are currently in the role pool, allowing Team Village to win under the condition that no Werewolf is present among the players.",286-291,NOT_A_CANDIDATE_FORM_OUTSIDE_INVENTORY,,,,,,,True,False,0,5,CLAUSE_INITIAL_PLAUSIBLE
5912,987,Gemma 4 4B,Ego4D / 62c4bc58-3776-4791-ac30-4c9ca5619503 / Game12,run_2,2,Stochastic,without,Contingency,Without,351,358,,0,,contiguous,3,"Without any information linking a player to the Werewolf role, I cannot justify eliminating any specific player.",351-358,NOT_A_CANDIDATE_FORM_OUTSIDE_INVENTORY,,,,,,,True,False,0,7,CLAUSE_INITIAL_PLAUSIBLE
5916,988,Gemma 4 4B,Ego4D / 62c4bc58-3776-4791-ac30-4c9ca5619503 / Game7,run_2,2,Stochastic,given,Contingency,Given,356,361,,0,,contiguous,4,"Given the strong suspicion directed at Kaelan and his own ambiguous statements, he represents the highest risk to Team Village's victory.",356-361,NOT_A_CANDIDATE_FORM_OUTSIDE_INVENTORY,,,,,,,True,False,0,5,CLAUSE_INITIAL_PLAUSIBLE
5936,992,Gemma 4 4B,Ego4D / 698f6bbe-4347-4a06-bd5d-3482f5e4fbbe / Game1,run_2,2,Stochastic,particularly,Expansion,particularly,50,62,,0,,contiguous,1,"The discussion centers around complex role swaps, particularly involving James and Elliot.",50-62,NOT_A_CANDIDATE_FORM_OUTSIDE_INVENTORY,,,,,,,True,False,50,62,NON_CONNECTIVE_LIKELY
5940,992,Gemma 4 4B,Ego4D / 698f6bbe-4347-4a06-bd5d-3482f5e4fbbe / Game1,run_2,2,Stochastic,with,Contingency,with,191,195,,0,,contiguous,2,"James makes a highly suspicious claim that he was a Werewolf, and then asserts that Elliot switched with him, thereby becoming a Werewolf (209, 216).",191-195,NOT_A_CANDIDATE_FORM_OUTSIDE_INVENTORY,,,,,,,True,False,100,104,NON_CONNECTIVE_LIKELY
5943,992,Gemma 4 4B,Ego4D / 698f6bbe-4347-4a06-bd5d-3482f5e4fbbe / Game1,run_2,2,Stochastic,given,Contingency,Given,349,354,,0,,contiguous,4,"Given the high stakes and the direct accusation linking Elliot to the Werewolf role through a claimed swap, Elliot is the most plausible target for Team Village to eliminate.",349-354,NOT_A_CANDIDATE_FORM_OUTSIDE_INVENTORY,,,,,,,True,False,0,5,CLAUSE_INITIAL_PLAUSIBLE
5946,993,Gemma 4 4B,Ego4D / 698f6bbe-4347-4a06-bd5d-3482f5e4fbbe / Game2,run_2,2,Stochastic,with,Contingency,with,63,67,,0,,contiguous,1,"Sukeshi is the most heavily targeted player in the discussion, with multiple players strongly suspecting her of being either the Werewolf or the Tanner.",63-67,NOT_A_CANDIDATE_FORM_OUTSIDE_INVENTORY,,,,,,,True,False,63,67,UNCLEAR
5949,993,Gemma 4 4B,Ego4D / 698f6bbe-4347-4a06-bd5d-3482f5e4fbbe / Game2,run_2,2,Stochastic,given,Contingency,Given,293,298,,0,,contiguous,3,"Given the goal of Team Village, eliminating the player most likely to be a Werewolf is the optimal strategy.",293-298,NOT_A_CANDIDATE_FORM_OUTSIDE_INVENTORY,,,,,,,True,False,0,5,CLAUSE_INITIAL_PLAUSIBLE
5959,995,Gemma 4 4B,Youtube / Flashback##ONE#NIGHT#ULTIMATE#WEREWOLF##Retro#9 / Game1,run_2,2,Stochastic,particularly,Expansion,particularly,71,83,,0,,contiguous,1,"Mitchell is the primary target of suspicion throughout the discussion, particularly from Paul and James.",71-83,NOT_A_CANDIDATE_FORM_OUTSIDE_INVENTORY,,,,,,,True,False,71,83,NON_CONNECTIVE_LIKELY
5964,995,Gemma 4 4B,Youtube / Flashback##ONE#NIGHT#ULTIMATE#WEREWOLF##Retro#9 / Game1,run_2,2,Stochastic,given,Contingency,Given,330,335,,0,,contiguous,4,"Given the high level of accusation and the lack of concrete evidence against other players, Mitchell presents the most probable Werewolf candidate.",330-335,NOT_A_CANDIDATE_FORM_OUTSIDE_INVENTORY,,,,,,,True,False,0,5,CLAUSE_INITIAL_PLAUSIBLE
5968,996,Gemma 4 4B,Youtube / Flashback##ONE#NIGHT#ULTIMATE#WEREWOLF##Retro#9 / Game2,run_2,2,Stochastic,given,Contingency,Given,409,414,,0,,contiguous,4,"Given the high level of deception, targeting the player who openly claimed the role is the most logical move for Team Village.",409-414,NOT_A_CANDIDATE_FORM_OUTSIDE_INVENTORY,,,,,,,True,False,0,5,CLAUSE_INITIAL_PLAUSIBLE
5974,997,Gemma 4 4B,Youtube / Flashback##ONE#NIGHT#ULTIMATE#WEREWOLF##Retro#9 / Game3,run_2,2,Stochastic,with,Contingency,with,410,414,,0,,contiguous,4,Voting him out aligns with Team Village's goal of eliminating a Werewolf.,410-414,NOT_A_CANDIDATE_FORM_OUTSIDE_INVENTORY,,,,,,,True,False,22,26,NON_CONNECTIVE_LIKELY
5979,998,Gemma 4 4B,Youtube / Flashback##ONE#NIGHT#ULTIMATE#WEREWOLF##Retro#9 / Game4,run_2,2,Stochastic,given,Contingency,Given,325,330,,0,,contiguous,3,"Given the high level of role confusion and conflicting claims, focusing on the player identified by a key investigator (Paul) provides the strongest basis for a targeted vote.",325-330,NOT_A_CANDIDATE_FORM_OUTSIDE_INVENTORY,,,,,,,True,False,0,5,CLAUSE_INITIAL_PLAUSIBLE
5994,1000,Gemma 4 4B,Youtube / One#Night#Ultimate#Love#Letter##ONE#NIGHT#ULTIMATE#WEREWOLF / Game2,run_2,2,Stochastic,with,Contingency,with,451,455,,0,,contiguous,4,"While Paul also made claims about being a Werewolf, Mitchell's role was the focus of the final accusations and the majority of the players agreed to vote for him, aligning with Team Village's objective.",451-455,NOT_A_CANDIDATE_FORM_OUTSIDE_INVENTORY,,,,,,,True,False,172,176,NON_CONNECTIVE_LIKELY
6007,1002,Gemma 4 4B,Youtube / One#Night#Ultimate#Love#Letter##ONE#NIGHT#ULTIMATE#WEREWOLF / Game7,run_2,2,Stochastic,given,Contingency,Given,423,428,,0,,contiguous,4,"Given the high level of confusion and conflicting narratives, Justin is the prime suspect that Team Village should eliminate to maximize the chance of victory.",423-428,NOT_A_CANDIDATE_FORM_OUTSIDE_INVENTORY,,,,,,,True,False,0,5,CLAUSE_INITIAL_PLAUSIBLE
6019,1004,Gemma 4 4B,Youtube / ONE#NIGHT#ULTIMATE#WEREWOLF##Retro#1 / Game10,run_2,2,Stochastic,eventually,Temporal,eventually,203,213,,0,,contiguous,2,"Both Alvin and Mitchell strongly accuse him of being the Werewolf, and Justin himself eventually admits to being the Werewolf in line 399.",203-213,NOT_A_CANDIDATE_FORM_OUTSIDE_INVENTORY,,,,,,,True,False,86,96,NON_CONNECTIVE_LIKELY
6026,1005,Gemma 4 4B,Youtube / ONE#NIGHT#ULTIMATE#WEREWOLF##Retro#1 / Game2,run_2,2,Stochastic,given,Contingency,Given,303,308,,0,,contiguous,4,"Given the immediate need to eliminate a threat, focusing on the player who claimed the Werewolf role and was actively accused by another player is the most logical Village strategy.",303-308,NOT_A_CANDIDATE_FORM_OUTSIDE_INVENTORY,,,,,,,True,False,0,5,CLAUSE_INITIAL_PLAUSIBLE
6036,1006,Gemma 4 4B,Youtube / ONE#NIGHT#ULTIMATE#WEREWOLF##Retro#1 / Game3,run_2,2,Stochastic,with,Contingency,with,390,394,,0,,contiguous,3,"A Werewolf often attempts to control the narrative and deflect suspicion, which aligns with Alvin's behavior of making a strong accusation and then attempting to defend the accused.",390-394,NOT_A_CANDIDATE_FORM_OUTSIDE_INVENTORY,,,,,,,True,False,87,91,NON_CONNECTIVE_LIKELY
6055,1009,Gemma 4 4B,Youtube / ONE#NIGHT#ULTIMATE#WEREWOLF##Retro#1 / Game6,run_2,2,Stochastic,despite,Comparison,despite,326,333,,0,,contiguous,3,"Both Alvin and James repeatedly assert that Justin is the most likely Werewolf, despite Justin's attempts to manage the narrative.",326-333,NOT_A_CANDIDATE_FORM_OUTSIDE_INVENTORY,,,,,,,True,False,80,87,UNCLEAR
6056,1009,Gemma 4 4B,Youtube / ONE#NIGHT#ULTIMATE#WEREWOLF##Retro#1 / Game6,run_2,2,Stochastic,given,Contingency,Given,377,382,,0,,contiguous,4,"Given the strong consensus and the complexity of Justin's role, he represents the highest risk to Team Village's victory.",377-382,NOT_A_CANDIDATE_FORM_OUTSIDE_INVENTORY,,,,,,,True,False,0,5,CLAUSE_INITIAL_PLAUSIBLE
6060,1010,Gemma 4 4B,Youtube / ONE#NIGHT#ULTIMATE#WEREWOLF##Retro#1 / Game7,run_2,2,Stochastic,given that,Contingency,Given that,246,256,,0,,contiguous,3,"Given that Team Village wins by eliminating a Werewolf, and James has been identified and admitted to being a Werewolf, voting for him is the most direct path to victory.",246-256,NOT_A_CANDIDATE_FORM_OUTSIDE_INVENTORY,,,,,,,True,False,0,10,CLAUSE_INITIAL_PLAUSIBLE
6073,1012,Gemma 4 4B,Youtube / ONE#NIGHT#ULTIMATE#WEREWOLF##Retro#1 / Game9,run_2,2,Stochastic,with,Contingency,with,34,38,,0,,contiguous,1,"The discussion is highly chaotic, with multiple players claiming roles (like Seer) and accusing others.",34-38,NOT_A_CANDIDATE_FORM_OUTSIDE_INVENTORY,,,,,,,True,False,34,38,UNCLEAR
6084,1013,Gemma 4 4B,Youtube / ONE#NIGHT#ULTIMATE#WEREWOLF##Retro#2 / Game1,run_2,2,Stochastic,given,Contingency,Given,273,278,,0,,contiguous,3,"Given his aggressive attempts to control the story and his conflicting statements about who the Werewolf is, he represents the greatest risk to Team Village.",273-278,NOT_A_CANDIDATE_FORM_OUTSIDE_INVENTORY,,,,,,,True,False,0,5,CLAUSE_INITIAL_PLAUSIBLE
6097,1015,Gemma 4 4B,Youtube / ONE#NIGHT#ULTIMATE#WEREWOLF##Retro#2 / Game3,run_2,2,Stochastic,with,Contingency,with,244,248,,0,,contiguous,3,"Furthermore, Justin himself agrees with the accusation, which is a highly suspicious action for a Werewolf trying to hide their identity.",244-248,NOT_A_CANDIDATE_FORM_OUTSIDE_INVENTORY,,,,,,,True,False,35,39,NON_CONNECTIVE_LIKELY
6109,1017,Gemma 4 4B,Youtube / ONE#NIGHT#ULTIMATE#WEREWOLF##Retro#2 / Game5,run_2,2,Stochastic,despite,Comparison,despite,177,184,,0,,contiguous,2,"Multiple players, including Caitlynn and Mike, directly accuse him of being a Werewolf, despite his claims of being the Seer.",177-184,NOT_A_CANDIDATE_FORM_OUTSIDE_INVENTORY,,,,,,,True,False,88,95,UNCLEAR
6110,1017,Gemma 4 4B,Youtube / ONE#NIGHT#ULTIMATE#WEREWOLF##Retro#2 / Game5,run_2,2,Stochastic,given,Contingency,Given,333,338,,0,,contiguous,4,"Given the persistent and repeated accusations against him, he represents the highest risk to Team Village's victory.",333-338,NOT_A_CANDIDATE_FORM_OUTSIDE_INVENTORY,,,,,,,True,False,0,5,CLAUSE_INITIAL_PLAUSIBLE
6125,1019,Gemma 4 4B,Youtube / ONE#NIGHT#ULTIMATE#WEREWOLF##Retro#2 / Game7,run_2,2,Stochastic,with,Contingency,with,224,228,,0,,contiguous,3,"While the discussion is highly chaotic and filled with role-swapping claims, the repeated focus on Caitlynn's alleged alignment makes her the most plausible target for Team Village to eliminate.",224-228,NOT_A_CANDIDATE_FORM_OUTSIDE_INVENTORY,,,,,,,True,False,50,54,NON_CONNECTIVE_LIKELY
6127,1019,Gemma 4 4B,Youtube / ONE#NIGHT#ULTIMATE#WEREWOLF##Retro#2 / Game7,run_2,2,Stochastic,with,Contingency,with,391,395,,0,,contiguous,4,Voting her out aligns with the goal of eliminating a suspected Werewolf.,391-395,NOT_A_CANDIDATE_FORM_OUTSIDE_INVENTORY,,,,,,,True,False,22,26,NON_CONNECTIVE_LIKELY
6135,1020,Gemma 4 4B,Youtube / ONE#NIGHT#ULTIMATE#WEREWOLF##Retro#2 / Game8,run_2,2,Stochastic,given,Contingency,Given,340,345,,0,,contiguous,4,"Given the high stakes and the fact that his testimony is the sole piece of definitive information regarding the Werewolves' location, he represents the greatest risk and the most logical target for elimination.",340-345,NOT_A_CANDIDATE_FORM_OUTSIDE_INVENTORY,,,,,,,True,False,0,5,CLAUSE_INITIAL_PLAUSIBLE
6149,1022,Gemma 4 4B,Youtube / ONE#NIGHT#ULTIMATE#WEREWOLF##Retro#3 / Game3,run_2,2,Stochastic,given that,Contingency,Given that,352,362,,0,,contiguous,4,"Given that Team Village wins by eliminating a Werewolf, and James is the established target of the group, voting him out is the most logical move to achieve victory.",352-362,NOT_A_CANDIDATE_FORM_OUTSIDE_INVENTORY,,,,,,,True,False,0,10,CLAUSE_INITIAL_PLAUSIBLE
6156,1023,Gemma 4 4B,Youtube / ONE#NIGHT#ULTIMATE#WEREWOLF##Retro#3 / Game4,run_2,2,Stochastic,with,Contingency,with,368,372,,0,,contiguous,3,"While Mitchell claimed to be the Tanner, Mike's pattern of deflection and resistance to revealing information aligns with the behavior of a Werewolf trying to avoid elimination.",368-372,NOT_A_CANDIDATE_FORM_OUTSIDE_INVENTORY,,,,,,,True,False,117,121,NON_CONNECTIVE_LIKELY
6157,1023,Gemma 4 4B,Youtube / ONE#NIGHT#ULTIMATE#WEREWOLF##Retro#3 / Game4,run_2,2,Stochastic,given,Contingency,Given,429,434,,0,,contiguous,4,"Given the urgency of finding a Werewolf, Mike represents the strongest cumulative suspicion based on the public dialogue.",429-434,NOT_A_CANDIDATE_FORM_OUTSIDE_INVENTORY,,,,,,,True,False,0,5,CLAUSE_INITIAL_PLAUSIBLE
6166,1025,Gemma 4 4B,Youtube / ONE#NIGHT#ULTIMATE#WEREWOLF##Retro#3 / Game6,run_2,2,Stochastic,despite,Comparison,despite,378,385,,0,,contiguous,3,"Furthermore, he is actively involved in confusing the group about the presence of Werewolves, despite Mike's claim of having seen them.",378-385,NOT_A_CANDIDATE_FORM_OUTSIDE_INVENTORY,,,,,,,True,False,94,101,UNCLEAR
6186,1028,Gemma 4 4B,Youtube / ONE#NIGHT#ULTIMATE#WEREWOLF##Retro#4 / Game10,run_2,2,Stochastic,with,Contingency,with,160,164,,0,,contiguous,2,"While the transcript is filled with complex role swaps and confusion regarding who holds which card, Mitchell became the primary target of the group's suspicion.",160-164,NOT_A_CANDIDATE_FORM_OUTSIDE_INVENTORY,,,,,,,True,False,31,35,NON_CONNECTIVE_LIKELY
6189,1028,Gemma 4 4B,Youtube / ONE#NIGHT#ULTIMATE#WEREWOLF##Retro#4 / Game10,run_2,2,Stochastic,given,Contingency,Given,432,437,,0,,contiguous,4,"Given the immediate need for Team Village to eliminate a Werewolf, Mitchell is the most logical choice based on the collective suspicion presented in the discussion.",432-437,NOT_A_CANDIDATE_FORM_OUTSIDE_INVENTORY,,,,,,,True,False,0,5,CLAUSE_INITIAL_PLAUSIBLE
6204,1031,Gemma 4 4B,Youtube / ONE#NIGHT#ULTIMATE#WEREWOLF##Retro#4 / Game4,run_2,2,Stochastic,despite,Comparison,Despite,306,313,,0,,contiguous,3,"Despite the confusion caused by role swaps, the majority of the players, including James, Mike, and Caitlynn, converge on Mitchell as the most suspicious individual.",306-313,NOT_A_CANDIDATE_FORM_OUTSIDE_INVENTORY,,,,,,,True,False,0,7,CLAUSE_INITIAL_PLAUSIBLE
6207,1031,Gemma 4 4B,Youtube / ONE#NIGHT#ULTIMATE#WEREWOLF##Retro#4 / Game4,run_2,2,Stochastic,given,Contingency,Given,472,477,,0,,contiguous,4,"Given the high level of suspicion and the strategic nature of his statements, Mitchell is the most likely Werewolf or Minion.",472-477,NOT_A_CANDIDATE_FORM_OUTSIDE_INVENTORY,,,,,,,True,False,0,5,CLAUSE_INITIAL_PLAUSIBLE
6223,1033,Gemma 4 4B,Youtube / ONE#NIGHT#ULTIMATE#WEREWOLF##Retro#4 / Game6,run_2,2,Stochastic,with,Contingency,with,342,346,,0,,contiguous,3,"This highly self-aware and defensive behavior, combined with his discussion of putting a werewolf back in the middle, strongly suggests he is attempting to deflect suspicion as a Werewolf.",342-346,NOT_A_CANDIDATE_FORM_OUTSIDE_INVENTORY,,,,,,,True,False,56,60,NON_CONNECTIVE_LIKELY
6225,1033,Gemma 4 4B,Youtube / ONE#NIGHT#ULTIMATE#WEREWOLF##Retro#4 / Game6,run_2,2,Stochastic,given,Contingency,Given,475,480,,0,,contiguous,4,"Given the need to eliminate a Werewolf for Team Village to win, Mitchell is the prime target.",475-480,NOT_A_CANDIDATE_FORM_OUTSIDE_INVENTORY,,,,,,,True,False,0,5,CLAUSE_INITIAL_PLAUSIBLE
6247,1037,Gemma 4 4B,Youtube / ONE#NIGHT#ULTIMATE#WEREWOLF##Retro#5 / Game2,run_2,2,Stochastic,with,Contingency,with,34,38,,0,,contiguous,1,"The discussion is highly chaotic, with multiple players making contradictory claims about their roles, which is typical of a game involving role swaps.",34-38,NOT_A_CANDIDATE_FORM_OUTSIDE_INVENTORY,,,,,,,True,False,34,38,CLAUSE_INITIAL_PLAUSIBLE
6257,1037,Gemma 4 4B,Youtube / ONE#NIGHT#ULTIMATE#WEREWOLF##Retro#5 / Game2,run_2,2,Stochastic,given,Contingency,given,596,601,,0,,contiguous,4,Eliminating the most vocal and assertive claimant of the Werewolf role is the strongest strategic move given the lack of verifiable information.,596-601,NOT_A_CANDIDATE_FORM_OUTSIDE_INVENTORY,,,,,,,True,False,103,108,NON_CONNECTIVE_LIKELY
6259,1038,Gemma 4 4B,Youtube / ONE#NIGHT#ULTIMATE#WEREWOLF##Retro#5 / Game3,run_2,2,Stochastic,with,Contingency,with,69,73,,0,,contiguous,1,Paul exhibits the most aggressive and persistent behavior consistent with a Werewolf trying to deflect suspicion.,69-73,NOT_A_CANDIDATE_FORM_OUTSIDE_INVENTORY,,,,,,,True,False,69,73,NON_CONNECTIVE_LIKELY
6275,1040,Gemma 4 4B,Youtube / ONE#NIGHT#ULTIMATE#WEREWOLF##Retro#5 / Game5,run_2,2,Stochastic,with,Contingency,with,266,270,,0,,contiguous,3,"Although players may lie, this direct self-incrimination, coupled with accusations from both Mitchell and Paul, makes him the primary suspect.",266-270,NOT_A_CANDIDATE_FORM_OUTSIDE_INVENTORY,,,,,,,True,False,66,70,NON_CONNECTIVE_LIKELY
6278,1041,Gemma 4 4B,Youtube / ONE#NIGHT#ULTIMATE#WEREWOLF##Retro#5 / Game6,run_2,2,Stochastic,with,Contingency,with,64,68,,0,,contiguous,1,"The discussion transcript indicates a highly volatile situation with multiple role swaps, making definitive identification impossible.",64-68,NOT_A_CANDIDATE_FORM_OUTSIDE_INVENTORY,,,,,,,True,False,64,68,NON_CONNECTIVE_LIKELY
6288,1043,Gemma 4 4B,Youtube / ONE#NIGHT#ULTIMATE#WEREWOLF##Retro#5 / Game8,run_2,2,Stochastic,with,Contingency,with,41,45,,0,,contiguous,1,"The discussion is highly chaotic, filled with conflicting accusations (Tanner, Werewolf) and role swaps.",41-45,NOT_A_CANDIDATE_FORM_OUTSIDE_INVENTORY,,,,,,,True,False,41,45,NON_CONNECTIVE_LIKELY
6300,1044,Gemma 4 4B,Youtube / ONE#NIGHT#ULTIMATE#WEREWOLF#-#Drinking#Play#Through / Game1,run_2,2,Stochastic,with,Contingency,with,301,305,,0,,contiguous,3,"Her statements about seeing a Troublemaker and a Werewolf were met with skepticism, and her overall narrative is confusing and self-serving.",301-305,NOT_A_CANDIDATE_FORM_OUTSIDE_INVENTORY,,,,,,,True,False,67,71,NON_CONNECTIVE_LIKELY
6304,1044,Gemma 4 4B,Youtube / ONE#NIGHT#ULTIMATE#WEREWOLF#-#Drinking#Play#Through / Game1,run_2,2,Stochastic,given,Contingency,Given,375,380,,0,,contiguous,4,"Given the high level of distrust surrounding her role and her attempts to manage the conversation, she represents the greatest immediate threat to Team Village.",375-380,NOT_A_CANDIDATE_FORM_OUTSIDE_INVENTORY,,,,,,,True,False,0,5,CLAUSE_INITIAL_PLAUSIBLE
6310,1045,Gemma 4 4B,Youtube / ONE#NIGHT#ULTIMATE#WEREWOLF#-#Drinking#Play#Through / Game2,run_2,2,Stochastic,despite,Comparison,Despite,379,386,,0,,contiguous,4,"Despite Haak claiming to be the Hunter, the weight of the recent accusations and the momentum of the group suggests he is the most likely target to eliminate a Werewolf.",379-386,NOT_A_CANDIDATE_FORM_OUTSIDE_INVENTORY,,,,,,,True,False,0,7,CLAUSE_INITIAL_PLAUSIBLE
6312,1046,Gemma 4 4B,Youtube / ONE#NIGHT#ULTIMATE#WEREWOLF#1##July#5th#2016 / Game2,run_2,2,Stochastic,with,Contingency,with,67,71,,0,,contiguous,1,"Mike is the primary target of suspicion throughout the discussion, with multiple players, including Justin and James, repeatedly accusing him of being a Werewolf.",67-71,NOT_A_CANDIDATE_FORM_OUTSIDE_INVENTORY,,,,,,,True,False,67,71,CLAUSE_INITIAL_PLAUSIBLE
6321,1046,Gemma 4 4B,Youtube / ONE#NIGHT#ULTIMATE#WEREWOLF#1##July#5th#2016 / Game2,run_2,2,Stochastic,given,Contingency,Given,524,529,,0,,contiguous,4,"Given the high level of consensus among the accusers, voting out Mike offers the highest probability of eliminating a Werewolf and securing a victory for Team Village.",524-529,NOT_A_CANDIDATE_FORM_OUTSIDE_INVENTORY,,,,,,,True,False,0,5,CLAUSE_INITIAL_PLAUSIBLE
6334,1048,Gemma 4 4B,Youtube / ONE#NIGHT#ULTIMATE#WEREWOLF#10##November#6th#2016 / Game1,run_2,2,Stochastic,given,Contingency,Given,263,268,,0,,contiguous,3,"Given the pressure to eliminate a perceived threat, and the group's unanimous agreement, Mitchell is the most logical choice to vote out based on the public discourse.",263-268,NOT_A_CANDIDATE_FORM_OUTSIDE_INVENTORY,,,,,,,True,False,0,5,CLAUSE_INITIAL_PLAUSIBLE
6340,1049,Gemma 4 4B,Youtube / ONE#NIGHT#ULTIMATE#WEREWOLF#13##July#29th#2017 / Game1,run_2,2,Stochastic,given,Contingency,Given,395,400,,0,,contiguous,5,"Given the need to eliminate a Werewolf, Julie presents the highest risk and highest reward target.",395-400,NOT_A_CANDIDATE_FORM_OUTSIDE_INVENTORY,,,,,,,True,False,0,5,CLAUSE_INITIAL_PLAUSIBLE
6351,1051,Gemma 4 4B,Youtube / ONE#NIGHT#ULTIMATE#WEREWOLF#13##July#29th#2017 / Game3,run_2,2,Stochastic,despite,Comparison,Despite,147,154,,0,,contiguous,2,"Despite his claims, he is the focus of the final consensus among Mitchell and Mike, who actively push for his elimination.",147-154,NOT_A_CANDIDATE_FORM_OUTSIDE_INVENTORY,,,,,,,True,False,0,7,CLAUSE_INITIAL_PLAUSIBLE
6357,1051,Gemma 4 4B,Youtube / ONE#NIGHT#ULTIMATE#WEREWOLF#13##July#29th#2017 / Game3,run_2,2,Stochastic,with,Contingency,with,439,443,,0,,contiguous,4,Voting him out aligns with the collective belief that he is the most likely Werewolf.,439-443,NOT_A_CANDIDATE_FORM_OUTSIDE_INVENTORY,,,,,,,True,False,22,26,NON_CONNECTIVE_LIKELY
6362,1052,Gemma 4 4B,Youtube / ONE#NIGHT#ULTIMATE#WEREWOLF#14##August#26th#2017 / Game1,run_2,2,Stochastic,with,Contingency,with,174,178,,0,,contiguous,1,"Justin exhibits the most aggressive and manipulative behavior throughout the discussion, frequently initiating accusations and then immediately pivoting or defending himself with complex role theories.",174-178,NOT_A_CANDIDATE_FORM_OUTSIDE_INVENTORY,,,,,,,True,False,174,178,NON_CONNECTIVE_LIKELY
6376,1054,Gemma 4 4B,Youtube / ONE#NIGHT#ULTIMATE#WEREWOLF#18##September#30th#2017 / Game1,run_2,2,Stochastic,given,Contingency,Given,335,340,,0,,contiguous,4,"Given the need to eliminate a Werewolf for Team Village to win, Paul is the most direct and consistently targeted suspect.",335-340,NOT_A_CANDIDATE_FORM_OUTSIDE_INVENTORY,,,,,,,True,False,0,5,CLAUSE_INITIAL_PLAUSIBLE
6408,1059,Gemma 4 4B,Youtube / ONE#NIGHT#ULTIMATE#WEREWOLF#28##February#17th#2018 / Game2,run_2,2,Stochastic,with,Contingency,with,66,70,,0,,contiguous,1,"Mike is the most consistently accused player of being a Werewolf, with both Alysha and Mitchell repeatedly stating this claim.",66-70,NOT_A_CANDIDATE_FORM_OUTSIDE_INVENTORY,,,,,,,True,False,66,70,UNCLEAR
6421,1061,Gemma 4 4B,Youtube / One#Night#Ultimate#Werewolf#3#Insomniac / Game1,run_2,2,Stochastic,despite,Comparison,Despite,122,129,,0,,contiguous,2,"Despite Brett's attempts to deflect suspicion by mentioning the possibility of being the Mason, the consensus among the accusers is that he is the primary threat.",122-129,NOT_A_CANDIDATE_FORM_OUTSIDE_INVENTORY,,,,,,,True,False,0,7,CLAUSE_INITIAL_PLAUSIBLE
6433,1063,Gemma 4 4B,Youtube / ONE#NIGHT#ULTIMATE#WEREWOLF#30##February#17th#2018 / Game4,run_2,2,Stochastic,despite,Comparison,Despite,302,309,,0,,contiguous,3,"Despite the complexity of role swaps and potential deception, the collective consensus of the most engaged players is to target Alysha, making her the most probable choice to eliminate a Werewolf and secure a Village victory.",302-309,NOT_A_CANDIDATE_FORM_OUTSIDE_INVENTORY,,,,,,,True,False,0,7,CLAUSE_INITIAL_PLAUSIBLE
6436,1064,Gemma 4 4B,Youtube / ONE#NIGHT#ULTIMATE#WEREWOLF#34##March#24th#2018 / Game2,run_2,2,Stochastic,with,Contingency,with,37,41,,0,,contiguous,1,"The discussion is extremely chaotic, with multiple players making conflicting claims about role swaps (Troublemaker, Doppelganger) and who holds which card.",37-41,NOT_A_CANDIDATE_FORM_OUTSIDE_INVENTORY,,,,,,,True,False,37,41,CLAUSE_INITIAL_PLAUSIBLE
6441,1064,Gemma 4 4B,Youtube / ONE#NIGHT#ULTIMATE#WEREWOLF#34##March#24th#2018 / Game2,run_2,2,Stochastic,with,Contingency,with,331,335,,0,,contiguous,3,"Carly explicitly states multiple times that Mitchell is a werewolf (73, 86), and Justin later agrees with this assessment (123).",331-335,NOT_A_CANDIDATE_FORM_OUTSIDE_INVENTORY,,,,,,,True,False,101,105,NON_CONNECTIVE_LIKELY
6444,1065,Gemma 4 4B,Youtube / ONE#NIGHT#ULTIMATE#WEREWOLF#34##March#24th#2018 / Game3,run_2,2,Stochastic,with,Contingency,with,37,41,,0,,contiguous,1,"The discussion is extremely chaotic, with multiple players making conflicting claims about their roles, particularly regarding the Tanner and Troublemaker.",37-41,NOT_A_CANDIDATE_FORM_OUTSIDE_INVENTORY,,,,,,,True,False,37,41,CLAUSE_INITIAL_PLAUSIBLE
6445,1065,Gemma 4 4B,Youtube / ONE#NIGHT#ULTIMATE#WEREWOLF#34##March#24th#2018 / Game3,run_2,2,Stochastic,particularly,Expansion,particularly,104,116,,0,,contiguous,1,"The discussion is extremely chaotic, with multiple players making conflicting claims about their roles, particularly regarding the Tanner and Troublemaker.",104-116,NOT_A_CANDIDATE_FORM_OUTSIDE_INVENTORY,,,,,,,True,False,104,116,NON_CONNECTIVE_LIKELY
6450,1065,Gemma 4 4B,Youtube / ONE#NIGHT#ULTIMATE#WEREWOLF#34##March#24th#2018 / Game3,run_2,2,Stochastic,given,Contingency,Given,460,465,,0,,contiguous,4,"Given the lack of concrete evidence, targeting the most assertive and confusing voice is the best strategy to attempt to eliminate a potential Werewolf.",460-465,NOT_A_CANDIDATE_FORM_OUTSIDE_INVENTORY,,,,,,,True,False,0,5,CLAUSE_INITIAL_PLAUSIBLE
6454,1066,Gemma 4 4B,Youtube / One#Night#Ultimate#Werewolf#361#Classic#Werewolf / Game1,run_2,2,Stochastic,despite,Comparison,Despite,241,248,,0,,contiguous,3,"Despite his attempts to deflect suspicion and suggest he might be a Minion, the collective focus of the group has repeatedly targeted him.",241-248,NOT_A_CANDIDATE_FORM_OUTSIDE_INVENTORY,,,,,,,True,False,0,7,CLAUSE_INITIAL_PLAUSIBLE
6456,1066,Gemma 4 4B,Youtube / One#Night#Ultimate#Werewolf#361#Classic#Werewolf / Game1,run_2,2,Stochastic,given,Contingency,Given,380,385,,0,,contiguous,4,"Given the high probability that he is a Werewolf, eliminating him is the optimal strategy for Team Village to secure victory.",380-385,NOT_A_CANDIDATE_FORM_OUTSIDE_INVENTORY,,,,,,,True,False,0,5,CLAUSE_INITIAL_PLAUSIBLE
6464,1068,Gemma 4 4B,Youtube / One#Night#Ultimate#Werewolf#363#Even#More#Classic#Werewolf / Game1,run_2,2,Stochastic,given,Contingency,Given,377,382,,0,,contiguous,4,"Given the high level of suspicion directed at her, she is chosen as the most probable Werewolf or Minion to eliminate for Team Village's benefit.",377-382,NOT_A_CANDIDATE_FORM_OUTSIDE_INVENTORY,,,,,,,True,False,0,5,CLAUSE_INITIAL_PLAUSIBLE
6468,1069,Gemma 4 4B,Youtube / ONE#NIGHT#ULTIMATE#WEREWOLF#37##April#21st#2018 / Game2,run_2,2,Stochastic,with,Contingency,with,34,38,,0,,contiguous,1,"The discussion is highly chaotic, with multiple players making conflicting claims about their roles and actions.",34-38,NOT_A_CANDIDATE_FORM_OUTSIDE_INVENTORY,,,,,,,True,False,34,38,UNCLEAR
6489,1071,Gemma 4 4B,Youtube / ONE#NIGHT#ULTIMATE#WEREWOLF#38##April#21st#2018 / Game4,run_2,2,Stochastic,despite,Comparison,Despite,276,283,,0,,contiguous,4,"Despite Mike's attempts to deflect and counter-accuse, the public evidence presented in the final minutes of the transcript points strongly toward Mike as the most likely Werewolf.",276-283,NOT_A_CANDIDATE_FORM_OUTSIDE_INVENTORY,,,,,,,True,False,0,7,CLAUSE_INITIAL_PLAUSIBLE
6497,1072,Gemma 4 4B,Youtube / One#Night#Ultimate#Werewolf#381#The#Hunt#Is#On / Game1,run_2,2,Stochastic,given,Contingency,Given,445,450,,0,,contiguous,4,"Given the lack of definitive proof of who is lying, targeting the source of the most critical information is the most strategic move.",445-450,NOT_A_CANDIDATE_FORM_OUTSIDE_INVENTORY,,,,,,,True,False,0,5,CLAUSE_INITIAL_PLAUSIBLE
6504,1073,Gemma 4 4B,Youtube / One#Night#Ultimate#Werewolf#382#Game#100!! / Game1,run_2,2,Stochastic,given,Contingency,Given,366,371,,0,,contiguous,4,"Given the urgency of the voting phase, targeting the player who openly claimed the Werewolf role is the most direct path toward achieving Team Village's win condition.",366-371,NOT_A_CANDIDATE_FORM_OUTSIDE_INVENTORY,,,,,,,True,False,0,5,CLAUSE_INITIAL_PLAUSIBLE
6509,1074,Gemma 4 4B,Youtube / ONE#NIGHT#ULTIMATE#WEREWOLF#39##April#21st#2018 / Game3,run_2,2,Stochastic,with,Contingency,with,451,455,,0,,contiguous,4,Voting out James aligns with the goal of eliminating a Werewolf if one is present.,451-455,NOT_A_CANDIDATE_FORM_OUTSIDE_INVENTORY,,,,,,,True,False,24,28,NON_CONNECTIVE_LIKELY
6527,1077,Gemma 4 4B,Youtube / ONE#NIGHT#ULTIMATE#WEREWOLF#4##July#14th#2016 / Game3,run_2,2,Stochastic,despite,Comparison,Despite,290,297,,0,,contiguous,3,"Despite the conflicting claims from others, the group ultimately focused on Paul as the most likely target based on this information.",290-297,NOT_A_CANDIDATE_FORM_OUTSIDE_INVENTORY,,,,,,,True,False,0,7,CLAUSE_INITIAL_PLAUSIBLE
6554,1082,Gemma 4 4B,Youtube / ONE#NIGHT#ULTIMATE#WEREWOLF#44##October#13th#2018 / Game2,run_2,2,Stochastic,despite,Comparison,despite,46,53,,0,,contiguous,1,"Justin is the most heavily implicated player, despite the confusing role swaps.",46-53,NOT_A_CANDIDATE_FORM_OUTSIDE_INVENTORY,,,,,,,True,False,46,53,UNCLEAR
6558,1082,Gemma 4 4B,Youtube / ONE#NIGHT#ULTIMATE#WEREWOLF#44##October#13th#2018 / Game2,run_2,2,Stochastic,with,Contingency,with,293,297,,0,,contiguous,4,"While the conversation is filled with conflicting claims about who was the Robber or Tanner, Justin's self-incrimination and the direct accusation make him the strongest target for Team Village to eliminate.",293-297,NOT_A_CANDIDATE_FORM_OUTSIDE_INVENTORY,,,,,,,True,False,33,37,NON_CONNECTIVE_LIKELY
6580,1085,Gemma 4 4B,Youtube / ONE#NIGHT#ULTIMATE#WEREWOLF#44##October#13th#2018 / Game5,run_2,2,Stochastic,despite,Comparison,despite,310,317,,0,,contiguous,3,"Justin and Paul, despite their own roles, appear to be aligning against Mitchell, suggesting he is a prime target.",310-317,NOT_A_CANDIDATE_FORM_OUTSIDE_INVENTORY,,,,,,,True,False,17,24,CLAUSE_INITIAL_PLAUSIBLE
6584,1086,Gemma 4 4B,Youtube / ONE#NIGHT#ULTIMATE#WEREWOLF#45##October#13th#2018 / Game4,run_2,2,Stochastic,without,Contingency,without,254,261,,0,,contiguous,2,"These absolute declarations, especially without supporting evidence, are often used by Werewolves to control the narrative and deflect suspicion.",254-261,NOT_A_CANDIDATE_FORM_OUTSIDE_INVENTORY,,,,,,,True,False,40,47,NON_CONNECTIVE_LIKELY
6593,1087,Gemma 4 4B,Youtube / ONE#NIGHT#ULTIMATE#WEREWOLF#45##October#13th#2018 / Game6,run_2,2,Stochastic,given,Contingency,Given,364,369,,0,,contiguous,4,"Given the high level of conflict and the focus on Mike's status as a potential Werewolf or Hunter, he represents the most probable target for Team Village to secure a win.",364-369,NOT_A_CANDIDATE_FORM_OUTSIDE_INVENTORY,,,,,,,True,False,0,5,CLAUSE_INITIAL_PLAUSIBLE
6606,1089,Gemma 4 4B,Youtube / One#Night#Ultimate#Werewolf#492#More#Classic#Werewolf / Game1,run_2,2,Stochastic,given,Contingency,Given,315,320,,0,,contiguous,3,"Given the high level of role swapping and deception, and the inability to definitively name a Werewolf, I cannot confidently select a target for elimination.",315-320,NOT_A_CANDIDATE_FORM_OUTSIDE_INVENTORY,,,,,,,True,False,0,5,CLAUSE_INITIAL_PLAUSIBLE
6612,1090,Gemma 4 4B,Youtube / One#Night#Ultimate#Werewolf#493#Even#More#Classic#Werewolf / Game1,run_2,2,Stochastic,despite,Comparison,Despite,92,99,,0,,contiguous,2,"Despite claiming to be the Robber or the Tanner, he is repeatedly accused by other players of being a Werewolf, particularly in the later stages of the conversation.",92-99,NOT_A_CANDIDATE_FORM_OUTSIDE_INVENTORY,,,,,,,True,False,0,7,CLAUSE_INITIAL_PLAUSIBLE
6614,1090,Gemma 4 4B,Youtube / One#Night#Ultimate#Werewolf#493#Even#More#Classic#Werewolf / Game1,run_2,2,Stochastic,particularly,Expansion,particularly,204,216,,0,,contiguous,2,"Despite claiming to be the Robber or the Tanner, he is repeatedly accused by other players of being a Werewolf, particularly in the later stages of the conversation.",204-216,NOT_A_CANDIDATE_FORM_OUTSIDE_INVENTORY,,,,,,,True,False,112,124,NON_CONNECTIVE_LIKELY
6617,1090,Gemma 4 4B,Youtube / One#Night#Ultimate#Werewolf#493#Even#More#Classic#Werewolf / Game1,run_2,2,Stochastic,eventually,Temporal,eventually,270,280,,0,,contiguous,3,"While Katie eventually admitted to being the Tanner, Pete's persistent deception and the direct accusations against him make him the highest probability target for Team Village to eliminate a Werewolf.",270-280,NOT_A_CANDIDATE_FORM_OUTSIDE_INVENTORY,,,,,,,True,False,12,22,NON_CONNECTIVE_LIKELY
6621,1091,Gemma 4 4B,Youtube / ONE#NIGHT#ULTIMATE#WEREWOLF#5##October#29th#2016 / Game1,run_2,2,Stochastic,despite,Comparison,despite,63,70,,0,,contiguous,1,"The discussion heavily focuses on Mike as the primary suspect, despite the complex role swaps and claims made by other players.",63-70,NOT_A_CANDIDATE_FORM_OUTSIDE_INVENTORY,,,,,,,True,False,63,70,UNCLEAR
6641,1093,Gemma 4 4B,Youtube / One#Night#Ultimate#Werewolf#532#More#Classic#ONUW / Game1,run_2,2,Stochastic,given,Contingency,Given,442,447,,0,,contiguous,4,"Given the high probability that one of the self-proclaimed wolves is genuine, targeting DeAndre offers the best chance for Team Village to eliminate a Werewolf.",442-447,NOT_A_CANDIDATE_FORM_OUTSIDE_INVENTORY,,,,,,,True,False,0,5,CLAUSE_INITIAL_PLAUSIBLE
6647,1094,Gemma 4 4B,Youtube / One#Night#Ultimate#Werewolf#533#Even#More#Classic#ONUW / Game1,run_2,2,Stochastic,given,Contingency,Given,273,278,,0,,contiguous,3,"Given the high level of accusation and his admission of wolfing, voting out DeAndre is the most logical move to eliminate a potential Werewolf and secure a victory for Team Village.",273-278,NOT_A_CANDIDATE_FORM_OUTSIDE_INVENTORY,,,,,,,True,False,0,5,CLAUSE_INITIAL_PLAUSIBLE
6658,1095,Gemma 4 4B,Youtube / ONE#NIGHT#ULTIMATE#WEREWOLF#55##January#26th#2019 / Game3,run_2,2,Stochastic,with,Contingency,with,370,374,,0,,contiguous,3,This pattern of assertive deflection and strategic pivoting is highly suspicious and aligns with the behavior of a Werewolf trying to divert suspicion.,370-374,NOT_A_CANDIDATE_FORM_OUTSIDE_INVENTORY,,,,,,,True,False,92,96,NON_CONNECTIVE_LIKELY
6659,1095,Gemma 4 4B,Youtube / ONE#NIGHT#ULTIMATE#WEREWOLF#55##January#26th#2019 / Game3,run_2,2,Stochastic,given,Contingency,Given,430,435,,0,,contiguous,4,"Given the lack of definitive evidence, targeting the most manipulative player, Justin, is the most logical choice for Team Village.",430-435,NOT_A_CANDIDATE_FORM_OUTSIDE_INVENTORY,,,,,,,True,False,0,5,CLAUSE_INITIAL_PLAUSIBLE
6668,1096,Gemma 4 4B,Youtube / ONE#NIGHT#ULTIMATE#WEREWOLF#6##November#6th#2016 / Game1,run_2,2,Stochastic,given,Contingency,Given,387,392,,0,,contiguous,4,"Given the strong consensus building around her role, she represents the most immediate threat to Team Village's victory condition.",387-392,NOT_A_CANDIDATE_FORM_OUTSIDE_INVENTORY,,,,,,,True,False,0,5,CLAUSE_INITIAL_PLAUSIBLE
6671,1097,Gemma 4 4B,Youtube / ONE#NIGHT#ULTIMATE#WEREWOLF#6##November#6th#2016 / Game2,run_2,2,Stochastic,given,Contingency,Given,237,242,,0,,contiguous,3,"Given the goal of Team Village is to eliminate a Werewolf, and these players have directly confessed to the role, they are the most probable targets.",237-242,NOT_A_CANDIDATE_FORM_OUTSIDE_INVENTORY,,,,,,,True,False,0,5,CLAUSE_INITIAL_PLAUSIBLE
6680,1098,Gemma 4 4B,Youtube / ONE#NIGHT#ULTIMATE#WEREWOLF#62##March#23rd#2019 / Game1,run_2,2,Stochastic,with,Contingency,with,357,361,,0,,contiguous,3,This pattern of shifting narratives and attempting to control the flow of information is highly suspicious and aligns with a Werewolf's strategy to deflect blame.,357-361,NOT_A_CANDIDATE_FORM_OUTSIDE_INVENTORY,,,,,,,True,False,118,122,NON_CONNECTIVE_LIKELY
6684,1099,Gemma 4 4B,Youtube / ONE#NIGHT#ULTIMATE#WEREWOLF#62##March#23rd#2019 / Game2,run_2,2,Stochastic,despite,Comparison,Despite,87,94,,0,,contiguous,2,"Despite conflicting claims about who saw what, the majority of players, including Justin, James, and Mitchell, agreed to target Paul.",87-94,NOT_A_CANDIDATE_FORM_OUTSIDE_INVENTORY,,,,,,,True,False,0,7,CLAUSE_INITIAL_PLAUSIBLE
6695,1100,Gemma 4 4B,Youtube / ONE#NIGHT#ULTIMATE#WEREWOLF#63##March#23rd#2019 / Game1,run_2,2,Stochastic,given,Contingency,Given,411,416,,0,,contiguous,4,"Given the high degree of deception, targeting the player with the most confusing and contradictory role history, Mitchell, is a reasonable strategic choice to eliminate a potential threat.",411-416,NOT_A_CANDIDATE_FORM_OUTSIDE_INVENTORY,,,,,,,True,False,0,5,CLAUSE_INITIAL_PLAUSIBLE
6696,1100,Gemma 4 4B,Youtube / ONE#NIGHT#ULTIMATE#WEREWOLF#63##March#23rd#2019 / Game1,run_2,2,Stochastic,with,Contingency,with,468,472,,0,,contiguous,4,"Given the high degree of deception, targeting the player with the most confusing and contradictory role history, Mitchell, is a reasonable strategic choice to eliminate a potential threat.",468-472,NOT_A_CANDIDATE_FORM_OUTSIDE_INVENTORY,,,,,,,True,False,57,61,NON_CONNECTIVE_LIKELY
6713,1103,Gemma 4 4B,Youtube / ONE#NIGHT#ULTIMATE#WEREWOLF#64##March#23rd#2019 / Game5,run_2,2,Stochastic,despite,Comparison,despite,328,335,,0,,contiguous,3,"Furthermore, Paul explicitly states his belief that Justin is the Werewolf (123), despite Justin's attempts to steer the conversation away from his own role.",328-335,NOT_A_CANDIDATE_FORM_OUTSIDE_INVENTORY,,,,,,,True,False,82,89,UNCLEAR
6714,1103,Gemma 4 4B,Youtube / ONE#NIGHT#ULTIMATE#WEREWOLF#64##March#23rd#2019 / Game5,run_2,2,Stochastic,given,Contingency,Given,404,409,,0,,contiguous,4,"Given his inconsistent claims and high level of involvement in confusing the narrative, eliminating Justin is the best move for Team Village.",404-409,NOT_A_CANDIDATE_FORM_OUTSIDE_INVENTORY,,,,,,,True,False,0,5,CLAUSE_INITIAL_PLAUSIBLE
6735,1107,Gemma 4 4B,Youtube / ONE#NIGHT#ULTIMATE#WEREWOLF#7##November#6th#2016 / Game4,run_2,2,Stochastic,particularly,Expansion,particularly,121,133,,0,,contiguous,2,"Alana makes a particularly damning claim (102), stating that Caitlynn was previously a Werewolf and is now attempting to masquerade as the Troublemaker.",121-133,NOT_A_CANDIDATE_FORM_OUTSIDE_INVENTORY,,,,,,,True,False,14,26,NON_CONNECTIVE_LIKELY
6742,1107,Gemma 4 4B,Youtube / ONE#NIGHT#ULTIMATE#WEREWOLF#7##November#6th#2016 / Game4,run_2,2,Stochastic,given,Contingency,Given,436,441,,0,,contiguous,5,"Given the weight of these accusations, eliminating Caitlynn is the most logical move for Team Village to secure a win.",436-441,NOT_A_CANDIDATE_FORM_OUTSIDE_INVENTORY,,,,,,,True,False,0,5,CLAUSE_INITIAL_PLAUSIBLE
6745,1108,Gemma 4 4B,Youtube / ONE#NIGHT#ULTIMATE#WEREWOLF#8##November#6th#2016 / Game1,run_2,2,Stochastic,despite,Comparison,Despite,117,124,,0,,contiguous,2,"Despite earlier claims of being the Tanner or Seer, his final statements clearly identify him as the Werewolf, stating, 'I'm the werewolf' (Line 151).",117-124,NOT_A_CANDIDATE_FORM_OUTSIDE_INVENTORY,,,,,,,True,False,0,7,CLAUSE_INITIAL_PLAUSIBLE
6752,1109,Gemma 4 4B,Youtube / ONE#NIGHT#ULTIMATE#WEREWOLF#8##November#6th#2016 / Game4,run_2,2,Stochastic,with,Contingency,with,34,38,,0,,contiguous,1,"The discussion is highly chaotic, with multiple players claiming various roles and accusing others.",34-38,NOT_A_CANDIDATE_FORM_OUTSIDE_INVENTORY,,,,,,,True,False,34,38,UNCLEAR
6756,1109,Gemma 4 4B,Youtube / ONE#NIGHT#ULTIMATE#WEREWOLF#8##November#6th#2016 / Game4,run_2,2,Stochastic,given,Contingency,Given,213,218,,0,,contiguous,3,"Given the objective of Team Village is to eliminate a Werewolf if one is present, Alana is the most strongly identified suspect in the public discussion.",213-218,NOT_A_CANDIDATE_FORM_OUTSIDE_INVENTORY,,,,,,,True,False,0,5,CLAUSE_INITIAL_PLAUSIBLE
6758,1109,Gemma 4 4B,Youtube / ONE#NIGHT#ULTIMATE#WEREWOLF#8##November#6th#2016 / Game4,run_2,2,Stochastic,despite,Comparison,Despite,367,374,,0,,contiguous,4,"Despite the possibility of role swaps or deception, targeting the player who has been directly accused of being a Werewolf provides the clearest path toward fulfilling Team Village's win condition.",367-374,NOT_A_CANDIDATE_FORM_OUTSIDE_INVENTORY,,,,,,,True,False,0,7,CLAUSE_INITIAL_PLAUSIBLE
6780,1112,Gemma 4 4B,Youtube / ONE#NIGHT#ULTIMATE#WEREWOLF#86##November#9th#2019 / Game1,run_2,2,Stochastic,given,Contingency,Given,427,432,,0,,contiguous,4,"Given the lack of clear evidence, targeting the player whose narrative is the most unstable is the best strategy for Team Village.",427-432,NOT_A_CANDIDATE_FORM_OUTSIDE_INVENTORY,,,,,,,True,False,0,5,CLAUSE_INITIAL_PLAUSIBLE
6793,1114,Gemma 4 4B,Youtube / ONE#NIGHT#ULTIMATE#WEREWOLF#86##November#9th#2019 / Game4,run_2,2,Stochastic,despite,Comparison,despite,231,238,,0,,contiguous,2,"Paul, claiming to be the Seer, initially identified Mitchell as a werewolf, but later, Justin claimed Mike remained a werewolf despite alleged role swaps.",231-238,NOT_A_CANDIDATE_FORM_OUTSIDE_INVENTORY,,,,,,,True,False,127,134,NON_CONNECTIVE_LIKELY
6794,1114,Gemma 4 4B,Youtube / ONE#NIGHT#ULTIMATE#WEREWOLF#86##November#9th#2019 / Game4,run_2,2,Stochastic,despite,Comparison,Despite,259,266,,0,,contiguous,3,"Despite the chaotic nature of the game and the numerous role changes, Mike is the most consistently targeted player by those claiming knowledge of roles.",259-266,NOT_A_CANDIDATE_FORM_OUTSIDE_INVENTORY,,,,,,,True,False,0,7,CLAUSE_INITIAL_PLAUSIBLE
6813,1117,Gemma 4 4B,Youtube / ONE#NIGHT#ULTIMATE#WEREWOLF#89##November#30th#2019 / Game2,run_2,2,Stochastic,particularly,Expansion,particularly,59,71,,0,,contiguous,1,"The discussion heavily revolves around complex role swaps, particularly involving James (the Troublemaker) and Paul (who used a swapping ability).",59-71,NOT_A_CANDIDATE_FORM_OUTSIDE_INVENTORY,,,,,,,True,False,59,71,NON_CONNECTIVE_LIKELY
6815,1117,Gemma 4 4B,Youtube / ONE#NIGHT#ULTIMATE#WEREWOLF#89##November#30th#2019 / Game2,run_2,2,Stochastic,despite,Comparison,Despite,147,154,,0,,contiguous,2,"Despite the confusion, the final consensus among Mitchell and James is that Justin is the Werewolf.",147-154,NOT_A_CANDIDATE_FORM_OUTSIDE_INVENTORY,,,,,,,True,False,0,7,CLAUSE_INITIAL_PLAUSIBLE
6818,1117,Gemma 4 4B,Youtube / ONE#NIGHT#ULTIMATE#WEREWOLF#89##November#30th#2019 / Game2,run_2,2,Stochastic,given that,Contingency,Given that,344,354,,0,,contiguous,4,"Given that Team Village wins by eliminating a Werewolf, and two players have identified Justin as such, he is the most logical target for the vote.",344-354,NOT_A_CANDIDATE_FORM_OUTSIDE_INVENTORY,,,,,,,True,False,0,10,CLAUSE_INITIAL_PLAUSIBLE
6822,1118,Gemma 4 4B,Youtube / ONE#NIGHT#ULTIMATE#WEREWOLF#89##November#30th#2019 / Game3,run_2,2,Stochastic,with,Contingency,with,34,38,,0,,contiguous,1,"The discussion is highly chaotic, with multiple players making contradictory claims about their roles and actions.",34-38,NOT_A_CANDIDATE_FORM_OUTSIDE_INVENTORY,,,,,,,True,False,34,38,UNCLEAR
6839,1120,Gemma 4 4B,Youtube / ONE#NIGHT#ULTIMATE#WEREWOLF#9##November#6th#2016 / Game2,run_2,2,Stochastic,given that,Contingency,Given that,289,299,,0,,contiguous,3,"Given that Team Village wins by eliminating a Werewolf, targeting the player who is actively and aggressively manipulating the narrative is the safest strategy.",289-299,NOT_A_CANDIDATE_FORM_OUTSIDE_INVENTORY,,,,,,,True,False,0,10,CLAUSE_INITIAL_PLAUSIBLE
6845,1121,Gemma 4 4B,Youtube / ONE#NIGHT#ULTIMATE#WEREWOLF#9##November#6th#2016 / Game3,run_2,2,Stochastic,with,Contingency,with,207,211,,0,,contiguous,1,"Mike is the most heavily scrutinized player in the transcript, primarily due to his anxious demeanor and his conflicting claims about his role (claiming to be a Werewolf while exhibiting behavior consistent with a Tanner).",207-211,NOT_A_CANDIDATE_FORM_OUTSIDE_INVENTORY,,,,,,,True,False,207,211,NON_CONNECTIVE_LIKELY
6857,1123,Gemma 4 4B,Youtube / One#Night#Ultimate#Werewolf#GAME#NIGHT!! / Game2,run_2,2,Stochastic,with,Contingency,with,103,107,,0,,contiguous,2,"Shane admitted to performing a card swap with Eric, and in his final statement, he confirms that he is now the Werewolf, even though Eric was the original.",103-107,NOT_A_CANDIDATE_FORM_OUTSIDE_INVENTORY,,,,,,,True,False,41,45,NON_CONNECTIVE_LIKELY
6863,1123,Gemma 4 4B,Youtube / One#Night#Ultimate#Werewolf#GAME#NIGHT!! / Game2,run_2,2,Stochastic,particularly,Expansion,particularly,390,402,,0,,contiguous,4,"The consensus among the players, particularly Aaron and Calvin, has focused on eliminating Shane.",390-402,NOT_A_CANDIDATE_FORM_OUTSIDE_INVENTORY,,,,,,,True,False,33,45,NON_CONNECTIVE_LIKELY
6869,1124,Gemma 4 4B,Youtube / Retrovision##ONE#NIGHT#ULTIMATE#WEREWOLF##Retro#7 / Game1,run_2,2,Stochastic,despite,Comparison,Despite,298,305,,0,,contiguous,3,"Despite Mike claiming to be a Villager, his defensive and evasive behavior, combined with the strong accusations against him, makes him the most likely candidate for elimination to secure a Village victory.",298-305,NOT_A_CANDIDATE_FORM_OUTSIDE_INVENTORY,,,,,,,True,False,0,7,CLAUSE_INITIAL_PLAUSIBLE
6871,1124,Gemma 4 4B,Youtube / Retrovision##ONE#NIGHT#ULTIMATE#WEREWOLF##Retro#7 / Game1,run_2,2,Stochastic,with,Contingency,with,383,387,,0,,contiguous,3,"Despite Mike claiming to be a Villager, his defensive and evasive behavior, combined with the strong accusations against him, makes him the most likely candidate for elimination to secure a Village victory.",383-387,NOT_A_CANDIDATE_FORM_OUTSIDE_INVENTORY,,,,,,,True,False,85,89,NON_CONNECTIVE_LIKELY
6873,1125,Gemma 4 4B,Youtube / Retrovision##ONE#NIGHT#ULTIMATE#WEREWOLF##Retro#7 / Game2,run_2,2,Stochastic,despite,Comparison,despite,64,71,,0,,contiguous,1,"The discussion heavily revolves around Mike being the Werewolf, despite Mitchell's attempts to defend him.",64-71,NOT_A_CANDIDATE_FORM_OUTSIDE_INVENTORY,,,,,,,True,False,64,71,UNCLEAR
6875,1125,Gemma 4 4B,Youtube / Retrovision##ONE#NIGHT#ULTIMATE#WEREWOLF##Retro#7 / Game2,run_2,2,Stochastic,with,Contingency,with,151,155,,0,,contiguous,2,"Both Paul and Eric, who claim to be aligned with Team Village, explicitly accuse Mike of being the Werewolf (L102, L111).",151-155,NOT_A_CANDIDATE_FORM_OUTSIDE_INVENTORY,,,,,,,True,False,44,48,NON_CONNECTIVE_LIKELY
6892,1127,Gemma 4 4B,Youtube / Retrovision##ONE#NIGHT#ULTIMATE#WEREWOLF##Retro#7 / Game4,run_2,2,Stochastic,given,Contingency,Given,433,438,,0,,contiguous,5,"Given the need to eliminate a Werewolf, Paul's admitted willingness to lie makes him the primary target for Team Village.",433-438,NOT_A_CANDIDATE_FORM_OUTSIDE_INVENTORY,,,,,,,True,False,0,5,CLAUSE_INITIAL_PLAUSIBLE
6901,1129,Gemma 4 4B,Youtube / The#Return#of#the#King##ONE#NIGHT#ULTIMATE#WEREWOLF / Game5,run_2,2,Stochastic,with,Contingency,with,237,241,,0,,contiguous,2,"This level of comprehensive knowledge, especially when coupled with his claim of being the Troublemaker, is highly suspicious and suggests a deliberate attempt to manipulate the discussion.",237-241,NOT_A_CANDIDATE_FORM_OUTSIDE_INVENTORY,,,,,,,True,False,63,67,NON_CONNECTIVE_LIKELY
6910,1130,Gemma 4 4B,Youtube / The#Return#of#the#King##ONE#NIGHT#ULTIMATE#WEREWOLF / Game6,run_2,2,Stochastic,with,Contingency,with,333,337,,0,,contiguous,3,"While other players make accusations, Paul's self-identification as a Werewolf team member, combined with his manipulative behavior in the discussion, makes him the most immediate and verifiable threat.",333-337,NOT_A_CANDIDATE_FORM_OUTSIDE_INVENTORY,,,,,,,True,False,101,105,NON_CONNECTIVE_LIKELY
6916,1131,Gemma 4 4B,Youtube / The#Return#of#the#King##ONE#NIGHT#ULTIMATE#WEREWOLF / Game7,run_2,2,Stochastic,given,Contingency,Given,393,398,,0,,contiguous,4,"Given the high stakes, targeting the player who made this crucial, yet unverified, claim is the most logical move to maximize the chance of eliminating a Werewolf.",393-398,NOT_A_CANDIDATE_FORM_OUTSIDE_INVENTORY,,,,,,,True,False,0,5,CLAUSE_INITIAL_PLAUSIBLE
6925,1132,Gemma 4 4B,Youtube / Visions#from#2016##ONE#NIGHT#ULTIMATE#WEREWOLF##Retro#11 / Game1,run_2,2,Stochastic,given,Contingency,Given,275,280,,0,,contiguous,3,"Given the direct accusation and the constant role-swapping confusion, James remains a primary suspect for Team Village to eliminate to secure a win.",275-280,NOT_A_CANDIDATE_FORM_OUTSIDE_INVENTORY,,,,,,,True,False,0,5,CLAUSE_INITIAL_PLAUSIBLE
6929,1133,Gemma 4 4B,Youtube / Visions#from#2016##ONE#NIGHT#ULTIMATE#WEREWOLF##Retro#11 / Game2,run_2,2,Stochastic,with,Contingency,with,66,70,,0,,contiguous,1,"The discussion heavily focuses on Paul (Left) as a prime suspect, with James repeatedly advocating for his elimination.",66-70,NOT_A_CANDIDATE_FORM_OUTSIDE_INVENTORY,,,,,,,True,False,66,70,UNCLEAR
6941,1135,Gemma 4 4B,Youtube / Visions#from#2016##ONE#NIGHT#ULTIMATE#WEREWOLF##Retro#11 / Game4,run_2,2,Stochastic,with,Contingency,with,115,119,,0,,contiguous,1,"The discussion reveals that Paul admitted to being a Werewolf, stating in line 101 that he was a werewolf to begin with, and confirming this status later (103).",115-119,NOT_A_CANDIDATE_FORM_OUTSIDE_INVENTORY,,,,,,,True,False,115,119,NON_CONNECTIVE_LIKELY
6944,1135,Gemma 4 4B,Youtube / Visions#from#2016##ONE#NIGHT#ULTIMATE#WEREWOLF##Retro#11 / Game4,run_2,2,Stochastic,with,Contingency,with,222,226,,0,,contiguous,2,"Justin, the Troublemaker, confirmed that he swapped Mitchell with Paul (100), which led to the realization that both were Werewolves.",222-226,NOT_A_CANDIDATE_FORM_OUTSIDE_INVENTORY,,,,,,,True,False,61,65,NON_CONNECTIVE_LIKELY
6955,1136,Gemma 4 4B,Youtube / Visions#from#2016##ONE#NIGHT#ULTIMATE#WEREWOLF##Retro#11 / Game5,run_2,2,Stochastic,given,Contingency,Given,399,404,,0,,contiguous,4,"Given the high degree of confusion and the need to eliminate a threat, Mitchell is the most likely candidate to be a Werewolf or a Troublemaker acting as one.",399-404,NOT_A_CANDIDATE_FORM_OUTSIDE_INVENTORY,,,,,,,True,False,0,5,CLAUSE_INITIAL_PLAUSIBLE
6972,1139,Gemma 4 4B,Youtube / Way#Way#Back##ONE#NIGHT#ULTIMATE#WEREWOLF##Retro#10 / Game3,run_2,2,Stochastic,with,Contingency,with,58,62,,0,,contiguous,1,"The public discussion heavily focuses suspicion on Laura, with both James and Paul directly accusing her of being a Werewolf.",58-62,NOT_A_CANDIDATE_FORM_OUTSIDE_INVENTORY,,,,,,,True,False,58,62,UNCLEAR
6974,1139,Gemma 4 4B,Youtube / Way#Way#Back##ONE#NIGHT#ULTIMATE#WEREWOLF##Retro#10 / Game3,run_2,2,Stochastic,despite,Comparison,Despite,126,133,,0,,contiguous,2,"Despite the complexity introduced by role swapping (Troublemaker, Robber), the majority of the active participants have converged on Laura as the most probable threat to Team Village.",126-133,NOT_A_CANDIDATE_FORM_OUTSIDE_INVENTORY,,,,,,,True,False,0,7,CLAUSE_INITIAL_PLAUSIBLE
6982,1140,Gemma 4 4B,Youtube / Way#Way#Back##ONE#NIGHT#ULTIMATE#WEREWOLF##Retro#10 / Game4,run_2,2,Stochastic,with,Contingency,with,418,422,,0,,contiguous,4,Targeting Paul aligns with the Village goal of eliminating a suspected Werewolf.,418-422,NOT_A_CANDIDATE_FORM_OUTSIDE_INVENTORY,,,,,,,True,False,22,26,NON_CONNECTIVE_LIKELY
6989,1142,Gemma 4 4B,Youtube / Ye#Olde#Times##ONE#NIGHT#ULTIMATE#WEREWOLF##Retro#8 / Game1,run_2,2,Stochastic,given,Contingency,Given,243,248,,0,,contiguous,3,"Given the strong evidence pointing to Justin and the need for Team Village to eliminate a Werewolf, he is the most logical choice for the vote.",243-248,NOT_A_CANDIDATE_FORM_OUTSIDE_INVENTORY,,,,,,,True,False,0,5,CLAUSE_INITIAL_PLAUSIBLE
7003,1144,Gemma 4 4B,Youtube / Ye#Olde#Times##ONE#NIGHT#ULTIMATE#WEREWOLF##Retro#8 / Game3,run_2,2,Stochastic,particularly,Expansion,particularly,361,373,,0,,contiguous,4,"The majority of the discussion, particularly Mitchell and Eric, focuses on him being the Tanner, which is a high-risk target that Team Village is willing to take to ensure a win.",361-373,NOT_A_CANDIDATE_FORM_OUTSIDE_INVENTORY,,,,,,,True,False,32,44,NON_CONNECTIVE_LIKELY
7005,1144,Gemma 4 4B,Youtube / Ye#Olde#Times##ONE#NIGHT#ULTIMATE#WEREWOLF##Retro#8 / Game3,run_2,2,Stochastic,given,Contingency,Given,508,513,,0,,contiguous,5,"Given the strong consensus to vote against him, he is the most logical choice to eliminate.",508-513,NOT_A_CANDIDATE_FORM_OUTSIDE_INVENTORY,,,,,,,True,False,0,5,CLAUSE_INITIAL_PLAUSIBLE
7011,1145,Gemma 4 4B,Youtube / Ye#Olde#Times##ONE#NIGHT#ULTIMATE#WEREWOLF##Retro#8 / Game4,run_2,2,Stochastic,given,Contingency,Given,457,462,,0,,contiguous,4,"Given the high level of deception, Mike is the most likely Werewolf.",457-462,NOT_A_CANDIDATE_FORM_OUTSIDE_INVENTORY,,,,,,,True,False,0,5,CLAUSE_INITIAL_PLAUSIBLE
7018,1147,Gemma 4 4B,Ego4D / 0a6ef9dc-a2dc-452b-a907-d6fa2ed4cae0 / Game2,run_3,3,Stochastic,given,Contingency,Given,422,427,,0,,contiguous,4,"Given the lack of concrete evidence, Sebastian is chosen as the most suspicious player who is heavily invested in maintaining the integrity of the swap narrative.",422-427,NOT_A_CANDIDATE_FORM_OUTSIDE_INVENTORY,,,,,,,True,False,0,5,CLAUSE_INITIAL_PLAUSIBLE
7024,1149,Gemma 4 4B,Ego4D / 0c2659db-7bd4-4b37-9b08-4e247befe382 / Game5,run_3,3,Stochastic,with,Contingency,with,41,45,,0,,contiguous,1,"The transcript is highly chaotic, filled with role confusion and accusations, making definitive identification impossible.",41-45,NOT_A_CANDIDATE_FORM_OUTSIDE_INVENTORY,,,,,,,True,False,41,45,NON_CONNECTIVE_LIKELY
7031,1149,Gemma 4 4B,Ego4D / 0c2659db-7bd4-4b37-9b08-4e247befe382 / Game5,run_3,3,Stochastic,given,Contingency,Given,365,370,,0,,contiguous,4,"Given the goal is to eliminate a Werewolf, Chris is the most strongly targeted suspect based on the public discussion.",365-370,NOT_A_CANDIDATE_FORM_OUTSIDE_INVENTORY,,,,,,,True,False,0,5,CLAUSE_INITIAL_PLAUSIBLE
7036,1150,Gemma 4 4B,Ego4D / 0c2659db-7bd4-4b37-9b08-4e247befe382 / Game6,run_3,3,Stochastic,given,Contingency,Given,384,389,,0,,contiguous,4,"Given the high level of chaos and conflicting claims, targeting James provides the strongest basis for eliminating a potential threat to Team Village.",384-389,NOT_A_CANDIDATE_FORM_OUTSIDE_INVENTORY,,,,,,,True,False,0,5,CLAUSE_INITIAL_PLAUSIBLE
7041,1151,Gemma 4 4B,Ego4D / 0c2659db-7bd4-4b37-9b08-4e247befe382 / Game7,run_3,3,Stochastic,with,Contingency,with,150,154,,0,,contiguous,1,"Sukeshi made a direct and highly incriminating admission during the discussion, stating, 'Yes, actually I was a fucking werewolf, so whoever switched with me is a werewolf' (Line 48).",150-154,NOT_A_CANDIDATE_FORM_OUTSIDE_INVENTORY,,,,,,,True,False,150,154,NON_CONNECTIVE_LIKELY
7043,1151,Gemma 4 4B,Ego4D / 0c2659db-7bd4-4b37-9b08-4e247befe382 / Game7,run_3,3,Stochastic,given,Contingency,Given,304,309,,0,,contiguous,3,"Given the goal of Team Village is to eliminate a Werewolf, Sukeshi is the most logical target based on this self-incrimination.",304-309,NOT_A_CANDIDATE_FORM_OUTSIDE_INVENTORY,,,,,,,True,False,0,5,CLAUSE_INITIAL_PLAUSIBLE
7051,1152,Gemma 4 4B,Ego4D / 0c2659db-7bd4-4b37-9b08-4e247befe382 / Game8,run_3,3,Stochastic,given,Contingency,Given,446,451,,0,,contiguous,4,"Given the collective momentum of the group, targeting Sian is the most logical move to achieve Team Village's win condition.",446-451,NOT_A_CANDIDATE_FORM_OUTSIDE_INVENTORY,,,,,,,True,False,0,5,CLAUSE_INITIAL_PLAUSIBLE
7062,1154,Gemma 4 4B,Ego4D / 1a0d3e22-a6d6-4723-91a0-52fc2c87d5ce / Game10,run_3,3,Stochastic,with,Contingency,with,245,249,,0,,contiguous,3,"This admission, combined with the fact that he was discussing the possibility of being a Werewolf, makes him a primary target for Team Village.",245-249,NOT_A_CANDIDATE_FORM_OUTSIDE_INVENTORY,,,,,,,True,False,25,29,NON_CONNECTIVE_LIKELY
7066,1154,Gemma 4 4B,Ego4D / 1a0d3e22-a6d6-4723-91a0-52fc2c87d5ce / Game10,run_3,3,Stochastic,with,Contingency,with,482,486,,0,,contiguous,4,"While role swaps complicate the situation, his willingness to admit to potential confusion and his strong association with the Drunk role make him the most likely candidate to be a Werewolf or a compromised player who needs to be eliminated.",482-486,NOT_A_CANDIDATE_FORM_OUTSIDE_INVENTORY,,,,,,,True,False,118,122,NON_CONNECTIVE_LIKELY
7080,1157,Gemma 4 4B,Ego4D / 1a0d3e22-a6d6-4723-91a0-52fc2c87d5ce / Game7,run_3,3,Stochastic,with,Contingency,with,41,45,,0,,contiguous,1,"The discussion has been highly volatile, with several players (Sean, Hunter, Jacob) actively engaging in role identification and confirming card swaps.",41-45,NOT_A_CANDIDATE_FORM_OUTSIDE_INVENTORY,,,,,,,True,False,41,45,CLAUSE_INITIAL_PLAUSIBLE
7089,1158,Gemma 4 4B,Ego4D / 1a0d3e22-a6d6-4723-91a0-52fc2c87d5ce / Game8,run_3,3,Stochastic,with,Contingency,with,165,169,,0,,contiguous,2,"While the discussion is filled with confusion regarding role swaps (Robber, Troublemaker), Hunter's confidence in this identification is reinforced by his statement that 'nobody else opened their eyes' (Line 77).",165-169,NOT_A_CANDIDATE_FORM_OUTSIDE_INVENTORY,,,,,,,True,False,31,35,NON_CONNECTIVE_LIKELY
7091,1158,Gemma 4 4B,Ego4D / 1a0d3e22-a6d6-4723-91a0-52fc2c87d5ce / Game8,run_3,3,Stochastic,given,Contingency,Given,347,352,,0,,contiguous,3,"Given the lack of contradictory evidence or further role revelations, Zack is the most likely candidate for the Werewolf role, making him the primary target for Team Village.",347-352,NOT_A_CANDIDATE_FORM_OUTSIDE_INVENTORY,,,,,,,True,False,0,5,CLAUSE_INITIAL_PLAUSIBLE
7096,1159,Gemma 4 4B,Ego4D / 1a0d3e22-a6d6-4723-91a0-52fc2c87d5ce / Game9,run_3,3,Stochastic,with,Contingency,with,147,151,,0,,contiguous,1,"Jacob has consistently targeted Sean throughout the discussion, presenting a complex theory that Sean is the Robber who subsequently swapped roles with Zack (the alleged Werewolf).",147-151,NOT_A_CANDIDATE_FORM_OUTSIDE_INVENTORY,,,,,,,True,False,147,151,NON_CONNECTIVE_LIKELY
7101,1159,Gemma 4 4B,Ego4D / 1a0d3e22-a6d6-4723-91a0-52fc2c87d5ce / Game9,run_3,3,Stochastic,given,Contingency,Given,370,375,,0,,contiguous,3,"Given the goal of Team Village is to eliminate a Werewolf, and Sean is the primary suspect in the most detailed accusation, he represents the highest probability target.",370-375,NOT_A_CANDIDATE_FORM_OUTSIDE_INVENTORY,,,,,,,True,False,0,5,CLAUSE_INITIAL_PLAUSIBLE
7105,1160,Gemma 4 4B,Ego4D / 2ba4023c-a8bf-43ad-ad5a-80ba222ce990 / Game10,run_3,3,Stochastic,despite,Comparison,Despite,253,260,,0,,contiguous,3,"Despite his claims of being the Troublemaker, he is the primary target of accusations regarding being a Werewolf, suggesting he is actively manipulating the narrative.",253-260,NOT_A_CANDIDATE_FORM_OUTSIDE_INVENTORY,,,,,,,True,False,0,7,CLAUSE_INITIAL_PLAUSIBLE
7106,1160,Gemma 4 4B,Ego4D / 2ba4023c-a8bf-43ad-ad5a-80ba222ce990 / Game10,run_3,3,Stochastic,given,Contingency,Given,421,426,,0,,contiguous,4,"Given the high level of role confusion, targeting the player who is most focused on deflecting blame is the safest bet for Team Village.",421-426,NOT_A_CANDIDATE_FORM_OUTSIDE_INVENTORY,,,,,,,True,False,0,5,CLAUSE_INITIAL_PLAUSIBLE
7115,1162,Gemma 4 4B,Ego4D / 2ba4023c-a8bf-43ad-ad5a-80ba222ce990 / Game7,run_3,3,Stochastic,with,Contingency,with,36,40,,0,,contiguous,1,"The discussion transcript is filled with speculation regarding complex role swaps (Robber, Troublemaker, Drunk) and accusations, but it provides no concrete, verifiable evidence of who holds the Werewolf card.",36-40,NOT_A_CANDIDATE_FORM_OUTSIDE_INVENTORY,,,,,,,True,False,36,40,NON_CONNECTIVE_LIKELY
7132,1164,Gemma 4 4B,Ego4D / 2ba4023c-a8bf-43ad-ad5a-80ba222ce990 / Game9,run_3,3,Stochastic,eventually,Temporal,eventually,200,210,,0,,contiguous,2,"Both Clint and Margaret eventually accuse Tyler of being the Werewolf, with Margaret making a definitive statement in the final moments.",200-210,NOT_A_CANDIDATE_FORM_OUTSIDE_INVENTORY,,,,,,,True,False,24,34,NON_CONNECTIVE_LIKELY
7133,1164,Gemma 4 4B,Ego4D / 2ba4023c-a8bf-43ad-ad5a-80ba222ce990 / Game9,run_3,3,Stochastic,with,Contingency,with,247,251,,0,,contiguous,2,"Both Clint and Margaret eventually accuse Tyler of being the Werewolf, with Margaret making a definitive statement in the final moments.",247-251,NOT_A_CANDIDATE_FORM_OUTSIDE_INVENTORY,,,,,,,True,False,71,75,UNCLEAR
7143,1165,Gemma 4 4B,Ego4D / 324bccd2-adff-4e9a-8ff4-03491e144ac3 / Game1,run_3,3,Stochastic,given,Contingency,Given,381,386,,0,,contiguous,3,"Given the lack of concrete information regarding who holds the Werewolf role, it is impossible to confidently select a target to ensure Team Village wins.",381-386,NOT_A_CANDIDATE_FORM_OUTSIDE_INVENTORY,,,,,,,True,False,0,5,CLAUSE_INITIAL_PLAUSIBLE
7150,1166,Gemma 4 4B,Ego4D / 324bccd2-adff-4e9a-8ff4-03491e144ac3 / Game2,run_3,3,Stochastic,given,Contingency,Given,342,347,,0,,contiguous,3,"Given the direct and repeated accusations, Hunter is the most likely candidate for a Werewolf.",342-347,NOT_A_CANDIDATE_FORM_OUTSIDE_INVENTORY,,,,,,,True,False,0,5,CLAUSE_INITIAL_PLAUSIBLE
7157,1167,Gemma 4 4B,Ego4D / 324bccd2-adff-4e9a-8ff4-03491e144ac3 / Game3,run_3,3,Stochastic,given,Contingency,Given,354,359,,0,,contiguous,3,"Given the lack of definitive identification of a Werewolf, targeting the player most associated with manipulation and deception is the best strategy for Team Village.",354-359,NOT_A_CANDIDATE_FORM_OUTSIDE_INVENTORY,,,,,,,True,False,0,5,CLAUSE_INITIAL_PLAUSIBLE
7158,1167,Gemma 4 4B,Ego4D / 324bccd2-adff-4e9a-8ff4-03491e144ac3 / Game3,run_3,3,Stochastic,with,Contingency,with,450,454,,0,,contiguous,3,"Given the lack of definitive identification of a Werewolf, targeting the player most associated with manipulation and deception is the best strategy for Team Village.",450-454,NOT_A_CANDIDATE_FORM_OUTSIDE_INVENTORY,,,,,,,True,False,96,100,NON_CONNECTIVE_LIKELY
7176,1169,Gemma 4 4B,Ego4D / 324bccd2-adff-4e9a-8ff4-03491e144ac3 / Game5,run_3,3,Stochastic,with,Contingency,with,248,252,,0,,contiguous,2,"Although he later claimed his card was swapped and that he was a Villager, this initial admission strongly suggests he was aligned with Team Werewolf at some point.",248-252,NOT_A_CANDIDATE_FORM_OUTSIDE_INVENTORY,,,,,,,True,False,131,135,NON_CONNECTIVE_LIKELY
7177,1169,Gemma 4 4B,Ego4D / 324bccd2-adff-4e9a-8ff4-03491e144ac3 / Game5,run_3,3,Stochastic,given that,Contingency,Given that,282,292,,0,,contiguous,3,"Given that Team Village wins only by eliminating a Werewolf, targeting the player who confessed to being one, even if they changed roles, is the most logical move.",282-292,NOT_A_CANDIDATE_FORM_OUTSIDE_INVENTORY,,,,,,,True,False,0,10,CLAUSE_INITIAL_PLAUSIBLE
7184,1170,Gemma 4 4B,Ego4D / 3ba069be-60fa-47fc-bd7b-f85bf649a5bd / Game1,run_3,3,Stochastic,given,Contingency,Given,313,318,,0,,contiguous,4,"Given her confirmed alignment with Team Werewolf and her role as the primary source of information regarding the Werewolf's location, she is the most logical target for Team Village to eliminate.",313-318,NOT_A_CANDIDATE_FORM_OUTSIDE_INVENTORY,,,,,,,True,False,0,5,CLAUSE_INITIAL_PLAUSIBLE
7185,1170,Gemma 4 4B,Ego4D / 3ba069be-60fa-47fc-bd7b-f85bf649a5bd / Game1,run_3,3,Stochastic,with,Contingency,with,343,347,,0,,contiguous,4,"Given her confirmed alignment with Team Werewolf and her role as the primary source of information regarding the Werewolf's location, she is the most logical target for Team Village to eliminate.",343-347,NOT_A_CANDIDATE_FORM_OUTSIDE_INVENTORY,,,,,,,True,False,30,34,NON_CONNECTIVE_LIKELY
7190,1171,Gemma 4 4B,Ego4D / 3ba069be-60fa-47fc-bd7b-f85bf649a5bd / Game2,run_3,3,Stochastic,with,Contingency,with,180,184,,0,,contiguous,2,"The Minion role is a member of Team Werewolf, meaning Kaelan is aligned with the opposing team.",180-184,NOT_A_CANDIDATE_FORM_OUTSIDE_INVENTORY,,,,,,,True,False,72,76,NON_CONNECTIVE_LIKELY
7198,1172,Gemma 4 4B,Ego4D / 3ba069be-60fa-47fc-bd7b-f85bf649a5bd / Game3,run_3,3,Stochastic,upon,Temporal,upon,245,249,,0,,contiguous,2,"While roles can change and players may lie, this is the strongest piece of evidence presented in the transcript for Team Village to act upon.",245-249,NOT_A_CANDIDATE_FORM_OUTSIDE_INVENTORY,,,,,,,True,False,136,140,NON_CONNECTIVE_LIKELY
7211,1174,Gemma 4 4B,Ego4D / 3ba069be-60fa-47fc-bd7b-f85bf649a5bd / Game5,run_3,3,Stochastic,with,Contingency,with,406,410,,0,,contiguous,4,"Therefore, targeting Daniel aligns with the goal of eliminating the most suspected threat to Team Village.",406-410,NOT_A_CANDIDATE_FORM_OUTSIDE_INVENTORY,,,,,,,True,False,35,39,NON_CONNECTIVE_LIKELY
7222,1176,Gemma 4 4B,Ego4D / 62c4bc58-3776-4791-ac30-4c9ca5619503 / Game10,run_3,3,Stochastic,given,Contingency,Given,279,284,,0,,contiguous,3,"Given the ambiguity and lack of actionable intelligence, it is impossible to confidently select a player for elimination.",279-284,NOT_A_CANDIDATE_FORM_OUTSIDE_INVENTORY,,,,,,,True,False,0,5,CLAUSE_INITIAL_PLAUSIBLE
7234,1178,Gemma 4 4B,Ego4D / 62c4bc58-3776-4791-ac30-4c9ca5619503 / Game12,run_3,3,Stochastic,given,Contingency,Given,303,308,,0,,contiguous,3,"Given the lack of actionable evidence pointing to a specific Werewolf, I cannot confidently choose a player to eliminate.",303-308,NOT_A_CANDIDATE_FORM_OUTSIDE_INVENTORY,,,,,,,True,False,0,5,CLAUSE_INITIAL_PLAUSIBLE
7241,1180,Gemma 4 4B,Ego4D / 62c4bc58-3776-4791-ac30-4c9ca5619503 / Game8,run_3,3,Stochastic,with,Contingency,with,234,238,,0,,contiguous,2,"Jessica, who claims to be the Minion, asserts that the Werewolves are in the middle, which aligns with the win condition for Team Village if no Werewolves are among the players.",234-238,NOT_A_CANDIDATE_FORM_OUTSIDE_INVENTORY,,,,,,,True,False,98,102,NON_CONNECTIVE_LIKELY
7245,1180,Gemma 4 4B,Ego4D / 62c4bc58-3776-4791-ac30-4c9ca5619503 / Game8,run_3,3,Stochastic,given,Contingency,Given,409,414,,0,,contiguous,4,"Given the lack of concrete evidence pointing to a specific player as a Werewolf, the most strategic move for Team Village to secure a win is to conclude that no Werewolf is present among the players.",409-414,NOT_A_CANDIDATE_FORM_OUTSIDE_INVENTORY,,,,,,,True,False,0,5,CLAUSE_INITIAL_PLAUSIBLE
7270,1184,Gemma 4 4B,Ego4D / 698f6bbe-4347-4a06-bd5d-3482f5e4fbbe / Game2,run_3,3,Stochastic,given,Contingency,given,284,289,,0,,contiguous,2,"While the Tanner role is a possibility, the consensus among several players (e.g., Ashley, Elliot) leans heavily toward her being the Werewolf, especially given her quiet demeanor which is interpreted as suspicious behavior.",284-289,NOT_A_CANDIDATE_FORM_OUTSIDE_INVENTORY,,,,,,,True,False,155,160,NON_CONNECTIVE_LIKELY
7284,1186,Gemma 4 4B,Youtube / Flashback##ONE#NIGHT#ULTIMATE#WEREWOLF##Retro#9 / Game1,run_3,3,Stochastic,with,Contingency,with,90,94,,0,,contiguous,1,"Mitchell is the primary target of suspicion throughout the latter half of the discussion, with both James and Paul actively targeting him.",90-94,NOT_A_CANDIDATE_FORM_OUTSIDE_INVENTORY,,,,,,,True,False,90,94,UNCLEAR
7289,1186,Gemma 4 4B,Youtube / Flashback##ONE#NIGHT#ULTIMATE#WEREWOLF##Retro#9 / Game1,run_3,3,Stochastic,given,Contingency,Given,383,388,,0,,contiguous,4,"Given the strong collective suspicion and Mitchell's evasive defense, he represents the most likely Werewolf candidate to eliminate.",383-388,NOT_A_CANDIDATE_FORM_OUTSIDE_INVENTORY,,,,,,,True,False,0,5,CLAUSE_INITIAL_PLAUSIBLE
7299,1188,Gemma 4 4B,Youtube / Flashback##ONE#NIGHT#ULTIMATE#WEREWOLF##Retro#9 / Game3,run_3,3,Stochastic,despite,Comparison,despite,115,122,,0,,contiguous,1,"James was the first player identified as a Werewolf during the initial night phase, making him the primary suspect despite later claims of role swaps.",115-122,NOT_A_CANDIDATE_FORM_OUTSIDE_INVENTORY,,,,,,,True,False,115,122,NON_CONNECTIVE_LIKELY
7304,1188,Gemma 4 4B,Youtube / Flashback##ONE#NIGHT#ULTIMATE#WEREWOLF##Retro#9 / Game3,run_3,3,Stochastic,given,Contingency,Given,361,366,,0,,contiguous,3,"Given the strong initial evidence and the persistent suspicion surrounding his behavior, James is the most logical target for Team Village to eliminate.",361-366,NOT_A_CANDIDATE_FORM_OUTSIDE_INVENTORY,,,,,,,True,False,0,5,CLAUSE_INITIAL_PLAUSIBLE
7308,1189,Gemma 4 4B,Youtube / Flashback##ONE#NIGHT#ULTIMATE#WEREWOLF##Retro#9 / Game4,run_3,3,Stochastic,without,Contingency,without,154,161,,0,,contiguous,1,"Justin exhibits highly suspicious behavior throughout the discussion, constantly focusing on the mechanics of role swaps and admitting to switching cards without naming targets.",154-161,NOT_A_CANDIDATE_FORM_OUTSIDE_INVENTORY,,,,,,,True,False,154,161,NON_CONNECTIVE_LIKELY
7310,1189,Gemma 4 4B,Youtube / Flashback##ONE#NIGHT#ULTIMATE#WEREWOLF##Retro#9 / Game4,run_3,3,Stochastic,with,Contingency,with,307,311,,0,,contiguous,2,"This pattern of narrative control and deflection is typical of a player attempting to conceal their true alignment, which aligns with a Werewolf or Troublemaker role.",307-311,NOT_A_CANDIDATE_FORM_OUTSIDE_INVENTORY,,,,,,,True,False,129,133,NON_CONNECTIVE_LIKELY
7328,1192,Gemma 4 4B,Youtube / One#Night#Ultimate#Love#Letter##ONE#NIGHT#ULTIMATE#WEREWOLF / Game3,run_3,3,Stochastic,with,Contingency,with,455,459,,0,,contiguous,4,"To ensure Team Village wins, the most logical choice is to eliminate the player who confirmed their alignment with Team Werewolf.",455-459,NOT_A_CANDIDATE_FORM_OUTSIDE_INVENTORY,,,,,,,True,False,110,114,NON_CONNECTIVE_LIKELY
7336,1193,Gemma 4 4B,Youtube / One#Night#Ultimate#Love#Letter##ONE#NIGHT#ULTIMATE#WEREWOLF / Game7,run_3,3,Stochastic,given,Contingency,Given,313,318,,0,,contiguous,4,"Given the high stakes of the game, his active attempts at misdirection and role manipulation suggest he is either a Werewolf or a highly effective agent of chaos, making him the most logical choice for Team Village to eliminate.",313-318,NOT_A_CANDIDATE_FORM_OUTSIDE_INVENTORY,,,,,,,True,False,0,5,CLAUSE_INITIAL_PLAUSIBLE
7340,1194,Gemma 4 4B,Youtube / ONE#NIGHT#ULTIMATE#WEREWOLF##Retro#1 / Game1,run_3,3,Stochastic,despite,Comparison,Despite,92,99,,0,,contiguous,2,"Despite his claim, Alvin immediately accused him of being the Werewolf, and this accusation gained significant support from James and Justin.",92-99,NOT_A_CANDIDATE_FORM_OUTSIDE_INVENTORY,,,,,,,True,False,0,7,CLAUSE_INITIAL_PLAUSIBLE
7343,1194,Gemma 4 4B,Youtube / ONE#NIGHT#ULTIMATE#WEREWOLF##Retro#1 / Game1,run_3,3,Stochastic,given,Contingency,Given,369,374,,0,,contiguous,4,"Given the strong consensus and the need to eliminate a Werewolf for Team Village to win, Mitchell is the most logical target.",369-374,NOT_A_CANDIDATE_FORM_OUTSIDE_INVENTORY,,,,,,,True,False,0,5,CLAUSE_INITIAL_PLAUSIBLE
7346,1195,Gemma 4 4B,Youtube / ONE#NIGHT#ULTIMATE#WEREWOLF##Retro#1 / Game10,run_3,3,Stochastic,with,Contingency,with,70,74,,0,,contiguous,1,"Justin is the most heavily targeted player throughout the discussion, with multiple players (Alvin, James, and Mitchell) repeatedly accusing him of being a Werewolf.",70-74,NOT_A_CANDIDATE_FORM_OUTSIDE_INVENTORY,,,,,,,True,False,70,74,CLAUSE_INITIAL_PLAUSIBLE
7348,1195,Gemma 4 4B,Youtube / ONE#NIGHT#ULTIMATE#WEREWOLF##Retro#1 / Game10,run_3,3,Stochastic,despite,Comparison,Despite,166,173,,0,,contiguous,2,"Despite his attempts to deflect suspicion and engage in role confusion, the consensus among the participants leans toward him being the threat.",166-173,NOT_A_CANDIDATE_FORM_OUTSIDE_INVENTORY,,,,,,,True,False,0,7,CLAUSE_INITIAL_PLAUSIBLE
7354,1195,Gemma 4 4B,Youtube / ONE#NIGHT#ULTIMATE#WEREWOLF##Retro#1 / Game10,run_3,3,Stochastic,with,Contingency,with,447,451,,0,,contiguous,3,"While Mitchell is also accused, the discussion suggests Mitchell might be the Tanner, whereas Justin's claims and behavior align closely with typical Werewolf deception.",447-451,NOT_A_CANDIDATE_FORM_OUTSIDE_INVENTORY,,,,,,,True,False,137,141,NON_CONNECTIVE_LIKELY
7358,1196,Gemma 4 4B,Youtube / ONE#NIGHT#ULTIMATE#WEREWOLF##Retro#1 / Game2,run_3,3,Stochastic,given,Contingency,Given,384,389,,0,,contiguous,4,"Given the high stakes, targeting the player who openly admitted to being the Werewolf, regardless of whether they are lying, is the strongest strategic move for Team Village.",384-389,NOT_A_CANDIDATE_FORM_OUTSIDE_INVENTORY,,,,,,,True,False,0,5,CLAUSE_INITIAL_PLAUSIBLE
7365,1197,Gemma 4 4B,Youtube / ONE#NIGHT#ULTIMATE#WEREWOLF##Retro#1 / Game3,run_3,3,Stochastic,despite,Comparison,Despite,254,261,,0,,contiguous,3,"Despite some initial skepticism regarding Alvin's motives, the discussion quickly coalesced around Justin as the prime suspect.",254-261,NOT_A_CANDIDATE_FORM_OUTSIDE_INVENTORY,,,,,,,True,False,0,7,CLAUSE_INITIAL_PLAUSIBLE
7367,1197,Gemma 4 4B,Youtube / ONE#NIGHT#ULTIMATE#WEREWOLF##Retro#1 / Game3,run_3,3,Stochastic,given,Contingency,Given,382,387,,0,,contiguous,4,"Given the weight of the evidence presented by the self-proclaimed Seer and the subsequent agreement among the players, Justin is the most logical choice for Team Village to eliminate.",382-387,NOT_A_CANDIDATE_FORM_OUTSIDE_INVENTORY,,,,,,,True,False,0,5,CLAUSE_INITIAL_PLAUSIBLE
7386,1199,Gemma 4 4B,Youtube / ONE#NIGHT#ULTIMATE#WEREWOLF##Retro#1 / Game5,run_3,3,Stochastic,given,Contingency,Given,449,454,,0,,contiguous,4,"Given the strong consensus among James and Alvin in the final moments, Mitchell presents the highest probability of being a Werewolf.",449-454,NOT_A_CANDIDATE_FORM_OUTSIDE_INVENTORY,,,,,,,True,False,0,5,CLAUSE_INITIAL_PLAUSIBLE
7395,1200,Gemma 4 4B,Youtube / ONE#NIGHT#ULTIMATE#WEREWOLF##Retro#1 / Game6,run_3,3,Stochastic,given,Contingency,Given,396,401,,0,,contiguous,4,"Given the pressure to eliminate a threat, voting out Justin aligns with the strongest prevailing suspicion in the public discussion.",396-401,NOT_A_CANDIDATE_FORM_OUTSIDE_INVENTORY,,,,,,,True,False,0,5,CLAUSE_INITIAL_PLAUSIBLE
7396,1200,Gemma 4 4B,Youtube / ONE#NIGHT#ULTIMATE#WEREWOLF##Retro#1 / Game6,run_3,3,Stochastic,with,Contingency,with,463,467,,0,,contiguous,4,"Given the pressure to eliminate a threat, voting out Justin aligns with the strongest prevailing suspicion in the public discussion.",463-467,NOT_A_CANDIDATE_FORM_OUTSIDE_INVENTORY,,,,,,,True,False,67,71,NON_CONNECTIVE_LIKELY
7399,1201,Gemma 4 4B,Youtube / ONE#NIGHT#ULTIMATE#WEREWOLF##Retro#1 / Game7,run_3,3,Stochastic,upon,Temporal,upon,203,207,,0,,contiguous,3,"While there is suspicion cast upon Justin, the direct confirmation of James's role makes him the most immediate and certain target for Team Village.",203-207,NOT_A_CANDIDATE_FORM_OUTSIDE_INVENTORY,,,,,,,True,False,30,34,NON_CONNECTIVE_LIKELY
7408,1202,Gemma 4 4B,Youtube / ONE#NIGHT#ULTIMATE#WEREWOLF##Retro#1 / Game8,run_3,3,Stochastic,with,Contingency,with,431,435,,0,,contiguous,4,Targeting Justin aligns with the Village goal of eliminating a confirmed or highly suspected Werewolf.,431-435,NOT_A_CANDIDATE_FORM_OUTSIDE_INVENTORY,,,,,,,True,False,24,28,NON_CONNECTIVE_LIKELY
7410,1203,Gemma 4 4B,Youtube / ONE#NIGHT#ULTIMATE#WEREWOLF##Retro#1 / Game9,run_3,3,Stochastic,particularly,Expansion,particularly,62,74,,0,,contiguous,1,"The discussion quickly devolved into conflicting role claims, particularly between Justin and Mitchell, who both claimed the Seer role.",62-74,NOT_A_CANDIDATE_FORM_OUTSIDE_INVENTORY,,,,,,,True,False,62,74,NON_CONNECTIVE_LIKELY
7413,1203,Gemma 4 4B,Youtube / ONE#NIGHT#ULTIMATE#WEREWOLF##Retro#1 / Game9,run_3,3,Stochastic,with,Contingency,with,190,194,,0,,contiguous,2,"However, Mitchell is the primary target of suspicion, with both James and Alvin repeatedly accusing him of being the Werewolf or the Tanner.",190-194,NOT_A_CANDIDATE_FORM_OUTSIDE_INVENTORY,,,,,,,True,False,54,58,UNCLEAR
7420,1203,Gemma 4 4B,Youtube / ONE#NIGHT#ULTIMATE#WEREWOLF##Retro#1 / Game9,run_3,3,Stochastic,given,Contingency,Given,418,423,,0,,contiguous,4,"Given the need to eliminate a Werewolf for Team Village to win, Mitchell is the most strongly implicated player based on the public discourse.",418-423,NOT_A_CANDIDATE_FORM_OUTSIDE_INVENTORY,,,,,,,True,False,0,5,CLAUSE_INITIAL_PLAUSIBLE
7429,1204,Gemma 4 4B,Youtube / ONE#NIGHT#ULTIMATE#WEREWOLF##Retro#2 / Game1,run_3,3,Stochastic,given,Contingency,Given,427,432,,0,,contiguous,4,"Given his attempts to control the flow of information and his contradictory statements, he is the most likely candidate to be a Werewolf.",427-432,NOT_A_CANDIDATE_FORM_OUTSIDE_INVENTORY,,,,,,,True,False,0,5,CLAUSE_INITIAL_PLAUSIBLE
7435,1205,Gemma 4 4B,Youtube / ONE#NIGHT#ULTIMATE#WEREWOLF##Retro#2 / Game2,run_3,3,Stochastic,particularly,Expansion,particularly,218,230,,0,,contiguous,2,"However, Justin and Mitchell display an unusually high degree of synchronized enthusiasm and agreement, particularly when discussing the concept of working together as 'werewolves' (lines 53-57).",218-230,NOT_A_CANDIDATE_FORM_OUTSIDE_INVENTORY,,,,,,,True,False,104,116,NON_CONNECTIVE_LIKELY
7447,1206,Gemma 4 4B,Youtube / ONE#NIGHT#ULTIMATE#WEREWOLF##Retro#2 / Game3,run_3,3,Stochastic,with,Contingency,with,244,248,,0,,contiguous,3,"Furthermore, Justin's response to the accusation—stating 'I'd agree with that' [64]—is highly suspicious behavior for a non-Werewolf player, as it suggests either extreme deflection or confirmation of guilt.",244-248,NOT_A_CANDIDATE_FORM_OUTSIDE_INVENTORY,,,,,,,True,False,68,72,NON_CONNECTIVE_LIKELY
7451,1206,Gemma 4 4B,Youtube / ONE#NIGHT#ULTIMATE#WEREWOLF##Retro#2 / Game3,run_3,3,Stochastic,given,Contingency,Given,384,389,,0,,contiguous,4,"Given the direct and consistent targeting by a player actively investigating roles, Justin is the most likely Werewolf to eliminate to ensure Team Village's victory.",384-389,NOT_A_CANDIDATE_FORM_OUTSIDE_INVENTORY,,,,,,,True,False,0,5,CLAUSE_INITIAL_PLAUSIBLE
7459,1207,Gemma 4 4B,Youtube / ONE#NIGHT#ULTIMATE#WEREWOLF##Retro#2 / Game4,run_3,3,Stochastic,given,Contingency,Given,457,462,,0,,contiguous,4,"Given the direct and repeated accusations, Mike is the most probable target to eliminate for Team Village.",457-462,NOT_A_CANDIDATE_FORM_OUTSIDE_INVENTORY,,,,,,,True,False,0,5,CLAUSE_INITIAL_PLAUSIBLE
7466,1208,Gemma 4 4B,Youtube / ONE#NIGHT#ULTIMATE#WEREWOLF##Retro#2 / Game5,run_3,3,Stochastic,given,Contingency,Given,337,342,,0,,contiguous,4,"Given this accumulated evidence and the goal of eliminating a Werewolf, Justin is the most logical choice for the vote.",337-342,NOT_A_CANDIDATE_FORM_OUTSIDE_INVENTORY,,,,,,,True,False,0,5,CLAUSE_INITIAL_PLAUSIBLE
7471,1209,Gemma 4 4B,Youtube / ONE#NIGHT#ULTIMATE#WEREWOLF##Retro#2 / Game6,run_3,3,Stochastic,with,Contingency,with,220,224,,0,,contiguous,2,"However, Mitchell is the most frequently accused player of being a Werewolf, with Caitlynn directly accusing him in the final moments (158).",220-224,NOT_A_CANDIDATE_FORM_OUTSIDE_INVENTORY,,,,,,,True,False,77,81,UNCLEAR
7474,1209,Gemma 4 4B,Youtube / ONE#NIGHT#ULTIMATE#WEREWOLF##Retro#2 / Game6,run_3,3,Stochastic,given,Contingency,Given,477,482,,0,,contiguous,4,"Given the need to eliminate a Werewolf to secure a Village victory, Mitchell is the most logical target based on the public accusations.",477-482,NOT_A_CANDIDATE_FORM_OUTSIDE_INVENTORY,,,,,,,True,False,0,5,CLAUSE_INITIAL_PLAUSIBLE
7480,1210,Gemma 4 4B,Youtube / ONE#NIGHT#ULTIMATE#WEREWOLF##Retro#2 / Game7,run_3,3,Stochastic,given,Contingency,Given,446,451,,0,,contiguous,4,"Given the high level of deception and the constant shifting of his identity, Justin is the most suspicious player to eliminate to maximize Team Village's chances.",446-451,NOT_A_CANDIDATE_FORM_OUTSIDE_INVENTORY,,,,,,,True,False,0,5,CLAUSE_INITIAL_PLAUSIBLE
7490,1212,Gemma 4 4B,Youtube / ONE#NIGHT#ULTIMATE#WEREWOLF##Retro#3 / Game2,run_3,3,Stochastic,despite,Comparison,despite,215,222,,0,,contiguous,2,"Both Justin and James repeatedly accuse Mike of being a Werewolf, despite Mike's vehement denials.",215-222,NOT_A_CANDIDATE_FORM_OUTSIDE_INVENTORY,,,,,,,True,False,66,73,UNCLEAR
7493,1212,Gemma 4 4B,Youtube / ONE#NIGHT#ULTIMATE#WEREWOLF##Retro#3 / Game2,run_3,3,Stochastic,with,Contingency,with,293,297,,0,,contiguous,3,"While the conversation is chaotic and filled with conflicting information, Mike is the most consistently targeted player, making him the most logical choice for Team Village to eliminate to maximize their chances of winning.",293-297,NOT_A_CANDIDATE_FORM_OUTSIDE_INVENTORY,,,,,,,True,False,45,49,NON_CONNECTIVE_LIKELY
7500,1213,Gemma 4 4B,Youtube / ONE#NIGHT#ULTIMATE#WEREWOLF##Retro#3 / Game3,run_3,3,Stochastic,given,Contingency,Given,263,268,,0,,contiguous,3,"Given the lack of concrete evidence regarding any player's true role, targeting the player who is currently the subject of the most intense suspicion is the most logical strategy to maximize the chance of eliminating a Werewolf.",263-268,NOT_A_CANDIDATE_FORM_OUTSIDE_INVENTORY,,,,,,,True,False,0,5,CLAUSE_INITIAL_PLAUSIBLE
7512,1215,Gemma 4 4B,Youtube / ONE#NIGHT#ULTIMATE#WEREWOLF##Retro#3 / Game5,run_3,3,Stochastic,with,Contingency,with,326,330,,0,,contiguous,3,"This rapid and extreme shift in identity is a classic sign of deception, especially when combined with his initial claims of being a Werewolf.",326-330,NOT_A_CANDIDATE_FORM_OUTSIDE_INVENTORY,,,,,,,True,False,98,102,NON_CONNECTIVE_LIKELY
7513,1215,Gemma 4 4B,Youtube / ONE#NIGHT#ULTIMATE#WEREWOLF##Retro#3 / Game5,run_3,3,Stochastic,given that,Contingency,Given that,371,381,,0,,contiguous,4,"Given that Team Village must eliminate a Werewolf, Mitchell's inconsistent narrative makes him the prime target for elimination.",371-381,NOT_A_CANDIDATE_FORM_OUTSIDE_INVENTORY,,,,,,,True,False,0,10,CLAUSE_INITIAL_PLAUSIBLE
7519,1216,Gemma 4 4B,Youtube / ONE#NIGHT#ULTIMATE#WEREWOLF##Retro#3 / Game6,run_3,3,Stochastic,given,Contingency,Given,286,291,,0,,contiguous,3,"Given the strong consensus among several players that he is a Werewolf, he represents the highest probability target for Team Village to secure a win.",286-291,NOT_A_CANDIDATE_FORM_OUTSIDE_INVENTORY,,,,,,,True,False,0,5,CLAUSE_INITIAL_PLAUSIBLE
7523,1217,Gemma 4 4B,Youtube / ONE#NIGHT#ULTIMATE#WEREWOLF##Retro#3 / Game7,run_3,3,Stochastic,despite,Comparison,despite,191,198,,0,,contiguous,2,"James and Mike repeatedly assert that Mitchell is the Werewolf, despite Mitchell's claims of being the Tanner.",191-198,NOT_A_CANDIDATE_FORM_OUTSIDE_INVENTORY,,,,,,,True,False,64,71,UNCLEAR
7529,1217,Gemma 4 4B,Youtube / ONE#NIGHT#ULTIMATE#WEREWOLF##Retro#3 / Game7,run_3,3,Stochastic,with,Contingency,with,503,507,,0,,contiguous,4,Voting for Mitchell aligns with the strongest narrative presented in the transcript.,503-507,NOT_A_CANDIDATE_FORM_OUTSIDE_INVENTORY,,,,,,,True,False,27,31,NON_CONNECTIVE_LIKELY
7533,1218,Gemma 4 4B,Youtube / ONE#NIGHT#ULTIMATE#WEREWOLF##Retro#3 / Game8,run_3,3,Stochastic,given,Contingency,Given,402,407,,0,,contiguous,4,"Given the goal is to eliminate a Werewolf, targeting the player who claims to have identified them is the most logical strategic move.",402-407,NOT_A_CANDIDATE_FORM_OUTSIDE_INVENTORY,,,,,,,True,False,0,5,CLAUSE_INITIAL_PLAUSIBLE
7540,1219,Gemma 4 4B,Youtube / ONE#NIGHT#ULTIMATE#WEREWOLF##Retro#4 / Game10,run_3,3,Stochastic,given,Contingency,Given,516,521,,0,,contiguous,4,"Given the high level of tension and the focus on eliminating a suspect, Mitchell is the most logical choice based on the public narrative.",516-521,NOT_A_CANDIDATE_FORM_OUTSIDE_INVENTORY,,,,,,,True,False,0,5,CLAUSE_INITIAL_PLAUSIBLE
7554,1222,Gemma 4 4B,Youtube / ONE#NIGHT#ULTIMATE#WEREWOLF##Retro#4 / Game4,run_3,3,Stochastic,given,Contingency,Given,350,355,,0,,contiguous,3,"Given the strong consensus among several players (James, Mike, Justin) to eliminate him, and his evasive nature when questioned, he represents the highest probability threat to Team Village.",350-355,NOT_A_CANDIDATE_FORM_OUTSIDE_INVENTORY,,,,,,,True,False,0,5,CLAUSE_INITIAL_PLAUSIBLE
7560,1223,Gemma 4 4B,Youtube / ONE#NIGHT#ULTIMATE#WEREWOLF##Retro#4 / Game5,run_3,3,Stochastic,despite,Comparison,Despite,283,290,,0,,contiguous,4,"Despite some players suggesting other targets (like James), the confirmed identity of Justin as a Werewolf makes him the logical choice to ensure Team Village's victory.",283-290,NOT_A_CANDIDATE_FORM_OUTSIDE_INVENTORY,,,,,,,True,False,0,7,CLAUSE_INITIAL_PLAUSIBLE
7565,1224,Gemma 4 4B,Youtube / ONE#NIGHT#ULTIMATE#WEREWOLF##Retro#4 / Game6,run_3,3,Stochastic,given,Contingency,Given,425,430,,0,,contiguous,4,"Given the evidence of role manipulation and direct involvement with Werewolf cards, Mitchell is the prime target for elimination.",425-430,NOT_A_CANDIDATE_FORM_OUTSIDE_INVENTORY,,,,,,,True,False,0,5,CLAUSE_INITIAL_PLAUSIBLE
7567,1224,Gemma 4 4B,Youtube / ONE#NIGHT#ULTIMATE#WEREWOLF##Retro#4 / Game6,run_3,3,Stochastic,with,Contingency,with,488,492,,0,,contiguous,4,"Given the evidence of role manipulation and direct involvement with Werewolf cards, Mitchell is the prime target for elimination.",488-492,NOT_A_CANDIDATE_FORM_OUTSIDE_INVENTORY,,,,,,,True,False,63,67,NON_CONNECTIVE_LIKELY
7583,1227,Gemma 4 4B,Youtube / ONE#NIGHT#ULTIMATE#WEREWOLF##Retro#5 / Game1,run_3,3,Stochastic,with,Contingency,with,71,75,,0,,contiguous,1,"Mitchell is the most suspicious player, exhibiting behavior consistent with a Werewolf attempting to stall the game.",71-75,NOT_A_CANDIDATE_FORM_OUTSIDE_INVENTORY,,,,,,,True,False,71,75,NON_CONNECTIVE_LIKELY
7597,1228,Gemma 4 4B,Youtube / ONE#NIGHT#ULTIMATE#WEREWOLF##Retro#5 / Game2,run_3,3,Stochastic,given,Contingency,Given,441,446,,0,,contiguous,4,"Given the high level of conflict and accusations, it is safest to target the player who is most actively trying to control the perceived reality of the game.",441-446,NOT_A_CANDIDATE_FORM_OUTSIDE_INVENTORY,,,,,,,True,False,0,5,CLAUSE_INITIAL_PLAUSIBLE
7604,1229,Gemma 4 4B,Youtube / ONE#NIGHT#ULTIMATE#WEREWOLF##Retro#5 / Game3,run_3,3,Stochastic,given,Contingency,Given,392,397,,0,,contiguous,4,"Given Paul's insistence on his own Werewolf status and his attempts to discredit the Seer's findings, he is the primary target for elimination.",392-397,NOT_A_CANDIDATE_FORM_OUTSIDE_INVENTORY,,,,,,,True,False,0,5,CLAUSE_INITIAL_PLAUSIBLE
7626,1232,Gemma 4 4B,Youtube / ONE#NIGHT#ULTIMATE#WEREWOLF##Retro#5 / Game6,run_3,3,Stochastic,despite,Comparison,despite,361,368,,0,,contiguous,3,"Mitchell's final statement strongly suggests that Paul remains the Werewolf, despite the role-swapping drama.",361-368,NOT_A_CANDIDATE_FORM_OUTSIDE_INVENTORY,,,,,,,True,False,77,84,UNCLEAR
7637,1234,Gemma 4 4B,Youtube / ONE#NIGHT#ULTIMATE#WEREWOLF##Retro#5 / Game8,run_3,3,Stochastic,given,Contingency,Given,411,416,,0,,contiguous,3,"Given the need to eliminate a Werewolf, Mitchell's high level of deception makes them the most likely candidate to be a Werewolf or a disruptive Troublemaker, and thus the best choice for elimination.",411-416,NOT_A_CANDIDATE_FORM_OUTSIDE_INVENTORY,,,,,,,True,False,0,5,CLAUSE_INITIAL_PLAUSIBLE
7642,1235,Gemma 4 4B,Youtube / ONE#NIGHT#ULTIMATE#WEREWOLF#-#Drinking#Play#Through / Game1,run_3,3,Stochastic,despite,Comparison,Despite,126,133,,0,,contiguous,2,"Despite this claim, his actions are characterized by aggressive manipulation of the voting process, such as urging others to vote for Sarah (152) and framing the discussion as a confrontation between 'Werewolf team' and others (108).",126-133,NOT_A_CANDIDATE_FORM_OUTSIDE_INVENTORY,,,,,,,True,False,0,7,CLAUSE_INITIAL_PLAUSIBLE
7650,1236,Gemma 4 4B,Youtube / ONE#NIGHT#ULTIMATE#WEREWOLF#-#Drinking#Play#Through / Game2,run_3,3,Stochastic,with,Contingency,with,54,58,,0,,contiguous,1,"The discussion transcript shows a highly chaotic game with many role swaps, but the late-game focus heavily centers on Haak.",54-58,NOT_A_CANDIDATE_FORM_OUTSIDE_INVENTORY,,,,,,,True,False,54,58,NON_CONNECTIVE_LIKELY
7655,1236,Gemma 4 4B,Youtube / ONE#NIGHT#ULTIMATE#WEREWOLF#-#Drinking#Play#Through / Game2,run_3,3,Stochastic,despite,Comparison,Despite,305,312,,0,,contiguous,3,"Despite the confusion caused by role changes, Haak is the most consistently targeted player in the final minutes of the discussion.",305-312,NOT_A_CANDIDATE_FORM_OUTSIDE_INVENTORY,,,,,,,True,False,0,7,CLAUSE_INITIAL_PLAUSIBLE
7661,1237,Gemma 4 4B,Youtube / ONE#NIGHT#ULTIMATE#WEREWOLF#1##July#5th#2016 / Game2,run_3,3,Stochastic,despite,Comparison,Despite,252,259,,0,,contiguous,3,"Despite the complexity of role swaps, the collective suspicion and repeated calls to eliminate Mike make him the most logical choice for Team Village to maximize their chances of winning.",252-259,NOT_A_CANDIDATE_FORM_OUTSIDE_INVENTORY,,,,,,,True,False,0,7,CLAUSE_INITIAL_PLAUSIBLE
7664,1237,Gemma 4 4B,Youtube / ONE#NIGHT#ULTIMATE#WEREWOLF#1##July#5th#2016 / Game2,run_3,3,Stochastic,with,Contingency,with,463,467,,0,,contiguous,4,Eliminating him aligns with the goal of removing a Werewolf.,463-467,NOT_A_CANDIDATE_FORM_OUTSIDE_INVENTORY,,,,,,,True,False,23,27,NON_CONNECTIVE_LIKELY
7669,1238,Gemma 4 4B,Youtube / One#Night#Ultimate#Werewolf#1#How-To#and#Playthrough / Game1,run_3,3,Stochastic,given,Contingency,Given,422,427,,0,,contiguous,4,"Given his manipulative behavior and central role in the confusion, Dylan is the most likely candidate to be a Werewolf or a highly effective deceiver.",422-427,NOT_A_CANDIDATE_FORM_OUTSIDE_INVENTORY,,,,,,,True,False,0,5,CLAUSE_INITIAL_PLAUSIBLE
7677,1239,Gemma 4 4B,Youtube / ONE#NIGHT#ULTIMATE#WEREWOLF#10##November#6th#2016 / Game1,run_3,3,Stochastic,given,Contingency,Given,357,362,,0,,contiguous,4,"Given the group's unanimous agreement and the focus on eliminating a perceived threat or weak link, Mitchell is the logical choice to vote out.",357-362,NOT_A_CANDIDATE_FORM_OUTSIDE_INVENTORY,,,,,,,True,False,0,5,CLAUSE_INITIAL_PLAUSIBLE
7697,1242,Gemma 4 4B,Youtube / ONE#NIGHT#ULTIMATE#WEREWOLF#13##July#29th#2017 / Game3,run_3,3,Stochastic,despite,Comparison,Despite,205,212,,0,,contiguous,3,"Despite the Tanner role being independent, the majority of the players (Mitchell and Mike) converge on the idea that Justin is the primary threat and should be voted out.",205-212,NOT_A_CANDIDATE_FORM_OUTSIDE_INVENTORY,,,,,,,True,False,0,7,CLAUSE_INITIAL_PLAUSIBLE
7700,1242,Gemma 4 4B,Youtube / ONE#NIGHT#ULTIMATE#WEREWOLF#13##July#29th#2017 / Game3,run_3,3,Stochastic,given,Contingency,Given,376,381,,0,,contiguous,4,"Given the intense focus and the high probability of deception from Justin, he is the most logical target to eliminate based on the transcript's narrative.",376-381,NOT_A_CANDIDATE_FORM_OUTSIDE_INVENTORY,,,,,,,True,False,0,5,CLAUSE_INITIAL_PLAUSIBLE
7718,1246,Gemma 4 4B,Youtube / One#Night#Ultimate#Werewolf#2#The#Drunk / Game1,run_3,3,Stochastic,despite,Comparison,despite,172,179,,0,,contiguous,2,"He explicitly states multiple times that he was the werewolf ([70], [91], [151]), despite the complex role swaps occurring during the night phase.",172-179,NOT_A_CANDIDATE_FORM_OUTSIDE_INVENTORY,,,,,,,True,False,82,89,UNCLEAR
7764,1252,Gemma 4 4B,Youtube / One#Night#Ultimate#Werewolf#3#Insomniac / Game1,run_3,3,Stochastic,given,Contingency,Given,411,416,,0,,contiguous,4,"Given the high level of confidence expressed by the group in his guilt, voting for Brett is the most logical move to ensure Team Village achieves its win condition.",411-416,NOT_A_CANDIDATE_FORM_OUTSIDE_INVENTORY,,,,,,,True,False,0,5,CLAUSE_INITIAL_PLAUSIBLE
7768,1253,Gemma 4 4B,Youtube / ONE#NIGHT#ULTIMATE#WEREWOLF#30##February#17th#2018 / Game2,run_3,3,Stochastic,with,Contingency,with,251,255,,0,,contiguous,3,"While Justin is highly inconsistent with his claimed roles, Paul's direct admission of being a Werewolf makes him the most straightforward target for Team Village.",251-255,NOT_A_CANDIDATE_FORM_OUTSIDE_INVENTORY,,,,,,,True,False,36,40,NON_CONNECTIVE_LIKELY
7775,1254,Gemma 4 4B,Youtube / ONE#NIGHT#ULTIMATE#WEREWOLF#30##February#17th#2018 / Game4,run_3,3,Stochastic,given,Contingency,Given,397,402,,0,,contiguous,4,"Given the pressure to eliminate a Werewolf to ensure Team Village wins, Alysha is the most strongly targeted suspect in the closing minutes of the game.",397-402,NOT_A_CANDIDATE_FORM_OUTSIDE_INVENTORY,,,,,,,True,False,0,5,CLAUSE_INITIAL_PLAUSIBLE
7800,1258,Gemma 4 4B,Youtube / One#Night#Ultimate#Werewolf#362#More#Classic#Werewolf / Game1,run_3,3,Stochastic,despite,Comparison,despite,287,294,,0,,contiguous,3,"Furthermore, his consistent insistence on this role, despite the chaotic role-swapping discussions, suggests a deliberate attempt to establish a false identity.",287-294,NOT_A_CANDIDATE_FORM_OUTSIDE_INVENTORY,,,,,,,True,False,53,60,CLAUSE_INITIAL_PLAUSIBLE
7812,1260,Gemma 4 4B,Youtube / ONE#NIGHT#ULTIMATE#WEREWOLF#37##April#21st#2018 / Game2,run_3,3,Stochastic,with,Contingency,with,74,78,,0,,contiguous,1,"The discussion centers heavily on the conflict between Mitchell and Mike, with Mitchell initially accusing Mike of being a werewolf.",74-78,NOT_A_CANDIDATE_FORM_OUTSIDE_INVENTORY,,,,,,,True,False,74,78,UNCLEAR
7815,1260,Gemma 4 4B,Youtube / ONE#NIGHT#ULTIMATE#WEREWOLF#37##April#21st#2018 / Game2,run_3,3,Stochastic,given,Contingency,Given,257,262,,0,,contiguous,3,"Given the high degree of role manipulation in this game, Mike's constant need to explain his actions and deflect suspicion makes him a prime target.",257-262,NOT_A_CANDIDATE_FORM_OUTSIDE_INVENTORY,,,,,,,True,False,0,5,CLAUSE_INITIAL_PLAUSIBLE
7839,1264,Gemma 4 4B,Youtube / One#Night#Ultimate#Werewolf#382#Game#100!! / Game1,run_3,3,Stochastic,with,Contingency,with,352,356,,0,,contiguous,3,"While Katie claims to have seen two Werewolves, Dustin's self-identification as a dangerous role, coupled with his involvement in the role-swapping drama, makes him a primary suspect for a Werewolf.",352-356,NOT_A_CANDIDATE_FORM_OUTSIDE_INVENTORY,,,,,,,True,False,106,110,NON_CONNECTIVE_LIKELY
7842,1265,Gemma 4 4B,Youtube / ONE#NIGHT#ULTIMATE#WEREWOLF#39##April#21st#2018 / Game3,run_3,3,Stochastic,with,Contingency,with,34,38,,0,,contiguous,1,"The discussion is highly chaotic, with multiple players claiming roles like Seer and Drunk, leading to extreme distrust.",34-38,NOT_A_CANDIDATE_FORM_OUTSIDE_INVENTORY,,,,,,,True,False,34,38,CLAUSE_INITIAL_PLAUSIBLE
7849,1266,Gemma 4 4B,Youtube / ONE#NIGHT#ULTIMATE#WEREWOLF#4##July#14th#2016 / Game1,run_3,3,Stochastic,with,Contingency,with,34,38,,0,,contiguous,1,"The discussion is highly chaotic, with multiple players making conflicting claims about their roles (Drunk, Tanner, Robber).",34-38,NOT_A_CANDIDATE_FORM_OUTSIDE_INVENTORY,,,,,,,True,False,34,38,CLAUSE_INITIAL_PLAUSIBLE
7862,1268,Gemma 4 4B,Youtube / ONE#NIGHT#ULTIMATE#WEREWOLF#4##July#14th#2016 / Game3,run_3,3,Stochastic,despite,Comparison,Despite,299,306,,0,,contiguous,4,"Despite Paul's attempts to deflect, the collective discussion strongly points to Paul as the primary target, making him the most logical choice for Team Village to eliminate.",299-306,NOT_A_CANDIDATE_FORM_OUTSIDE_INVENTORY,,,,,,,True,False,0,7,CLAUSE_INITIAL_PLAUSIBLE
7876,1270,Gemma 4 4B,Youtube / ONE#NIGHT#ULTIMATE#WEREWOLF#43##October#13th#2018 / Game3,run_3,3,Stochastic,given,Contingency,Given,357,362,,0,,contiguous,4,"Given the need to eliminate a Werewolf for Team Village to win, Mitchell represents the most immediate and credible threat.",357-362,NOT_A_CANDIDATE_FORM_OUTSIDE_INVENTORY,,,,,,,True,False,0,5,CLAUSE_INITIAL_PLAUSIBLE
7885,1271,Gemma 4 4B,Youtube / ONE#NIGHT#ULTIMATE#WEREWOLF#43##October#13th#2018 / Game4,run_3,3,Stochastic,despite,Comparison,Despite,369,376,,0,,contiguous,4,"Despite Paul revealing his starting role as a Drunk, the sustained pressure and the consensus among key speakers make him the most likely candidate to be a Werewolf or the intended target of the Village team.",369-376,NOT_A_CANDIDATE_FORM_OUTSIDE_INVENTORY,,,,,,,True,False,0,7,CLAUSE_INITIAL_PLAUSIBLE
7902,1273,Gemma 4 4B,Youtube / ONE#NIGHT#ULTIMATE#WEREWOLF#44##October#13th#2018 / Game2,run_3,3,Stochastic,given,Contingency,Given,381,386,,0,,contiguous,4,"Given the high stakes and the conflicting narratives, Justin's self-contradictory statements make him the most likely candidate to be a Werewolf attempting to mislead the group.",381-386,NOT_A_CANDIDATE_FORM_OUTSIDE_INVENTORY,,,,,,,True,False,0,5,CLAUSE_INITIAL_PLAUSIBLE
7918,1275,Gemma 4 4B,Youtube / ONE#NIGHT#ULTIMATE#WEREWOLF#44##October#13th#2018 / Game4,run_3,3,Stochastic,given,Contingency,Given,412,417,,0,,contiguous,4,"Given the lack of concrete evidence from other players, Paul's aggressive and inconsistent behavior makes him the highest probability target for elimination.",412-417,NOT_A_CANDIDATE_FORM_OUTSIDE_INVENTORY,,,,,,,True,False,0,5,CLAUSE_INITIAL_PLAUSIBLE
7960,1281,Gemma 4 4B,Youtube / One#Night#Ultimate#Werewolf#493#Even#More#Classic#Werewolf / Game1,run_3,3,Stochastic,given,Contingency,Given,428,433,,0,,contiguous,4,"Given the chaotic nature of the discussion, targeting the most aggressive accuser is a strategic move for Team Village.",428-433,NOT_A_CANDIDATE_FORM_OUTSIDE_INVENTORY,,,,,,,True,False,0,5,CLAUSE_INITIAL_PLAUSIBLE
7965,1282,Gemma 4 4B,Youtube / ONE#NIGHT#ULTIMATE#WEREWOLF#5##October#29th#2016 / Game1,run_3,3,Stochastic,given,Contingency,Given,341,346,,0,,contiguous,4,"Given the intense focus on Mike's role and the general confusion surrounding the true alignment of the players, eliminating him is a logical move for Team Village to neutralize a key figure in the deception.",341-346,NOT_A_CANDIDATE_FORM_OUTSIDE_INVENTORY,,,,,,,True,False,0,5,CLAUSE_INITIAL_PLAUSIBLE
7971,1283,Gemma 4 4B,Youtube / One#Night#Ultimate#Werewolf#531#Classic#ONUW / Game1,run_3,3,Stochastic,with,Contingency,with,167,171,,0,,contiguous,2,"While the discussion is filled with conflicting claims regarding role swaps (Robber, Drunk, Troublemaker), Brett's direct confession provides the strongest evidence of a Werewolf presence among the players.",167-171,NOT_A_CANDIDATE_FORM_OUTSIDE_INVENTORY,,,,,,,True,False,31,35,NON_CONNECTIVE_LIKELY
7974,1284,Gemma 4 4B,Youtube / One#Night#Ultimate#Werewolf#532#More#Classic#ONUW / Game1,run_3,3,Stochastic,given,Contingency,Given,378,383,,0,,contiguous,4,"Given the high level of confusion and card swapping, targeting the most vocal self-proclaimed threat (DeAndre) is the most logical Village strategy.",378-383,NOT_A_CANDIDATE_FORM_OUTSIDE_INVENTORY,,,,,,,True,False,0,5,CLAUSE_INITIAL_PLAUSIBLE
7981,1285,Gemma 4 4B,Youtube / One#Night#Ultimate#Werewolf#533#Even#More#Classic#ONUW / Game1,run_3,3,Stochastic,given,Contingency,Given,449,454,,0,,contiguous,4,"Given the high degree of suspicion and the collective belief that he is the most likely Werewolf, voting for him is the most strategic move to ensure Team Village wins.",449-454,NOT_A_CANDIDATE_FORM_OUTSIDE_INVENTORY,,,,,,,True,False,0,5,CLAUSE_INITIAL_PLAUSIBLE
7995,1287,Gemma 4 4B,Youtube / ONE#NIGHT#ULTIMATE#WEREWOLF#6##November#6th#2016 / Game1,run_3,3,Stochastic,with,Contingency,with,303,307,,0,,contiguous,3,"Furthermore, Mitchell confirmed that Caitlynn was a Werewolf, and Mike, who claimed to be a Werewolf himself, agreed with this assessment.",303-307,NOT_A_CANDIDATE_FORM_OUTSIDE_INVENTORY,,,,,,,True,False,117,121,NON_CONNECTIVE_LIKELY
7996,1287,Gemma 4 4B,Youtube / ONE#NIGHT#ULTIMATE#WEREWOLF#6##November#6th#2016 / Game1,run_3,3,Stochastic,given,Contingency,Given,325,330,,0,,contiguous,4,"Given the strong consensus among the players regarding Caitlynn's role, she is the most probable Werewolf and the target for elimination.",325-330,NOT_A_CANDIDATE_FORM_OUTSIDE_INVENTORY,,,,,,,True,False,0,5,CLAUSE_INITIAL_PLAUSIBLE
7999,1288,Gemma 4 4B,Youtube / ONE#NIGHT#ULTIMATE#WEREWOLF#6##November#6th#2016 / Game2,run_3,3,Stochastic,with,Contingency,with,34,38,,0,,contiguous,1,"The discussion is highly chaotic, with multiple players making strong, self-incriminating claims about their roles.",34-38,NOT_A_CANDIDATE_FORM_OUTSIDE_INVENTORY,,,,,,,True,False,34,38,CLAUSE_INITIAL_PLAUSIBLE
8010,1289,Gemma 4 4B,Youtube / ONE#NIGHT#ULTIMATE#WEREWOLF#62##March#23rd#2019 / Game1,run_3,3,Stochastic,despite,Comparison,Despite,264,271,,0,,contiguous,3,"Despite the complexity of the roles and the constant lying, the collective consensus of the group has narrowed the focus entirely onto Mitchell.",264-271,NOT_A_CANDIDATE_FORM_OUTSIDE_INVENTORY,,,,,,,True,False,0,7,CLAUSE_INITIAL_PLAUSIBLE
8027,1291,Gemma 4 4B,Youtube / ONE#NIGHT#ULTIMATE#WEREWOLF#63##March#23rd#2019 / Game1,run_3,3,Stochastic,given,Contingency,Given,352,357,,0,,contiguous,4,"Given his high level of self-incrimination and aggressive accusations, he represents the greatest threat to Team Village's victory.",352-357,NOT_A_CANDIDATE_FORM_OUTSIDE_INVENTORY,,,,,,,True,False,0,5,CLAUSE_INITIAL_PLAUSIBLE
8029,1292,Gemma 4 4B,Youtube / ONE#NIGHT#ULTIMATE#WEREWOLF#64##March#23rd#2019 / Game3,run_3,3,Stochastic,with,Contingency,with,37,41,,0,,contiguous,1,"The discussion is extremely chaotic, with multiple players claiming different roles and alleging night actions (robbery, switching).",37-41,NOT_A_CANDIDATE_FORM_OUTSIDE_INVENTORY,,,,,,,True,False,37,41,CLAUSE_INITIAL_PLAUSIBLE
8042,1293,Gemma 4 4B,Youtube / ONE#NIGHT#ULTIMATE#WEREWOLF#64##March#23rd#2019 / Game4,run_3,3,Stochastic,despite,Comparison,Despite,305,312,,0,,contiguous,3,"Despite the complexity of role swaps and potential deception, the collective belief is focused on eliminating Paul to secure a victory for Team Village.",305-312,NOT_A_CANDIDATE_FORM_OUTSIDE_INVENTORY,,,,,,,True,False,0,7,CLAUSE_INITIAL_PLAUSIBLE
8059,1295,Gemma 4 4B,Youtube / ONE#NIGHT#ULTIMATE#WEREWOLF#7##November#6th#2016 / Game1,run_3,3,Stochastic,given,Contingency,Given,351,356,,0,,contiguous,3,"Given the goal is to eliminate a Werewolf, targeting the player who confessed to the role, regardless of subsequent attempts to deflect, is the most logical move for Team Village.",351-356,NOT_A_CANDIDATE_FORM_OUTSIDE_INVENTORY,,,,,,,True,False,0,5,CLAUSE_INITIAL_PLAUSIBLE
8062,1296,Gemma 4 4B,Youtube / ONE#NIGHT#ULTIMATE#WEREWOLF#7##November#6th#2016 / Game2,run_3,3,Stochastic,with,Contingency,with,72,76,,0,,contiguous,1,"Caitlynn is the most heavily targeted player throughout the discussion, with multiple players expressing strong suspicion regarding her role.",72-76,NOT_A_CANDIDATE_FORM_OUTSIDE_INVENTORY,,,,,,,True,False,72,76,UNCLEAR
8066,1296,Gemma 4 4B,Youtube / ONE#NIGHT#ULTIMATE#WEREWOLF#7##November#6th#2016 / Game2,run_3,3,Stochastic,given,Contingency,Given,390,395,,0,,contiguous,4,"Given the high level of suspicion and the repeated accusations, Caitlynn represents the highest probability target for a Werewolf elimination, which is the condition for Team Village victory.",390-395,NOT_A_CANDIDATE_FORM_OUTSIDE_INVENTORY,,,,,,,True,False,0,5,CLAUSE_INITIAL_PLAUSIBLE
8071,1297,Gemma 4 4B,Youtube / ONE#NIGHT#ULTIMATE#WEREWOLF#7##November#6th#2016 / Game3,run_3,3,Stochastic,with,Contingency,with,118,122,,0,,contiguous,1,"The discussion quickly devolved into a highly chaotic argument regarding who was the Tanner and who was the Werewolf, with both Mike and Mitchell making contradictory claims.",118-122,NOT_A_CANDIDATE_FORM_OUTSIDE_INVENTORY,,,,,,,True,False,118,122,UNCLEAR
8076,1297,Gemma 4 4B,Youtube / ONE#NIGHT#ULTIMATE#WEREWOLF#7##November#6th#2016 / Game3,run_3,3,Stochastic,given,Contingency,Given,369,374,,0,,contiguous,3,"Given the urgency of the vote and the strong consensus building around Alana as the target, she represents the most logical choice to eliminate a potential Werewolf based on the public discourse.",369-374,NOT_A_CANDIDATE_FORM_OUTSIDE_INVENTORY,,,,,,,True,False,0,5,CLAUSE_INITIAL_PLAUSIBLE
8079,1298,Gemma 4 4B,Youtube / ONE#NIGHT#ULTIMATE#WEREWOLF#7##November#6th#2016 / Game4,run_3,3,Stochastic,with,Contingency,with,71,75,,0,,contiguous,1,"Caitlynn is the primary target of suspicion throughout the discussion, with both Alana and Mitchell strongly advocating for her elimination.",71-75,NOT_A_CANDIDATE_FORM_OUTSIDE_INVENTORY,,,,,,,True,False,71,75,UNCLEAR
8091,1299,Gemma 4 4B,Youtube / ONE#NIGHT#ULTIMATE#WEREWOLF#8##November#6th#2016 / Game1,run_3,3,Stochastic,despite,Comparison,Despite,162,169,,0,,contiguous,2,"Despite the confusion caused by card swaps and role changes, Mitchell eventually admitted to being the Werewolf (123, 136).",162-169,NOT_A_CANDIDATE_FORM_OUTSIDE_INVENTORY,,,,,,,True,False,0,7,CLAUSE_INITIAL_PLAUSIBLE
8093,1299,Gemma 4 4B,Youtube / ONE#NIGHT#ULTIMATE#WEREWOLF#8##November#6th#2016 / Game1,run_3,3,Stochastic,eventually,Temporal,eventually,232,242,,0,,contiguous,2,"Despite the confusion caused by card swaps and role changes, Mitchell eventually admitted to being the Werewolf (123, 136).",232-242,NOT_A_CANDIDATE_FORM_OUTSIDE_INVENTORY,,,,,,,True,False,70,80,NON_CONNECTIVE_LIKELY
8094,1299,Gemma 4 4B,Youtube / ONE#NIGHT#ULTIMATE#WEREWOLF#8##November#6th#2016 / Game1,run_3,3,Stochastic,given that,Contingency,Given that,286,296,,0,,contiguous,3,"Given that Team Village wins by eliminating a Werewolf, and Mitchell has openly identified himself as such, he represents the clearest target for the vote.",286-296,NOT_A_CANDIDATE_FORM_OUTSIDE_INVENTORY,,,,,,,True,False,0,10,CLAUSE_INITIAL_PLAUSIBLE
8107,1301,Gemma 4 4B,Youtube / ONE#NIGHT#ULTIMATE#WEREWOLF#83##October#15th#2019 / Game2,run_3,3,Stochastic,despite,Comparison,despite,248,255,,0,,contiguous,3,"We kill Caitlynn,' despite the fact that he is the one making the accusation.",248-255,NOT_A_CANDIDATE_FORM_OUTSIDE_INVENTORY,,,,,,,True,False,19,26,NON_CONNECTIVE_LIKELY
8110,1301,Gemma 4 4B,Youtube / ONE#NIGHT#ULTIMATE#WEREWOLF#83##October#15th#2019 / Game2,run_3,3,Stochastic,with,Contingency,with,398,402,,0,,contiguous,4,"While Justin is also evasive, Mike's direct assertion of his own Werewolf status, combined with his attempt to redirect suspicion onto Caitlynn, makes him the primary target for elimination.",398-402,NOT_A_CANDIDATE_FORM_OUTSIDE_INVENTORY,,,,,,,True,False,91,95,NON_CONNECTIVE_LIKELY
8119,1303,Gemma 4 4B,Youtube / ONE#NIGHT#ULTIMATE#WEREWOLF#86##November#9th#2019 / Game1,run_3,3,Stochastic,particularly,Expansion,particularly,87,99,,0,,contiguous,1,"Paul displays the most suspicious and manipulative behavior throughout the discussion, particularly when discussing the potential outcomes of card swaps.",87-99,NOT_A_CANDIDATE_FORM_OUTSIDE_INVENTORY,,,,,,,True,False,87,99,NON_CONNECTIVE_LIKELY
8124,1303,Gemma 4 4B,Youtube / ONE#NIGHT#ULTIMATE#WEREWOLF#86##November#9th#2019 / Game1,run_3,3,Stochastic,given,Contingency,Given,473,478,,0,,contiguous,4,"Given the need to eliminate a threat, Paul's calculated maneuvering makes him the prime target for Team Village.",473-478,NOT_A_CANDIDATE_FORM_OUTSIDE_INVENTORY,,,,,,,True,False,0,5,CLAUSE_INITIAL_PLAUSIBLE
8133,1305,Gemma 4 4B,Youtube / ONE#NIGHT#ULTIMATE#WEREWOLF#86##November#9th#2019 / Game4,run_3,3,Stochastic,with,Contingency,with,34,38,,0,,contiguous,1,"The discussion is highly chaotic, with multiple players making contradictory claims about their roles and actions.",34-38,NOT_A_CANDIDATE_FORM_OUTSIDE_INVENTORY,,,,,,,True,False,34,38,UNCLEAR
8141,1305,Gemma 4 4B,Youtube / ONE#NIGHT#ULTIMATE#WEREWOLF#86##November#9th#2019 / Game4,run_3,3,Stochastic,despite,Comparison,Despite,422,429,,0,,contiguous,4,"Despite the intense role-swapping and deception, Mike is the most consistently implicated player as a Werewolf by multiple parties, making him the highest priority target for Team Village.",422-429,NOT_A_CANDIDATE_FORM_OUTSIDE_INVENTORY,,,,,,,True,False,0,7,CLAUSE_INITIAL_PLAUSIBLE
8154,1306,Gemma 4 4B,Youtube / ONE#NIGHT#ULTIMATE#WEREWOLF#87##November#9th#2019 / Game1,run_3,3,Stochastic,given,Contingency,Given,397,402,,0,,contiguous,4,"Given his history of evasiveness and complex role claims throughout the night phase, he represents the greatest immediate threat to Team Village's victory.",397-402,NOT_A_CANDIDATE_FORM_OUTSIDE_INVENTORY,,,,,,,True,False,0,5,CLAUSE_INITIAL_PLAUSIBLE
8169,1308,Gemma 4 4B,Youtube / ONE#NIGHT#ULTIMATE#WEREWOLF#89##November#30th#2019 / Game2,run_3,3,Stochastic,given,Contingency,Given,361,366,,0,,contiguous,4,"Given the strong consensus among the last speakers, Justin is the most probable target to eliminate for Team Village to win.",361-366,NOT_A_CANDIDATE_FORM_OUTSIDE_INVENTORY,,,,,,,True,False,0,5,CLAUSE_INITIAL_PLAUSIBLE
8178,1310,Gemma 4 4B,Youtube / ONE#NIGHT#ULTIMATE#WEREWOLF#9##November#6th#2016 / Game1,run_3,3,Stochastic,without,Contingency,without,159,166,,0,,contiguous,1,The transcript provides no concrete evidence linking any specific player to the Werewolf role; Mitchell only refers to the suspected Werewolves as 'these two' without naming them.,159-166,NOT_A_CANDIDATE_FORM_OUTSIDE_INVENTORY,,,,,,,True,False,159,166,NON_CONNECTIVE_LIKELY
8184,1310,Gemma 4 4B,Youtube / ONE#NIGHT#ULTIMATE#WEREWOLF#9##November#6th#2016 / Game1,run_3,3,Stochastic,given,Contingency,Given,480,485,,0,,contiguous,4,"Given the lack of verifiable information, targeting the player who is most aggressively controlling the narrative is the most logical strategic move.",480-485,NOT_A_CANDIDATE_FORM_OUTSIDE_INVENTORY,,,,,,,True,False,0,5,CLAUSE_INITIAL_PLAUSIBLE
8194,1311,Gemma 4 4B,Youtube / ONE#NIGHT#ULTIMATE#WEREWOLF#9##November#6th#2016 / Game2,run_3,3,Stochastic,given,Contingency,Given,503,508,,0,,contiguous,4,"Given the need to eliminate a Werewolf, Mike presents the strongest target based on his evasiveness and high level of involvement in the role mechanics.",503-508,NOT_A_CANDIDATE_FORM_OUTSIDE_INVENTORY,,,,,,,True,False,0,5,CLAUSE_INITIAL_PLAUSIBLE
8196,1312,Gemma 4 4B,Youtube / ONE#NIGHT#ULTIMATE#WEREWOLF#9##November#6th#2016 / Game3,run_3,3,Stochastic,particularly,Expansion,particularly,77,89,,0,,contiguous,1,"Mitchell has been the primary target of suspicion throughout the discussion, particularly from Alana, who directly suggested he might be a Werewolf due to his behavior and role claims.",77-89,NOT_A_CANDIDATE_FORM_OUTSIDE_INVENTORY,,,,,,,True,False,77,89,NON_CONNECTIVE_LIKELY
8198,1312,Gemma 4 4B,Youtube / ONE#NIGHT#ULTIMATE#WEREWOLF#9##November#6th#2016 / Game3,run_3,3,Stochastic,with,Contingency,with,232,236,,0,,contiguous,2,"Alana noted that his actions were inconsistent with a non-Werewolf player, suggesting he was lying to avoid elimination.",232-236,NOT_A_CANDIDATE_FORM_OUTSIDE_INVENTORY,,,,,,,True,False,47,51,NON_CONNECTIVE_LIKELY
8238,1318,Gemma 4 4B,Youtube / Retrovision##ONE#NIGHT#ULTIMATE#WEREWOLF##Retro#7 / Game4,run_3,3,Stochastic,given,Contingency,Given,360,365,,0,,contiguous,4,"Given the high level of role confusion caused by the Troublemaker, targeting Paul based on his initial admission of being a Werewolf is the most logical move for Team Village.",360-365,NOT_A_CANDIDATE_FORM_OUTSIDE_INVENTORY,,,,,,,True,False,0,5,CLAUSE_INITIAL_PLAUSIBLE
8256,1321,Gemma 4 4B,Youtube / The#Return#of#the#King##ONE#NIGHT#ULTIMATE#WEREWOLF / Game6,run_3,3,Stochastic,with,Contingency,with,329,333,,0,,contiguous,3,"Paul's insistence on his Minion role, combined with the accusations of card manipulation and the general confusion surrounding the roles, makes him a prime target for elimination.",329-333,NOT_A_CANDIDATE_FORM_OUTSIDE_INVENTORY,,,,,,,True,False,47,51,NON_CONNECTIVE_LIKELY
8262,1322,Gemma 4 4B,Youtube / The#Return#of#the#King##ONE#NIGHT#ULTIMATE#WEREWOLF / Game7,run_3,3,Stochastic,given,Contingency,given,246,251,,0,,contiguous,2,"This level of specific knowledge is highly improbable for a player who is supposedly a Troublemaker, especially given the constant role swapping.",246-251,NOT_A_CANDIDATE_FORM_OUTSIDE_INVENTORY,,,,,,,True,False,112,117,NON_CONNECTIVE_LIKELY
8266,1322,Gemma 4 4B,Youtube / The#Return#of#the#King##ONE#NIGHT#ULTIMATE#WEREWOLF / Game7,run_3,3,Stochastic,given,Contingency,Given,495,500,,0,,contiguous,4,"Given the high stakes, targeting the player who seems to possess the most questionable internal information is the safest path for Team Village.",495-500,NOT_A_CANDIDATE_FORM_OUTSIDE_INVENTORY,,,,,,,True,False,0,5,CLAUSE_INITIAL_PLAUSIBLE
8274,1323,Gemma 4 4B,Youtube / Visions#from#2016##ONE#NIGHT#ULTIMATE#WEREWOLF##Retro#11 / Game1,run_3,3,Stochastic,given,Contingency,Given,348,353,,0,,contiguous,4,"Given the pressure to eliminate a Werewolf, Paul represents a strong target based on the accumulated accusations throughout the transcript.",348-353,NOT_A_CANDIDATE_FORM_OUTSIDE_INVENTORY,,,,,,,True,False,0,5,CLAUSE_INITIAL_PLAUSIBLE
8275,1324,Gemma 4 4B,Youtube / Visions#from#2016##ONE#NIGHT#ULTIMATE#WEREWOLF##Retro#11 / Game2,run_3,3,Stochastic,with,Contingency,with,54,58,,0,,contiguous,1,"The discussion heavily focuses on the risk associated with the player designated 'left' (Paul), who is repeatedly targeted by James and Mitchell.",54-58,NOT_A_CANDIDATE_FORM_OUTSIDE_INVENTORY,,,,,,,True,False,54,58,NON_CONNECTIVE_LIKELY
8293,1326,Gemma 4 4B,Youtube / Visions#from#2016##ONE#NIGHT#ULTIMATE#WEREWOLF##Retro#11 / Game4,run_3,3,Stochastic,despite,Comparison,despite,68,75,,0,,contiguous,1,"The discussion reveals that both Paul and Mitchell were Werewolves, despite the complex role swaps orchestrated by Justin (the Troublemaker).",68-75,NOT_A_CANDIDATE_FORM_OUTSIDE_INVENTORY,,,,,,,True,False,68,75,UNCLEAR
8295,1326,Gemma 4 4B,Youtube / Visions#from#2016##ONE#NIGHT#ULTIMATE#WEREWOLF##Retro#11 / Game4,run_3,3,Stochastic,with,Contingency,with,238,242,,0,,contiguous,2,"Mitchell explicitly states he was a werewolf (83), and Paul confirms he was a werewolf to begin with (101).",238-242,NOT_A_CANDIDATE_FORM_OUTSIDE_INVENTORY,,,,,,,True,False,96,100,NON_CONNECTIVE_LIKELY
8317,1330,Gemma 4 4B,Youtube / Way#Way#Back##ONE#NIGHT#ULTIMATE#WEREWOLF##Retro#10 / Game3,run_3,3,Stochastic,particularly,Expansion,particularly,126,138,,0,,contiguous,1,"The discussion heavily focuses on identifying a Werewolf, and Laura is the most consistently targeted player by the accusers, particularly James and Paul.",126-138,NOT_A_CANDIDATE_FORM_OUTSIDE_INVENTORY,,,,,,,True,False,126,138,NON_CONNECTIVE_LIKELY
8320,1330,Gemma 4 4B,Youtube / Way#Way#Back##ONE#NIGHT#ULTIMATE#WEREWOLF##Retro#10 / Game3,run_3,3,Stochastic,with,Contingency,with,233,237,,0,,contiguous,2,"James explicitly states that Laura is the werewolf (84, 118), and Paul agrees with the sentiment of eliminating her (128, 129).",233-237,NOT_A_CANDIDATE_FORM_OUTSIDE_INVENTORY,,,,,,,True,False,78,82,NON_CONNECTIVE_LIKELY
8322,1330,Gemma 4 4B,Youtube / Way#Way#Back##ONE#NIGHT#ULTIMATE#WEREWOLF##Retro#10 / Game3,run_3,3,Stochastic,with,Contingency,with,308,312,,0,,contiguous,3,"While the game is filled with role swaps and deception, the collective momentum of the Village-aligned players points toward Laura as the primary threat.",308-312,NOT_A_CANDIDATE_FORM_OUTSIDE_INVENTORY,,,,,,,True,False,25,29,NON_CONNECTIVE_LIKELY
8329,1331,Gemma 4 4B,Youtube / Way#Way#Back##ONE#NIGHT#ULTIMATE#WEREWOLF##Retro#10 / Game4,run_3,3,Stochastic,given,Contingency,Given,445,450,,0,,contiguous,4,"Given the chaotic nature of the discussion, targeting Paul is the most logical move to eliminate a potential threat.",445-450,NOT_A_CANDIDATE_FORM_OUTSIDE_INVENTORY,,,,,,,True,False,0,5,CLAUSE_INITIAL_PLAUSIBLE
8339,1333,Gemma 4 4B,Youtube / Ye#Olde#Times##ONE#NIGHT#ULTIMATE#WEREWOLF##Retro#8 / Game1,run_3,3,Stochastic,given,Contingency,given,210,215,,0,,contiguous,2,"While roles can swap, this direct admission serves as a strong indicator of his alignment, especially given the pressure of the voting phase.",210-215,NOT_A_CANDIDATE_FORM_OUTSIDE_INVENTORY,,,,,,,True,False,102,107,NON_CONNECTIVE_LIKELY
8341,1333,Gemma 4 4B,Youtube / Ye#Olde#Times##ONE#NIGHT#ULTIMATE#WEREWOLF##Retro#8 / Game1,run_3,3,Stochastic,with,Contingency,with,309,313,,0,,contiguous,3,"Furthermore, the group's focus shifted heavily toward him, with Mitchell and Eric suggesting he should be eliminated (66, 68).",309-313,NOT_A_CANDIDATE_FORM_OUTSIDE_INVENTORY,,,,,,,True,False,59,63,CLAUSE_INITIAL_PLAUSIBLE
8343,1333,Gemma 4 4B,Youtube / Ye#Olde#Times##ONE#NIGHT#ULTIMATE#WEREWOLF##Retro#8 / Game1,run_3,3,Stochastic,with,Contingency,with,403,407,,0,,contiguous,4,Eliminating Justin aligns with Team Village's primary objective of removing a Werewolf.,403-407,NOT_A_CANDIDATE_FORM_OUTSIDE_INVENTORY,,,,,,,True,False,26,30,NON_CONNECTIVE_LIKELY
8344,1334,Gemma 4 4B,Youtube / Ye#Olde#Times##ONE#NIGHT#ULTIMATE#WEREWOLF##Retro#8 / Game2,run_3,3,Stochastic,particularly,Expansion,particularly,78,90,,0,,contiguous,1,"The discussion centers heavily on the integrity of the players' stated roles, particularly Justin's claim of being the Hunter.",78-90,NOT_A_CANDIDATE_FORM_OUTSIDE_INVENTORY,,,,,,,True,False,78,90,NON_CONNECTIVE_LIKELY
8346,1334,Gemma 4 4B,Youtube / Ye#Olde#Times##ONE#NIGHT#ULTIMATE#WEREWOLF##Retro#8 / Game2,run_3,3,Stochastic,given,Contingency,given,205,210,,0,,contiguous,2,"Justin is repeatedly questioned and suspected of being a Werewolf, especially given the complexity of the role swaps and the possibility of Werewolves having roles in the center.",205-210,NOT_A_CANDIDATE_FORM_OUTSIDE_INVENTORY,,,,,,,True,False,78,83,NON_CONNECTIVE_LIKELY
8357,1336,Gemma 4 4B,Youtube / Ye#Olde#Times##ONE#NIGHT#ULTIMATE#WEREWOLF##Retro#8 / Game4,run_3,3,Stochastic,despite,Comparison,Despite,0,7,,0,,contiguous,1,"Despite the extreme confusion caused by multiple role swaps and conflicting testimonies, Mitchell made a direct admission of being a Werewolf during the discussion phase (166).",0-7,NOT_A_CANDIDATE_FORM_OUTSIDE_INVENTORY,,,,,,,True,False,0,7,CLAUSE_INITIAL_PLAUSIBLE
8364,1337,Gemma 4 4B,Ego4D / 0a6ef9dc-a2dc-452b-a907-d6fa2ed4cae0 / Game1,greedy_t0,0,Greedy,given,Contingency,Given,148,153,,0,,contiguous,2,"Given the rules allow for role swapping, this confession could be outdated or a deliberate misdirection.",148-153,NOT_A_CANDIDATE_FORM_OUTSIDE_INVENTORY,,,,,,,True,False,0,5,CLAUSE_INITIAL_PLAUSIBLE
8368,1338,Gemma 4 4B,Ego4D / 0a6ef9dc-a2dc-452b-a907-d6fa2ed4cae0 / Game2,greedy_t0,0,Greedy,particularly,Expansion,particularly,79,91,,0,,contiguous,1,"The transcript provides extensive discussion about the mechanics of the roles, particularly the Robber and Troublemaker swaps, but it offers no definitive evidence regarding who holds a Werewolf card.",79-91,NOT_A_CANDIDATE_FORM_OUTSIDE_INVENTORY,,,,,,,True,False,79,91,NON_CONNECTIVE_LIKELY
8372,1338,Gemma 4 4B,Ego4D / 0a6ef9dc-a2dc-452b-a907-d6fa2ed4cae0 / Game2,greedy_t0,0,Greedy,given,Contingency,Given,299,304,,0,,contiguous,3,"Given the high degree of role swapping and the lack of concrete accusations, it is impossible to confidently identify a Werewolf.",299-304,NOT_A_CANDIDATE_FORM_OUTSIDE_INVENTORY,,,,,,,True,False,0,5,CLAUSE_INITIAL_PLAUSIBLE
8377,1339,Gemma 4 4B,Ego4D / 0c2659db-7bd4-4b37-9b08-4e247befe382 / Game4,greedy_t0,0,Greedy,with,Contingency,with,144,148,,0,,contiguous,1,"The discussion reveals a complex sequence of role swaps, most notably Elliot admitting to being the Robber and later confirming that he swapped with Ashley.",144-148,NOT_A_CANDIDATE_FORM_OUTSIDE_INVENTORY,,,,,,,True,False,144,148,NON_CONNECTIVE_LIKELY
8381,1339,Gemma 4 4B,Ego4D / 0c2659db-7bd4-4b37-9b08-4e247befe382 / Game4,greedy_t0,0,Greedy,despite,Comparison,Despite,396,403,,0,,contiguous,4,"Despite the chaotic nature of the discussion, the evidence points to Elliot as the current threat.",396-403,NOT_A_CANDIDATE_FORM_OUTSIDE_INVENTORY,,,,,,,True,False,0,7,CLAUSE_INITIAL_PLAUSIBLE
8393,1341,Gemma 4 4B,Ego4D / 0c2659db-7bd4-4b37-9b08-4e247befe382 / Game6,greedy_t0,0,Greedy,given,Contingency,Given,486,491,,0,,contiguous,4,"Given the high level of deception observed, targeting Elliot is the most logical move to eliminate a potential threat.",486-491,NOT_A_CANDIDATE_FORM_OUTSIDE_INVENTORY,,,,,,,True,False,0,5,CLAUSE_INITIAL_PLAUSIBLE
8403,1343,Gemma 4 4B,Ego4D / 0c2659db-7bd4-4b37-9b08-4e247befe382 / Game8,greedy_t0,0,Greedy,given,Contingency,given,339,344,,0,,contiguous,3,"However, given the lack of definitive information regarding Werewolves, Sian represents the most concentrated point of suspicion among the players.",339-344,NOT_A_CANDIDATE_FORM_OUTSIDE_INVENTORY,,,,,,,True,False,9,14,CLAUSE_INITIAL_PLAUSIBLE
8407,1344,Gemma 4 4B,Ego4D / 0c2659db-7bd4-4b37-9b08-4e247befe382 / Game9,greedy_t0,0,Greedy,with,Contingency,with,45,49,,0,,contiguous,1,"The discussion is highly volatile and filled with conflicting role claims, making definitive identification impossible.",45-49,NOT_A_CANDIDATE_FORM_OUTSIDE_INVENTORY,,,,,,,True,False,45,49,NON_CONNECTIVE_LIKELY
8412,1344,Gemma 4 4B,Ego4D / 0c2659db-7bd4-4b37-9b08-4e247befe382 / Game9,greedy_t0,0,Greedy,with,Contingency,with,345,349,,0,,contiguous,3,This active involvement in framing and accusing others aligns with the tactics of a Werewolf or Minion attempting to divert suspicion.,345-349,NOT_A_CANDIDATE_FORM_OUTSIDE_INVENTORY,,,,,,,True,False,62,66,NON_CONNECTIVE_LIKELY
8424,1345,Gemma 4 4B,Ego4D / 1a0d3e22-a6d6-4723-91a0-52fc2c87d5ce / Game10,greedy_t0,0,Greedy,given,Contingency,Given,378,383,,0,,contiguous,4,"Given the high probability of a Werewolf being present, Sean is the most suspicious target for elimination.",378-383,NOT_A_CANDIDATE_FORM_OUTSIDE_INVENTORY,,,,,,,True,False,0,5,CLAUSE_INITIAL_PLAUSIBLE
8434,1347,Gemma 4 4B,Ego4D / 1a0d3e22-a6d6-4723-91a0-52fc2c87d5ce / Game6,greedy_t0,0,Greedy,given,Contingency,Given,442,447,,0,,contiguous,5,"Given the conflicting claims, Hunter is the most likely candidate to be a Werewolf.",442-447,NOT_A_CANDIDATE_FORM_OUTSIDE_INVENTORY,,,,,,,True,False,0,5,CLAUSE_INITIAL_PLAUSIBLE
8439,1348,Gemma 4 4B,Ego4D / 1a0d3e22-a6d6-4723-91a0-52fc2c87d5ce / Game7,greedy_t0,0,Greedy,given,Contingency,Given,386,391,,0,,contiguous,4,"Given the need to eliminate a Werewolf, Sean is the most logical target based on the available evidence.",386-391,NOT_A_CANDIDATE_FORM_OUTSIDE_INVENTORY,,,,,,,True,False,0,5,CLAUSE_INITIAL_PLAUSIBLE
8443,1349,Gemma 4 4B,Ego4D / 1a0d3e22-a6d6-4723-91a0-52fc2c87d5ce / Game8,greedy_t0,0,Greedy,with,Contingency,with,245,249,,0,,contiguous,3,"Hunter then stated that Zack was 'now the werewolf,' which is a direct consequence of the Robber's ability if they swapped with a Werewolf.",245-249,NOT_A_CANDIDATE_FORM_OUTSIDE_INVENTORY,,,,,,,True,False,123,127,NON_CONNECTIVE_LIKELY
8444,1349,Gemma 4 4B,Ego4D / 1a0d3e22-a6d6-4723-91a0-52fc2c87d5ce / Game8,greedy_t0,0,Greedy,given that,Contingency,Given that,262,272,,0,,contiguous,4,"Given that Team Village wins by eliminating a Werewolf, and Hunter is confident in this accusation, Zack is the most likely target to ensure Team Village's victory.",262-272,NOT_A_CANDIDATE_FORM_OUTSIDE_INVENTORY,,,,,,,True,False,0,10,CLAUSE_INITIAL_PLAUSIBLE
8452,1350,Gemma 4 4B,Ego4D / 1a0d3e22-a6d6-4723-91a0-52fc2c87d5ce / Game9,greedy_t0,0,Greedy,with,Contingency,with,399,403,,0,,contiguous,3,"Jacob's confidence in this initial assessment, combined with the subsequent focus on Zack's potential involvement in a cover-up, makes him the most targeted individual based on the public discussion.",399-403,NOT_A_CANDIDATE_FORM_OUTSIDE_INVENTORY,,,,,,,True,False,56,60,NON_CONNECTIVE_LIKELY
8458,1351,Gemma 4 4B,Ego4D / 2ba4023c-a8bf-43ad-ad5a-80ba222ce990 / Game10,greedy_t0,0,Greedy,given,Contingency,Given,475,480,,0,,contiguous,4,"Given the need to eliminate a Werewolf for Team Village to win, Tyler is the most logical target.",475-480,NOT_A_CANDIDATE_FORM_OUTSIDE_INVENTORY,,,,,,,True,False,0,5,CLAUSE_INITIAL_PLAUSIBLE
8460,1352,Gemma 4 4B,Ego4D / 2ba4023c-a8bf-43ad-ad5a-80ba222ce990 / Game6,greedy_t0,0,Greedy,with,Contingency,with,69,73,,0,,contiguous,1,"Clint is the most heavily targeted player throughout the discussion, with multiple players accusing him of being a Werewolf (Lines 15, 31, 46, 57, 111).",69-73,NOT_A_CANDIDATE_FORM_OUTSIDE_INVENTORY,,,,,,,True,False,69,73,CLAUSE_INITIAL_PLAUSIBLE
8466,1353,Gemma 4 4B,Ego4D / 2ba4023c-a8bf-43ad-ad5a-80ba222ce990 / Game7,greedy_t0,0,Greedy,with,Contingency,with,252,256,,0,,contiguous,2,"However, Erin is the player most consistently targeted by suspicion in the latter half of the transcript, with Margaret and Tyler both suggesting she is a Werewolf.",252-256,NOT_A_CANDIDATE_FORM_OUTSIDE_INVENTORY,,,,,,,True,False,106,110,UNCLEAR
8472,1354,Gemma 4 4B,Ego4D / 2ba4023c-a8bf-43ad-ad5a-80ba222ce990 / Game8,greedy_t0,0,Greedy,particularly,Expansion,particularly,74,86,,0,,contiguous,1,"The discussion transcript shows a strong consensus among several players, particularly Tyler and Clint, who repeatedly accuse Erin of being a Werewolf.",74-86,NOT_A_CANDIDATE_FORM_OUTSIDE_INVENTORY,,,,,,,True,False,74,86,NON_CONNECTIVE_LIKELY
8475,1354,Gemma 4 4B,Ego4D / 2ba4023c-a8bf-43ad-ad5a-80ba222ce990 / Game8,greedy_t0,0,Greedy,despite,Comparison,despite,245,252,,0,,contiguous,2,"Tyler and Clint's accusations are consistent throughout the latter half of the conversation, despite the confusion caused by role swaps.",245-252,NOT_A_CANDIDATE_FORM_OUTSIDE_INVENTORY,,,,,,,True,False,93,100,UNCLEAR
8482,1355,Gemma 4 4B,Ego4D / 2ba4023c-a8bf-43ad-ad5a-80ba222ce990 / Game9,greedy_t0,0,Greedy,given,Contingency,Given,324,329,,0,,contiguous,4,"Given the high level of confusion caused by role swaps, Clint's contradictory statements make him the primary suspect for being a Werewolf.",324-329,NOT_A_CANDIDATE_FORM_OUTSIDE_INVENTORY,,,,,,,True,False,0,5,CLAUSE_INITIAL_PLAUSIBLE
8491,1356,Gemma 4 4B,Ego4D / 324bccd2-adff-4e9a-8ff4-03491e144ac3 / Game1,greedy_t0,0,Greedy,given,Contingency,Given,329,334,,0,,contiguous,3,"Given the high potential for deception and the lack of concrete accusations, choosing a specific player to eliminate would be a high-risk gamble.",329-334,NOT_A_CANDIDATE_FORM_OUTSIDE_INVENTORY,,,,,,,True,False,0,5,CLAUSE_INITIAL_PLAUSIBLE
8498,1357,Gemma 4 4B,Ego4D / 324bccd2-adff-4e9a-8ff4-03491e144ac3 / Game2,greedy_t0,0,Greedy,despite,Comparison,Despite,197,204,,0,,contiguous,4,"Despite the complex discussions regarding card swaps and probabilities involving Jacob and Sean, Hunter's admission provides definitive proof of their alignment.",197-204,NOT_A_CANDIDATE_FORM_OUTSIDE_INVENTORY,,,,,,,True,False,0,7,CLAUSE_INITIAL_PLAUSIBLE
8509,1358,Gemma 4 4B,Ego4D / 324bccd2-adff-4e9a-8ff4-03491e144ac3 / Game3,greedy_t0,0,Greedy,given,Contingency,Given,422,427,,0,,contiguous,4,"Given the lack of concrete evidence pointing to a Werewolf, I am targeting the player most involved in the complex, potentially deceptive, role manipulation.",422-427,NOT_A_CANDIDATE_FORM_OUTSIDE_INVENTORY,,,,,,,True,False,0,5,CLAUSE_INITIAL_PLAUSIBLE
8513,1359,Gemma 4 4B,Ego4D / 324bccd2-adff-4e9a-8ff4-03491e144ac3 / Game4,greedy_t0,0,Greedy,given,Contingency,Given,411,416,,0,,contiguous,4,"Given the lack of definitive proof, it is impossible to confidently select a player to eliminate.",411-416,NOT_A_CANDIDATE_FORM_OUTSIDE_INVENTORY,,,,,,,True,False,0,5,CLAUSE_INITIAL_PLAUSIBLE
8520,1360,Gemma 4 4B,Ego4D / 324bccd2-adff-4e9a-8ff4-03491e144ac3 / Game5,greedy_t0,0,Greedy,with,Contingency,with,248,252,,0,,contiguous,2,"While he later claimed his card was swapped and that he was a Villager, this claim is consistent with the game mechanics involving the Robber or Troublemaker.",248-252,NOT_A_CANDIDATE_FORM_OUTSIDE_INVENTORY,,,,,,,True,False,97,101,NON_CONNECTIVE_LIKELY
8522,1360,Gemma 4 4B,Ego4D / 324bccd2-adff-4e9a-8ff4-03491e144ac3 / Game5,greedy_t0,0,Greedy,given,Contingency,Given,310,315,,0,,contiguous,3,"Given the high stakes of Team Village winning, eliminating the player who admitted to being a Werewolf provides the strongest path toward victory.",310-315,NOT_A_CANDIDATE_FORM_OUTSIDE_INVENTORY,,,,,,,True,False,0,5,CLAUSE_INITIAL_PLAUSIBLE
8526,1361,Gemma 4 4B,Ego4D / 3ba069be-60fa-47fc-bd7b-f85bf649a5bd / Game1,greedy_t0,0,Greedy,given,Contingency,given,235,240,,0,,contiguous,3,"However, given the high level of deception and role swapping throughout the discussion, her testimony is highly suspect.",235-240,NOT_A_CANDIDATE_FORM_OUTSIDE_INVENTORY,,,,,,,True,False,9,14,CLAUSE_INITIAL_PLAUSIBLE
8537,1362,Gemma 4 4B,Ego4D / 3ba069be-60fa-47fc-bd7b-f85bf649a5bd / Game2,greedy_t0,0,Greedy,given,Contingency,Given,464,469,,0,,contiguous,4,"Given the lack of conclusive evidence pointing to a player, the safest assumption for Team Village is that the Werewolf(s) are in the role pool.",464-469,NOT_A_CANDIDATE_FORM_OUTSIDE_INVENTORY,,,,,,,True,False,0,5,CLAUSE_INITIAL_PLAUSIBLE
8583,1371,Gemma 4 4B,Ego4D / 62c4bc58-3776-4791-ac30-4c9ca5619503 / Game8,greedy_t0,0,Greedy,upon,Temporal,upon,150,154,,0,,contiguous,2,"However, the conversation explicitly touches upon the possibility of Werewolves being in the role pool (the center).",150-154,NOT_A_CANDIDATE_FORM_OUTSIDE_INVENTORY,,,,,,,True,False,45,49,NON_CONNECTIVE_LIKELY
8587,1371,Gemma 4 4B,Ego4D / 62c4bc58-3776-4791-ac30-4c9ca5619503 / Game8,greedy_t0,0,Greedy,given,Contingency,Given,368,373,,0,,contiguous,4,"Given the lack of definitive evidence pointing to a specific player as a Werewolf, and the strategic discussion around the center pool, the safest choice to ensure a Village victory is to assume the Werewolves are in the center.",368-373,NOT_A_CANDIDATE_FORM_OUTSIDE_INVENTORY,,,,,,,True,False,0,5,CLAUSE_INITIAL_PLAUSIBLE
8605,1375,Gemma 4 4B,Ego4D / 698f6bbe-4347-4a06-bd5d-3482f5e4fbbe / Game2,greedy_t0,0,Greedy,with,Contingency,with,63,67,,0,,contiguous,1,"Sukeshi is the most heavily targeted player in the discussion, with multiple players (Ashley, Sian, Elliot, James) strongly suggesting she is a Werewolf.",63-67,NOT_A_CANDIDATE_FORM_OUTSIDE_INVENTORY,,,,,,,True,False,63,67,CLAUSE_INITIAL_PLAUSIBLE
8608,1375,Gemma 4 4B,Ego4D / 698f6bbe-4347-4a06-bd5d-3482f5e4fbbe / Game2,greedy_t0,0,Greedy,given,Contingency,Given,287,292,,0,,contiguous,3,"Given the goal is to eliminate a Werewolf, targeting the player with the highest probability of being a Werewolf is the most logical strategy.",287-292,NOT_A_CANDIDATE_FORM_OUTSIDE_INVENTORY,,,,,,,True,False,0,5,CLAUSE_INITIAL_PLAUSIBLE
8609,1375,Gemma 4 4B,Ego4D / 698f6bbe-4347-4a06-bd5d-3482f5e4fbbe / Game2,greedy_t0,0,Greedy,with,Contingency,with,351,355,,0,,contiguous,3,"Given the goal is to eliminate a Werewolf, targeting the player with the highest probability of being a Werewolf is the most logical strategy.",351-355,NOT_A_CANDIDATE_FORM_OUTSIDE_INVENTORY,,,,,,,True,False,64,68,NON_CONNECTIVE_LIKELY
8622,1377,Gemma 4 4B,Youtube / Flashback##ONE#NIGHT#ULTIMATE#WEREWOLF##Retro#9 / Game1,greedy_t0,0,Greedy,given,Contingency,Given,397,402,,0,,contiguous,4,"Given the strong consensus of suspicion against him, Mitchell is the most likely candidate for a Werewolf.",397-402,NOT_A_CANDIDATE_FORM_OUTSIDE_INVENTORY,,,,,,,True,False,0,5,CLAUSE_INITIAL_PLAUSIBLE
8624,1378,Gemma 4 4B,Youtube / Flashback##ONE#NIGHT#ULTIMATE#WEREWOLF##Retro#9 / Game2,greedy_t0,0,Greedy,with,Contingency,with,35,39,,0,,contiguous,1,"The discussion is highly volatile, with multiple players admitting to role swaps and making contradictory claims.",35-39,NOT_A_CANDIDATE_FORM_OUTSIDE_INVENTORY,,,,,,,True,False,35,39,UNCLEAR
8629,1378,Gemma 4 4B,Youtube / Flashback##ONE#NIGHT#ULTIMATE#WEREWOLF##Retro#9 / Game2,greedy_t0,0,Greedy,given,Contingency,Given,373,378,,0,,contiguous,4,"Given the chaotic nature of the conversation, targeting James is the most strategically sound move to eliminate a highly suspicious player and advance Team Village's goal.",373-378,NOT_A_CANDIDATE_FORM_OUTSIDE_INVENTORY,,,,,,,True,False,0,5,CLAUSE_INITIAL_PLAUSIBLE
8636,1379,Gemma 4 4B,Youtube / Flashback##ONE#NIGHT#ULTIMATE#WEREWOLF##Retro#9 / Game3,greedy_t0,0,Greedy,given,Contingency,Given,332,337,,0,,contiguous,4,"Given the lack of concrete evidence, the most logical choice is to target the player who has been consistently flagged for suspicious behavior throughout the discussion.",332-337,NOT_A_CANDIDATE_FORM_OUTSIDE_INVENTORY,,,,,,,True,False,0,5,CLAUSE_INITIAL_PLAUSIBLE
8638,1380,Gemma 4 4B,Youtube / Flashback##ONE#NIGHT#ULTIMATE#WEREWOLF##Retro#9 / Game4,greedy_t0,0,Greedy,particularly,Expansion,particularly,72,84,,0,,contiguous,1,"Justin displays the most suspicious behavior throughout the discussion, particularly regarding his role-swapping actions.",72-84,NOT_A_CANDIDATE_FORM_OUTSIDE_INVENTORY,,,,,,,True,False,72,84,NON_CONNECTIVE_LIKELY
8640,1380,Gemma 4 4B,Youtube / Flashback##ONE#NIGHT#ULTIMATE#WEREWOLF##Retro#9 / Game4,greedy_t0,0,Greedy,with,Contingency,with,191,195,,0,,contiguous,2,"He admits to switching people but refuses to specify who he switched with, which is a highly evasive tactic.",191-195,NOT_A_CANDIDATE_FORM_OUTSIDE_INVENTORY,,,,,,,True,False,69,73,NON_CONNECTIVE_LIKELY
8641,1380,Gemma 4 4B,Youtube / Flashback##ONE#NIGHT#ULTIMATE#WEREWOLF##Retro#9 / Game4,greedy_t0,0,Greedy,given that,Contingency,Given that,362,372,,0,,contiguous,4,"Given that Werewolves often attempt to mislead or hide their true intentions, Justin's pattern of admitting to actions while withholding critical information makes him the primary target for elimination.",362-372,NOT_A_CANDIDATE_FORM_OUTSIDE_INVENTORY,,,,,,,True,False,0,10,CLAUSE_INITIAL_PLAUSIBLE
8663,1383,Gemma 4 4B,Youtube / One#Night#Ultimate#Love#Letter##ONE#NIGHT#ULTIMATE#WEREWOLF / Game3,greedy_t0,0,Greedy,with,Contingency,with,204,208,,0,,contiguous,2,"He explicitly admitted to copycating into a Werewolf role during the night phase, and later confirmed his association with the Werewolf team.",204-208,NOT_A_CANDIDATE_FORM_OUTSIDE_INVENTORY,,,,,,,True,False,118,122,NON_CONNECTIVE_LIKELY
8672,1384,Gemma 4 4B,Youtube / One#Night#Ultimate#Love#Letter##ONE#NIGHT#ULTIMATE#WEREWOLF / Game7,greedy_t0,0,Greedy,eventually,Temporal,eventually,160,170,,0,,contiguous,2,"While Justin eventually admits to being the Robber (a Village role), his pattern of deception and role-claiming makes him a prime target for elimination.",160-170,NOT_A_CANDIDATE_FORM_OUTSIDE_INVENTORY,,,,,,,True,False,13,23,NON_CONNECTIVE_LIKELY
8675,1384,Gemma 4 4B,Youtube / One#Night#Ultimate#Love#Letter##ONE#NIGHT#ULTIMATE#WEREWOLF / Game7,greedy_t0,0,Greedy,given,Contingency,Given,440,445,,0,,contiguous,4,"Given the high degree of role manipulation, targeting the player who has demonstrated the most inconsistency and deceit is the best strategy to eliminate a potential Werewolf.",440-445,NOT_A_CANDIDATE_FORM_OUTSIDE_INVENTORY,,,,,,,True,False,0,5,CLAUSE_INITIAL_PLAUSIBLE
8686,1386,Gemma 4 4B,Youtube / ONE#NIGHT#ULTIMATE#WEREWOLF##Retro#1 / Game10,greedy_t0,0,Greedy,given,Contingency,Given,423,428,,0,,contiguous,4,"Given the need for Team Village to eliminate a Werewolf, Justin represents the strongest target based on the accumulated public accusations.",423-428,NOT_A_CANDIDATE_FORM_OUTSIDE_INVENTORY,,,,,,,True,False,0,5,CLAUSE_INITIAL_PLAUSIBLE
8693,1387,Gemma 4 4B,Youtube / ONE#NIGHT#ULTIMATE#WEREWOLF##Retro#1 / Game2,greedy_t0,0,Greedy,given,Contingency,Given,386,391,,0,,contiguous,4,"Given the high level of role swapping, targeting the player who admitted to being the Werewolf provides the highest probability of eliminating a threat to Team Village.",386-391,NOT_A_CANDIDATE_FORM_OUTSIDE_INVENTORY,,,,,,,True,False,0,5,CLAUSE_INITIAL_PLAUSIBLE
8696,1388,Gemma 4 4B,Youtube / ONE#NIGHT#ULTIMATE#WEREWOLF##Retro#1 / Game3,greedy_t0,0,Greedy,eventually,Temporal,eventually,281,291,,0,,contiguous,3,"Furthermore, James, who initially denied the presence of Werewolves, eventually conceded that Justin was a Werewolf.",281-291,NOT_A_CANDIDATE_FORM_OUTSIDE_INVENTORY,,,,,,,True,False,69,79,CLAUSE_INITIAL_PLAUSIBLE
8697,1388,Gemma 4 4B,Youtube / ONE#NIGHT#ULTIMATE#WEREWOLF##Retro#1 / Game3,greedy_t0,0,Greedy,given,Contingency,Given,329,334,,0,,contiguous,4,"Given the strong consensus among the players regarding Justin's role, he is the most logical target to eliminate to ensure Team Village wins.",329-334,NOT_A_CANDIDATE_FORM_OUTSIDE_INVENTORY,,,,,,,True,False,0,5,CLAUSE_INITIAL_PLAUSIBLE
8709,1390,Gemma 4 4B,Youtube / ONE#NIGHT#ULTIMATE#WEREWOLF##Retro#1 / Game5,greedy_t0,0,Greedy,despite,Comparison,Despite,279,286,,0,,contiguous,3,"Despite Mitchell's claims, the collective suspicion from James, Justin, and even Alvin ultimately pointed toward Mitchell, suggesting he was attempting to mislead the group.",279-286,NOT_A_CANDIDATE_FORM_OUTSIDE_INVENTORY,,,,,,,True,False,0,7,CLAUSE_INITIAL_PLAUSIBLE
8717,1391,Gemma 4 4B,Youtube / ONE#NIGHT#ULTIMATE#WEREWOLF##Retro#1 / Game6,greedy_t0,0,Greedy,given,Contingency,Given,404,409,,0,,contiguous,4,"Given the high level of suspicion directed at him, he is the most likely candidate to be a Werewolf.",404-409,NOT_A_CANDIDATE_FORM_OUTSIDE_INVENTORY,,,,,,,True,False,0,5,CLAUSE_INITIAL_PLAUSIBLE
8724,1392,Gemma 4 4B,Youtube / ONE#NIGHT#ULTIMATE#WEREWOLF##Retro#1 / Game7,greedy_t0,0,Greedy,with,Contingency,with,340,344,,0,,contiguous,3,"Although Alvin and Mitchell cast doubt on Justin's integrity, the accusation against James is specific and aligns with the primary goal of eliminating a Werewolf.",340-344,NOT_A_CANDIDATE_FORM_OUTSIDE_INVENTORY,,,,,,,True,False,114,118,NON_CONNECTIVE_LIKELY
8730,1393,Gemma 4 4B,Youtube / ONE#NIGHT#ULTIMATE#WEREWOLF##Retro#1 / Game8,greedy_t0,0,Greedy,given,Contingency,Given,399,404,,0,,contiguous,4,"Given the high level of deception evident in the discussion, Justin's narrative is the most unstable and warrants elimination to protect Team Village.",399-404,NOT_A_CANDIDATE_FORM_OUTSIDE_INVENTORY,,,,,,,True,False,0,5,CLAUSE_INITIAL_PLAUSIBLE
8732,1394,Gemma 4 4B,Youtube / ONE#NIGHT#ULTIMATE#WEREWOLF##Retro#1 / Game9,greedy_t0,0,Greedy,with,Contingency,with,36,40,,0,,contiguous,1,"The discussion is highly polarized, with both Justin and Mitchell being heavily accused of deception regarding their roles, particularly the Seer role.",36-40,NOT_A_CANDIDATE_FORM_OUTSIDE_INVENTORY,,,,,,,True,False,36,40,CLAUSE_INITIAL_PLAUSIBLE
8734,1394,Gemma 4 4B,Youtube / ONE#NIGHT#ULTIMATE#WEREWOLF##Retro#1 / Game9,greedy_t0,0,Greedy,particularly,Expansion,particularly,124,136,,0,,contiguous,1,"The discussion is highly polarized, with both Justin and Mitchell being heavily accused of deception regarding their roles, particularly the Seer role.",124-136,NOT_A_CANDIDATE_FORM_OUTSIDE_INVENTORY,,,,,,,True,False,124,136,NON_CONNECTIVE_LIKELY
8737,1394,Gemma 4 4B,Youtube / ONE#NIGHT#ULTIMATE#WEREWOLF##Retro#1 / Game9,greedy_t0,0,Greedy,despite,Comparison,despite,248,255,,0,,contiguous,2,"While Alvin voted for Justin, James expressed strong confidence that Mitchell was the Werewolf, despite the intense conflict between the two players.",248-255,NOT_A_CANDIDATE_FORM_OUTSIDE_INVENTORY,,,,,,,True,False,96,103,UNCLEAR
8740,1394,Gemma 4 4B,Youtube / ONE#NIGHT#ULTIMATE#WEREWOLF##Retro#1 / Game9,greedy_t0,0,Greedy,given,Contingency,Given,423,428,,0,,contiguous,4,"Given the high level of suspicion directed at him and James's firm conviction, Mitchell is the most likely target to eliminate a Werewolf.",423-428,NOT_A_CANDIDATE_FORM_OUTSIDE_INVENTORY,,,,,,,True,False,0,5,CLAUSE_INITIAL_PLAUSIBLE
8746,1395,Gemma 4 4B,Youtube / ONE#NIGHT#ULTIMATE#WEREWOLF##Retro#2 / Game1,greedy_t0,0,Greedy,given,Contingency,Given,367,372,,0,,contiguous,4,"Given his aggressive attempts to control the conversation and his conflicting statements about his own identity, he is the most likely candidate for a Werewolf.",367-372,NOT_A_CANDIDATE_FORM_OUTSIDE_INVENTORY,,,,,,,True,False,0,5,CLAUSE_INITIAL_PLAUSIBLE
8758,1397,Gemma 4 4B,Youtube / ONE#NIGHT#ULTIMATE#WEREWOLF##Retro#2 / Game3,greedy_t0,0,Greedy,with,Contingency,with,236,240,,0,,contiguous,2,"Mitchell repeatedly states that Justin is a werewolf, and Justin himself agrees with this assessment, which is highly suspicious behavior for a non-Werewolf player.",236-240,NOT_A_CANDIDATE_FORM_OUTSIDE_INVENTORY,,,,,,,True,False,80,84,NON_CONNECTIVE_LIKELY
8760,1397,Gemma 4 4B,Youtube / ONE#NIGHT#ULTIMATE#WEREWOLF##Retro#2 / Game3,greedy_t0,0,Greedy,given,Contingency,Given,321,326,,0,,contiguous,3,"Given the lack of definitive role information for most players, the accumulated suspicion and direct accusations make Justin the most probable Werewolf to eliminate to ensure Team Village wins.",321-326,NOT_A_CANDIDATE_FORM_OUTSIDE_INVENTORY,,,,,,,True,False,0,5,CLAUSE_INITIAL_PLAUSIBLE
8765,1398,Gemma 4 4B,Youtube / ONE#NIGHT#ULTIMATE#WEREWOLF##Retro#2 / Game4,greedy_t0,0,Greedy,given,Contingency,given,255,260,,0,,contiguous,2,"While Mike attempts to deflect suspicion by claiming he is the Troublemaker, this defense is highly suspicious given the context of card swaps and role confusion.",255-260,NOT_A_CANDIDATE_FORM_OUTSIDE_INVENTORY,,,,,,,True,False,111,116,NON_CONNECTIVE_LIKELY
8770,1399,Gemma 4 4B,Youtube / ONE#NIGHT#ULTIMATE#WEREWOLF##Retro#2 / Game5,greedy_t0,0,Greedy,with,Contingency,with,69,73,,0,,contiguous,1,"Justin is the primary target of suspicion throughout the discussion, with multiple players accusing him of being a Werewolf.",69-73,NOT_A_CANDIDATE_FORM_OUTSIDE_INVENTORY,,,,,,,True,False,69,73,UNCLEAR
8774,1399,Gemma 4 4B,Youtube / ONE#NIGHT#ULTIMATE#WEREWOLF##Retro#2 / Game5,greedy_t0,0,Greedy,particularly,Expansion,particularly,322,334,,0,,contiguous,3,"Although Justin denies this and claims to be the Seer, the cumulative weight of the accusations, particularly from Caitlynn, makes him the most probable Werewolf.",322-334,NOT_A_CANDIDATE_FORM_OUTSIDE_INVENTORY,,,,,,,True,False,97,109,NON_CONNECTIVE_LIKELY
8781,1400,Gemma 4 4B,Youtube / ONE#NIGHT#ULTIMATE#WEREWOLF##Retro#2 / Game6,greedy_t0,0,Greedy,given,Contingency,Given,402,407,,0,,contiguous,4,"Given the high level of role confusion and aggressive defense, Justin's behavior suggests he is actively manipulating the narrative to protect himself.",402-407,NOT_A_CANDIDATE_FORM_OUTSIDE_INVENTORY,,,,,,,True,False,0,5,CLAUSE_INITIAL_PLAUSIBLE
8785,1401,Gemma 4 4B,Youtube / ONE#NIGHT#ULTIMATE#WEREWOLF##Retro#2 / Game7,greedy_t0,0,Greedy,with,Contingency,with,203,207,,0,,contiguous,2,"He makes numerous contradictory claims about his roles, asserting he is the Seer and the Robber, and claiming to have performed swaps with others.",203-207,NOT_A_CANDIDATE_FORM_OUTSIDE_INVENTORY,,,,,,,True,False,134,138,NON_CONNECTIVE_LIKELY
8788,1401,Gemma 4 4B,Youtube / ONE#NIGHT#ULTIMATE#WEREWOLF##Retro#2 / Game7,greedy_t0,0,Greedy,given,Contingency,Given,366,371,,0,,contiguous,4,"Given the chaos of role swaps, his inconsistent behavior suggests he is actively deceiving the group, which is characteristic of a Werewolf.",366-371,NOT_A_CANDIDATE_FORM_OUTSIDE_INVENTORY,,,,,,,True,False,0,5,CLAUSE_INITIAL_PLAUSIBLE
8794,1402,Gemma 4 4B,Youtube / ONE#NIGHT#ULTIMATE#WEREWOLF##Retro#2 / Game8,greedy_t0,0,Greedy,given,Contingency,Given,284,289,,0,,contiguous,4,"Given the high stakes, targeting the player whose testimony determines the existence of the threat is the most strategic move.",284-289,NOT_A_CANDIDATE_FORM_OUTSIDE_INVENTORY,,,,,,,True,False,0,5,CLAUSE_INITIAL_PLAUSIBLE
8817,1405,Gemma 4 4B,Youtube / ONE#NIGHT#ULTIMATE#WEREWOLF##Retro#3 / Game4,greedy_t0,0,Greedy,with,Contingency,with,344,348,,0,,contiguous,3,"James bases this suspicion on Mike being 'talky,' suggesting a pattern of behavior that he associates with a Werewolf.",344-348,NOT_A_CANDIDATE_FORM_OUTSIDE_INVENTORY,,,,,,,True,False,102,106,NON_CONNECTIVE_LIKELY
8832,1407,Gemma 4 4B,Youtube / ONE#NIGHT#ULTIMATE#WEREWOLF##Retro#3 / Game6,greedy_t0,0,Greedy,given,Contingency,Given,279,284,,0,,contiguous,3,"Given the chaotic nature of the role swaps, focusing on the player who is most strongly implicated as a threat is the best strategy for Team Village.",279-284,NOT_A_CANDIDATE_FORM_OUTSIDE_INVENTORY,,,,,,,True,False,0,5,CLAUSE_INITIAL_PLAUSIBLE
8839,1408,Gemma 4 4B,Youtube / ONE#NIGHT#ULTIMATE#WEREWOLF##Retro#3 / Game7,greedy_t0,0,Greedy,with,Contingency,with,249,253,,0,,contiguous,3,"Mike, who was involved in role swaps, ultimately agrees with this assessment, stating that Mitchell is the 'safe bet' to vote for.",249-253,NOT_A_CANDIDATE_FORM_OUTSIDE_INVENTORY,,,,,,,True,False,56,60,NON_CONNECTIVE_LIKELY
8841,1408,Gemma 4 4B,Youtube / ONE#NIGHT#ULTIMATE#WEREWOLF##Retro#3 / Game7,greedy_t0,0,Greedy,given,Contingency,Given,324,329,,0,,contiguous,4,"Given the strong consensus and repeated accusations throughout the transcript, Mitchell is the most logical target for Team Village to eliminate.",324-329,NOT_A_CANDIDATE_FORM_OUTSIDE_INVENTORY,,,,,,,True,False,0,5,CLAUSE_INITIAL_PLAUSIBLE
8853,1410,Gemma 4 4B,Youtube / ONE#NIGHT#ULTIMATE#WEREWOLF##Retro#4 / Game10,greedy_t0,0,Greedy,given that,Contingency,Given that,261,271,,0,,contiguous,3,"Given that Team Village wins by eliminating a Werewolf, and Mitchell is the consensus target of the final vote, he represents the highest probability choice for elimination to secure victory.",261-271,NOT_A_CANDIDATE_FORM_OUTSIDE_INVENTORY,,,,,,,True,False,0,10,CLAUSE_INITIAL_PLAUSIBLE
8863,1411,Gemma 4 4B,Youtube / ONE#NIGHT#ULTIMATE#WEREWOLF##Retro#4 / Game11,greedy_t0,0,Greedy,given,Contingency,Given,353,358,,0,,contiguous,4,"Given the need to eliminate a Werewolf, Justin is the primary suspect based on the strongest piece of evidence presented by a role that is supposed to provide information.",353-358,NOT_A_CANDIDATE_FORM_OUTSIDE_INVENTORY,,,,,,,True,False,0,5,CLAUSE_INITIAL_PLAUSIBLE
8865,1412,Gemma 4 4B,Youtube / ONE#NIGHT#ULTIMATE#WEREWOLF##Retro#4 / Game3,greedy_t0,0,Greedy,with,Contingency,with,239,243,,0,,contiguous,3,"Justin supported this claim, agreeing with Mike's assessment and advocating for Mitchell's elimination.",239-243,NOT_A_CANDIDATE_FORM_OUTSIDE_INVENTORY,,,,,,,True,False,38,42,NON_CONNECTIVE_LIKELY
8877,1413,Gemma 4 4B,Youtube / ONE#NIGHT#ULTIMATE#WEREWOLF##Retro#4 / Game4,greedy_t0,0,Greedy,given,Contingency,Given,511,516,,0,,contiguous,4,"Given the strong consensus and the suspicious nature of his claims, Mitchell is the most likely Werewolf.",511-516,NOT_A_CANDIDATE_FORM_OUTSIDE_INVENTORY,,,,,,,True,False,0,5,CLAUSE_INITIAL_PLAUSIBLE
8895,1416,Gemma 4 4B,Youtube / ONE#NIGHT#ULTIMATE#WEREWOLF##Retro#4 / Game7,greedy_t0,0,Greedy,given,Contingency,Given,393,398,,0,,contiguous,4,"Given his self-proclaimed alignment with Team Werewolf, he is the most logical target for elimination.",393-398,NOT_A_CANDIDATE_FORM_OUTSIDE_INVENTORY,,,,,,,True,False,0,5,CLAUSE_INITIAL_PLAUSIBLE
8896,1416,Gemma 4 4B,Youtube / ONE#NIGHT#ULTIMATE#WEREWOLF##Retro#4 / Game7,greedy_t0,0,Greedy,with,Contingency,with,429,433,,0,,contiguous,4,"Given his self-proclaimed alignment with Team Werewolf, he is the most logical target for elimination.",429-433,NOT_A_CANDIDATE_FORM_OUTSIDE_INVENTORY,,,,,,,True,False,36,40,NON_CONNECTIVE_LIKELY
8901,1417,Gemma 4 4B,Youtube / ONE#NIGHT#ULTIMATE#WEREWOLF##Retro#4 / Game9,greedy_t0,0,Greedy,despite,Comparison,Despite,291,298,,0,,contiguous,4,"Despite the conflicting claims from other players, the momentum and final accusation point strongly toward Justin as the most likely target for elimination to ensure Team Village wins.",291-298,NOT_A_CANDIDATE_FORM_OUTSIDE_INVENTORY,,,,,,,True,False,0,7,CLAUSE_INITIAL_PLAUSIBLE
8905,1418,Gemma 4 4B,Youtube / ONE#NIGHT#ULTIMATE#WEREWOLF##Retro#5 / Game1,greedy_t0,0,Greedy,particularly,Expansion,particularly,46,58,,0,,contiguous,1,"Mitchell exhibits highly suspicious behavior, particularly when claiming that 'we still have two werewolves' and 'We got all of us on the same team' (36).",46-58,NOT_A_CANDIDATE_FORM_OUTSIDE_INVENTORY,,,,,,,True,False,46,58,NON_CONNECTIVE_LIKELY
8920,1419,Gemma 4 4B,Youtube / ONE#NIGHT#ULTIMATE#WEREWOLF##Retro#5 / Game2,greedy_t0,0,Greedy,given,Contingency,Given,375,380,,0,,contiguous,4,"Given the high level of role manipulation suggested by the transcript, Justin's erratic behavior makes him the most probable target for elimination to ensure Team Village wins.",375-380,NOT_A_CANDIDATE_FORM_OUTSIDE_INVENTORY,,,,,,,True,False,0,5,CLAUSE_INITIAL_PLAUSIBLE
8939,1422,Gemma 4 4B,Youtube / ONE#NIGHT#ULTIMATE#WEREWOLF##Retro#5 / Game5,greedy_t0,0,Greedy,with,Contingency,with,275,279,,0,,contiguous,4,"Although Paul and Mitchell are aligned with Team Village (Paul is confirmed Seer, Mitchell claims Insomniac), Justin is the only confirmed threat that must be removed for Team Village to achieve victory.",275-279,NOT_A_CANDIDATE_FORM_OUTSIDE_INVENTORY,,,,,,,True,False,39,43,NON_CONNECTIVE_LIKELY
8981,1428,Gemma 4 4B,Youtube / ONE#NIGHT#ULTIMATE#WEREWOLF#1##July#5th#2016 / Game2,greedy_t0,0,Greedy,despite,Comparison,Despite,365,372,,0,,contiguous,4,"Despite some attempts to deflect suspicion or argue about role swaps, the collective weight of the evidence presented in the public discussion points toward Mike being the most likely Werewolf, making him the optimal target for Team Village.",365-372,NOT_A_CANDIDATE_FORM_OUTSIDE_INVENTORY,,,,,,,True,False,0,7,CLAUSE_INITIAL_PLAUSIBLE
8990,1429,Gemma 4 4B,Youtube / One#Night#Ultimate#Werewolf#1#How-To#and#Playthrough / Game1,greedy_t0,0,Greedy,given,Contingency,Given,453,458,,0,,contiguous,5,"Given the high level of role swapping and confusion, Dan's inconsistent narrative makes him the prime suspect for a Werewolf attempting to deflect suspicion.",453-458,NOT_A_CANDIDATE_FORM_OUTSIDE_INVENTORY,,,,,,,True,False,0,5,CLAUSE_INITIAL_PLAUSIBLE
9005,1431,Gemma 4 4B,Youtube / ONE#NIGHT#ULTIMATE#WEREWOLF#13##July#29th#2017 / Game1,greedy_t0,0,Greedy,given,Contingency,Given,415,420,,0,,contiguous,4,"Given the high level of confusion, targeting the player who demonstrates the most inconsistent claims is the best strategy for Team Village.",415-420,NOT_A_CANDIDATE_FORM_OUTSIDE_INVENTORY,,,,,,,True,False,0,5,CLAUSE_INITIAL_PLAUSIBLE
9027,1434,Gemma 4 4B,Youtube / ONE#NIGHT#ULTIMATE#WEREWOLF#14##August#26th#2017 / Game1,greedy_t0,0,Greedy,with,Contingency,with,444,448,,0,,contiguous,4,Eliminating him aligns with Team Village's goal of removing a threat.,444-448,NOT_A_CANDIDATE_FORM_OUTSIDE_INVENTORY,,,,,,,True,False,23,27,NON_CONNECTIVE_LIKELY
9032,1435,Gemma 4 4B,Youtube / ONE#NIGHT#ULTIMATE#WEREWOLF#14##August#26th#2017 / Game2,greedy_t0,0,Greedy,given,Contingency,Given,411,416,,0,,contiguous,4,"Given his pattern of deception and conflicting statements, he poses the greatest threat to Team Village's victory.",411-416,NOT_A_CANDIDATE_FORM_OUTSIDE_INVENTORY,,,,,,,True,False,0,5,CLAUSE_INITIAL_PLAUSIBLE
9035,1436,Gemma 4 4B,Youtube / ONE#NIGHT#ULTIMATE#WEREWOLF#18##September#30th#2017 / Game1,greedy_t0,0,Greedy,with,Contingency,with,45,49,,0,,contiguous,1,"The discussion is highly volatile and filled with conflicting role claims, making definitive identification impossible.",45-49,NOT_A_CANDIDATE_FORM_OUTSIDE_INVENTORY,,,,,,,True,False,45,49,NON_CONNECTIVE_LIKELY
9049,1438,Gemma 4 4B,Youtube / ONE#NIGHT#ULTIMATE#WEREWOLF#26##January#20th#2018 / Game2,greedy_t0,0,Greedy,given,Contingency,Given,427,432,,0,,contiguous,4,"Given the high stakes, targeting the player who exhibits the most deception is the best strategy for Team Village.",427-432,NOT_A_CANDIDATE_FORM_OUTSIDE_INVENTORY,,,,,,,True,False,0,5,CLAUSE_INITIAL_PLAUSIBLE
9056,1439,Gemma 4 4B,Youtube / ONE#NIGHT#ULTIMATE#WEREWOLF#26##January#20th#2018 / Game3,greedy_t0,0,Greedy,despite,Comparison,Despite,282,289,,0,,contiguous,3,"Despite the confusion caused by card swaps and role changes, the discussion ultimately focused on Meghan as the most likely target.",282-289,NOT_A_CANDIDATE_FORM_OUTSIDE_INVENTORY,,,,,,,True,False,0,7,CLAUSE_INITIAL_PLAUSIBLE
9065,1441,Gemma 4 4B,Youtube / ONE#NIGHT#ULTIMATE#WEREWOLF#28##February#17th#2018 / Game2,greedy_t0,0,Greedy,with,Contingency,with,42,46,,0,,contiguous,1,"Mike is the most heavily targeted player, with multiple individuals (Alysha, Mitchell, and Justin) claiming he is a Werewolf.",42-46,NOT_A_CANDIDATE_FORM_OUTSIDE_INVENTORY,,,,,,,True,False,42,46,CLAUSE_INITIAL_PLAUSIBLE
9068,1441,Gemma 4 4B,Youtube / ONE#NIGHT#ULTIMATE#WEREWOLF#28##February#17th#2018 / Game2,greedy_t0,0,Greedy,given,Contingency,Given,281,286,,0,,contiguous,3,"Given the strong and consistent accusations against him, he represents the highest probability target for Team Village to eliminate.",281-286,NOT_A_CANDIDATE_FORM_OUTSIDE_INVENTORY,,,,,,,True,False,0,5,CLAUSE_INITIAL_PLAUSIBLE
9081,1443,Gemma 4 4B,Youtube / One#Night#Ultimate#Werewolf#3#Insomniac / Game1,greedy_t0,0,Greedy,with,Contingency,with,506,510,,0,,contiguous,4,"Therefore, voting out Brett aligns with the prevailing sentiment of Team Village.",506-510,NOT_A_CANDIDATE_FORM_OUTSIDE_INVENTORY,,,,,,,True,False,35,39,NON_CONNECTIVE_LIKELY
9114,1448,Gemma 4 4B,Youtube / One#Night#Ultimate#Werewolf#361#Classic#Werewolf / Game1,greedy_t0,0,Greedy,with,Contingency,with,269,273,,0,,contiguous,3,His persistent association with the Minion role and his evasive behavior when questioned about his actions make him the prime target for Team Village.,269-273,NOT_A_CANDIDATE_FORM_OUTSIDE_INVENTORY,,,,,,,True,False,27,31,NON_CONNECTIVE_LIKELY
9126,1451,Gemma 4 4B,Youtube / ONE#NIGHT#ULTIMATE#WEREWOLF#37##April#21st#2018 / Game2,greedy_t0,0,Greedy,with,Contingency,with,35,39,,0,,contiguous,1,"The discussion is highly volatile, with multiple players making conflicting claims about their roles and actions.",35-39,NOT_A_CANDIDATE_FORM_OUTSIDE_INVENTORY,,,,,,,True,False,35,39,UNCLEAR
9131,1451,Gemma 4 4B,Youtube / ONE#NIGHT#ULTIMATE#WEREWOLF#37##April#21st#2018 / Game2,greedy_t0,0,Greedy,given,Contingency,Given,353,358,,0,,contiguous,4,"Given the intense back-and-forth and Mike's aggressive attempts to control the narrative and deflect suspicion, he presents the most immediate and high-risk target for Team Village.",353-358,NOT_A_CANDIDATE_FORM_OUTSIDE_INVENTORY,,,,,,,True,False,0,5,CLAUSE_INITIAL_PLAUSIBLE
9132,1451,Gemma 4 4B,Youtube / ONE#NIGHT#ULTIMATE#WEREWOLF#37##April#21st#2018 / Game2,greedy_t0,0,Greedy,and,Expansion,and,376,379,,0,,contiguous,4,"Given the intense back-and-forth and Mike's aggressive attempts to control the narrative and deflect suspicion, he presents the most immediate and high-risk target for Team Village.",376-379,NOT_A_CANDIDATE_FORM_IN_INVENTORY,,,,,,,True,False,23,26,UNCLEAR
9152,1453,Gemma 4 4B,Youtube / ONE#NIGHT#ULTIMATE#WEREWOLF#38##April#21st#2018 / Game4,greedy_t0,0,Greedy,despite,Comparison,Despite,304,311,,0,,contiguous,4,"Despite the chaos, the final consensus among the most vocal players (Justin, Mitchell, and James) pointed directly at Mike as the primary suspect, making him the most logical target for Team Village to eliminate.",304-311,NOT_A_CANDIDATE_FORM_OUTSIDE_INVENTORY,,,,,,,True,False,0,7,CLAUSE_INITIAL_PLAUSIBLE
9177,1456,Gemma 4 4B,Youtube / ONE#NIGHT#ULTIMATE#WEREWOLF#39##April#21st#2018 / Game3,greedy_t0,0,Greedy,with,Contingency,with,479,483,,0,,contiguous,4,Eliminating Justin aligns with the prevailing suspicion of the group.,479-483,NOT_A_CANDIDATE_FORM_OUTSIDE_INVENTORY,,,,,,,True,False,26,30,NON_CONNECTIVE_LIKELY
9195,1458,Gemma 4 4B,Youtube / ONE#NIGHT#ULTIMATE#WEREWOLF#4##July#14th#2016 / Game2,greedy_t0,0,Greedy,with,Contingency,with,353,357,,0,,contiguous,3,"His constant attempts to deflect suspicion onto others, coupled with his history of making dramatic role claims, suggests he is actively trying to mislead the group.",353-357,NOT_A_CANDIDATE_FORM_OUTSIDE_INVENTORY,,,,,,,True,False,64,68,NON_CONNECTIVE_LIKELY
9199,1459,Gemma 4 4B,Youtube / ONE#NIGHT#ULTIMATE#WEREWOLF#4##July#14th#2016 / Game3,greedy_t0,0,Greedy,given,Contingency,Given,310,315,,0,,contiguous,3,"Given the consensus among the players who claimed roles granting information, Paul is the most logical target to eliminate to ensure Team Village wins.",310-315,NOT_A_CANDIDATE_FORM_OUTSIDE_INVENTORY,,,,,,,True,False,0,5,CLAUSE_INITIAL_PLAUSIBLE
9205,1460,Gemma 4 4B,Youtube / ONE#NIGHT#ULTIMATE#WEREWOLF#43##October#13th#2018 / Game1,greedy_t0,0,Greedy,despite,Comparison,Despite,272,279,,0,,contiguous,3,"Despite the complexity of role swaps, the consistent accusation from two players who claimed to have critical information makes Mitchell the most probable target.",272-279,NOT_A_CANDIDATE_FORM_OUTSIDE_INVENTORY,,,,,,,True,False,0,7,CLAUSE_INITIAL_PLAUSIBLE
9207,1461,Gemma 4 4B,Youtube / ONE#NIGHT#ULTIMATE#WEREWOLF#43##October#13th#2018 / Game3,greedy_t0,0,Greedy,despite,Comparison,Despite,0,7,,0,,contiguous,1,"Despite the extreme confusion and role swapping throughout the discussion, Justin explicitly states in line [123] that he was a werewolf.",0-7,NOT_A_CANDIDATE_FORM_OUTSIDE_INVENTORY,,,,,,,True,False,0,7,CLAUSE_INITIAL_PLAUSIBLE
9219,1462,Gemma 4 4B,Youtube / ONE#NIGHT#ULTIMATE#WEREWOLF#43##October#13th#2018 / Game4,greedy_t0,0,Greedy,with,Contingency,with,400,404,,0,,contiguous,4,"While Paul also claimed to be a Tanner, the weight of the accusations against him, combined with the general consensus that Werewolves were present, makes him the most logical target for Team Village to attempt to eliminate.",400-404,NOT_A_CANDIDATE_FORM_OUTSIDE_INVENTORY,,,,,,,True,False,92,96,NON_CONNECTIVE_LIKELY
9221,1463,Gemma 4 4B,Youtube / ONE#NIGHT#ULTIMATE#WEREWOLF#44##October#13th#2018 / Game1,greedy_t0,0,Greedy,with,Contingency,with,37,41,,0,,contiguous,1,"The discussion is extremely chaotic, with multiple players making conflicting claims about their roles and actions.",37-41,NOT_A_CANDIDATE_FORM_OUTSIDE_INVENTORY,,,,,,,True,False,37,41,UNCLEAR
9233,1464,Gemma 4 4B,Youtube / ONE#NIGHT#ULTIMATE#WEREWOLF#44##October#13th#2018 / Game2,greedy_t0,0,Greedy,given,Contingency,Given,432,437,,0,,contiguous,4,"Given the high degree of uncertainty, Mike is the most probable target for elimination to ensure Team Village's victory.",432-437,NOT_A_CANDIDATE_FORM_OUTSIDE_INVENTORY,,,,,,,True,False,0,5,CLAUSE_INITIAL_PLAUSIBLE
9236,1465,Gemma 4 4B,Youtube / ONE#NIGHT#ULTIMATE#WEREWOLF#44##October#13th#2018 / Game3,greedy_t0,0,Greedy,eventually,Temporal,eventually,77,87,,0,,contiguous,1,"The discussion is highly chaotic due to multiple role swaps, but the players eventually converge on a target.",77-87,NOT_A_CANDIDATE_FORM_OUTSIDE_INVENTORY,,,,,,,True,False,77,87,NON_CONNECTIVE_LIKELY
9255,1467,Gemma 4 4B,Youtube / ONE#NIGHT#ULTIMATE#WEREWOLF#44##October#13th#2018 / Game5,greedy_t0,0,Greedy,given,Contingency,Given,404,409,,0,,contiguous,4,"Given the high stakes and the direct nature of his confession, he is the most likely target to eliminate to ensure Team Village wins.",404-409,NOT_A_CANDIDATE_FORM_OUTSIDE_INVENTORY,,,,,,,True,False,0,5,CLAUSE_INITIAL_PLAUSIBLE
9275,1470,Gemma 4 4B,Youtube / One#Night#Ultimate#Werewolf#491#Classic#Werewolf / Game1,greedy_t0,0,Greedy,given,Contingency,Given,448,453,,0,,contiguous,4,"Given the high stakes, targeting the player who openly discussed becoming a Werewolf is the most logical move for Team Village.",448-453,NOT_A_CANDIDATE_FORM_OUTSIDE_INVENTORY,,,,,,,True,False,0,5,CLAUSE_INITIAL_PLAUSIBLE
9295,1473,Gemma 4 4B,Youtube / ONE#NIGHT#ULTIMATE#WEREWOLF#5##October#29th#2016 / Game1,greedy_t0,0,Greedy,despite,Comparison,despite,305,312,,0,,contiguous,3,"Both Caitlynn and Chris actively push for Mike's elimination, and Mitchell supports the idea that Mike is the threat, despite the conflicting claims about who was the Werewolf.",305-312,NOT_A_CANDIDATE_FORM_OUTSIDE_INVENTORY,,,,,,,True,False,118,125,UNCLEAR
9296,1473,Gemma 4 4B,Youtube / ONE#NIGHT#ULTIMATE#WEREWOLF#5##October#29th#2016 / Game1,greedy_t0,0,Greedy,given,Contingency,Given,364,369,,0,,contiguous,4,"Given the pressure to eliminate a Werewolf to secure a Village victory, Mike is the most logical target based on the public consensus and accusations.",364-369,NOT_A_CANDIDATE_FORM_OUTSIDE_INVENTORY,,,,,,,True,False,0,5,CLAUSE_INITIAL_PLAUSIBLE
9302,1474,Gemma 4 4B,Youtube / One#Night#Ultimate#Werewolf#531#Classic#ONUW / Game1,greedy_t0,0,Greedy,despite,Comparison,Despite,392,399,,0,,contiguous,4,"Despite his attempts to redirect suspicion onto Ryan, his initial confession makes him the primary target for Team Village to ensure a Werewolf is eliminated.",392-399,NOT_A_CANDIDATE_FORM_OUTSIDE_INVENTORY,,,,,,,True,False,0,7,CLAUSE_INITIAL_PLAUSIBLE
9309,1475,Gemma 4 4B,Youtube / One#Night#Ultimate#Werewolf#532#More#Classic#ONUW / Game1,greedy_t0,0,Greedy,given,Contingency,Given,414,419,,0,,contiguous,4,"Given his aggressive claims and attempts to control the narrative, DeAndre represents the highest risk to Team Village.",414-419,NOT_A_CANDIDATE_FORM_OUTSIDE_INVENTORY,,,,,,,True,False,0,5,CLAUSE_INITIAL_PLAUSIBLE
9315,1476,Gemma 4 4B,Youtube / One#Night#Ultimate#Werewolf#533#Even#More#Classic#ONUW / Game1,greedy_t0,0,Greedy,given,Contingency,given,262,267,,0,,contiguous,2,"Brett's final argument suggests that DeAndre is the most likely candidate for a hostile role, given the complex series of card swaps.",262-267,NOT_A_CANDIDATE_FORM_OUTSIDE_INVENTORY,,,,,,,True,False,94,99,UNCLEAR
9318,1477,Gemma 4 4B,Youtube / ONE#NIGHT#ULTIMATE#WEREWOLF#55##January#26th#2019 / Game3,greedy_t0,0,Greedy,with,Contingency,with,71,75,,0,,contiguous,1,"Justin was the most heavily targeted player throughout the discussion, with multiple players repeatedly suggesting or agreeing that he was the prime suspect.",71-75,NOT_A_CANDIDATE_FORM_OUTSIDE_INVENTORY,,,,,,,True,False,71,75,UNCLEAR
9332,1478,Gemma 4 4B,Youtube / ONE#NIGHT#ULTIMATE#WEREWOLF#6##November#6th#2016 / Game1,greedy_t0,0,Greedy,given,Contingency,Given,387,392,,0,,contiguous,4,"Given the strong consensus among the players that Caitlynn is a Werewolf, voting her out is the most logical move for Team Village to win.",387-392,NOT_A_CANDIDATE_FORM_OUTSIDE_INVENTORY,,,,,,,True,False,0,5,CLAUSE_INITIAL_PLAUSIBLE
9339,1479,Gemma 4 4B,Youtube / ONE#NIGHT#ULTIMATE#WEREWOLF#6##November#6th#2016 / Game2,greedy_t0,0,Greedy,given,Contingency,Given,309,314,,0,,contiguous,4,"Given the high stakes and the explicit self-identification of a Werewolf, Caitlynn is the most certain target for Team Village to eliminate.",309-314,NOT_A_CANDIDATE_FORM_OUTSIDE_INVENTORY,,,,,,,True,False,0,5,CLAUSE_INITIAL_PLAUSIBLE
9348,1480,Gemma 4 4B,Youtube / ONE#NIGHT#ULTIMATE#WEREWOLF#62##March#23rd#2019 / Game1,greedy_t0,0,Greedy,given,Contingency,given,336,341,,0,,contiguous,3,"The final vote was unanimous for 'left,' which, given the flow of the conversation, strongly indicates that Justin was the intended target of elimination.",336-341,NOT_A_CANDIDATE_FORM_OUTSIDE_INVENTORY,,,,,,,True,False,48,53,CLAUSE_INITIAL_PLAUSIBLE
9349,1480,Gemma 4 4B,Youtube / ONE#NIGHT#ULTIMATE#WEREWOLF#62##March#23rd#2019 / Game1,greedy_t0,0,Greedy,with,Contingency,with,469,473,,0,,contiguous,4,Eliminating Justin aligns with the Village's goal of removing a highly suspicious player who was accused of being a Werewolf.,469-473,NOT_A_CANDIDATE_FORM_OUTSIDE_INVENTORY,,,,,,,True,False,26,30,NON_CONNECTIVE_LIKELY
9352,1481,Gemma 4 4B,Youtube / ONE#NIGHT#ULTIMATE#WEREWOLF#62##March#23rd#2019 / Game2,greedy_t0,0,Greedy,eventually,Temporal,eventually,259,269,,0,,contiguous,2,"Although the discussion is highly confused due to potential role swaps (Troublemaker and Robber), the players eventually converge on Paul as the target for elimination.",259-269,NOT_A_CANDIDATE_FORM_OUTSIDE_INVENTORY,,,,,,,True,False,110,120,NON_CONNECTIVE_LIKELY
9355,1481,Gemma 4 4B,Youtube / ONE#NIGHT#ULTIMATE#WEREWOLF#62##March#23rd#2019 / Game2,greedy_t0,0,Greedy,given,Contingency,Given,318,323,,0,,contiguous,3,"Given the stated goal of Team Village is to eliminate a Werewolf, and Paul is the consensus target, he is the most logical choice to vote out.",318-323,NOT_A_CANDIDATE_FORM_OUTSIDE_INVENTORY,,,,,,,True,False,0,5,CLAUSE_INITIAL_PLAUSIBLE
9361,1483,Gemma 4 4B,Youtube / ONE#NIGHT#ULTIMATE#WEREWOLF#64##March#23rd#2019 / Game3,greedy_t0,0,Greedy,despite,Comparison,Despite,0,7,,0,,contiguous,1,"Despite the chaotic nature of the discussion, Justin explicitly stated, 'I was a werewolf' (133).",0-7,NOT_A_CANDIDATE_FORM_OUTSIDE_INVENTORY,,,,,,,True,False,0,7,CLAUSE_INITIAL_PLAUSIBLE
9380,1486,Gemma 4 4B,Youtube / ONE#NIGHT#ULTIMATE#WEREWOLF#7##November#6th#2016 / Game1,greedy_t0,0,Greedy,despite,Comparison,Despite,301,308,,0,,contiguous,4,"Despite several players making conflicting claims about being or switching roles related to the Werewolf, the lack of a final vote means we cannot confirm the presence of a Werewolf who could be eliminated.",301-308,NOT_A_CANDIDATE_FORM_OUTSIDE_INVENTORY,,,,,,,True,False,0,7,CLAUSE_INITIAL_PLAUSIBLE
9388,1488,Gemma 4 4B,Youtube / ONE#NIGHT#ULTIMATE#WEREWOLF#7##November#6th#2016 / Game3,greedy_t0,0,Greedy,with,Contingency,with,66,70,,0,,contiguous,1,"The public discussion is characterized by extreme role confusion, with players constantly accusing each other and making contradictory claims about their roles (Tanner, Werewolf, Robber, etc.).",66-70,NOT_A_CANDIDATE_FORM_OUTSIDE_INVENTORY,,,,,,,True,False,66,70,CLAUSE_INITIAL_PLAUSIBLE
9401,1489,Gemma 4 4B,Youtube / ONE#NIGHT#ULTIMATE#WEREWOLF#7##November#6th#2016 / Game4,greedy_t0,0,Greedy,given,Contingency,Given,370,375,,0,,contiguous,4,"Given the strong consensus and the direct accusations made in the transcript, Caitlynn is the most likely Werewolf to eliminate.",370-375,NOT_A_CANDIDATE_FORM_OUTSIDE_INVENTORY,,,,,,,True,False,0,5,CLAUSE_INITIAL_PLAUSIBLE
9414,1491,Gemma 4 4B,Youtube / ONE#NIGHT#ULTIMATE#WEREWOLF#8##November#6th#2016 / Game4,greedy_t0,0,Greedy,with,Contingency,with,316,320,,0,,contiguous,3,"While several players engage in role claims and accusations, Alana's association with the negative outcome of the night phase makes her the most probable target for Team Village to eliminate.",316-320,NOT_A_CANDIDATE_FORM_OUTSIDE_INVENTORY,,,,,,,True,False,81,85,NON_CONNECTIVE_LIKELY
9421,1492,Gemma 4 4B,Youtube / ONE#NIGHT#ULTIMATE#WEREWOLF#83##October#15th#2019 / Game2,greedy_t0,0,Greedy,given,Contingency,Given,388,393,,0,,contiguous,4,"Given the goal is to eliminate a Werewolf, Mike is the most logical target based on his own declarations.",388-393,NOT_A_CANDIDATE_FORM_OUTSIDE_INVENTORY,,,,,,,True,False,0,5,CLAUSE_INITIAL_PLAUSIBLE
9432,1494,Gemma 4 4B,Youtube / ONE#NIGHT#ULTIMATE#WEREWOLF#86##November#9th#2019 / Game1,greedy_t0,0,Greedy,given,Contingency,Given,420,425,,0,,contiguous,5,"Given the high stakes, eliminating the player who is actively manipulating the narrative is the best strategy for Team Village.",420-425,NOT_A_CANDIDATE_FORM_OUTSIDE_INVENTORY,,,,,,,True,False,0,5,CLAUSE_INITIAL_PLAUSIBLE
9439,1495,Gemma 4 4B,Youtube / ONE#NIGHT#ULTIMATE#WEREWOLF#86##November#9th#2019 / Game3,greedy_t0,0,Greedy,with,Contingency,with,433,437,,0,,contiguous,3,"This level of aggressive deception and constant self-referencing is characteristic of a player attempting to mislead the group, which aligns with the behavior of a Werewolf.",433-437,NOT_A_CANDIDATE_FORM_OUTSIDE_INVENTORY,,,,,,,True,False,141,145,NON_CONNECTIVE_LIKELY
9445,1496,Gemma 4 4B,Youtube / ONE#NIGHT#ULTIMATE#WEREWOLF#86##November#9th#2019 / Game4,greedy_t0,0,Greedy,upon,Temporal,upon,186,190,,0,,contiguous,2,"However, the strongest sustained suspicion falls upon Mike.",186-190,NOT_A_CANDIDATE_FORM_OUTSIDE_INVENTORY,,,,,,,True,False,49,53,NON_CONNECTIVE_LIKELY
9449,1496,Gemma 4 4B,Youtube / ONE#NIGHT#ULTIMATE#WEREWOLF#86##November#9th#2019 / Game4,greedy_t0,0,Greedy,despite,Comparison,Despite,345,352,,0,,contiguous,4,"Despite the conflicting claims, the final momentum of the discussion, including Paul's stated intent to vote for Mike (140), points toward Mike as the most likely Werewolf to eliminate for Team Village.",345-352,NOT_A_CANDIDATE_FORM_OUTSIDE_INVENTORY,,,,,,,True,False,0,7,CLAUSE_INITIAL_PLAUSIBLE
9460,1497,Gemma 4 4B,Youtube / ONE#NIGHT#ULTIMATE#WEREWOLF#87##November#9th#2019 / Game1,greedy_t0,0,Greedy,given,Contingency,Given,448,453,,0,,contiguous,4,"Given the pressure of the voting phase, Mitchell represents the strongest target based on the public accusations.",448-453,NOT_A_CANDIDATE_FORM_OUTSIDE_INVENTORY,,,,,,,True,False,0,5,CLAUSE_INITIAL_PLAUSIBLE
9468,1498,Gemma 4 4B,Youtube / ONE#NIGHT#ULTIMATE#WEREWOLF#87##November#9th#2019 / Game2,greedy_t0,0,Greedy,given,Contingency,Given,497,502,,0,,contiguous,4,"Given the high level of suspicion directed at him, he is the most likely Werewolf.",497-502,NOT_A_CANDIDATE_FORM_OUTSIDE_INVENTORY,,,,,,,True,False,0,5,CLAUSE_INITIAL_PLAUSIBLE
9473,1499,Gemma 4 4B,Youtube / ONE#NIGHT#ULTIMATE#WEREWOLF#89##November#30th#2019 / Game2,greedy_t0,0,Greedy,given that,Contingency,Given that,264,274,,0,,contiguous,4,"Given that Team Village wins by eliminating a Werewolf, and the evidence points clearly to Justin, he is the logical target for elimination.",264-274,NOT_A_CANDIDATE_FORM_OUTSIDE_INVENTORY,,,,,,,True,False,0,10,CLAUSE_INITIAL_PLAUSIBLE
9488,1500,Gemma 4 4B,Youtube / ONE#NIGHT#ULTIMATE#WEREWOLF#89##November#30th#2019 / Game3,greedy_t0,0,Greedy,given,Contingency,Given,414,419,,0,,contiguous,4,"Given his confirmed role and manipulative behavior, James is the most likely target to eliminate a Werewolf and secure a Village victory.",414-419,NOT_A_CANDIDATE_FORM_OUTSIDE_INVENTORY,,,,,,,True,False,0,5,CLAUSE_INITIAL_PLAUSIBLE
9499,1502,Gemma 4 4B,Youtube / ONE#NIGHT#ULTIMATE#WEREWOLF#9##November#6th#2016 / Game2,greedy_t0,0,Greedy,given,Contingency,Given,410,415,,0,,contiguous,4,"Given his high level of accusation and lack of consistent narrative, he is the most likely candidate to be a Werewolf.",410-415,NOT_A_CANDIDATE_FORM_OUTSIDE_INVENTORY,,,,,,,True,False,0,5,CLAUSE_INITIAL_PLAUSIBLE
9501,1503,Gemma 4 4B,Youtube / ONE#NIGHT#ULTIMATE#WEREWOLF#9##November#6th#2016 / Game3,greedy_t0,0,Greedy,particularly,Expansion,particularly,62,74,,0,,contiguous,1,"The discussion heavily focuses on Mike's suspicious behavior, particularly his anxiety and attempts to manipulate the conversation regarding the Tanner and Werewolf roles.",62-74,NOT_A_CANDIDATE_FORM_OUTSIDE_INVENTORY,,,,,,,True,False,62,74,NON_CONNECTIVE_LIKELY
9512,1504,Gemma 4 4B,Youtube / ONE#NIGHT#ULTIMATE#WEREWOLF#9##November#6th#2016 / Game4,greedy_t0,0,Greedy,given,Contingency,Given,333,338,,0,,contiguous,4,"Given the lack of concrete evidence against any player, the high level of suspicion directed at Caitlynn makes her the most logical target for elimination to advance Team Village's goal.",333-338,NOT_A_CANDIDATE_FORM_OUTSIDE_INVENTORY,,,,,,,True,False,0,5,CLAUSE_INITIAL_PLAUSIBLE
9523,1506,Gemma 4 4B,Youtube / Retrovision##ONE#NIGHT#ULTIMATE#WEREWOLF##Retro#7 / Game1,greedy_t0,0,Greedy,despite,Comparison,despite,321,328,,0,,contiguous,2,"While Justin is highly active in the discussion, Mike is the player who has been most consistently targeted by suspicion, being accused by both Justin and Mitchell of being a Werewolf despite claiming to be a Villager.",321-328,NOT_A_CANDIDATE_FORM_OUTSIDE_INVENTORY,,,,,,,True,False,184,191,NON_CONNECTIVE_LIKELY
9525,1506,Gemma 4 4B,Youtube / Retrovision##ONE#NIGHT#ULTIMATE#WEREWOLF##Retro#7 / Game1,greedy_t0,0,Greedy,given,Contingency,Given,453,458,,0,,contiguous,4,"Given the strong collective suspicion against him, Mike represents the highest probability target for Team Village to eliminate a Werewolf.",453-458,NOT_A_CANDIDATE_FORM_OUTSIDE_INVENTORY,,,,,,,True,False,0,5,CLAUSE_INITIAL_PLAUSIBLE
9533,1508,Gemma 4 4B,Youtube / Retrovision##ONE#NIGHT#ULTIMATE#WEREWOLF##Retro#7 / Game3,greedy_t0,0,Greedy,with,Contingency,with,34,38,,0,,contiguous,1,"The discussion is highly chaotic, with multiple players claiming roles and admitting to card swaps, making definitive identification impossible.",34-38,NOT_A_CANDIDATE_FORM_OUTSIDE_INVENTORY,,,,,,,True,False,34,38,CLAUSE_INITIAL_PLAUSIBLE
9537,1508,Gemma 4 4B,Youtube / Retrovision##ONE#NIGHT#ULTIMATE#WEREWOLF##Retro#7 / Game3,greedy_t0,0,Greedy,without,Contingency,without,321,328,,0,,contiguous,3,This willingness to manipulate the game state without immediate consequence is highly suspicious and aligns with the behavior of a Werewolf or Troublemaker.,321-328,NOT_A_CANDIDATE_FORM_OUTSIDE_INVENTORY,,,,,,,True,False,46,53,NON_CONNECTIVE_LIKELY
9539,1508,Gemma 4 4B,Youtube / Retrovision##ONE#NIGHT#ULTIMATE#WEREWOLF##Retro#7 / Game3,greedy_t0,0,Greedy,with,Contingency,with,383,387,,0,,contiguous,3,This willingness to manipulate the game state without immediate consequence is highly suspicious and aligns with the behavior of a Werewolf or Troublemaker.,383-387,NOT_A_CANDIDATE_FORM_OUTSIDE_INVENTORY,,,,,,,True,False,108,112,NON_CONNECTIVE_LIKELY
9541,1508,Gemma 4 4B,Youtube / Retrovision##ONE#NIGHT#ULTIMATE#WEREWOLF##Retro#7 / Game3,greedy_t0,0,Greedy,given,Contingency,Given,432,437,,0,,contiguous,4,"Given the need to eliminate a threat, Mike represents the clearest target based on his admitted deception.",432-437,NOT_A_CANDIDATE_FORM_OUTSIDE_INVENTORY,,,,,,,True,False,0,5,CLAUSE_INITIAL_PLAUSIBLE
9542,1509,Gemma 4 4B,Youtube / Retrovision##ONE#NIGHT#ULTIMATE#WEREWOLF##Retro#7 / Game4,greedy_t0,0,Greedy,with,Contingency,with,38,42,,0,,contiguous,1,"The discussion was extremely chaotic, with multiple players claiming roles like Troublemaker, Tanner, and Werewolf, making definitive identification impossible.",38-42,NOT_A_CANDIDATE_FORM_OUTSIDE_INVENTORY,,,,,,,True,False,38,42,CLAUSE_INITIAL_PLAUSIBLE
9563,1511,Gemma 4 4B,Youtube / The#Return#of#the#King##ONE#NIGHT#ULTIMATE#WEREWOLF / Game5,greedy_t0,0,Greedy,with,Contingency,with,481,485,,0,,contiguous,4,Eliminating him aligns with the goal of Team Village to remove a potential Werewolf.,481-485,NOT_A_CANDIDATE_FORM_OUTSIDE_INVENTORY,,,,,,,True,False,23,27,NON_CONNECTIVE_LIKELY
9565,1512,Gemma 4 4B,Youtube / The#Return#of#the#King##ONE#NIGHT#ULTIMATE#WEREWOLF / Game6,greedy_t0,0,Greedy,given,Contingency,Given,151,156,,0,,contiguous,4,"Given the goal of Team Village is to eliminate a Werewolf, Justin presents the clearest and most direct target.",151-156,NOT_A_CANDIDATE_FORM_OUTSIDE_INVENTORY,,,,,,,True,False,0,5,CLAUSE_INITIAL_PLAUSIBLE
9572,1513,Gemma 4 4B,Youtube / The#Return#of#the#King##ONE#NIGHT#ULTIMATE#WEREWOLF / Game7,greedy_t0,0,Greedy,without,Contingency,without,248,255,,0,,contiguous,2,This specific knowledge about the exact number of Werewolves is extremely difficult for a non-Werewolf player to obtain and reveal without being a Werewolf or Minion themselves.,248-255,NOT_A_CANDIDATE_FORM_OUTSIDE_INVENTORY,,,,,,,True,False,131,138,NON_CONNECTIVE_LIKELY
9575,1513,Gemma 4 4B,Youtube / The#Return#of#the#King##ONE#NIGHT#ULTIMATE#WEREWOLF / Game7,greedy_t0,0,Greedy,given,Contingency,Given,400,405,,0,,contiguous,4,"Given the high stakes, targeting the player who reveals such specific, potentially damning information is the most logical move for Team Village.",400-405,NOT_A_CANDIDATE_FORM_OUTSIDE_INVENTORY,,,,,,,True,False,0,5,CLAUSE_INITIAL_PLAUSIBLE
9577,1514,Gemma 4 4B,Youtube / Visions#from#2016##ONE#NIGHT#ULTIMATE#WEREWOLF##Retro#11 / Game1,greedy_t0,0,Greedy,with,Contingency,with,34,38,,0,,contiguous,1,"The discussion is highly chaotic, with multiple players making contradictory claims about their roles (Seer, Tanner, Hunter) and who they saw.",34-38,NOT_A_CANDIDATE_FORM_OUTSIDE_INVENTORY,,,,,,,True,False,34,38,CLAUSE_INITIAL_PLAUSIBLE
9582,1514,Gemma 4 4B,Youtube / Visions#from#2016##ONE#NIGHT#ULTIMATE#WEREWOLF##Retro#11 / Game1,greedy_t0,0,Greedy,given,Contingency,Given,384,389,,0,,contiguous,4,"Given the lack of verifiable information due to role swaps, Paul remains a primary target based on the most direct accusation of being a Werewolf.",384-389,NOT_A_CANDIDATE_FORM_OUTSIDE_INVENTORY,,,,,,,True,False,0,5,CLAUSE_INITIAL_PLAUSIBLE
9588,1515,Gemma 4 4B,Youtube / Visions#from#2016##ONE#NIGHT#ULTIMATE#WEREWOLF##Retro#11 / Game2,greedy_t0,0,Greedy,despite,Comparison,Despite,417,424,,0,,contiguous,4,"Despite Justin's self-incrimination, the collective weight of evidence points to Paul as the most likely Werewolf.",417-424,NOT_A_CANDIDATE_FORM_OUTSIDE_INVENTORY,,,,,,,True,False,0,7,CLAUSE_INITIAL_PLAUSIBLE
9617,1521,Gemma 4 4B,Youtube / Way#Way#Back##ONE#NIGHT#ULTIMATE#WEREWOLF##Retro#10 / Game3,greedy_t0,0,Greedy,with,Contingency,with,61,65,,0,,contiguous,1,"Laura is the most heavily targeted player in the discussion, with both James and Paul repeatedly accusing her of being a Werewolf.",61-65,NOT_A_CANDIDATE_FORM_OUTSIDE_INVENTORY,,,,,,,True,False,61,65,UNCLEAR
9620,1521,Gemma 4 4B,Youtube / Way#Way#Back##ONE#NIGHT#ULTIMATE#WEREWOLF##Retro#10 / Game3,greedy_t0,0,Greedy,despite,Comparison,Despite,275,282,,0,,contiguous,3,"Despite Mitchell suggesting she might be the Hunter, the overwhelming consensus among the accusers points to her as the primary threat.",275-282,NOT_A_CANDIDATE_FORM_OUTSIDE_INVENTORY,,,,,,,True,False,0,7,CLAUSE_INITIAL_PLAUSIBLE
9626,1522,Gemma 4 4B,Youtube / Way#Way#Back##ONE#NIGHT#ULTIMATE#WEREWOLF##Retro#10 / Game4,greedy_t0,0,Greedy,given,Contingency,Given,427,432,,0,,contiguous,4,"Given the direct accusation and the pattern of suspicious behavior, Paul is the most logical target for Team Village to eliminate.",427-432,NOT_A_CANDIDATE_FORM_OUTSIDE_INVENTORY,,,,,,,True,False,0,5,CLAUSE_INITIAL_PLAUSIBLE
9639,1525,Gemma 4 4B,Youtube / Ye#Olde#Times##ONE#NIGHT#ULTIMATE#WEREWOLF##Retro#8 / Game2,greedy_t0,0,Greedy,with,Contingency,with,78,82,,0,,contiguous,1,"The discussion heavily features accusations regarding who the Werewolves are, with Mike being identified by multiple players (Mitchell and Justin) as a Werewolf.",78-82,NOT_A_CANDIDATE_FORM_OUTSIDE_INVENTORY,,,,,,,True,False,78,82,UNCLEAR
9647,1525,Gemma 4 4B,Youtube / Ye#Olde#Times##ONE#NIGHT#ULTIMATE#WEREWOLF##Retro#8 / Game2,greedy_t0,0,Greedy,given,Contingency,Given,388,393,,0,,contiguous,4,"Given the evidence presented in the transcript, Mike is the most likely Werewolf and therefore the best target to eliminate to ensure Team Village's victory.",388-393,NOT_A_CANDIDATE_FORM_OUTSIDE_INVENTORY,,,,,,,True,False,0,5,CLAUSE_INITIAL_PLAUSIBLE
9661,1528,Gemma 4 31B,Ego4D / 0a6ef9dc-a2dc-452b-a907-d6fa2ed4cae0 / Game1,run_1,1,Stochastic,with,Contingency,with,129,133,,0,,contiguous,2,"While Brent suspected that the Troublemaker (Hailey) might have swapped his card with Erin's, this was based on a guess ('pretty sure') rather than confirmed information.",129-133,NOT_A_CANDIDATE_FORM_OUTSIDE_INVENTORY,,,,,,,True,False,81,85,NON_CONNECTIVE_LIKELY
9665,1529,Gemma 4 31B,Ego4D / 0a6ef9dc-a2dc-452b-a907-d6fa2ed4cae0 / Game2,run_1,1,Stochastic,with,Contingency,with,69,73,,0,,contiguous,1,Jack claimed to be the Troublemaker and stated that he swapped cards with Brent.,69-73,NOT_A_CANDIDATE_FORM_OUTSIDE_INVENTORY,,,,,,,True,False,69,73,NON_CONNECTIVE_LIKELY
9670,1529,Gemma 4 31B,Ego4D / 0a6ef9dc-a2dc-452b-a907-d6fa2ed4cae0 / Game2,run_1,1,Stochastic,given,Contingency,given,316,321,,0,,contiguous,3,"Furthermore, the moderator (Erin) mentioned at the end of the game that she may have moved too quickly and not given the Troublemaker a chance to act, meaning Jack's claim to have performed a swap was a fabrication.",316-321,NOT_A_CANDIDATE_FORM_OUTSIDE_INVENTORY,,,,,,,True,False,111,116,NON_CONNECTIVE_LIKELY
9674,1530,Gemma 4 31B,Ego4D / 0c2659db-7bd4-4b37-9b08-4e247befe382 / Game4,run_1,1,Stochastic,with,Contingency,with,117,121,,0,,contiguous,1,"Ashley admitted to being the Werewolf (T136, T140), and Elliot later admitted to being the Robber and swapping cards with Ashley (T196, T264).",117-121,NOT_A_CANDIDATE_FORM_OUTSIDE_INVENTORY,,,,,,,True,False,117,121,NON_CONNECTIVE_LIKELY
9675,1530,Gemma 4 31B,Ego4D / 0c2659db-7bd4-4b37-9b08-4e247befe382 / Game4,run_1,1,Stochastic,with,Contingency,with,200,204,,0,,contiguous,2,"According to the game rules, the Robber swaps their card with another player and takes on that role's alignment and win conditions.",200-204,NOT_A_CANDIDATE_FORM_OUTSIDE_INVENTORY,,,,,,,True,False,57,61,NON_CONNECTIVE_LIKELY
9681,1530,Gemma 4 31B,Ego4D / 0c2659db-7bd4-4b37-9b08-4e247befe382 / Game4,run_1,1,Stochastic,with,Contingency,with,332,336,,0,,contiguous,3,"Therefore, if Ashley was the Werewolf and Elliot swapped with her, Elliot is now the Werewolf.",332-336,NOT_A_CANDIDATE_FORM_OUTSIDE_INVENTORY,,,,,,,True,False,57,61,NON_CONNECTIVE_LIKELY
9684,1531,Gemma 4 31B,Ego4D / 0c2659db-7bd4-4b37-9b08-4e247befe382 / Game5,run_1,1,Stochastic,with,Contingency,with,118,122,,0,,contiguous,1,"Sian claimed to be the Robber but demonstrated a complete lack of understanding of the role's abilities, confusing it with the Troublemaker's ability to swap other players' cards.",118-122,NOT_A_CANDIDATE_FORM_OUTSIDE_INVENTORY,,,,,,,True,False,118,122,NON_CONNECTIVE_LIKELY
9685,1531,Gemma 4 31B,Ego4D / 0c2659db-7bd4-4b37-9b08-4e247befe382 / Game5,run_1,1,Stochastic,eventually,Temporal,eventually,184,194,,0,,contiguous,2,"She eventually admitted she did not know how to play the Robber, which is a strong indicator of a failed bluff.",184-194,NOT_A_CANDIDATE_FORM_OUTSIDE_INVENTORY,,,,,,,True,False,4,14,NON_CONNECTIVE_LIKELY
9694,1532,Gemma 4 31B,Ego4D / 0c2659db-7bd4-4b37-9b08-4e247befe382 / Game6,run_1,1,Stochastic,with,Contingency,with,439,443,,0,,contiguous,3,"Elliot's strong resistance to being voted out, contrasted with Sian's relative passivity, suggests that Elliot is the Werewolf and Sian is the Tanner.",439-443,NOT_A_CANDIDATE_FORM_OUTSIDE_INVENTORY,,,,,,,True,False,58,62,NON_CONNECTIVE_LIKELY
9713,1534,Gemma 4 31B,Ego4D / 0c2659db-7bd4-4b37-9b08-4e247befe382 / Game8,run_1,1,Stochastic,with,Contingency,with,245,249,,0,,contiguous,2,"The other five players provided roles (Troublemaker, Robber, Doppelganger, Hunter, and Seer) that are largely consistent with one another, and Sukeshi (claiming Seer) specifically confirmed Elliot's role as the Troublemaker.",245-249,NOT_A_CANDIDATE_FORM_OUTSIDE_INVENTORY,,,,,,,True,False,121,125,NON_CONNECTIVE_LIKELY
9717,1534,Gemma 4 31B,Ego4D / 0c2659db-7bd4-4b37-9b08-4e247befe382 / Game8,run_1,1,Stochastic,given,Contingency,Given,349,354,,0,,contiguous,3,"Given the lack of any other suspects, Sian is the most likely candidate to be a Werewolf or the Tanner.",349-354,NOT_A_CANDIDATE_FORM_OUTSIDE_INVENTORY,,,,,,,True,False,0,5,CLAUSE_INITIAL_PLAUSIBLE
9747,1538,Gemma 4 31B,Ego4D / 1a0d3e22-a6d6-4723-91a0-52fc2c87d5ce / Game6,run_1,1,Stochastic,with,Contingency,with,184,188,,0,,contiguous,2,"Zack claims to be the Robber, and both Sean and Hunter claim to be Villagers (with Hunter noting he did not wake up during the night).",184-188,NOT_A_CANDIDATE_FORM_OUTSIDE_INVENTORY,,,,,,,True,False,78,82,NON_CONNECTIVE_LIKELY
9749,1538,Gemma 4 31B,Ego4D / 1a0d3e22-a6d6-4723-91a0-52fc2c87d5ce / Game6,run_1,1,Stochastic,given,Contingency,given,315,320,,0,,contiguous,3,"If Jacob's information is accurate, at least one Werewolf is not in play; given the other players' claims and the lack of contradictions, it is highly probable that no player currently holds a Werewolf card.",315-320,NOT_A_CANDIDATE_FORM_OUTSIDE_INVENTORY,,,,,,,True,False,74,79,CLAUSE_INITIAL_PLAUSIBLE
9755,1539,Gemma 4 31B,Ego4D / 1a0d3e22-a6d6-4723-91a0-52fc2c87d5ce / Game7,run_1,1,Stochastic,with,Contingency,with,126,130,,0,,contiguous,2,"While Jacob claims to be the Robber and says he swapped cards with Hunter (who he believes was the Troublemaker), Hunter's own claims are contradictory.",126-130,NOT_A_CANDIDATE_FORM_OUTSIDE_INVENTORY,,,,,,,True,False,62,66,NON_CONNECTIVE_LIKELY
9758,1539,Gemma 4 31B,Ego4D / 1a0d3e22-a6d6-4723-91a0-52fc2c87d5ce / Game7,run_1,1,Stochastic,with,Contingency,with,345,349,,0,,contiguous,3,"Hunter claims to have performed the Troublemaker's action of swapping two other players, but if Jacob had already swapped cards with him, Hunter would have become the Robber and could not have acted as the Troublemaker.",345-349,NOT_A_CANDIDATE_FORM_OUTSIDE_INVENTORY,,,,,,,True,False,128,132,NON_CONNECTIVE_LIKELY
9761,1539,Gemma 4 31B,Ego4D / 1a0d3e22-a6d6-4723-91a0-52fc2c87d5ce / Game7,run_1,1,Stochastic,with,Contingency,with,466,470,,0,,contiguous,4,"This inconsistency, combined with the noise Hunter made during the night, strongly suggests that Hunter is the Werewolf and is lying about his role.",466-470,NOT_A_CANDIDATE_FORM_OUTSIDE_INVENTORY,,,,,,,True,False,29,33,NON_CONNECTIVE_LIKELY
9765,1540,Gemma 4 31B,Ego4D / 1a0d3e22-a6d6-4723-91a0-52fc2c87d5ce / Game8,run_1,1,Stochastic,with,Contingency,with,211,215,,0,,contiguous,2,"Through their discussion, the players deduced that the night actions (Robber stealing and Troublemaker swapping) resulted in Zack ending up with the Werewolf card.",211-215,NOT_A_CANDIDATE_FORM_OUTSIDE_INVENTORY,,,,,,,True,False,140,144,NON_CONNECTIVE_LIKELY
9772,1541,Gemma 4 31B,Ego4D / 1a0d3e22-a6d6-4723-91a0-52fc2c87d5ce / Game9,run_1,1,Stochastic,in response to,Contingency,in response to,149,163,,0,,contiguous,2,"Zack later confirmed this by admitting, 'As far as I'm aware, I was the only one,' in response to a question about whether he started as the Werewolf.",149-163,NOT_A_CANDIDATE_FORM_OUTSIDE_INVENTORY,,,,,,,True,False,83,97,UNCLEAR
9777,1541,Gemma 4 31B,Ego4D / 1a0d3e22-a6d6-4723-91a0-52fc2c87d5ce / Game9,run_1,1,Stochastic,with,Contingency,with,304,308,,0,,contiguous,3,"Although Jacob later speculated that Sean might have been the Robber and swapped cards with Zack, he admitted this was merely an opinion and not based on certain information.",304-308,NOT_A_CANDIDATE_FORM_OUTSIDE_INVENTORY,,,,,,,True,False,87,91,NON_CONNECTIVE_LIKELY
9786,1542,Gemma 4 31B,Ego4D / 2ba4023c-a8bf-43ad-ad5a-80ba222ce990 / Game10,run_1,1,Stochastic,given,Contingency,Given,412,417,,0,,contiguous,4,"Given the contradiction in his role claim, Clint is the most likely Werewolf.",412-417,NOT_A_CANDIDATE_FORM_OUTSIDE_INVENTORY,,,,,,,True,False,0,5,CLAUSE_INITIAL_PLAUSIBLE
9798,1544,Gemma 4 31B,Ego4D / 2ba4023c-a8bf-43ad-ad5a-80ba222ce990 / Game7,run_1,1,Stochastic,with,Contingency,with,128,132,,0,,contiguous,2,"Erin claims she was the Drunk and swapped her card with the center, but her confusion and her question ('So does that make me the Werewolf?')",128-132,NOT_A_CANDIDATE_FORM_OUTSIDE_INVENTORY,,,,,,,True,False,51,55,NON_CONNECTIVE_LIKELY
9802,1544,Gemma 4 31B,Ego4D / 2ba4023c-a8bf-43ad-ad5a-80ba222ce990 / Game7,run_1,1,Stochastic,with,Contingency,with,256,260,,0,,contiguous,3,suggest she may have ended the night with the Werewolf card.,256-260,NOT_A_CANDIDATE_FORM_OUTSIDE_INVENTORY,,,,,,,True,False,37,41,NON_CONNECTIVE_LIKELY
9805,1544,Gemma 4 31B,Ego4D / 2ba4023c-a8bf-43ad-ad5a-80ba222ce990 / Game7,run_1,1,Stochastic,with,Contingency,with,369,373,,0,,contiguous,4,"Both Margaret and Clint conclude that Erin is the most likely Werewolf, and Tyler agrees with this assessment.",369-373,NOT_A_CANDIDATE_FORM_OUTSIDE_INVENTORY,,,,,,,True,False,89,93,NON_CONNECTIVE_LIKELY
9808,1545,Gemma 4 31B,Ego4D / 2ba4023c-a8bf-43ad-ad5a-80ba222ce990 / Game8,run_1,1,Stochastic,with,Contingency,with,321,325,,0,,contiguous,3,"This contradiction, combined with Tyler's aggressive and coordinated effort with Clint to frame Erin, strongly suggests that Tyler is lying to divert suspicion.",321-325,NOT_A_CANDIDATE_FORM_OUTSIDE_INVENTORY,,,,,,,True,False,29,33,NON_CONNECTIVE_LIKELY
9810,1545,Gemma 4 31B,Ego4D / 2ba4023c-a8bf-43ad-ad5a-80ba222ce990 / Game8,run_1,1,Stochastic,with,Contingency,with,368,372,,0,,contiguous,3,"This contradiction, combined with Tyler's aggressive and coordinated effort with Clint to frame Erin, strongly suggests that Tyler is lying to divert suspicion.",368-372,NOT_A_CANDIDATE_FORM_OUTSIDE_INVENTORY,,,,,,,True,False,29,33,NON_CONNECTIVE_LIKELY
9812,1546,Gemma 4 31B,Ego4D / 2ba4023c-a8bf-43ad-ad5a-80ba222ce990 / Game9,run_1,1,Stochastic,without,Contingency,without,130,137,,0,,contiguous,1,"Tyler claims to be the Drunk, a role that provides no information, yet he repeatedly asserts that he 'knows' Erin is the Werewolf without any supporting evidence.",130-137,NOT_A_CANDIDATE_FORM_OUTSIDE_INVENTORY,,,,,,,True,False,130,137,NON_CONNECTIVE_LIKELY
9815,1546,Gemma 4 31B,Ego4D / 2ba4023c-a8bf-43ad-ad5a-80ba222ce990 / Game9,run_1,1,Stochastic,with,Contingency,with,343,347,,0,,contiguous,3,"Margaret's claims are inconsistent (first Troublemaker, then Robber), but her final claim of being the Robber who swapped with Clint (the Hunter) is internally consistent with her stating she is the Hunter now.",343-347,NOT_A_CANDIDATE_FORM_OUTSIDE_INVENTORY,,,,,,,True,False,122,126,NON_CONNECTIVE_LIKELY
9816,1546,Gemma 4 31B,Ego4D / 2ba4023c-a8bf-43ad-ad5a-80ba222ce990 / Game9,run_1,1,Stochastic,with,Contingency,with,392,396,,0,,contiguous,3,"Margaret's claims are inconsistent (first Troublemaker, then Robber), but her final claim of being the Robber who swapped with Clint (the Hunter) is internally consistent with her stating she is the Hunter now.",392-396,NOT_A_CANDIDATE_FORM_OUTSIDE_INVENTORY,,,,,,,True,False,122,126,NON_CONNECTIVE_LIKELY
9831,1549,Gemma 4 31B,Ego4D / 324bccd2-adff-4e9a-8ff4-03491e144ac3 / Game3,run_1,1,Stochastic,with,Contingency,with,53,57,,0,,contiguous,1,"All four players have claimed roles that are aligned with Team Village: Zack claims to be the Seer, Sean claims to be the Troublemaker, Hunter claims to be the Robber, and Jacob claims to have started as a Villager.",53-57,NOT_A_CANDIDATE_FORM_OUTSIDE_INVENTORY,,,,,,,True,False,53,57,NON_CONNECTIVE_LIKELY
9835,1549,Gemma 4 31B,Ego4D / 324bccd2-adff-4e9a-8ff4-03491e144ac3 / Game3,run_1,1,Stochastic,without,Contingency,without,316,323,,0,,contiguous,2,"There are no accusations of anyone being a Werewolf, and the players are openly sharing their roles without conflict.",316-323,NOT_A_CANDIDATE_FORM_OUTSIDE_INVENTORY,,,,,,,True,False,100,107,NON_CONNECTIVE_LIKELY
9854,1552,Gemma 4 31B,Ego4D / 3ba069be-60fa-47fc-bd7b-f85bf649a5bd / Game1,run_1,1,Stochastic,with,Contingency,with,95,99,,0,,contiguous,2,"Kevin swapped cards with Kaelan, making Kevin the Troublemaker and Kaelan the Robber.",95-99,NOT_A_CANDIDATE_FORM_OUTSIDE_INVENTORY,,,,,,,True,False,20,24,NON_CONNECTIVE_LIKELY
9861,1552,Gemma 4 31B,Ego4D / 3ba069be-60fa-47fc-bd7b-f85bf649a5bd / Game1,run_1,1,Stochastic,with,Contingency,with,323,327,,0,,contiguous,4,"Finally, Daniel (as Drunk) swapped his card with the center.",323-327,NOT_A_CANDIDATE_FORM_OUTSIDE_INVENTORY,,,,,,,True,False,44,48,NON_CONNECTIVE_LIKELY
9895,1557,Gemma 4 31B,Ego4D / 3ba069be-60fa-47fc-bd7b-f85bf649a5bd / Game6,run_1,1,Stochastic,with,Contingency,with,70,74,,0,,contiguous,1,"Kevin claims to be the Doppelganger but describes an action (swapping with a card in the center) that is not possible for that role, as only the Drunk can swap with the center.",70-74,NOT_A_CANDIDATE_FORM_OUTSIDE_INVENTORY,,,,,,,True,False,70,74,NON_CONNECTIVE_LIKELY
9898,1557,Gemma 4 31B,Ego4D / 3ba069be-60fa-47fc-bd7b-f85bf649a5bd / Game6,run_1,1,Stochastic,with,Contingency,with,160,164,,0,,contiguous,1,"Kevin claims to be the Doppelganger but describes an action (swapping with a card in the center) that is not possible for that role, as only the Drunk can swap with the center.",160-164,NOT_A_CANDIDATE_FORM_OUTSIDE_INVENTORY,,,,,,,True,False,70,74,NON_CONNECTIVE_LIKELY
9902,1557,Gemma 4 31B,Ego4D / 3ba069be-60fa-47fc-bd7b-f85bf649a5bd / Game6,run_1,1,Stochastic,with,Contingency,with,285,289,,0,,contiguous,2,"Both Kaelan and Daniel claim to have ended up as the Tanner (Kaelan by robbing Kevin and Daniel by swapping with the center), and since the Tanner's goal is to be voted out, their claims make them less likely to be the Werewolf.",285-289,NOT_A_CANDIDATE_FORM_OUTSIDE_INVENTORY,,,,,,,True,False,108,112,NON_CONNECTIVE_LIKELY
9909,1558,Gemma 4 31B,Ego4D / 62c4bc58-3776-4791-ac30-4c9ca5619503 / Game10,run_1,1,Stochastic,with,Contingency,with,146,150,,0,,contiguous,2,"While Daniel briefly suggests Kaelan might be the Tanner or the Werewolf, the discussion concludes with Daniel asking if they are 'all good with the center' and Kevin agreeing.",146-150,NOT_A_CANDIDATE_FORM_OUTSIDE_INVENTORY,,,,,,,True,False,99,103,NON_CONNECTIVE_LIKELY
9911,1558,Gemma 4 31B,Ego4D / 62c4bc58-3776-4791-ac30-4c9ca5619503 / Game10,run_1,1,Stochastic,with,Contingency,with,187,191,,0,,contiguous,2,"While Daniel briefly suggests Kaelan might be the Tanner or the Werewolf, the discussion concludes with Daniel asking if they are 'all good with the center' and Kevin agreeing.",187-191,NOT_A_CANDIDATE_FORM_OUTSIDE_INVENTORY,,,,,,,True,False,99,103,NON_CONNECTIVE_LIKELY
9923,1559,Gemma 4 31B,Ego4D / 62c4bc58-3776-4791-ac30-4c9ca5619503 / Game11,run_1,1,Stochastic,given that,Contingency,Given that,415,425,,0,,contiguous,4,"Given that the group ultimately voted 'center' and lost, it is highly probable that Jessica was the Werewolf successfully deceiving the group.",415-425,NOT_A_CANDIDATE_FORM_OUTSIDE_INVENTORY,,,,,,,True,False,0,10,CLAUSE_INITIAL_PLAUSIBLE
9928,1560,Gemma 4 31B,Ego4D / 62c4bc58-3776-4791-ac30-4c9ca5619503 / Game12,run_1,1,Stochastic,with,Contingency,with,97,101,,0,,contiguous,1,"Kaelan claimed to be the Troublemaker and was the most active and assertive player, which aligns with Daniel's post-game comment that the Minion's role is to draw suspicion to themselves.",97-101,NOT_A_CANDIDATE_FORM_OUTSIDE_INVENTORY,,,,,,,True,False,97,101,NON_CONNECTIVE_LIKELY
9941,1561,Gemma 4 31B,Ego4D / 62c4bc58-3776-4791-ac30-4c9ca5619503 / Game7,run_1,1,Stochastic,with,Contingency,with,303,307,,0,,contiguous,2,"However, there is a direct contradiction between Kaelan and Jessica: Jessica claims she was the Robber and robbed Kaelan, but Kaelan claims he performed the Drunk's action of swapping his card with the center.",303-307,NOT_A_CANDIDATE_FORM_OUTSIDE_INVENTORY,,,,,,,True,False,193,197,NON_CONNECTIVE_LIKELY
9953,1563,Gemma 4 31B,Ego4D / 62c4bc58-3776-4791-ac30-4c9ca5619503 / Game9,run_1,1,Stochastic,with,Contingency,with,189,193,,0,,contiguous,2,"He states that when he robbed Jessica, he saw the Robber card; however, the Robber swaps their own card with another player's and then looks at the new card.",189-193,NOT_A_CANDIDATE_FORM_OUTSIDE_INVENTORY,,,,,,,True,False,104,108,NON_CONNECTIVE_LIKELY
9959,1564,Gemma 4 31B,Ego4D / 64076f60-f3fc-4ee6-93e1-3489d8ec7b12 / Game3,run_1,1,Stochastic,with,Contingency,with,109,113,,0,,contiguous,2,"Hailey, acting as the Robber, swapped cards with Jack, which made Hailey the Werewolf.",109-113,NOT_A_CANDIDATE_FORM_OUTSIDE_INVENTORY,,,,,,,True,False,44,48,NON_CONNECTIVE_LIKELY
9970,1565,Gemma 4 31B,Ego4D / 698f6bbe-4347-4a06-bd5d-3482f5e4fbbe / Game1,run_1,1,Stochastic,with,Contingency,with,217,221,,0,,contiguous,2,He then attempts to shift the Werewolf role onto Elliot by claiming Elliot (as the Robber) swapped cards with him.,217-221,NOT_A_CANDIDATE_FORM_OUTSIDE_INVENTORY,,,,,,,True,False,105,109,NON_CONNECTIVE_LIKELY
9974,1565,Gemma 4 31B,Ego4D / 698f6bbe-4347-4a06-bd5d-3482f5e4fbbe / Game1,run_1,1,Stochastic,given,Contingency,given,385,390,,0,,contiguous,3,"This pattern of deception and inconsistency is characteristic of a Werewolf attempting to confuse the group or a Tanner attempting to attract votes; however, given the contradictions, James is the most suspicious player.",385-390,NOT_A_CANDIDATE_FORM_OUTSIDE_INVENTORY,,,,,,,True,False,158,163,CLAUSE_INITIAL_PLAUSIBLE
9986,1566,Gemma 4 31B,Ego4D / 698f6bbe-4347-4a06-bd5d-3482f5e4fbbe / Game2,run_1,1,Stochastic,given,Contingency,Given,445,450,,0,,contiguous,4,"Given the overt nature of Sukeshi's claims and the lack of verification for Ashley's role, Sukeshi is the most likely candidate for elimination to secure a Village win.",445-450,NOT_A_CANDIDATE_FORM_OUTSIDE_INVENTORY,,,,,,,True,False,0,5,CLAUSE_INITIAL_PLAUSIBLE
9991,1567,Gemma 4 31B,Ego4D / 698f6bbe-4347-4a06-bd5d-3482f5e4fbbe / Game3,run_1,1,Stochastic,with,Contingency,with,148,152,,0,,contiguous,2,"James admitted to being the Drunk, a role that swaps their card with one from the center.",148-152,NOT_A_CANDIDATE_FORM_OUTSIDE_INVENTORY,,,,,,,True,False,64,68,NON_CONNECTIVE_LIKELY
10007,1569,Gemma 4 31B,Youtube / Flashback##ONE#NIGHT#ULTIMATE#WEREWOLF##Retro#9 / Game2,run_1,1,Stochastic,with,Contingency,with,258,262,,0,,contiguous,2,"The other players' roles (Mitchell as Seer, Justin as Troublemaker, and Paul/Laura as Villagers) are consistent with each other and with the information that the Robber and Insomniac cards were in the center.",258-262,NOT_A_CANDIDATE_FORM_OUTSIDE_INVENTORY,,,,,,,True,False,112,116,NON_CONNECTIVE_LIKELY
10009,1569,Gemma 4 31B,Youtube / Flashback##ONE#NIGHT#ULTIMATE#WEREWOLF##Retro#9 / Game2,run_1,1,Stochastic,with,Contingency,with,278,282,,0,,contiguous,2,"The other players' roles (Mitchell as Seer, Justin as Troublemaker, and Paul/Laura as Villagers) are consistent with each other and with the information that the Robber and Insomniac cards were in the center.",278-282,NOT_A_CANDIDATE_FORM_OUTSIDE_INVENTORY,,,,,,,True,False,112,116,NON_CONNECTIVE_LIKELY
10042,1573,Gemma 4 31B,Youtube / One#Night#Ultimate#Love#Letter##ONE#NIGHT#ULTIMATE#WEREWOLF / Game2,run_1,1,Stochastic,eventually,Temporal,eventually,63,73,,0,,contiguous,1,"Tyler (Seer) identified Mitchell as the Werewolf, and Mitchell eventually admitted to being the Werewolf but claimed that Justin robbed him.",63-73,NOT_A_CANDIDATE_FORM_OUTSIDE_INVENTORY,,,,,,,True,False,63,73,NON_CONNECTIVE_LIKELY
10056,1574,Gemma 4 31B,Youtube / One#Night#Ultimate#Love#Letter##ONE#NIGHT#ULTIMATE#WEREWOLF / Game3,run_1,1,Stochastic,with,Contingency,with,207,211,,0,,contiguous,2,"Justin explicitly states, 'I copycatted into a werewolf and I joined Tyler at night,' and Tyler confirms he woke up with Justin.",207-211,NOT_A_CANDIDATE_FORM_OUTSIDE_INVENTORY,,,,,,,True,False,116,120,NON_CONNECTIVE_LIKELY
10069,1576,Gemma 4 31B,Youtube / ONE#NIGHT#ULTIMATE#WEREWOLF##Retro#1 / Game1,run_1,1,Stochastic,with,Contingency,with,79,83,,0,,contiguous,1,Mitchell claims to be the Troublemaker and states that he swapped his own card with Alvin's.,79-83,NOT_A_CANDIDATE_FORM_OUTSIDE_INVENTORY,,,,,,,True,False,79,83,NON_CONNECTIVE_LIKELY
10075,1577,Gemma 4 31B,Youtube / ONE#NIGHT#ULTIMATE#WEREWOLF##Retro#1 / Game10,run_1,1,Stochastic,despite,Comparison,despite,93,100,,0,,contiguous,2,"Both James and Mitchell, despite conflicting claims about who the Robber was, attempted to verify Alvin's role as the Seer, which increases the likelihood that Alvin's information is accurate.",93-100,NOT_A_CANDIDATE_FORM_OUTSIDE_INVENTORY,,,,,,,True,False,25,32,CLAUSE_INITIAL_PLAUSIBLE
10078,1577,Gemma 4 31B,Youtube / ONE#NIGHT#ULTIMATE#WEREWOLF##Retro#1 / Game10,run_1,1,Stochastic,eventually,Temporal,eventually,316,326,,0,,contiguous,3,Justin did not provide a counter-claim to his role and eventually sarcastically admitted to being the Werewolf.,316-326,NOT_A_CANDIDATE_FORM_OUTSIDE_INVENTORY,,,,,,,True,False,55,65,CLAUSE_INITIAL_PLAUSIBLE
10092,1579,Gemma 4 31B,Youtube / ONE#NIGHT#ULTIMATE#WEREWOLF##Retro#1 / Game3,run_1,1,Stochastic,eventually,Temporal,eventually,343,353,,0,,contiguous,3,"Both James and Mitchell eventually decide to trust Alvin's claim, making Justin the most likely candidate for the Werewolf.",343-353,NOT_A_CANDIDATE_FORM_OUTSIDE_INVENTORY,,,,,,,True,False,24,34,NON_CONNECTIVE_LIKELY
10103,1581,Gemma 4 31B,Youtube / ONE#NIGHT#ULTIMATE#WEREWOLF##Retro#1 / Game5,run_1,1,Stochastic,with,Contingency,with,362,366,,0,,contiguous,2,His late assertion that he saw Alvin as the Werewolf appeared to be a desperate attempt to deflect suspicion after he had already lost credibility with the group.,362-366,NOT_A_CANDIDATE_FORM_OUTSIDE_INVENTORY,,,,,,,True,False,147,151,NON_CONNECTIVE_LIKELY
10104,1581,Gemma 4 31B,Youtube / ONE#NIGHT#ULTIMATE#WEREWOLF##Retro#1 / Game5,run_1,1,Stochastic,given,Contingency,Given,378,383,,0,,contiguous,3,"Given the social dynamics and the consensus among the other players, Mitchell is the most likely candidate for the Werewolf.",378-383,NOT_A_CANDIDATE_FORM_OUTSIDE_INVENTORY,,,,,,,True,False,0,5,CLAUSE_INITIAL_PLAUSIBLE
10108,1582,Gemma 4 31B,Youtube / ONE#NIGHT#ULTIMATE#WEREWOLF##Retro#1 / Game6,run_1,1,Stochastic,with,Contingency,with,103,107,,0,,contiguous,1,"James, Alvin, and Justin have created a verification chain: Justin claims to be the Robber who swapped with Alvin, thereby confirming Alvin was the Seer, and Alvin claims to have seen that James is the Hunter.",103-107,NOT_A_CANDIDATE_FORM_OUTSIDE_INVENTORY,,,,,,,True,False,103,107,NON_CONNECTIVE_LIKELY
10116,1583,Gemma 4 31B,Youtube / ONE#NIGHT#ULTIMATE#WEREWOLF##Retro#1 / Game7,run_1,1,Stochastic,despite,Comparison,Despite,276,283,,0,,contiguous,3,"Despite potential role swaps, James's own admission makes him the most likely target to ensure a Team Village win.",276-283,NOT_A_CANDIDATE_FORM_OUTSIDE_INVENTORY,,,,,,,True,False,0,7,CLAUSE_INITIAL_PLAUSIBLE
10131,1586,Gemma 4 31B,Youtube / ONE#NIGHT#ULTIMATE#WEREWOLF##Retro#2 / Game1,run_1,1,Stochastic,with,Contingency,with,283,287,,0,,contiguous,4,"If Justin was the Werewolf and was swapped with Caitlynn, then Caitlynn is now the Werewolf.",283-287,NOT_A_CANDIDATE_FORM_OUTSIDE_INVENTORY,,,,,,,True,False,43,47,NON_CONNECTIVE_LIKELY
10138,1587,Gemma 4 31B,Youtube / ONE#NIGHT#ULTIMATE#WEREWOLF##Retro#2 / Game2,run_1,1,Stochastic,given,Contingency,Given,340,345,,0,,contiguous,3,"Given the lack of a role claim and his alignment with a strategy that avoids elimination, Mike is the most suspicious player.",340-345,NOT_A_CANDIDATE_FORM_OUTSIDE_INVENTORY,,,,,,,True,False,0,5,CLAUSE_INITIAL_PLAUSIBLE
10140,1587,Gemma 4 31B,Youtube / ONE#NIGHT#ULTIMATE#WEREWOLF##Retro#2 / Game2,run_1,1,Stochastic,with,Contingency,with,389,393,,0,,contiguous,3,"Given the lack of a role claim and his alignment with a strategy that avoids elimination, Mike is the most suspicious player.",389-393,NOT_A_CANDIDATE_FORM_OUTSIDE_INVENTORY,,,,,,,True,False,49,53,NON_CONNECTIVE_LIKELY
10147,1588,Gemma 4 31B,Youtube / ONE#NIGHT#ULTIMATE#WEREWOLF##Retro#2 / Game3,run_1,1,Stochastic,given,Contingency,Given,317,322,,0,,contiguous,3,"Given the available information, Justin is the most likely candidate for the werewolf.",317-322,NOT_A_CANDIDATE_FORM_OUTSIDE_INVENTORY,,,,,,,True,False,0,5,CLAUSE_INITIAL_PLAUSIBLE
10172,1591,Gemma 4 31B,Youtube / ONE#NIGHT#ULTIMATE#WEREWOLF##Retro#2 / Game6,run_1,1,Stochastic,with,Contingency,with,350,354,,0,,contiguous,3,"Caitlynn, the Troublemaker, states she swapped Justin and Mitchell; if Mitchell was the Werewolf and was swapped with Justin, Justin is now the Werewolf.",350-354,NOT_A_CANDIDATE_FORM_OUTSIDE_INVENTORY,,,,,,,True,False,113,117,NON_CONNECTIVE_LIKELY
10173,1591,Gemma 4 31B,Youtube / ONE#NIGHT#ULTIMATE#WEREWOLF##Retro#2 / Game6,run_1,1,Stochastic,given,Contingency,Given,391,396,,0,,contiguous,4,"Given Justin's inconsistent claims and the swap, he is the most likely candidate for the Werewolf role.",391-396,NOT_A_CANDIDATE_FORM_OUTSIDE_INVENTORY,,,,,,,True,False,0,5,CLAUSE_INITIAL_PLAUSIBLE
10180,1592,Gemma 4 31B,Youtube / ONE#NIGHT#ULTIMATE#WEREWOLF##Retro#2 / Game7,run_1,1,Stochastic,with,Contingency,with,216,220,,0,,contiguous,2,"He first claims to be the Seer and says he looked at two cards in the center [25, 109], but later claims he was the Robber and switched cards with Dan [111].",216-220,NOT_A_CANDIDATE_FORM_OUTSIDE_INVENTORY,,,,,,,True,False,142,146,NON_CONNECTIVE_LIKELY
10189,1593,Gemma 4 31B,Youtube / ONE#NIGHT#ULTIMATE#WEREWOLF##Retro#2 / Game8,run_1,1,Stochastic,with,Contingency,with,278,282,,0,,contiguous,3,"While Justin's behavior is suspicious (claiming to be the Robber and then the Tanner), this is consistent with the role of the Tanner.",278-282,NOT_A_CANDIDATE_FORM_OUTSIDE_INVENTORY,,,,,,,True,False,106,110,NON_CONNECTIVE_LIKELY
10190,1593,Gemma 4 31B,Youtube / ONE#NIGHT#ULTIMATE#WEREWOLF##Retro#2 / Game8,run_1,1,Stochastic,given,Contingency,Given,307,312,,0,,contiguous,4,"Given the specific information provided by Dan and the lack of contradictory evidence from other players, the most logical conclusion is that no Werewolf is present among the players.",307-312,NOT_A_CANDIDATE_FORM_OUTSIDE_INVENTORY,,,,,,,True,False,0,5,CLAUSE_INITIAL_PLAUSIBLE
10195,1594,Gemma 4 31B,Youtube / ONE#NIGHT#ULTIMATE#WEREWOLF##Retro#3 / Game2,run_1,1,Stochastic,with,Contingency,With,283,287,,0,,contiguous,3,"With Justin, Mitchell, and James all converging on Mike as the most suspicious player, Mike is the most likely Werewolf.",283-287,NOT_A_CANDIDATE_FORM_OUTSIDE_INVENTORY,,,,,,,True,False,0,4,CLAUSE_INITIAL_PLAUSIBLE
10199,1595,Gemma 4 31B,Youtube / ONE#NIGHT#ULTIMATE#WEREWOLF##Retro#3 / Game3,run_1,1,Stochastic,with,Contingency,with,158,162,,0,,contiguous,2,"Mike supports this by claiming to be the Robber who swapped cards with Mitchell, thereby confirming Mitchell's starting role as the Seer.",158-162,NOT_A_CANDIDATE_FORM_OUTSIDE_INVENTORY,,,,,,,True,False,66,70,NON_CONNECTIVE_LIKELY
10220,1597,Gemma 4 31B,Youtube / ONE#NIGHT#ULTIMATE#WEREWOLF##Retro#3 / Game5,run_1,1,Stochastic,with,Contingency,with,353,357,,0,,contiguous,3,"If Justin's switch occurred, James would have inherited the werewolf role, which aligns with his confession and his starting role as the Insomniac (allowing him to know his final role).",353-357,NOT_A_CANDIDATE_FORM_OUTSIDE_INVENTORY,,,,,,,True,False,88,92,NON_CONNECTIVE_LIKELY
10228,1598,Gemma 4 31B,Youtube / ONE#NIGHT#ULTIMATE#WEREWOLF##Retro#3 / Game6,run_1,1,Stochastic,eventually,Temporal,eventually,361,371,,0,,contiguous,3,"The other players eventually converge on the belief that Mike is the werewolf, while Justin's behavior is consistent with being the Tanner.",361-371,NOT_A_CANDIDATE_FORM_OUTSIDE_INVENTORY,,,,,,,True,False,18,28,NON_CONNECTIVE_LIKELY
10230,1598,Gemma 4 31B,Youtube / ONE#NIGHT#ULTIMATE#WEREWOLF##Retro#3 / Game6,run_1,1,Stochastic,with,Contingency,with,460,464,,0,,contiguous,3,"The other players eventually converge on the belief that Mike is the werewolf, while Justin's behavior is consistent with being the Tanner.",460-464,NOT_A_CANDIDATE_FORM_OUTSIDE_INVENTORY,,,,,,,True,False,117,121,NON_CONNECTIVE_LIKELY
10251,1601,Gemma 4 31B,Youtube / ONE#NIGHT#ULTIMATE#WEREWOLF##Retro#4 / Game10,run_1,1,Stochastic,with,Contingency,with,106,110,,0,,contiguous,1,"Mike, Caitlynn, and James have claimed roles (Seer, Troublemaker, and Robber) that are largely consistent with one another's accounts.",106-110,NOT_A_CANDIDATE_FORM_OUTSIDE_INVENTORY,,,,,,,True,False,106,110,NON_CONNECTIVE_LIKELY
10272,1604,Gemma 4 31B,Youtube / ONE#NIGHT#ULTIMATE#WEREWOLF##Retro#4 / Game4,run_1,1,Stochastic,with,Contingency,with,146,150,,0,,contiguous,2,"Mitchell (Drunk) admitted to swapping his card with one from the center, meaning there is a high probability he picked up a Werewolf card.",146-150,NOT_A_CANDIDATE_FORM_OUTSIDE_INVENTORY,,,,,,,True,False,47,51,NON_CONNECTIVE_LIKELY
10283,1606,Gemma 4 31B,Youtube / ONE#NIGHT#ULTIMATE#WEREWOLF##Retro#4 / Game6,run_1,1,Stochastic,with,Contingency,with,98,102,,0,,contiguous,1,"James, Justin, and Mike all claimed roles (Seer, Insomniac, and Troublemaker) that are consistent with each other, as James's Seer claim was confirmed by Justin's Insomniac claim.",98-102,NOT_A_CANDIDATE_FORM_OUTSIDE_INVENTORY,,,,,,,True,False,98,102,NON_CONNECTIVE_LIKELY
10302,1608,Gemma 4 31B,Youtube / ONE#NIGHT#ULTIMATE#WEREWOLF##Retro#4 / Game9,run_1,1,Stochastic,with,Contingency,with,241,245,,0,,contiguous,3,"If James was the Drunk and swapped with the center, or if Justin (as the Robber) stole the Drunk role from James and then swapped with the center, Justin is the most likely player to currently hold the Werewolf card.",241-245,NOT_A_CANDIDATE_FORM_OUTSIDE_INVENTORY,,,,,,,True,False,35,39,NON_CONNECTIVE_LIKELY
10308,1608,Gemma 4 31B,Youtube / ONE#NIGHT#ULTIMATE#WEREWOLF##Retro#4 / Game9,run_1,1,Stochastic,with,Contingency,with,336,340,,0,,contiguous,3,"If James was the Drunk and swapped with the center, or if Justin (as the Robber) stole the Drunk role from James and then swapped with the center, Justin is the most likely player to currently hold the Werewolf card.",336-340,NOT_A_CANDIDATE_FORM_OUTSIDE_INVENTORY,,,,,,,True,False,35,39,NON_CONNECTIVE_LIKELY
10351,1613,Gemma 4 31B,Youtube / ONE#NIGHT#ULTIMATE#WEREWOLF##Retro#5 / Game5,run_1,1,Stochastic,eventually,Temporal,eventually,250,260,,0,,contiguous,3,Justin admits he started as a Werewolf and eventually concedes that the evidence against him is 'bulletproof'.,250-260,NOT_A_CANDIDATE_FORM_OUTSIDE_INVENTORY,,,,,,,True,False,43,53,CLAUSE_INITIAL_PLAUSIBLE
10356,1614,Gemma 4 31B,Youtube / ONE#NIGHT#ULTIMATE#WEREWOLF##Retro#5 / Game6,run_1,1,Stochastic,with,Contingency,with,246,250,,0,,contiguous,3,"Mitchell denies the swap occurred, which is consistent with a Werewolf attempting to avoid elimination, while Justin insists the swap definitely happened.",246-250,NOT_A_CANDIDATE_FORM_OUTSIDE_INVENTORY,,,,,,,True,False,55,59,NON_CONNECTIVE_LIKELY
10375,1616,Gemma 4 31B,Youtube / ONE#NIGHT#ULTIMATE#WEREWOLF##Retro#5 / Game8,run_1,1,Stochastic,with,Contingency,with,523,527,,0,,contiguous,4,"Paul and Mitchell's claims (Insomniac and Robber) are consistent with each other, making Justin the most likely Werewolf.",523-527,NOT_A_CANDIDATE_FORM_OUTSIDE_INVENTORY,,,,,,,True,False,65,69,NON_CONNECTIVE_LIKELY
10377,1617,Gemma 4 31B,Youtube / ONE#NIGHT#ULTIMATE#WEREWOLF#-#Drinking#Play#Through / Game1,run_1,1,Stochastic,with,Contingency,with,60,64,,0,,contiguous,1,Jordan2 claims to be the Robber and states he swapped cards with Haak (Line 53).,60-64,NOT_A_CANDIDATE_FORM_OUTSIDE_INVENTORY,,,,,,,True,False,60,64,NON_CONNECTIVE_LIKELY
10382,1617,Gemma 4 31B,Youtube / ONE#NIGHT#ULTIMATE#WEREWOLF#-#Drinking#Play#Through / Game1,run_1,1,Stochastic,with,Contingency,with,222,226,,0,,contiguous,3,"Since the Robber only looks at the card they swap with, it is logically impossible for him to have swapped with Haak and also looked at Meryl's card.",222-226,NOT_A_CANDIDATE_FORM_OUTSIDE_INVENTORY,,,,,,,True,False,50,54,NON_CONNECTIVE_LIKELY
10384,1617,Gemma 4 31B,Youtube / ONE#NIGHT#ULTIMATE#WEREWOLF#-#Drinking#Play#Through / Game1,run_1,1,Stochastic,with,Contingency,with,279,283,,0,,contiguous,3,"Since the Robber only looks at the card they swap with, it is logically impossible for him to have swapped with Haak and also looked at Meryl's card.",279-283,NOT_A_CANDIDATE_FORM_OUTSIDE_INVENTORY,,,,,,,True,False,50,54,NON_CONNECTIVE_LIKELY
10387,1617,Gemma 4 31B,Youtube / ONE#NIGHT#ULTIMATE#WEREWOLF#-#Drinking#Play#Through / Game1,run_1,1,Stochastic,with,Contingency,with,360,364,,0,,contiguous,4,"This internal contradiction, combined with his attempt to protect Meryl (whose claim is contradicted by Haak), strongly suggests Jordan2 is a Werewolf.",360-364,NOT_A_CANDIDATE_FORM_OUTSIDE_INVENTORY,,,,,,,True,False,38,42,NON_CONNECTIVE_LIKELY
10397,1619,Gemma 4 31B,Youtube / ONE#NIGHT#ULTIMATE#WEREWOLF#1##July#5th#2016 / Game2,run_1,1,Stochastic,with,Contingency,with,94,98,,0,,contiguous,1,"James (Seer) claims the Revealer card was in the center, and Justin (Drunk) claims he swapped with the center and obtained the Revealer card.",94-98,NOT_A_CANDIDATE_FORM_OUTSIDE_INVENTORY,,,,,,,True,False,94,98,NON_CONNECTIVE_LIKELY
10419,1621,Gemma 4 31B,Youtube / ONE#NIGHT#ULTIMATE#WEREWOLF#10##November#6th#2016 / Game1,run_1,1,Stochastic,with,Contingency,with,443,447,,0,,contiguous,3,"If a Werewolf is present, Mitchell is the most likely candidate as the other three players' roles are consistent with one another.",443-447,NOT_A_CANDIDATE_FORM_OUTSIDE_INVENTORY,,,,,,,True,False,113,117,NON_CONNECTIVE_LIKELY
10432,1623,Gemma 4 31B,Youtube / ONE#NIGHT#ULTIMATE#WEREWOLF#13##July#29th#2017 / Game2,run_1,1,Stochastic,given,Contingency,Given,385,390,,0,,contiguous,3,"Given the consistency of the other three players and Mitchell's erratic behavior and admission, Mitchell is the most likely candidate for the Werewolf.",385-390,NOT_A_CANDIDATE_FORM_OUTSIDE_INVENTORY,,,,,,,True,False,0,5,CLAUSE_INITIAL_PLAUSIBLE
10441,1624,Gemma 4 31B,Youtube / ONE#NIGHT#ULTIMATE#WEREWOLF#13##July#29th#2017 / Game3,run_1,1,Stochastic,with,Contingency,with,174,178,,0,,contiguous,2,"Mitchell and Mike claim to be the Robber and Troublemaker, respectively, and their stories are consistent with each other and with Julie's.",174-178,NOT_A_CANDIDATE_FORM_OUTSIDE_INVENTORY,,,,,,,True,False,106,110,NON_CONNECTIVE_LIKELY
10443,1624,Gemma 4 31B,Youtube / ONE#NIGHT#ULTIMATE#WEREWOLF#13##July#29th#2017 / Game3,run_1,1,Stochastic,with,Contingency,with,194,198,,0,,contiguous,2,"Mitchell and Mike claim to be the Robber and Troublemaker, respectively, and their stories are consistent with each other and with Julie's.",194-198,NOT_A_CANDIDATE_FORM_OUTSIDE_INVENTORY,,,,,,,True,False,106,110,NON_CONNECTIVE_LIKELY
10462,1625,Gemma 4 31B,Youtube / ONE#NIGHT#ULTIMATE#WEREWOLF#14##August#26th#2017 / Game1,run_1,1,Stochastic,given,Contingency,Given,418,423,,0,,contiguous,4,"Given Justin's active attempt to control the narrative and his tentative admission of being a Werewolf, he is the most likely candidate for the Werewolf role.",418-423,NOT_A_CANDIDATE_FORM_OUTSIDE_INVENTORY,,,,,,,True,False,0,5,CLAUSE_INITIAL_PLAUSIBLE
10491,1630,Gemma 4 31B,Youtube / ONE#NIGHT#ULTIMATE#WEREWOLF#26##January#20th#2018 / Game3,run_1,1,Stochastic,with,Contingency,with,118,122,,0,,contiguous,2,Meghan (Drunk) admitted to swapping her card with one from the center.,118-122,NOT_A_CANDIDATE_FORM_OUTSIDE_INVENTORY,,,,,,,True,False,45,49,NON_CONNECTIVE_LIKELY
10502,1631,Gemma 4 31B,Youtube / ONE#NIGHT#ULTIMATE#WEREWOLF#28##February#17th#2018 / Game1,run_1,1,Stochastic,given,Contingency,Given,418,423,,0,,contiguous,4,"Given the conflict between Paul and Alysha, and Paul's specific accusation, Alysha is the most likely candidate for the Werewolf.",418-423,NOT_A_CANDIDATE_FORM_OUTSIDE_INVENTORY,,,,,,,True,False,0,5,CLAUSE_INITIAL_PLAUSIBLE
10510,1632,Gemma 4 31B,Youtube / ONE#NIGHT#ULTIMATE#WEREWOLF#28##February#17th#2018 / Game2,run_1,1,Stochastic,given,Contingency,Given,251,256,,0,,contiguous,3,"Given the direct identification by the Revealer and the lack of a credible counter-claim, Mike is the most likely Werewolf.",251-256,NOT_A_CANDIDATE_FORM_OUTSIDE_INVENTORY,,,,,,,True,False,0,5,CLAUSE_INITIAL_PLAUSIBLE
10513,1633,Gemma 4 31B,Youtube / ONE#NIGHT#ULTIMATE#WEREWOLF#28##February#17th#2018 / Game3,run_1,1,Stochastic,eventually,Temporal,eventually,81,91,,0,,contiguous,2,"Paul eventually admits to being the Tanner, and Caitlynn (claiming to be the Revealer) confirms that Paul's card was the Tanner.",81-91,NOT_A_CANDIDATE_FORM_OUTSIDE_INVENTORY,,,,,,,True,False,5,15,NON_CONNECTIVE_LIKELY
10517,1633,Gemma 4 31B,Youtube / ONE#NIGHT#ULTIMATE#WEREWOLF#28##February#17th#2018 / Game3,run_1,1,Stochastic,given,Contingency,given,289,294,,0,,contiguous,3,"Since Justin and Mike both claim to be the Troublemaker, one of them must be lying; given Alysha's Seer claim, Justin is the most likely Werewolf.",289-294,NOT_A_CANDIDATE_FORM_OUTSIDE_INVENTORY,,,,,,,True,False,84,89,CLAUSE_INITIAL_PLAUSIBLE
10527,1634,Gemma 4 31B,Youtube / One#Night#Ultimate#Werewolf#3#Insomniac / Game1,run_1,1,Stochastic,given,Contingency,Given,435,440,,0,,contiguous,3,"Given the consistency of the other five players' stories, Brett is the most likely candidate to be the Werewolf.",435-440,NOT_A_CANDIDATE_FORM_OUTSIDE_INVENTORY,,,,,,,True,False,0,5,CLAUSE_INITIAL_PLAUSIBLE
10539,1636,Gemma 4 31B,Youtube / ONE#NIGHT#ULTIMATE#WEREWOLF#30##February#17th#2018 / Game4,run_1,1,Stochastic,with,Contingency,With,284,288,,0,,contiguous,3,"With Mitchell (Seer), Mike (Troublemaker), and Caitlynn (Robber) identified, the Werewolf is likely among the remaining players; Alysha's silence and lack of a role claim make her the most probable Werewolf.",284-288,NOT_A_CANDIDATE_FORM_OUTSIDE_INVENTORY,,,,,,,True,False,0,4,CLAUSE_INITIAL_PLAUSIBLE
10551,1638,Gemma 4 31B,Youtube / ONE#NIGHT#ULTIMATE#WEREWOLF#34##March#24th#2018 / Game3,run_1,1,Stochastic,given,Contingency,Given,235,240,,0,,contiguous,3,"Given the aggressive nature of Mitchell's claims and the direct accusation from Mike, Mitchell is the most likely candidate for a Werewolf.",235-240,NOT_A_CANDIDATE_FORM_OUTSIDE_INVENTORY,,,,,,,True,False,0,5,CLAUSE_INITIAL_PLAUSIBLE
10563,1640,Gemma 4 31B,Youtube / One#Night#Ultimate#Werewolf#362#More#Classic#Werewolf / Game1,run_1,1,Stochastic,given that,Contingency,Given that,219,229,,0,,contiguous,3,"Given that Pete consistently claims to be the Minion and other players (Brett, George, Katie, Dylan) have remained relatively consistent in their roles, Kelsey is the most likely candidate for the Werewolf card, potentially using the Tanner claim as a bluff to avoid elimination.",219-229,NOT_A_CANDIDATE_FORM_OUTSIDE_INVENTORY,,,,,,,True,False,0,10,CLAUSE_INITIAL_PLAUSIBLE
10580,1642,Gemma 4 31B,Youtube / ONE#NIGHT#ULTIMATE#WEREWOLF#37##April#21st#2018 / Game2,run_1,1,Stochastic,given,Contingency,Given,349,354,,0,,contiguous,3,"Given the strong accusation from the Revealer and Mike's defensive behavior, Mike is the most likely candidate to be a Werewolf.",349-354,NOT_A_CANDIDATE_FORM_OUTSIDE_INVENTORY,,,,,,,True,False,0,5,CLAUSE_INITIAL_PLAUSIBLE
10607,1645,Gemma 4 31B,Youtube / One#Night#Ultimate#Werewolf#381#The#Hunt#Is#On / Game1,run_1,1,Stochastic,without,Contingency,Without,422,429,,0,,contiguous,4,"Without evidence to disprove Brett's claim, the most direct path to a Village win is to accept that no Werewolves are in play.",422-429,NOT_A_CANDIDATE_FORM_OUTSIDE_INVENTORY,,,,,,,True,False,0,7,CLAUSE_INITIAL_PLAUSIBLE
10612,1646,Gemma 4 31B,Youtube / One#Night#Ultimate#Werewolf#382#Game#100!! / Game1,run_1,1,Stochastic,with,Contingency,with,323,327,,0,,contiguous,4,Dustin's claim to have the Doppelganger card is inconsistent with the known swaps and likely a bluff to avoid elimination.,323-327,NOT_A_CANDIDATE_FORM_OUTSIDE_INVENTORY,,,,,,,True,False,61,65,NON_CONNECTIVE_LIKELY
10619,1647,Gemma 4 31B,Youtube / ONE#NIGHT#ULTIMATE#WEREWOLF#39##April#21st#2018 / Game3,run_1,1,Stochastic,given,Contingency,Given,409,414,,0,,contiguous,4,"Given James's support for Justin and Mike's insistence on framing him, Mike is the most likely Werewolf.",409-414,NOT_A_CANDIDATE_FORM_OUTSIDE_INVENTORY,,,,,,,True,False,0,5,CLAUSE_INITIAL_PLAUSIBLE
10623,1648,Gemma 4 31B,Youtube / ONE#NIGHT#ULTIMATE#WEREWOLF#4##July#14th#2016 / Game1,run_1,1,Stochastic,with,Contingency,with,131,135,,0,,contiguous,2,"Justin admits to being the Drunk, which means he swapped his card with one from the center.",131-135,NOT_A_CANDIDATE_FORM_OUTSIDE_INVENTORY,,,,,,,True,False,66,70,NON_CONNECTIVE_LIKELY
10630,1648,Gemma 4 31B,Youtube / ONE#NIGHT#ULTIMATE#WEREWOLF#4##July#14th#2016 / Game1,run_1,1,Stochastic,eventually,Temporal,eventually,425,435,,0,,contiguous,4,"Furthermore, Justin's behavior is highly inconsistent, as he lied about being the Robber and about Mitchell being the Drunk, and he eventually admitted, 'I am probably a Werewolf cause I was the drunk.'",425-435,NOT_A_CANDIDATE_FORM_OUTSIDE_INVENTORY,,,,,,,True,False,132,142,NON_CONNECTIVE_LIKELY
10660,1653,Gemma 4 31B,Youtube / ONE#NIGHT#ULTIMATE#WEREWOLF#43##October#13th#2018 / Game4,run_1,1,Stochastic,with,Contingency,with,50,54,,0,,contiguous,1,"Both Mitchell and Mike admit to being Werewolves, with Mitchell explicitly stating, 'me and Mike, we had a plan...",50-54,NOT_A_CANDIDATE_FORM_OUTSIDE_INVENTORY,,,,,,,True,False,50,54,CLAUSE_INITIAL_PLAUSIBLE
10668,1654,Gemma 4 31B,Youtube / ONE#NIGHT#ULTIMATE#WEREWOLF#44##October#13th#2018 / Game1,run_1,1,Stochastic,with,Contingency,with,121,125,,0,,contiguous,2,"According to the game rules, the Robber swaps their card with another player, meaning Paul would have become the Robber and Justin would have taken Paul's original role.",121-125,NOT_A_CANDIDATE_FORM_OUTSIDE_INVENTORY,,,,,,,True,False,57,61,NON_CONNECTIVE_LIKELY
10685,1656,Gemma 4 31B,Youtube / ONE#NIGHT#ULTIMATE#WEREWOLF#44##October#13th#2018 / Game3,run_1,1,Stochastic,eventually,Temporal,eventually,115,125,,0,,contiguous,2,"Paul eventually admits to being the Tanner, and Mitchell and Mike claim roles (Insomniac and Troublemaker) that are consistent with a village-aligned setup.",115-125,NOT_A_CANDIDATE_FORM_OUTSIDE_INVENTORY,,,,,,,True,False,5,15,NON_CONNECTIVE_LIKELY
10689,1656,Gemma 4 31B,Youtube / ONE#NIGHT#ULTIMATE#WEREWOLF#44##October#13th#2018 / Game3,run_1,1,Stochastic,with,Contingency,with,237,241,,0,,contiguous,2,"Paul eventually admits to being the Tanner, and Mitchell and Mike claim roles (Insomniac and Troublemaker) that are consistent with a village-aligned setup.",237-241,NOT_A_CANDIDATE_FORM_OUTSIDE_INVENTORY,,,,,,,True,False,127,131,NON_CONNECTIVE_LIKELY
10711,1659,Gemma 4 31B,Youtube / ONE#NIGHT#ULTIMATE#WEREWOLF#45##October#13th#2018 / Game4,run_1,1,Stochastic,given,Contingency,Given,336,341,,0,,contiguous,3,"Given the contradictions in Justin's story and the other players' roles (Robber, Hunter, Tanner), Justin is the most likely Werewolf.",336-341,NOT_A_CANDIDATE_FORM_OUTSIDE_INVENTORY,,,,,,,True,False,0,5,CLAUSE_INITIAL_PLAUSIBLE
10714,1660,Gemma 4 31B,Youtube / ONE#NIGHT#ULTIMATE#WEREWOLF#45##October#13th#2018 / Game6,run_1,1,Stochastic,with,Contingency,with,68,72,,0,,contiguous,1,Justin claims to be the Troublemaker and states he swapped Mitchell with another player.,68-72,NOT_A_CANDIDATE_FORM_OUTSIDE_INVENTORY,,,,,,,True,False,68,72,NON_CONNECTIVE_LIKELY
10718,1660,Gemma 4 31B,Youtube / ONE#NIGHT#ULTIMATE#WEREWOLF#45##October#13th#2018 / Game6,run_1,1,Stochastic,with,Contingency,with,323,327,,0,,contiguous,3,"This scenario is consistent if Mitchell was the starting Werewolf and was swapped with Mike (the starting Hunter), making Mike the final Werewolf and explaining why Mike would bluff as the Hunter.",323-327,NOT_A_CANDIDATE_FORM_OUTSIDE_INVENTORY,,,,,,,True,False,82,86,NON_CONNECTIVE_LIKELY
10727,1662,Gemma 4 31B,Youtube / One#Night#Ultimate#Werewolf#492#More#Classic#Werewolf / Game1,run_1,1,Stochastic,with,Contingency,with,146,150,,0,,contiguous,2,Katie claimed to be the Drunk and admitted to swapping her card with one from the center.,146-150,NOT_A_CANDIDATE_FORM_OUTSIDE_INVENTORY,,,,,,,True,False,64,68,NON_CONNECTIVE_LIKELY
10736,1663,Gemma 4 31B,Youtube / One#Night#Ultimate#Werewolf#493#Even#More#Classic#Werewolf / Game1,run_1,1,Stochastic,given that,Contingency,Given that,301,311,,0,,contiguous,3,"Given that Brett's information supports Pete's role as the Robber (Team Village), Katie is the most likely candidate for the Werewolf, using the Tanner claim as a final attempt to avoid elimination.",301-311,NOT_A_CANDIDATE_FORM_OUTSIDE_INVENTORY,,,,,,,True,False,0,10,CLAUSE_INITIAL_PLAUSIBLE
10746,1664,Gemma 4 31B,Youtube / ONE#NIGHT#ULTIMATE#WEREWOLF#5##October#29th#2016 / Game1,run_1,1,Stochastic,with,Contingency,with,267,271,,0,,contiguous,3,"Since the Troublemaker swaps the roles of two players, if Chris started as the Werewolf and was swapped with Mike, Mike is now the Werewolf.",267-271,NOT_A_CANDIDATE_FORM_OUTSIDE_INVENTORY,,,,,,,True,False,104,108,NON_CONNECTIVE_LIKELY
10772,1667,Gemma 4 31B,Youtube / One#Night#Ultimate#Werewolf#533#Even#More#Classic#ONUW / Game1,run_1,1,Stochastic,with,Contingency,with,263,267,,0,,contiguous,3,"DeAndre claimed to be the Drunk, meaning he swapped his card with the center; if a Werewolf card was in the center, DeAndre is now the Werewolf, or he is simply lying about his role to hide that he is a Werewolf.",263-267,NOT_A_CANDIDATE_FORM_OUTSIDE_INVENTORY,,,,,,,True,False,61,65,NON_CONNECTIVE_LIKELY
10786,1669,Gemma 4 31B,Youtube / ONE#NIGHT#ULTIMATE#WEREWOLF#6##November#6th#2016 / Game1,run_1,1,Stochastic,with,Contingency,with,127,131,,0,,contiguous,1,"Caitlynn explicitly claims to be a werewolf, and Mitchell provides a detailed narrative where he (as the Robber) swapped roles with her, only for Alana (the Troublemaker) to swap them back, leaving Caitlynn as the werewolf.",127-131,NOT_A_CANDIDATE_FORM_OUTSIDE_INVENTORY,,,,,,,True,False,127,131,NON_CONNECTIVE_LIKELY
10800,1670,Gemma 4 31B,Youtube / ONE#NIGHT#ULTIMATE#WEREWOLF#6##November#6th#2016 / Game2,run_1,1,Stochastic,with,Contingency,with,339,343,,0,,contiguous,3,"Finally, Mitchell, as the starting Drunk, swapped his current card (which had become the Seer card due to Mike's swap) with the Werewolf card from the center.",339-343,NOT_A_CANDIDATE_FORM_OUTSIDE_INVENTORY,,,,,,,True,False,119,123,NON_CONNECTIVE_LIKELY
10801,1670,Gemma 4 31B,Youtube / ONE#NIGHT#ULTIMATE#WEREWOLF#6##November#6th#2016 / Game2,run_1,1,Stochastic,with,Contingency,with,432,436,,0,,contiguous,4,"This makes Mitchell the final Werewolf, which aligns with his own admissions in the discussion.",432-436,NOT_A_CANDIDATE_FORM_OUTSIDE_INVENTORY,,,,,,,True,False,53,57,NON_CONNECTIVE_LIKELY
10815,1672,Gemma 4 31B,Youtube / ONE#NIGHT#ULTIMATE#WEREWOLF#62##March#23rd#2019 / Game2,run_1,1,Stochastic,with,Contingency,with,369,373,,0,,contiguous,3,Mitchell's claim to be the Seer and seeing a Werewolf in the center is consistent with the game state.,369-373,NOT_A_CANDIDATE_FORM_OUTSIDE_INVENTORY,,,,,,,True,False,82,86,NON_CONNECTIVE_LIKELY
10834,1675,Gemma 4 31B,Youtube / ONE#NIGHT#ULTIMATE#WEREWOLF#64##March#23rd#2019 / Game4,run_1,1,Stochastic,given that,Contingency,Given that,237,247,,0,,contiguous,3,"Given that James, Mitchell, and Justin have all converged on Paul as the target, Paul is the most likely candidate for elimination to achieve a Village win.",237-247,NOT_A_CANDIDATE_FORM_OUTSIDE_INVENTORY,,,,,,,True,False,0,10,CLAUSE_INITIAL_PLAUSIBLE
10848,1676,Gemma 4 31B,Youtube / ONE#NIGHT#ULTIMATE#WEREWOLF#64##March#23rd#2019 / Game5,run_1,1,Stochastic,with,Contingency,with,390,394,,0,,contiguous,3,"Paul and Mitchell, both aligned with the Village, identify Justin as the most suspicious player and are pushing to vote him out.",390-394,NOT_A_CANDIDATE_FORM_OUTSIDE_INVENTORY,,,,,,,True,False,32,36,NON_CONNECTIVE_LIKELY
10857,1677,Gemma 4 31B,Youtube / ONE#NIGHT#ULTIMATE#WEREWOLF#7##November#6th#2016 / Game1,run_1,1,Stochastic,with,Contingency,with,251,255,,0,,contiguous,4,"Following this sequence, Alana ends up with the Werewolf card, a conclusion Alana herself acknowledges in the discussion.",251-255,NOT_A_CANDIDATE_FORM_OUTSIDE_INVENTORY,,,,,,,True,False,39,43,NON_CONNECTIVE_LIKELY
10863,1678,Gemma 4 31B,Youtube / ONE#NIGHT#ULTIMATE#WEREWOLF#7##November#6th#2016 / Game2,run_1,1,Stochastic,given that,Contingency,Given that,279,289,,0,,contiguous,3,"Given that the most informed players in the discussion have converged on Caitlynn as the likely Werewolf, she is the most logical choice for the vote.",279-289,NOT_A_CANDIDATE_FORM_OUTSIDE_INVENTORY,,,,,,,True,False,0,10,CLAUSE_INITIAL_PLAUSIBLE
10866,1679,Gemma 4 31B,Youtube / ONE#NIGHT#ULTIMATE#WEREWOLF#7##November#6th#2016 / Game3,run_1,1,Stochastic,with,Contingency,with,98,102,,0,,contiguous,1,"Mitchell provides contradictory claims: he first asserts he saw Mike's card (an action associated with the Seer or Robber), but later claims he was the Tanner (a role with no night action).",98-102,NOT_A_CANDIDATE_FORM_OUTSIDE_INVENTORY,,,,,,,True,False,98,102,NON_CONNECTIVE_LIKELY
10870,1679,Gemma 4 31B,Youtube / ONE#NIGHT#ULTIMATE#WEREWOLF#7##November#6th#2016 / Game3,run_1,1,Stochastic,with,Contingency,with,167,171,,0,,contiguous,1,"Mitchell provides contradictory claims: he first asserts he saw Mike's card (an action associated with the Seer or Robber), but later claims he was the Tanner (a role with no night action).",167-171,NOT_A_CANDIDATE_FORM_OUTSIDE_INVENTORY,,,,,,,True,False,98,102,NON_CONNECTIVE_LIKELY
10882,1680,Gemma 4 31B,Youtube / ONE#NIGHT#ULTIMATE#WEREWOLF#7##November#6th#2016 / Game4,run_1,1,Stochastic,with,Contingency,with,463,467,,0,,contiguous,3,"While Alana confusingly pivots to Caitlynn at the very end, the most consistent narrative is that Alana (Seer) saw Mitchell (Werewolf), and Mike (Insomniac) was swapped with Alana by a Troublemaker (likely Caitlynn).",463-467,NOT_A_CANDIDATE_FORM_OUTSIDE_INVENTORY,,,,,,,True,False,169,173,NON_CONNECTIVE_LIKELY
10888,1681,Gemma 4 31B,Youtube / ONE#NIGHT#ULTIMATE#WEREWOLF#8##November#6th#2016 / Game1,run_1,1,Stochastic,eventually,Temporal,eventually,124,134,,0,,contiguous,2,"While he eventually admits 'I'm the werewolf' (lines 123, 136, 151), he simultaneously urges the group not to vote for him, which is typical behavior for a Werewolf attempting to survive.",124-134,NOT_A_CANDIDATE_FORM_OUTSIDE_INVENTORY,,,,,,,True,False,9,19,NON_CONNECTIVE_LIKELY
10927,1685,Gemma 4 31B,Youtube / ONE#NIGHT#ULTIMATE#WEREWOLF#86##November#9th#2019 / Game1,run_1,1,Stochastic,with,Contingency,with,218,222,,0,,contiguous,2,Justin claims to be the Troublemaker and explicitly states that he swapped Mike with Paul.,218-222,NOT_A_CANDIDATE_FORM_OUTSIDE_INVENTORY,,,,,,,True,False,80,84,NON_CONNECTIVE_LIKELY
10930,1685,Gemma 4 31B,Youtube / ONE#NIGHT#ULTIMATE#WEREWOLF#86##November#9th#2019 / Game1,run_1,1,Stochastic,with,Contingency,with,270,274,,0,,contiguous,3,"If Mike was the Werewolf and was swapped with Paul, Paul now holds the Werewolf card.",270-274,NOT_A_CANDIDATE_FORM_OUTSIDE_INVENTORY,,,,,,,True,False,41,45,NON_CONNECTIVE_LIKELY
10941,1686,Gemma 4 31B,Youtube / ONE#NIGHT#ULTIMATE#WEREWOLF#86##November#9th#2019 / Game3,run_1,1,Stochastic,with,Contingency,with,292,296,,0,,contiguous,3,"Whether Mitchell remained a Werewolf or was swapped with Paul, both are highly suspicious, but Mitchell's direct admission makes him the most likely target for Team Village.",292-296,NOT_A_CANDIDATE_FORM_OUTSIDE_INVENTORY,,,,,,,True,False,52,56,NON_CONNECTIVE_LIKELY
10961,1688,Gemma 4 31B,Youtube / ONE#NIGHT#ULTIMATE#WEREWOLF#87##November#9th#2019 / Game1,run_1,1,Stochastic,with,Contingency,with,515,519,,0,,contiguous,4,Mike explicitly points out that Mitchell ended up with the 'bad card' following these swaps.,515-519,NOT_A_CANDIDATE_FORM_OUTSIDE_INVENTORY,,,,,,,True,False,50,54,NON_CONNECTIVE_LIKELY
10968,1690,Gemma 4 31B,Youtube / ONE#NIGHT#ULTIMATE#WEREWOLF#89##November#30th#2019 / Game2,run_1,1,Stochastic,with,Contingency,with,108,112,,0,,contiguous,2,Paul (Witch) claimed to have swapped Mitchell with a center card.,108-112,NOT_A_CANDIDATE_FORM_OUTSIDE_INVENTORY,,,,,,,True,False,46,50,NON_CONNECTIVE_LIKELY
10971,1690,Gemma 4 31B,Youtube / ONE#NIGHT#ULTIMATE#WEREWOLF#89##November#30th#2019 / Game2,run_1,1,Stochastic,eventually,Temporal,eventually,287,297,,0,,contiguous,4,"Justin himself eventually admits he believes he is now the Werewolf, and the other players reach a consensus to vote him out.",287-297,NOT_A_CANDIDATE_FORM_OUTSIDE_INVENTORY,,,,,,,True,False,15,25,NON_CONNECTIVE_LIKELY
10973,1691,Gemma 4 31B,Youtube / ONE#NIGHT#ULTIMATE#WEREWOLF#89##November#30th#2019 / Game3,run_1,1,Stochastic,with,Contingency,with,45,49,,0,,contiguous,1,"Mitchell explicitly claimed to be a Werewolf with high confidence, stating he was '100% sure' and offering to bet real-life money on it.",45-49,NOT_A_CANDIDATE_FORM_OUTSIDE_INVENTORY,,,,,,,True,False,45,49,NON_CONNECTIVE_LIKELY
10978,1691,Gemma 4 31B,Youtube / ONE#NIGHT#ULTIMATE#WEREWOLF#89##November#30th#2019 / Game3,run_1,1,Stochastic,given,Contingency,given,375,380,,0,,contiguous,3,"Justin's belief that he is a Werewolf stems from James's claims, which are unreliable given James's contradictory statements about being the Witch and the Troublemaker.",375-380,NOT_A_CANDIDATE_FORM_OUTSIDE_INVENTORY,,,,,,,True,False,86,91,NON_CONNECTIVE_LIKELY
10985,1692,Gemma 4 31B,Youtube / ONE#NIGHT#ULTIMATE#WEREWOLF#9##November#6th#2016 / Game1,run_1,1,Stochastic,without,Contingency,without,218,225,,0,,contiguous,2,"However, according to the game rules, the Troublemaker swaps the cards of two other players without looking at them, meaning Alana could not possibly know Mike's starting role.",218-225,NOT_A_CANDIDATE_FORM_OUTSIDE_INVENTORY,,,,,,,True,False,92,99,NON_CONNECTIVE_LIKELY
10991,1693,Gemma 4 31B,Youtube / ONE#NIGHT#ULTIMATE#WEREWOLF#9##November#6th#2016 / Game2,run_1,1,Stochastic,without,Contingency,without,232,239,,0,,contiguous,2,"Mitchell and Mike both claim the Robber and Troublemaker roles, respectively, leaving Alana as the only player without a claimed role.",232-239,NOT_A_CANDIDATE_FORM_OUTSIDE_INVENTORY,,,,,,,True,False,111,118,NON_CONNECTIVE_LIKELY
10992,1693,Gemma 4 31B,Youtube / ONE#NIGHT#ULTIMATE#WEREWOLF#9##November#6th#2016 / Game2,run_1,1,Stochastic,despite,Comparison,Despite,256,263,,0,,contiguous,3,"Despite some joking and contradictions in the transcript, the group consensus converges on Alana as the target for elimination.",256-263,NOT_A_CANDIDATE_FORM_OUTSIDE_INVENTORY,,,,,,,True,False,0,7,CLAUSE_INITIAL_PLAUSIBLE
10997,1694,Gemma 4 31B,Youtube / ONE#NIGHT#ULTIMATE#WEREWOLF#9##November#6th#2016 / Game3,run_1,1,Stochastic,with,Contingency,with,65,69,,0,,contiguous,1,"Alana, Mitchell, and Caitlynn have consistent stories that align with the game's night action order.",65-69,NOT_A_CANDIDATE_FORM_OUTSIDE_INVENTORY,,,,,,,True,False,65,69,NON_CONNECTIVE_LIKELY
11003,1695,Gemma 4 31B,Youtube / ONE#NIGHT#ULTIMATE#WEREWOLF#9##November#6th#2016 / Game4,run_1,1,Stochastic,with,Contingency,with,35,39,,0,,contiguous,1,The players' claims are consistent with a scenario where all four are members of Team Village.,35-39,NOT_A_CANDIDATE_FORM_OUTSIDE_INVENTORY,,,,,,,True,False,35,39,NON_CONNECTIVE_LIKELY
11019,1696,Gemma 4 31B,Youtube / One#Night#Ultimate#Werewolf#GAME#NIGHT!! / Game2,run_1,1,Stochastic,with,Contingency,with,98,102,,0,,contiguous,1,"Eric admits to being the starting Werewolf, while Shane claims to be the Robber who swapped cards with Eric, making Shane the current Werewolf.",98-102,NOT_A_CANDIDATE_FORM_OUTSIDE_INVENTORY,,,,,,,True,False,98,102,NON_CONNECTIVE_LIKELY
11047,1699,Gemma 4 31B,Youtube / Retrovision##ONE#NIGHT#ULTIMATE#WEREWOLF##Retro#7 / Game3,run_1,1,Stochastic,given,Contingency,Given,472,477,,0,,contiguous,4,"Given the inconsistencies and the group's consensus, Mitchell is the most likely Werewolf.",472-477,NOT_A_CANDIDATE_FORM_OUTSIDE_INVENTORY,,,,,,,True,False,0,5,CLAUSE_INITIAL_PLAUSIBLE
11097,1705,Gemma 4 31B,Youtube / Visions#from#2016##ONE#NIGHT#ULTIMATE#WEREWOLF##Retro#11 / Game1,run_1,1,Stochastic,without,Contingency,without,209,216,,0,,contiguous,2,"Paul's behavior is highly suspicious; he aggressively frames James as the Tanner and then attempts to shift the vote to Justin without any evidence, stating only that he 'feels good' about the other players.",209-216,NOT_A_CANDIDATE_FORM_OUTSIDE_INVENTORY,,,,,,,True,False,127,134,NON_CONNECTIVE_LIKELY
11133,1710,Gemma 4 31B,Youtube / Way#Way#Back##ONE#NIGHT#ULTIMATE#WEREWOLF##Retro#10 / Game1,run_1,1,Stochastic,with,Contingency,with,177,181,,0,,contiguous,2,Justin initially claimed to be the Seer but later admitted he was actually a Werewolf and was swapped with Laura.,177-181,NOT_A_CANDIDATE_FORM_OUTSIDE_INVENTORY,,,,,,,True,False,102,106,NON_CONNECTIVE_LIKELY
11151,1712,Gemma 4 31B,Youtube / Way#Way#Back##ONE#NIGHT#ULTIMATE#WEREWOLF##Retro#10 / Game3,run_1,1,Stochastic,with,Contingency,with,256,260,,0,,contiguous,3,"James claims to be the Robber, although his explanation of stealing 'insomnia' is logically inconsistent with Mitchell's confirmation.",256-260,NOT_A_CANDIDATE_FORM_OUTSIDE_INVENTORY,,,,,,,True,False,105,109,NON_CONNECTIVE_LIKELY
11173,1716,Gemma 4 31B,Youtube / Ye#Olde#Times##ONE#NIGHT#ULTIMATE#WEREWOLF##Retro#8 / Game2,run_1,1,Stochastic,particularly,Expansion,particularly,39,51,,0,,contiguous,1,"The players' claims are contradictory, particularly regarding the Robber and Troublemaker roles.",39-51,NOT_A_CANDIDATE_FORM_OUTSIDE_INVENTORY,,,,,,,True,False,39,51,NON_CONNECTIVE_LIKELY
11179,1716,Gemma 4 31B,Youtube / Ye#Olde#Times##ONE#NIGHT#ULTIMATE#WEREWOLF##Retro#8 / Game2,run_1,1,Stochastic,with,Contingency,with,291,295,,0,,contiguous,3,"For Eric's claim to be true, the Troublemaker (Mitchell) must have swapped Eric with the person who held the Robber card (Paul), but Mitchell claims he swapped Eric and Mike.",291-295,NOT_A_CANDIDATE_FORM_OUTSIDE_INVENTORY,,,,,,,True,False,80,84,NON_CONNECTIVE_LIKELY
11182,1716,Gemma 4 31B,Youtube / Ye#Olde#Times##ONE#NIGHT#ULTIMATE#WEREWOLF##Retro#8 / Game2,run_1,1,Stochastic,despite,Comparison,Despite,386,393,,0,,contiguous,4,"Despite these inconsistencies, the players collectively conclude that the Werewolves are likely in the center and agree to a 'vote to the left' strategy, which ensures no one dies.",386-393,NOT_A_CANDIDATE_FORM_OUTSIDE_INVENTORY,,,,,,,True,False,0,7,CLAUSE_INITIAL_PLAUSIBLE
11208,1720,Gemma 4 31B,Ego4D / 0a6ef9dc-a2dc-452b-a907-d6fa2ed4cae0 / Game2,run_2,2,Stochastic,with,Contingency,with,75,79,,0,,contiguous,1,Jack claims to be the Troublemaker and states that he swapped his own card with Brent's.,75-79,NOT_A_CANDIDATE_FORM_OUTSIDE_INVENTORY,,,,,,,True,False,75,79,NON_CONNECTIVE_LIKELY
11214,1721,Gemma 4 31B,Ego4D / 0c2659db-7bd4-4b37-9b08-4e247befe382 / Game4,run_2,2,Stochastic,with,Contingency,with,104,108,,0,,contiguous,1,"Ashley admitted to starting as the Werewolf, and Elliot admitted to being the Robber and swapping cards with Ashley.",104-108,NOT_A_CANDIDATE_FORM_OUTSIDE_INVENTORY,,,,,,,True,False,104,108,NON_CONNECTIVE_LIKELY
11215,1721,Gemma 4 31B,Ego4D / 0c2659db-7bd4-4b37-9b08-4e247befe382 / Game4,run_2,2,Stochastic,with,Contingency,with,174,178,,0,,contiguous,2,"According to the game rules, the Robber swaps their card with another player and takes on that role's alignment and win conditions.",174-178,NOT_A_CANDIDATE_FORM_OUTSIDE_INVENTORY,,,,,,,True,False,57,61,NON_CONNECTIVE_LIKELY
11227,1722,Gemma 4 31B,Ego4D / 0c2659db-7bd4-4b37-9b08-4e247befe382 / Game5,run_2,2,Stochastic,eventually,Temporal,eventually,212,222,,0,,contiguous,2,"She eventually admitted she did not know how to play the role, which is a strong indicator of a Werewolf attempting a failed bluff.",212-222,NOT_A_CANDIDATE_FORM_OUTSIDE_INVENTORY,,,,,,,True,False,4,14,NON_CONNECTIVE_LIKELY
11240,1724,Gemma 4 31B,Ego4D / 0c2659db-7bd4-4b37-9b08-4e247befe382 / Game7,run_2,2,Stochastic,with,Contingency,with,192,196,,0,,contiguous,2,"While she previously claimed to be the Seer and later suggested someone might have swapped with her, there is no evidence in the transcript that she was actually swapped by the Troublemaker (who swapped Ashley and Sian) or the Robber (who robbed Elliot).",192-196,NOT_A_CANDIDATE_FORM_OUTSIDE_INVENTORY,,,,,,,True,False,91,95,NON_CONNECTIVE_LIKELY
11251,1725,Gemma 4 31B,Ego4D / 0c2659db-7bd4-4b37-9b08-4e247befe382 / Game8,run_2,2,Stochastic,given that,Contingency,Given that,290,300,,0,,contiguous,3,"Given that the other roles are accounted for and confirmed by the group, Sian is the most likely candidate to be the Werewolf.",290-300,NOT_A_CANDIDATE_FORM_OUTSIDE_INVENTORY,,,,,,,True,False,0,10,CLAUSE_INITIAL_PLAUSIBLE
11274,1728,Gemma 4 31B,Ego4D / 1a0d3e22-a6d6-4723-91a0-52fc2c87d5ce / Game11,run_2,2,Stochastic,with,Contingency,with,70,74,,0,,contiguous,1,Zack's claim to be the Insomniac who ended as the Drunk is consistent with Hunter's claim to be the Troublemaker who swapped Zack and Jacob.,70-74,NOT_A_CANDIDATE_FORM_OUTSIDE_INVENTORY,,,,,,,True,False,70,74,NON_CONNECTIVE_LIKELY
11279,1728,Gemma 4 31B,Ego4D / 1a0d3e22-a6d6-4723-91a0-52fc2c87d5ce / Game11,run_2,2,Stochastic,with,Contingency,with,271,275,,0,,contiguous,3,"Jacob started as the Drunk and swapped his card with the center, meaning his final role is unknown.",271-275,NOT_A_CANDIDATE_FORM_OUTSIDE_INVENTORY,,,,,,,True,False,48,52,NON_CONNECTIVE_LIKELY
11281,1728,Gemma 4 31B,Ego4D / 1a0d3e22-a6d6-4723-91a0-52fc2c87d5ce / Game11,run_2,2,Stochastic,given that,Contingency,Given that,396,406,,0,,contiguous,5,"Given that Hunter suggests there may be two werewolves among the remaining players, Sean is the most likely candidate for a Werewolf bluffing as a Villager.",396-406,NOT_A_CANDIDATE_FORM_OUTSIDE_INVENTORY,,,,,,,True,False,0,10,CLAUSE_INITIAL_PLAUSIBLE
11294,1730,Gemma 4 31B,Ego4D / 1a0d3e22-a6d6-4723-91a0-52fc2c87d5ce / Game7,run_2,2,Stochastic,with,Contingency,with,139,143,,0,,contiguous,2,"However, Jacob claims to be the Robber and states that he swapped cards with Hunter and received the Troublemaker card, which contradicts Sean's claim.",139-143,NOT_A_CANDIDATE_FORM_OUTSIDE_INVENTORY,,,,,,,True,False,72,76,NON_CONNECTIVE_LIKELY
11322,1734,Gemma 4 31B,Ego4D / 2ba4023c-a8bf-43ad-ad5a-80ba222ce990 / Game6,run_2,2,Stochastic,eventually,Temporal,eventually,126,136,,0,,contiguous,2,Erin (claiming Robber) and Margaret (claiming Troublemaker) eventually align with Tyler's suspicion.,126-136,NOT_A_CANDIDATE_FORM_OUTSIDE_INVENTORY,,,,,,,True,False,60,70,NON_CONNECTIVE_LIKELY
11323,1734,Gemma 4 31B,Ego4D / 2ba4023c-a8bf-43ad-ad5a-80ba222ce990 / Game6,run_2,2,Stochastic,with,Contingency,with,143,147,,0,,contiguous,2,Erin (claiming Robber) and Margaret (claiming Troublemaker) eventually align with Tyler's suspicion.,143-147,NOT_A_CANDIDATE_FORM_OUTSIDE_INVENTORY,,,,,,,True,False,77,81,NON_CONNECTIVE_LIKELY
11331,1735,Gemma 4 31B,Ego4D / 2ba4023c-a8bf-43ad-ad5a-80ba222ce990 / Game7,run_2,2,Stochastic,with,Contingency,with,363,367,,0,,contiguous,3,"Erin's own admission that she was the Drunk and swapped her card with the center suggests she may have inadvertently picked up a Werewolf card, and the other players' consensus makes her the primary target for elimination.",363-367,NOT_A_CANDIDATE_FORM_OUTSIDE_INVENTORY,,,,,,,True,False,65,69,NON_CONNECTIVE_LIKELY
11339,1736,Gemma 4 31B,Ego4D / 2ba4023c-a8bf-43ad-ad5a-80ba222ce990 / Game8,run_2,2,Stochastic,with,Contingency,with,280,284,,0,,contiguous,2,"Additionally, Tyler and Clint coordinate their efforts to accuse Erin of being the Werewolf, with Tyler initiating these accusations immediately at the start of the discussion.",280-284,NOT_A_CANDIDATE_FORM_OUTSIDE_INVENTORY,,,,,,,True,False,93,97,UNCLEAR
11349,1737,Gemma 4 31B,Ego4D / 2ba4023c-a8bf-43ad-ad5a-80ba222ce990 / Game9,run_2,2,Stochastic,given,Contingency,Given,279,284,,0,,contiguous,3,"Given the collective suspicion and the nature of Tyler's claim, he is the most likely candidate for the Werewolf.",279-284,NOT_A_CANDIDATE_FORM_OUTSIDE_INVENTORY,,,,,,,True,False,0,5,CLAUSE_INITIAL_PLAUSIBLE
11356,1738,Gemma 4 31B,Ego4D / 324bccd2-adff-4e9a-8ff4-03491e144ac3 / Game1,run_2,2,Stochastic,with,Contingency,with,217,221,,0,,contiguous,2,"While Hunter's claim to be the Robber or Troublemaker conflicts with the specific claims made by Sean and Zack, the overall consensus of the group is that no werewolf is present.",217-221,NOT_A_CANDIDATE_FORM_OUTSIDE_INVENTORY,,,,,,,True,False,64,68,NON_CONNECTIVE_LIKELY
11370,1740,Gemma 4 31B,Ego4D / 324bccd2-adff-4e9a-8ff4-03491e144ac3 / Game3,run_2,2,Stochastic,with,Contingency,with,229,233,,0,,contiguous,2,These claims align with the night actions called by the announcer.,229-233,NOT_A_CANDIDATE_FORM_OUTSIDE_INVENTORY,,,,,,,True,False,19,23,NON_CONNECTIVE_LIKELY
11383,1741,Gemma 4 31B,Ego4D / 324bccd2-adff-4e9a-8ff4-03491e144ac3 / Game4,run_2,2,Stochastic,with,Contingency,with,423,427,,0,,contiguous,4,"While Jacob acts suspiciously and suggests voting for himself, this is consistent with the behavior of a Tanner or a confused Villager, and there is no concrete evidence to contradict the Seer's claim.",423-427,NOT_A_CANDIDATE_FORM_OUTSIDE_INVENTORY,,,,,,,True,False,82,86,NON_CONNECTIVE_LIKELY
11402,1744,Gemma 4 31B,Ego4D / 3ba069be-60fa-47fc-bd7b-f85bf649a5bd / Game2,run_2,2,Stochastic,with,Contingency,with,35,39,,0,,contiguous,1,The players' claims are consistent with a scenario where no Werewolf is present.,35-39,NOT_A_CANDIDATE_FORM_OUTSIDE_INVENTORY,,,,,,,True,False,35,39,NON_CONNECTIVE_LIKELY
11438,1748,Gemma 4 31B,Ego4D / 3ba069be-60fa-47fc-bd7b-f85bf649a5bd / Game6,run_2,2,Stochastic,with,Contingency,with,363,367,,0,,contiguous,2,"Furthermore, both Kaelan and Daniel claim to have ended up as the Tanner (Kaelan by robbing Kevin, and Daniel by swapping with the center), and since the Tanner actively seeks elimination, their claims to be the Tanner suggest they are trying to attract votes.",363-367,NOT_A_CANDIDATE_FORM_OUTSIDE_INVENTORY,,,,,,,True,False,122,126,NON_CONNECTIVE_LIKELY
11449,1749,Gemma 4 31B,Ego4D / 62c4bc58-3776-4791-ac30-4c9ca5619503 / Game10,run_2,2,Stochastic,with,Contingency,with,265,269,,0,,contiguous,2,"Kaelan and Jessica both claim to be Villagers, and while Daniel initially suggests Kaelan might be the Tanner or Werewolf, he quickly pivots to ask if they are 'all good with the center,' which Kevin confirms.",265-269,NOT_A_CANDIDATE_FORM_OUTSIDE_INVENTORY,,,,,,,True,False,170,174,NON_CONNECTIVE_LIKELY
11454,1750,Gemma 4 31B,Ego4D / 62c4bc58-3776-4791-ac30-4c9ca5619503 / Game11,run_2,2,Stochastic,with,Contingency,with,294,298,,0,,contiguous,3,Jessica's aggressive claim to be the Tanner and her request to be voted out are consistent with the Tanner role.,294-298,NOT_A_CANDIDATE_FORM_OUTSIDE_INVENTORY,,,,,,,True,False,91,95,NON_CONNECTIVE_LIKELY
11456,1750,Gemma 4 31B,Ego4D / 62c4bc58-3776-4791-ac30-4c9ca5619503 / Game11,run_2,2,Stochastic,with,Contingency,with,383,387,,0,,contiguous,4,Kevin's generic claim to be a Villager and his immediate agreement with Daniel's suggestion to vote 'center' (which would ensure the Werewolf survives) strongly suggest that Kevin is the Werewolf.,383-387,NOT_A_CANDIDATE_FORM_OUTSIDE_INVENTORY,,,,,,,True,False,67,71,NON_CONNECTIVE_LIKELY
11459,1751,Gemma 4 31B,Ego4D / 62c4bc58-3776-4791-ac30-4c9ca5619503 / Game12,run_2,2,Stochastic,given that,Contingency,Given that,207,217,,0,,contiguous,3,"Given that the other three players are asserting village roles, Jessica is the most likely candidate to be the Werewolf.",207-217,NOT_A_CANDIDATE_FORM_OUTSIDE_INVENTORY,,,,,,,True,False,0,10,CLAUSE_INITIAL_PLAUSIBLE
11462,1752,Gemma 4 31B,Ego4D / 62c4bc58-3776-4791-ac30-4c9ca5619503 / Game7,run_2,2,Stochastic,with,Contingency,with,119,123,,0,,contiguous,2,Kaelan claims to be the Drunk and says he swapped his card with the center.,119-123,NOT_A_CANDIDATE_FORM_OUTSIDE_INVENTORY,,,,,,,True,False,59,63,NON_CONNECTIVE_LIKELY
11467,1752,Gemma 4 31B,Ego4D / 62c4bc58-3776-4791-ac30-4c9ca5619503 / Game7,run_2,2,Stochastic,with,Contingency,with,401,405,,0,,contiguous,4,"Since Kaelan's claim to have swapped is inconsistent with Jessica's claim to have robbed him, Jessica is likely lying and is therefore the most probable Werewolf.",401-405,NOT_A_CANDIDATE_FORM_OUTSIDE_INVENTORY,,,,,,,True,False,53,57,NON_CONNECTIVE_LIKELY
11475,1754,Gemma 4 31B,Ego4D / 62c4bc58-3776-4791-ac30-4c9ca5619503 / Game9,run_2,2,Stochastic,with,Contingency,with,148,152,,0,,contiguous,2,"According to the game rules, the Robber swaps their card with another player's card and then looks at the new card; since there is only one Robber card in the game, it is logically impossible for the Robber to find the Robber card on another player.",148-152,NOT_A_CANDIDATE_FORM_OUTSIDE_INVENTORY,,,,,,,True,False,57,61,NON_CONNECTIVE_LIKELY
11484,1755,Gemma 4 31B,Ego4D / 64076f60-f3fc-4ee6-93e1-3489d8ec7b12 / Game3,run_2,2,Stochastic,with,Contingency,with,109,113,,0,,contiguous,2,"Hailey, acting as the Robber, swapped cards with Jack, which made Hailey the Werewolf.",109-113,NOT_A_CANDIDATE_FORM_OUTSIDE_INVENTORY,,,,,,,True,False,44,48,NON_CONNECTIVE_LIKELY
11491,1756,Gemma 4 31B,Ego4D / 698f6bbe-4347-4a06-bd5d-3482f5e4fbbe / Game1,run_2,2,Stochastic,with,Contingency,with,133,137,,0,,contiguous,1,"James initially claimed to be the Seer, then later claimed he was actually a Werewolf and that Elliot, the Robber, had swapped cards with him.",133-137,NOT_A_CANDIDATE_FORM_OUTSIDE_INVENTORY,,,,,,,True,False,133,137,NON_CONNECTIVE_LIKELY
11497,1756,Gemma 4 31B,Ego4D / 698f6bbe-4347-4a06-bd5d-3482f5e4fbbe / Game1,run_2,2,Stochastic,with,Contingency,with,367,371,,0,,contiguous,3,"While James's erratic behavior could suggest he is the Tanner or a lying Werewolf, the specific narrative of a Robber swapping with a Werewolf is a common game mechanic that identifies the final role holder.",367-371,NOT_A_CANDIDATE_FORM_OUTSIDE_INVENTORY,,,,,,,True,False,127,131,NON_CONNECTIVE_LIKELY
11502,1757,Gemma 4 31B,Ego4D / 698f6bbe-4347-4a06-bd5d-3482f5e4fbbe / Game2,run_2,2,Stochastic,with,Contingency,with,269,273,,0,,contiguous,2,"However, other players (Chris, James, Sian, and Ashley) have provided consistent claims (Seer, Robber, Hunter, and Troublemaker) that align with each other.",269-273,NOT_A_CANDIDATE_FORM_OUTSIDE_INVENTORY,,,,,,,True,False,140,144,NON_CONNECTIVE_LIKELY
11503,1757,Gemma 4 31B,Ego4D / 698f6bbe-4347-4a06-bd5d-3482f5e4fbbe / Game2,run_2,2,Stochastic,given that,Contingency,Given that,286,296,,0,,contiguous,3,"Given that Sukeshi is the only player acting suspiciously and drawing votes, she is the most likely candidate for the Werewolf role, or at least the most viable target for the Village to attempt a win.",286-296,NOT_A_CANDIDATE_FORM_OUTSIDE_INVENTORY,,,,,,,True,False,0,10,CLAUSE_INITIAL_PLAUSIBLE
11510,1758,Gemma 4 31B,Ego4D / 698f6bbe-4347-4a06-bd5d-3482f5e4fbbe / Game3,run_2,2,Stochastic,with,Contingency,with,143,147,,0,,contiguous,2,"Since James admits to being the Drunk (who swaps their card with one from the center), Sukeshi concludes that James is now a Werewolf.",143-147,NOT_A_CANDIDATE_FORM_OUTSIDE_INVENTORY,,,,,,,True,False,60,64,NON_CONNECTIVE_LIKELY
11544,1762,Gemma 4 31B,Youtube / Flashback##ONE#NIGHT#ULTIMATE#WEREWOLF##Retro#9 / Game4,run_2,2,Stochastic,with,Contingency,with,427,431,,0,,contiguous,4,"This sequence of events, consistent with the night action order, makes Laura the most likely final Werewolf.",427-431,NOT_A_CANDIDATE_FORM_OUTSIDE_INVENTORY,,,,,,,True,False,36,40,NON_CONNECTIVE_LIKELY
11555,1764,Gemma 4 31B,Youtube / One#Night#Ultimate#Love#Letter##ONE#NIGHT#ULTIMATE#WEREWOLF / Game2,run_2,2,Stochastic,eventually,Temporal,eventually,85,95,,0,,contiguous,1,"Tyler claimed to be the Seer and identified Mitchell as the Werewolf, which Mitchell eventually admitted ('I was the werewolf').",85-95,NOT_A_CANDIDATE_FORM_OUTSIDE_INVENTORY,,,,,,,True,False,85,95,NON_CONNECTIVE_LIKELY
11561,1764,Gemma 4 31B,Youtube / One#Night#Ultimate#Love#Letter##ONE#NIGHT#ULTIMATE#WEREWOLF / Game2,run_2,2,Stochastic,with,Contingency,with,412,416,,0,,contiguous,4,"This inconsistency, combined with Mitchell's claim of being robbed, strongly suggests that Justin is the current Werewolf.",412-416,NOT_A_CANDIDATE_FORM_OUTSIDE_INVENTORY,,,,,,,True,False,29,33,NON_CONNECTIVE_LIKELY
11563,1765,Gemma 4 31B,Youtube / One#Night#Ultimate#Love#Letter##ONE#NIGHT#ULTIMATE#WEREWOLF / Game3,run_2,2,Stochastic,with,Contingency,with,95,99,,0,,contiguous,1,"Justin explicitly claims to have copycatted into a Werewolf, and Tyler claims to have woken up with Justin as a Werewolf.",95-99,NOT_A_CANDIDATE_FORM_OUTSIDE_INVENTORY,,,,,,,True,False,95,99,NON_CONNECTIVE_LIKELY
11577,1766,Gemma 4 31B,Youtube / One#Night#Ultimate#Love#Letter##ONE#NIGHT#ULTIMATE#WEREWOLF / Game7,run_2,2,Stochastic,with,Contingency,with,410,414,,0,,contiguous,4,"Paul's insistence on voting for Justin, combined with Mitchell's passive behavior, suggests a coordinated effort by Team Werewolf to divert suspicion away from the current Werewolf, Mitchell.",410-414,NOT_A_CANDIDATE_FORM_OUTSIDE_INVENTORY,,,,,,,True,False,49,53,NON_CONNECTIVE_LIKELY
11579,1767,Gemma 4 31B,Youtube / ONE#NIGHT#ULTIMATE#WEREWOLF##Retro#1 / Game1,run_2,2,Stochastic,with,Contingency,with,80,84,,0,,contiguous,1,Mitchell claims to be the Troublemaker and states that he switched his own card with Alvin's.,80-84,NOT_A_CANDIDATE_FORM_OUTSIDE_INVENTORY,,,,,,,True,False,80,84,NON_CONNECTIVE_LIKELY
11604,1770,Gemma 4 31B,Youtube / ONE#NIGHT#ULTIMATE#WEREWOLF##Retro#1 / Game3,run_2,2,Stochastic,eventually,Temporal,eventually,281,291,,0,,contiguous,3,"Both James and Mitchell eventually decide to trust Alvin's claim, making Justin the most likely candidate for the Werewolf.",281-291,NOT_A_CANDIDATE_FORM_OUTSIDE_INVENTORY,,,,,,,True,False,24,34,NON_CONNECTIVE_LIKELY
11612,1771,Gemma 4 31B,Youtube / ONE#NIGHT#ULTIMATE#WEREWOLF##Retro#1 / Game4,run_2,2,Stochastic,with,Contingency,with,412,416,,0,,contiguous,3,"Since no role-swapping action (like the Robber or Troublemaker) could have changed a Villager into a Seer in this game's context (Justin, the Robber, swapped with Alvin), James is likely lying to deceive the group, which is typical behavior for a Werewolf.",412-416,NOT_A_CANDIDATE_FORM_OUTSIDE_INVENTORY,,,,,,,True,False,158,162,NON_CONNECTIVE_LIKELY
11620,1772,Gemma 4 31B,Youtube / ONE#NIGHT#ULTIMATE#WEREWOLF##Retro#1 / Game5,run_2,2,Stochastic,given,Contingency,Given,303,308,,0,,contiguous,3,"Given the group's consensus and Mitchell's erratic behavior, he is the most likely candidate to be the Werewolf.",303-308,NOT_A_CANDIDATE_FORM_OUTSIDE_INVENTORY,,,,,,,True,False,0,5,CLAUSE_INITIAL_PLAUSIBLE
11623,1773,Gemma 4 31B,Youtube / ONE#NIGHT#ULTIMATE#WEREWOLF##Retro#1 / Game6,run_2,2,Stochastic,with,Contingency,with,126,130,,0,,contiguous,2,"Justin claims to be the Robber who swapped with Alvin, which would mean Justin now holds the Seer card and can verify Alvin's starting role.",126-130,NOT_A_CANDIDATE_FORM_OUTSIDE_INVENTORY,,,,,,,True,False,43,47,NON_CONNECTIVE_LIKELY
11626,1773,Gemma 4 31B,Youtube / ONE#NIGHT#ULTIMATE#WEREWOLF##Retro#1 / Game6,run_2,2,Stochastic,without,Contingency,without,336,343,,0,,contiguous,3,"This creates a consistent chain of verification (Justin -> Alvin -> James), leaving Mitchell as the only player without a verified role or power.",336-343,NOT_A_CANDIDATE_FORM_OUTSIDE_INVENTORY,,,,,,,True,False,112,119,NON_CONNECTIVE_LIKELY
11633,1774,Gemma 4 31B,Youtube / ONE#NIGHT#ULTIMATE#WEREWOLF##Retro#1 / Game7,run_2,2,Stochastic,given,Contingency,Given,302,307,,0,,contiguous,3,"Given this direct confession and supporting evidence, James is the most likely werewolf.",302-307,NOT_A_CANDIDATE_FORM_OUTSIDE_INVENTORY,,,,,,,True,False,0,5,CLAUSE_INITIAL_PLAUSIBLE
11651,1777,Gemma 4 31B,Youtube / ONE#NIGHT#ULTIMATE#WEREWOLF##Retro#2 / Game1,run_2,2,Stochastic,with,Contingency,with,313,317,,0,,contiguous,4,"If Justin was the starting Werewolf and was swapped with Caitlynn, then Caitlynn is the current Werewolf.",313-317,NOT_A_CANDIDATE_FORM_OUTSIDE_INVENTORY,,,,,,,True,False,52,56,NON_CONNECTIVE_LIKELY
11655,1778,Gemma 4 31B,Youtube / ONE#NIGHT#ULTIMATE#WEREWOLF##Retro#2 / Game2,run_2,2,Stochastic,with,Contingency,with,119,123,,0,,contiguous,2,Caitlynn claims to be the Robber and swapped cards with Mitchell.,119-123,NOT_A_CANDIDATE_FORM_OUTSIDE_INVENTORY,,,,,,,True,False,51,55,NON_CONNECTIVE_LIKELY
11657,1778,Gemma 4 31B,Youtube / ONE#NIGHT#ULTIMATE#WEREWOLF##Retro#2 / Game2,run_2,2,Stochastic,with,Contingency,with,252,256,,0,,contiguous,4,"Mike is the only player who has not claimed a role or provided an alibi to align himself with Team Village, making him the most likely candidate for the Werewolf.",252-256,NOT_A_CANDIDATE_FORM_OUTSIDE_INVENTORY,,,,,,,True,False,89,93,NON_CONNECTIVE_LIKELY
11660,1779,Gemma 4 31B,Youtube / ONE#NIGHT#ULTIMATE#WEREWOLF##Retro#2 / Game3,run_2,2,Stochastic,with,Contingency,with,124,128,,0,,contiguous,2,"While this behavior is sometimes associated with the Tanner, it is the most direct evidence of a werewolf's identity provided in the transcript.",124-128,NOT_A_CANDIDATE_FORM_OUTSIDE_INVENTORY,,,,,,,True,False,44,48,NON_CONNECTIVE_LIKELY
11680,1781,Gemma 4 31B,Youtube / ONE#NIGHT#ULTIMATE#WEREWOLF##Retro#2 / Game5,run_2,2,Stochastic,given,Contingency,Given,279,284,,0,,contiguous,3,"Given the strong accusations from two players, Justin is the most likely candidate for the Werewolf.",279-284,NOT_A_CANDIDATE_FORM_OUTSIDE_INVENTORY,,,,,,,True,False,0,5,CLAUSE_INITIAL_PLAUSIBLE
11695,1783,Gemma 4 31B,Youtube / ONE#NIGHT#ULTIMATE#WEREWOLF##Retro#2 / Game7,run_2,2,Stochastic,with,Contingency,with,191,195,,0,,contiguous,2,"He first claims to be the Seer who looked at two cards in the center [25], then later claims to be the Robber who switched cards with Dan [111], and then claims to be the Seer again [109].",191-195,NOT_A_CANDIDATE_FORM_OUTSIDE_INVENTORY,,,,,,,True,False,129,133,NON_CONNECTIVE_LIKELY
11701,1783,Gemma 4 31B,Youtube / ONE#NIGHT#ULTIMATE#WEREWOLF##Retro#2 / Game7,run_2,2,Stochastic,given,Contingency,Given,403,408,,0,,contiguous,4,"Given the level of deception, he is the most suspicious player.",403-408,NOT_A_CANDIDATE_FORM_OUTSIDE_INVENTORY,,,,,,,True,False,0,5,CLAUSE_INITIAL_PLAUSIBLE
11706,1784,Gemma 4 31B,Youtube / ONE#NIGHT#ULTIMATE#WEREWOLF##Retro#2 / Game8,run_2,2,Stochastic,with,Contingency,with,234,238,,0,,contiguous,3,"Other players' claims are consistent with this: Justin is likely the Tanner (given his erratic claims and desire to be voted out), Mitchell claims to be the Robber, and Mike claims to be a Villager.",234-238,NOT_A_CANDIDATE_FORM_OUTSIDE_INVENTORY,,,,,,,True,False,37,41,NON_CONNECTIVE_LIKELY
11707,1784,Gemma 4 31B,Youtube / ONE#NIGHT#ULTIMATE#WEREWOLF##Retro#2 / Game8,run_2,2,Stochastic,given,Contingency,given,274,279,,0,,contiguous,3,"Other players' claims are consistent with this: Justin is likely the Tanner (given his erratic claims and desire to be voted out), Mitchell claims to be the Robber, and Mike claims to be a Villager.",274-279,NOT_A_CANDIDATE_FORM_OUTSIDE_INVENTORY,,,,,,,True,False,77,82,NON_CONNECTIVE_LIKELY
11724,1786,Gemma 4 31B,Youtube / ONE#NIGHT#ULTIMATE#WEREWOLF##Retro#3 / Game3,run_2,2,Stochastic,with,Contingency,with,282,286,,0,,contiguous,3,Mike supports Mitchell's claim by stating he was the Robber and switched cards with him.,282-286,NOT_A_CANDIDATE_FORM_OUTSIDE_INVENTORY,,,,,,,True,False,79,83,NON_CONNECTIVE_LIKELY
11733,1787,Gemma 4 31B,Youtube / ONE#NIGHT#ULTIMATE#WEREWOLF##Retro#3 / Game4,run_2,2,Stochastic,eventually,Temporal,eventually,329,339,,0,,contiguous,4,"James initially suspects Mitchell but is eventually swayed by Mitchell's manipulation, while Mike's claims, though vague, are more consistent with a Robber who stole a Villager card.",329-339,NOT_A_CANDIDATE_FORM_OUTSIDE_INVENTORY,,,,,,,True,False,41,51,NON_CONNECTIVE_LIKELY
11736,1787,Gemma 4 31B,Youtube / ONE#NIGHT#ULTIMATE#WEREWOLF##Retro#3 / Game4,run_2,2,Stochastic,with,Contingency,with,430,434,,0,,contiguous,4,"James initially suspects Mitchell but is eventually swayed by Mitchell's manipulation, while Mike's claims, though vague, are more consistent with a Robber who stole a Villager card.",430-434,NOT_A_CANDIDATE_FORM_OUTSIDE_INVENTORY,,,,,,,True,False,142,146,NON_CONNECTIVE_LIKELY
11741,1788,Gemma 4 31B,Youtube / ONE#NIGHT#ULTIMATE#WEREWOLF##Retro#3 / Game5,run_2,2,Stochastic,eventually,Temporal,eventually,203,213,,0,,contiguous,3,"James eventually admits, 'I am the werewolf,' which supports the theory that he ended the night with the Werewolf card.",203-213,NOT_A_CANDIDATE_FORM_OUTSIDE_INVENTORY,,,,,,,True,False,6,16,NON_CONNECTIVE_LIKELY
11742,1788,Gemma 4 31B,Youtube / ONE#NIGHT#ULTIMATE#WEREWOLF##Retro#3 / Game5,run_2,2,Stochastic,with,Contingency,with,293,297,,0,,contiguous,3,"James eventually admits, 'I am the werewolf,' which supports the theory that he ended the night with the Werewolf card.",293-297,NOT_A_CANDIDATE_FORM_OUTSIDE_INVENTORY,,,,,,,True,False,96,100,NON_CONNECTIVE_LIKELY
11761,1790,Gemma 4 31B,Youtube / ONE#NIGHT#ULTIMATE#WEREWOLF##Retro#3 / Game7,run_2,2,Stochastic,with,Contingency,with,235,239,,0,,contiguous,3,"If James started as the Tanner and was switched with the Seer, he is now the Seer and would logically want to identify the Werewolf.",235-239,NOT_A_CANDIDATE_FORM_OUTSIDE_INVENTORY,,,,,,,True,False,48,52,NON_CONNECTIVE_LIKELY
11763,1790,Gemma 4 31B,Youtube / ONE#NIGHT#ULTIMATE#WEREWOLF##Retro#3 / Game7,run_2,2,Stochastic,despite,Comparison,despite,365,372,,0,,contiguous,4,"Mitchell's insistence that he is the Tanner, despite James's claim and the support of Mike and Justin for James's logic, suggests Mitchell is the Werewolf bluffing as the Tanner.",365-372,NOT_A_CANDIDATE_FORM_OUTSIDE_INVENTORY,,,,,,,True,False,45,52,CLAUSE_INITIAL_PLAUSIBLE
11774,1791,Gemma 4 31B,Youtube / ONE#NIGHT#ULTIMATE#WEREWOLF##Retro#3 / Game8,run_2,2,Stochastic,with,Contingency,with,359,363,,0,,contiguous,3,"Mike's behavior, including suggesting he be voted for, is consistent with the Tanner role.",359-363,NOT_A_CANDIDATE_FORM_OUTSIDE_INVENTORY,,,,,,,True,False,69,73,NON_CONNECTIVE_LIKELY
11779,1792,Gemma 4 31B,Youtube / ONE#NIGHT#ULTIMATE#WEREWOLF##Retro#4 / Game10,run_2,2,Stochastic,with,Contingency,with,192,196,,0,,contiguous,1,"The players have established a consistent narrative where Mike was the Seer, Caitlynn was the Troublemaker, James was the Robber, and Justin's behavior (not looking at his card) is consistent with the Drunk.",192-196,NOT_A_CANDIDATE_FORM_OUTSIDE_INVENTORY,,,,,,,True,False,192,196,NON_CONNECTIVE_LIKELY
11784,1792,Gemma 4 31B,Youtube / ONE#NIGHT#ULTIMATE#WEREWOLF##Retro#4 / Game10,run_2,2,Stochastic,eventually,Temporal,eventually,356,366,,0,,contiguous,3,Mitchell does not claim any role and eventually accepts the group's consensus to be voted out.,356-366,NOT_A_CANDIDATE_FORM_OUTSIDE_INVENTORY,,,,,,,True,False,37,47,CLAUSE_INITIAL_PLAUSIBLE
11810,1795,Gemma 4 31B,Youtube / ONE#NIGHT#ULTIMATE#WEREWOLF##Retro#4 / Game4,run_2,2,Stochastic,with,Contingency,with,192,196,,0,,contiguous,3,Mitchell admitted to being the Drunk and swapping his card with one from the center.,192-196,NOT_A_CANDIDATE_FORM_OUTSIDE_INVENTORY,,,,,,,True,False,59,63,NON_CONNECTIVE_LIKELY
11816,1796,Gemma 4 31B,Youtube / ONE#NIGHT#ULTIMATE#WEREWOLF##Retro#4 / Game5,run_2,2,Stochastic,with,Contingency,with,175,179,,0,,contiguous,3,"Since the Robber swaps cards with the target, James took the Werewolf card from Justin, making James the Werewolf at the end of the night.",175-179,NOT_A_CANDIDATE_FORM_OUTSIDE_INVENTORY,,,,,,,True,False,29,33,NON_CONNECTIVE_LIKELY
11837,1799,Gemma 4 31B,Youtube / ONE#NIGHT#ULTIMATE#WEREWOLF##Retro#4 / Game9,run_2,2,Stochastic,eventually,Temporal,eventually,384,394,,0,,contiguous,4,Both Mike (claiming Seer) and James eventually identify Justin as the Werewolf.,384-394,NOT_A_CANDIDATE_FORM_OUTSIDE_INVENTORY,,,,,,,True,False,36,46,NON_CONNECTIVE_LIKELY
11847,1801,Gemma 4 31B,Youtube / ONE#NIGHT#ULTIMATE#WEREWOLF##Retro#5 / Game2,run_2,2,Stochastic,eventually,Temporal,eventually,174,184,,0,,contiguous,2,"Both Mitchell and Justin eventually suggest that Justin is the current Werewolf, with Mitchell specifically claiming that Justin took the Werewolf role from him via the Robber's ability.",174-184,NOT_A_CANDIDATE_FORM_OUTSIDE_INVENTORY,,,,,,,True,False,25,35,NON_CONNECTIVE_LIKELY
11848,1801,Gemma 4 31B,Youtube / ONE#NIGHT#ULTIMATE#WEREWOLF##Retro#5 / Game2,run_2,2,Stochastic,with,Contingency,with,230,234,,0,,contiguous,2,"Both Mitchell and Justin eventually suggest that Justin is the current Werewolf, with Mitchell specifically claiming that Justin took the Werewolf role from him via the Robber's ability.",230-234,NOT_A_CANDIDATE_FORM_OUTSIDE_INVENTORY,,,,,,,True,False,81,85,UNCLEAR
11874,1804,Gemma 4 31B,Youtube / ONE#NIGHT#ULTIMATE#WEREWOLF##Retro#5 / Game5,run_2,2,Stochastic,given,Contingency,Given,301,306,,0,,contiguous,4,"Given Justin's own admission and Paul's claim, Justin is the most likely Werewolf.",301-306,NOT_A_CANDIDATE_FORM_OUTSIDE_INVENTORY,,,,,,,True,False,0,5,CLAUSE_INITIAL_PLAUSIBLE
11893,1806,Gemma 4 31B,Youtube / ONE#NIGHT#ULTIMATE#WEREWOLF##Retro#5 / Game7,run_2,2,Stochastic,given,Contingency,Given,441,446,,0,,contiguous,4,"Given these inconsistencies, Justin is the most suspicious player.",441-446,NOT_A_CANDIDATE_FORM_OUTSIDE_INVENTORY,,,,,,,True,False,0,5,CLAUSE_INITIAL_PLAUSIBLE
11896,1807,Gemma 4 31B,Youtube / ONE#NIGHT#ULTIMATE#WEREWOLF##Retro#5 / Game8,run_2,2,Stochastic,with,Contingency,with,239,243,,0,,contiguous,2,These claims are mutually consistent: Mitchell's claim that he stole the Insomniac card from Paul aligns with Paul's starting role.,239-243,NOT_A_CANDIDATE_FORM_OUTSIDE_INVENTORY,,,,,,,True,False,105,109,NON_CONNECTIVE_LIKELY
11901,1808,Gemma 4 31B,Youtube / ONE#NIGHT#ULTIMATE#WEREWOLF#-#Drinking#Play#Through / Game1,run_2,2,Stochastic,with,Contingency,with,97,101,,0,,contiguous,1,"Jordan2 makes two contradictory claims about being the Robber: first, he claims he swapped cards with Haak (Line 53), and later, he claims he looked at Meryl's card and saw she was the Seer (Line 147).",97-101,NOT_A_CANDIDATE_FORM_OUTSIDE_INVENTORY,,,,,,,True,False,97,101,NON_CONNECTIVE_LIKELY
11905,1808,Gemma 4 31B,Youtube / ONE#NIGHT#ULTIMATE#WEREWOLF#-#Drinking#Play#Through / Game1,run_2,2,Stochastic,with,Contingency,with,254,258,,0,,contiguous,2,"According to the rules, the Robber swaps their card with one other player and looks at that new card; they cannot swap with one person and look at another's card.",254-258,NOT_A_CANDIDATE_FORM_OUTSIDE_INVENTORY,,,,,,,True,False,52,56,NON_CONNECTIVE_LIKELY
11907,1808,Gemma 4 31B,Youtube / ONE#NIGHT#ULTIMATE#WEREWOLF#-#Drinking#Play#Through / Game1,run_2,2,Stochastic,with,Contingency,with,321,325,,0,,contiguous,2,"According to the rules, the Robber swaps their card with one other player and looks at that new card; they cannot swap with one person and look at another's card.",321-325,NOT_A_CANDIDATE_FORM_OUTSIDE_INVENTORY,,,,,,,True,False,52,56,NON_CONNECTIVE_LIKELY
11909,1808,Gemma 4 31B,Youtube / ONE#NIGHT#ULTIMATE#WEREWOLF#-#Drinking#Play#Through / Game1,run_2,2,Stochastic,with,Contingency,with,420,424,,0,,contiguous,3,"This blatant contradiction of game mechanics, combined with his attempts to steer the vote toward Sarah and Jordan1, strongly suggests he is a Werewolf lying to create confusion and protect teammates.",420-424,NOT_A_CANDIDATE_FORM_OUTSIDE_INVENTORY,,,,,,,True,False,55,59,NON_CONNECTIVE_LIKELY
11917,1809,Gemma 4 31B,Youtube / ONE#NIGHT#ULTIMATE#WEREWOLF#-#Drinking#Play#Through / Game2,run_2,2,Stochastic,given,Contingency,Given,331,336,,0,,contiguous,3,"Given the contradictions and the coordinated push against Haak, Meryl is a highly probable Werewolf.",331-336,NOT_A_CANDIDATE_FORM_OUTSIDE_INVENTORY,,,,,,,True,False,0,5,CLAUSE_INITIAL_PLAUSIBLE
11921,1810,Gemma 4 31B,Youtube / ONE#NIGHT#ULTIMATE#WEREWOLF#1##July#5th#2016 / Game2,run_2,2,Stochastic,with,Contingency,with,121,125,,0,,contiguous,2,"Justin claims he was the Drunk and swapped his card with the center, becoming the Revealer.",121-125,NOT_A_CANDIDATE_FORM_OUTSIDE_INVENTORY,,,,,,,True,False,52,56,NON_CONNECTIVE_LIKELY
11954,1813,Gemma 4 31B,Youtube / ONE#NIGHT#ULTIMATE#WEREWOLF#13##July#29th#2017 / Game1,run_2,2,Stochastic,with,Contingency,with,372,376,,0,,contiguous,4,"If she is the Werewolf, or if she was swapped with a Werewolf by the Troublemaker (Mitchell), voting her out will result in a win for Team Village.",372-376,NOT_A_CANDIDATE_FORM_OUTSIDE_INVENTORY,,,,,,,True,False,46,50,NON_CONNECTIVE_LIKELY
11972,1815,Gemma 4 31B,Youtube / ONE#NIGHT#ULTIMATE#WEREWOLF#13##July#29th#2017 / Game3,run_2,2,Stochastic,particularly,Expansion,particularly,409,421,,0,,contiguous,4,"If their claims are true, particularly Julie's observation that Justin was the Drunk, then Justin cannot be the Werewolf, and it is likely that all Werewolf cards are in the center.",409-421,NOT_A_CANDIDATE_FORM_OUTSIDE_INVENTORY,,,,,,,True,False,26,38,NON_CONNECTIVE_LIKELY
11983,1816,Gemma 4 31B,Youtube / ONE#NIGHT#ULTIMATE#WEREWOLF#14##August#26th#2017 / Game1,run_2,2,Stochastic,given,Contingency,Given,449,454,,0,,contiguous,4,"Given Justin's direct admission of the role, he is the most likely candidate for elimination to ensure a Team Village win.",449-454,NOT_A_CANDIDATE_FORM_OUTSIDE_INVENTORY,,,,,,,True,False,0,5,CLAUSE_INITIAL_PLAUSIBLE
12012,1820,Gemma 4 31B,Youtube / ONE#NIGHT#ULTIMATE#WEREWOLF#26##January#20th#2018 / Game2,run_2,2,Stochastic,given,Contingency,Given,504,509,,0,,contiguous,4,"Given the inconsistencies and manipulative behavior, Mike is the most likely Werewolf.",504-509,NOT_A_CANDIDATE_FORM_OUTSIDE_INVENTORY,,,,,,,True,False,0,5,CLAUSE_INITIAL_PLAUSIBLE
12014,1821,Gemma 4 31B,Youtube / ONE#NIGHT#ULTIMATE#WEREWOLF#26##January#20th#2018 / Game3,run_2,2,Stochastic,with,Contingency,with,89,93,,0,,contiguous,2,"Meghan (Drunk) swapped her card with the center, and Mitchell stated that she took the werewolf card.",89-93,NOT_A_CANDIDATE_FORM_OUTSIDE_INVENTORY,,,,,,,True,False,32,36,NON_CONNECTIVE_LIKELY
12020,1821,Gemma 4 31B,Youtube / ONE#NIGHT#ULTIMATE#WEREWOLF#26##January#20th#2018 / Game3,run_2,2,Stochastic,with,Contingency,with,359,363,,0,,contiguous,3,"Although Mike (Robber) stole from Meghan and Paul (Troublemaker) swapped Justin and Mitchell, these actions do not change the fact that the player who started as the Drunk (Meghan) performed the swap with the center at the end of the night.",359-363,NOT_A_CANDIDATE_FORM_OUTSIDE_INVENTORY,,,,,,,True,False,200,204,NON_CONNECTIVE_LIKELY
12025,1822,Gemma 4 31B,Youtube / ONE#NIGHT#ULTIMATE#WEREWOLF#28##February#17th#2018 / Game1,run_2,2,Stochastic,given that,Contingency,Given that,219,229,,0,,contiguous,4,"Given that both Paul and Alysha agree the Minion is in the center, the most likely scenario is that Alysha is lying about the Robber's location to hide her identity as the Werewolf.",219-229,NOT_A_CANDIDATE_FORM_OUTSIDE_INVENTORY,,,,,,,True,False,0,10,CLAUSE_INITIAL_PLAUSIBLE
12046,1825,Gemma 4 31B,Youtube / One#Night#Ultimate#Werewolf#3#Insomniac / Game1,run_2,2,Stochastic,with,Contingency,with,230,234,,0,,contiguous,2,These five roles are all aligned with Team Village.,230-234,NOT_A_CANDIDATE_FORM_OUTSIDE_INVENTORY,,,,,,,True,False,33,37,NON_CONNECTIVE_LIKELY
12062,1827,Gemma 4 31B,Youtube / ONE#NIGHT#ULTIMATE#WEREWOLF#30##February#17th#2018 / Game4,run_2,2,Stochastic,with,Contingency,with,278,282,,0,,contiguous,2,"Furthermore, the action he describes (swapping himself) is not possible for a Troublemaker, and his coordination with Mike to divert the vote toward Alysha suggests a strategy to protect their team.",278-282,NOT_A_CANDIDATE_FORM_OUTSIDE_INVENTORY,,,,,,,True,False,113,117,NON_CONNECTIVE_LIKELY
12072,1828,Gemma 4 31B,Youtube / ONE#NIGHT#ULTIMATE#WEREWOLF#34##March#24th#2018 / Game2,run_2,2,Stochastic,with,Contingency,with,412,416,,0,,contiguous,4,"Since Carly swapped the suspected Werewolf (Paul) with Mitchell, Mitchell is now the most likely Werewolf.",412-416,NOT_A_CANDIDATE_FORM_OUTSIDE_INVENTORY,,,,,,,True,False,50,54,NON_CONNECTIVE_LIKELY
12095,1832,Gemma 4 31B,Youtube / One#Night#Ultimate#Werewolf#363#Even#More#Classic#Werewolf / Game1,run_2,2,Stochastic,with,Contingency,with,216,220,,0,,contiguous,2,"According to the rules, the Drunk swaps their card with one from the center without looking at it, meaning they cannot have knowledge of the center cards.",216-220,NOT_A_CANDIDATE_FORM_OUTSIDE_INVENTORY,,,,,,,True,False,51,55,NON_CONNECTIVE_LIKELY
12096,1832,Gemma 4 31B,Youtube / One#Night#Ultimate#Werewolf#363#Even#More#Classic#Werewolf / Game1,run_2,2,Stochastic,without,Contingency,without,241,248,,0,,contiguous,2,"According to the rules, the Drunk swaps their card with one from the center without looking at it, meaning they cannot have knowledge of the center cards.",241-248,NOT_A_CANDIDATE_FORM_OUTSIDE_INVENTORY,,,,,,,True,False,76,83,NON_CONNECTIVE_LIKELY
12122,1836,Gemma 4 31B,Youtube / One#Night#Ultimate#Werewolf#381#The#Hunt#Is#On / Game1,run_2,2,Stochastic,with,Contingency,with,236,240,,0,,contiguous,2,"This claim is supported by the consistent narrative provided by Ed (Troublemaker) and Katie (Robber), who describe a sequence of swaps and robberies that align with their roles.",236-240,NOT_A_CANDIDATE_FORM_OUTSIDE_INVENTORY,,,,,,,True,False,160,164,NON_CONNECTIVE_LIKELY
12134,1837,Gemma 4 31B,Youtube / One#Night#Ultimate#Werewolf#382#Game#100!! / Game1,run_2,2,Stochastic,with,Contingency,with,340,344,,0,,contiguous,4,"Dustin's claim that he was the Insomniac and somehow ended up with the Doppelganger card is logically inconsistent with the Troublemaker's action, suggesting he is lying to hide his current status as the Werewolf.",340-344,NOT_A_CANDIDATE_FORM_OUTSIDE_INVENTORY,,,,,,,True,False,62,66,NON_CONNECTIVE_LIKELY
12135,1837,Gemma 4 31B,Youtube / One#Night#Ultimate#Werewolf#382#Game#100!! / Game1,run_2,2,Stochastic,with,Contingency,with,393,397,,0,,contiguous,4,"Dustin's claim that he was the Insomniac and somehow ended up with the Doppelganger card is logically inconsistent with the Troublemaker's action, suggesting he is lying to hide his current status as the Werewolf.",393-397,NOT_A_CANDIDATE_FORM_OUTSIDE_INVENTORY,,,,,,,True,False,62,66,NON_CONNECTIVE_LIKELY
12141,1838,Gemma 4 31B,Youtube / ONE#NIGHT#ULTIMATE#WEREWOLF#39##April#21st#2018 / Game3,run_2,2,Stochastic,given,Contingency,Given,270,275,,0,,contiguous,3,"Given the conflict between the two Seer claims and Justin's deceptive behavior, he is the most likely candidate for the Werewolf.",270-275,NOT_A_CANDIDATE_FORM_OUTSIDE_INVENTORY,,,,,,,True,False,0,5,CLAUSE_INITIAL_PLAUSIBLE
12146,1839,Gemma 4 31B,Youtube / ONE#NIGHT#ULTIMATE#WEREWOLF#4##July#14th#2016 / Game1,run_2,2,Stochastic,with,Contingency,with,167,171,,0,,contiguous,2,"Mitchell consistently claims to be the Drunk, and the Drunk's ability is to swap their card with one from the center.",167-171,NOT_A_CANDIDATE_FORM_OUTSIDE_INVENTORY,,,,,,,True,False,92,96,NON_CONNECTIVE_LIKELY
12165,1841,Gemma 4 31B,Youtube / ONE#NIGHT#ULTIMATE#WEREWOLF#4##July#14th#2016 / Game3,run_2,2,Stochastic,with,Contingency,with,378,382,,0,,contiguous,5,"Paul's behavior (being 'cool' with being voted out) is also consistent with the Tanner role, further suggesting that no player is a Werewolf.",378-382,NOT_A_CANDIDATE_FORM_OUTSIDE_INVENTORY,,,,,,,True,False,30,34,NON_CONNECTIVE_LIKELY
12167,1841,Gemma 4 31B,Youtube / ONE#NIGHT#ULTIMATE#WEREWOLF#4##July#14th#2016 / Game3,run_2,2,Stochastic,with,Contingency,with,419,423,,0,,contiguous,5,"Paul's behavior (being 'cool' with being voted out) is also consistent with the Tanner role, further suggesting that no player is a Werewolf.",419-423,NOT_A_CANDIDATE_FORM_OUTSIDE_INVENTORY,,,,,,,True,False,30,34,NON_CONNECTIVE_LIKELY
12177,1843,Gemma 4 31B,Youtube / ONE#NIGHT#ULTIMATE#WEREWOLF#43##October#13th#2018 / Game3,run_2,2,Stochastic,with,Contingency,with,299,303,,0,,contiguous,3,"Paul claims to be the Tanner, and Mike and Mitchell claim roles aligned with the Village (Robber and Troublemaker, respectively), making Justin the most likely Werewolf.",299-303,NOT_A_CANDIDATE_FORM_OUTSIDE_INVENTORY,,,,,,,True,False,72,76,NON_CONNECTIVE_LIKELY
12187,1845,Gemma 4 31B,Youtube / ONE#NIGHT#ULTIMATE#WEREWOLF#44##October#13th#2018 / Game1,run_2,2,Stochastic,with,Contingency,with,121,125,,0,,contiguous,2,"According to the game rules, the Robber swaps their card with another player's card, meaning if Justin had robbed Paul, he would no longer be the Robber.",121-125,NOT_A_CANDIDATE_FORM_OUTSIDE_INVENTORY,,,,,,,True,False,57,61,NON_CONNECTIVE_LIKELY
12207,1847,Gemma 4 31B,Youtube / ONE#NIGHT#ULTIMATE#WEREWOLF#44##October#13th#2018 / Game3,run_2,2,Stochastic,given,Contingency,Given,286,291,,0,,contiguous,4,"Given Justin's specific claim about the center cards and Paul's admission of being the Tanner, it is highly probable that no Werewolf is among the players.",286-291,NOT_A_CANDIDATE_FORM_OUTSIDE_INVENTORY,,,,,,,True,False,0,5,CLAUSE_INITIAL_PLAUSIBLE
12214,1848,Gemma 4 31B,Youtube / ONE#NIGHT#ULTIMATE#WEREWOLF#44##October#13th#2018 / Game4,run_2,2,Stochastic,with,Contingency,with,278,282,,0,,contiguous,2,"Justin and Mitchell quickly identify Paul's behavior as suspicious, with Justin explicitly suggesting they kill Paul.",278-282,NOT_A_CANDIDATE_FORM_OUTSIDE_INVENTORY,,,,,,,True,False,68,72,UNCLEAR
12215,1848,Gemma 4 31B,Youtube / ONE#NIGHT#ULTIMATE#WEREWOLF#44##October#13th#2018 / Game4,run_2,2,Stochastic,given,Contingency,Given,328,333,,0,,contiguous,3,"Given the lack of credible claims from Paul and the consensus forming against him, he is the most likely candidate for the Werewolf.",328-333,NOT_A_CANDIDATE_FORM_OUTSIDE_INVENTORY,,,,,,,True,False,0,5,CLAUSE_INITIAL_PLAUSIBLE
12257,1853,Gemma 4 31B,Youtube / One#Night#Ultimate#Werewolf#492#More#Classic#Werewolf / Game1,run_2,2,Stochastic,with,Contingency,with,251,255,,0,,contiguous,3,"Katie claimed to be the Drunk and swapped her card with one from the center; since Dustin identified Werewolves in the center, Katie likely swapped into a Werewolf role.",251-255,NOT_A_CANDIDATE_FORM_OUTSIDE_INVENTORY,,,,,,,True,False,51,55,NON_CONNECTIVE_LIKELY
12262,1854,Gemma 4 31B,Youtube / One#Night#Ultimate#Werewolf#493#Even#More#Classic#Werewolf / Game1,run_2,2,Stochastic,eventually,Temporal,eventually,75,85,,0,,contiguous,1,"Brett claimed to be the Seer and identified Pete as the Robber, which Pete eventually confirmed.",75-85,NOT_A_CANDIDATE_FORM_OUTSIDE_INVENTORY,,,,,,,True,False,75,85,NON_CONNECTIVE_LIKELY
12274,1855,Gemma 4 31B,Youtube / ONE#NIGHT#ULTIMATE#WEREWOLF#5##October#29th#2016 / Game1,run_2,2,Stochastic,with,Contingency,with,206,210,,0,,contiguous,3,"If Chris was the Werewolf and was switched with Mike, Mike is now the Werewolf.",206-210,NOT_A_CANDIDATE_FORM_OUTSIDE_INVENTORY,,,,,,,True,False,43,47,NON_CONNECTIVE_LIKELY
12282,1856,Gemma 4 31B,Youtube / One#Night#Ultimate#Werewolf#531#Classic#ONUW / Game1,run_2,2,Stochastic,with,Contingency,with,142,146,,0,,contiguous,2,"DeAndre claimed to be the Troublemaker and stated that he swapped Brett's card with Katie's, explicitly saying, 'I gave Katie a werewolf.'",142-146,NOT_A_CANDIDATE_FORM_OUTSIDE_INVENTORY,,,,,,,True,False,79,83,NON_CONNECTIVE_LIKELY
12295,1857,Gemma 4 31B,Youtube / One#Night#Ultimate#Werewolf#532#More#Classic#ONUW / Game1,run_2,2,Stochastic,given that,Contingency,Given that,397,407,,0,,contiguous,4,"Given that the other players (Brett and Ryan) converged on DeAndre based on his initial admission and subsequent inconsistent claims, he is the most likely candidate for the Werewolf or Minion.",397-407,NOT_A_CANDIDATE_FORM_OUTSIDE_INVENTORY,,,,,,,True,False,0,10,CLAUSE_INITIAL_PLAUSIBLE
12305,1858,Gemma 4 31B,Youtube / One#Night#Ultimate#Werewolf#533#Even#More#Classic#ONUW / Game1,run_2,2,Stochastic,with,Contingency,with,234,238,,0,,contiguous,4,"DeAndre claimed to be the Drunk, and since the Drunk swaps their card with one from the center, he is the only player who could have ended the night as a Werewolf if a Werewolf card was in the center.",234-238,NOT_A_CANDIDATE_FORM_OUTSIDE_INVENTORY,,,,,,,True,False,70,74,NON_CONNECTIVE_LIKELY
12335,1862,Gemma 4 31B,Youtube / ONE#NIGHT#ULTIMATE#WEREWOLF#62##March#23rd#2019 / Game1,run_2,2,Stochastic,with,Contingency,with,256,260,,0,,contiguous,3,"If James was the Seer and Paul was the Werewolf, the swap would make James the Werewolf and Paul the Seer, which aligns with both of their claims (James was the Seer, Paul is now the Seer).",256-260,NOT_A_CANDIDATE_FORM_OUTSIDE_INVENTORY,,,,,,,True,False,120,124,NON_CONNECTIVE_LIKELY
12350,1864,Gemma 4 31B,Youtube / ONE#NIGHT#ULTIMATE#WEREWOLF#63##March#23rd#2019 / Game1,run_2,2,Stochastic,given that,Contingency,Given that,284,294,,0,,contiguous,3,"Given that Mitchell claims to be the Robber who robbed James (the Seer) and Paul claims to be the Troublemaker, Justin is the most likely candidate to be the Werewolf.",284-294,NOT_A_CANDIDATE_FORM_OUTSIDE_INVENTORY,,,,,,,True,False,0,10,CLAUSE_INITIAL_PLAUSIBLE
12364,1867,Gemma 4 31B,Youtube / ONE#NIGHT#ULTIMATE#WEREWOLF#64##March#23rd#2019 / Game5,run_2,2,Stochastic,with,Contingency,with,200,204,,0,,contiguous,3,"According to the game rules, the Robber swaps their card with another player's card and takes on that role.",200-204,NOT_A_CANDIDATE_FORM_OUTSIDE_INVENTORY,,,,,,,True,False,57,61,NON_CONNECTIVE_LIKELY
12369,1867,Gemma 4 31B,Youtube / ONE#NIGHT#ULTIMATE#WEREWOLF#64##March#23rd#2019 / Game5,run_2,2,Stochastic,with,Contingency,with,488,492,,0,,contiguous,5,"While Justin claims to be the Tanner, this would mean Paul (the Werewolf) is attempting to divert suspicion toward Justin, which is consistent with the Werewolf's goal.",488-492,NOT_A_CANDIDATE_FORM_OUTSIDE_INVENTORY,,,,,,,True,False,143,147,NON_CONNECTIVE_LIKELY
12372,1868,Gemma 4 31B,Youtube / ONE#NIGHT#ULTIMATE#WEREWOLF#7##November#6th#2016 / Game1,run_2,2,Stochastic,with,Contingency,with,118,122,,0,,contiguous,2,Mitchell claimed to be the Troublemaker and stated he swapped Caitlynn with Alana.,118-122,NOT_A_CANDIDATE_FORM_OUTSIDE_INVENTORY,,,,,,,True,False,71,75,NON_CONNECTIVE_LIKELY
12374,1868,Gemma 4 31B,Youtube / ONE#NIGHT#ULTIMATE#WEREWOLF#7##November#6th#2016 / Game1,run_2,2,Stochastic,despite,Comparison,Despite,235,242,,0,,contiguous,4,"Despite some confusion regarding the Robber's actions, the players converged on the conclusion that Alana currently holds the Werewolf card.",235-242,NOT_A_CANDIDATE_FORM_OUTSIDE_INVENTORY,,,,,,,True,False,0,7,CLAUSE_INITIAL_PLAUSIBLE
12390,1870,Gemma 4 31B,Youtube / ONE#NIGHT#ULTIMATE#WEREWOLF#7##November#6th#2016 / Game3,run_2,2,Stochastic,with,Contingency,with,299,303,,0,,contiguous,3,"This erratic behavior—switching from a role with information to a role that wants to die, and then trying to divert suspicion to a quiet player—is strongly indicative of a Werewolf attempting to deceive the group.",299-303,NOT_A_CANDIDATE_FORM_OUTSIDE_INVENTORY,,,,,,,True,False,44,48,NON_CONNECTIVE_LIKELY
12418,1874,Gemma 4 31B,Youtube / ONE#NIGHT#ULTIMATE#WEREWOLF#83##October#15th#2019 / Game2,run_2,2,Stochastic,with,Contingency,with,39,43,,0,,contiguous,1,"Mike's claims are logically consistent with the game's mechanics: he states he 'was' the werewolf but now Caitlynn is, which suggests he was the Robber who robbed the Werewolf (Caitlynn) and was subsequently swapped back by the Troublemaker (Meghan).",39-43,NOT_A_CANDIDATE_FORM_OUTSIDE_INVENTORY,,,,,,,True,False,39,43,NON_CONNECTIVE_LIKELY
12435,1876,Gemma 4 31B,Youtube / ONE#NIGHT#ULTIMATE#WEREWOLF#86##November#9th#2019 / Game1,run_2,2,Stochastic,with,Contingency,with,221,225,,0,,contiguous,2,Justin claims to be the Troublemaker and states he switched Mike with Paul.,221-225,NOT_A_CANDIDATE_FORM_OUTSIDE_INVENTORY,,,,,,,True,False,65,69,NON_CONNECTIVE_LIKELY
12438,1876,Gemma 4 31B,Youtube / ONE#NIGHT#ULTIMATE#WEREWOLF#86##November#9th#2019 / Game1,run_2,2,Stochastic,with,Contingency,with,274,278,,0,,contiguous,3,"If Mike was the Werewolf and was switched with Paul, Paul is now the Werewolf.",274-278,NOT_A_CANDIDATE_FORM_OUTSIDE_INVENTORY,,,,,,,True,False,42,46,NON_CONNECTIVE_LIKELY
12457,1878,Gemma 4 31B,Youtube / ONE#NIGHT#ULTIMATE#WEREWOLF#86##November#9th#2019 / Game4,run_2,2,Stochastic,with,Contingency,with,336,340,,0,,contiguous,4,"Mike's claim to be the Tanner further supports this, as the Tanner often attempts to attract votes, and if he was swapped with the Werewolf, he would now be the Werewolf while Mitchell became the Tanner.",336-340,NOT_A_CANDIDATE_FORM_OUTSIDE_INVENTORY,,,,,,,True,False,122,126,NON_CONNECTIVE_LIKELY
12478,1881,Gemma 4 31B,Youtube / ONE#NIGHT#ULTIMATE#WEREWOLF#89##November#30th#2019 / Game2,run_2,2,Stochastic,with,Contingency,with,347,351,,0,,contiguous,3,"Paul and Mitchell's claims are consistent with Village-aligned roles, leaving James as the most likely Werewolf who is lying about being the Troublemaker.",347-351,NOT_A_CANDIDATE_FORM_OUTSIDE_INVENTORY,,,,,,,True,False,42,46,NON_CONNECTIVE_LIKELY
12484,1882,Gemma 4 31B,Youtube / ONE#NIGHT#ULTIMATE#WEREWOLF#89##November#30th#2019 / Game3,run_2,2,Stochastic,eventually,Temporal,eventually,155,165,,0,,contiguous,2,"While James also makes claims about werewolves and eventually asks to be voted out, his behavior (begging to be eliminated and voting for himself) is highly characteristic of the Tanner role.",155-165,NOT_A_CANDIDATE_FORM_OUTSIDE_INVENTORY,,,,,,,True,False,51,61,CLAUSE_INITIAL_PLAUSIBLE
12495,1883,Gemma 4 31B,Youtube / ONE#NIGHT#ULTIMATE#WEREWOLF#9##November#6th#2016 / Game1,run_2,2,Stochastic,with,Contingency,with,352,356,,0,,contiguous,3,"Alana's behavior—claiming to be the Troublemaker, contradicting Mike's role, and then admitting she 'fell into a trap'—is consistent with a Minion attempting to protect the Werewolf by creating confusion and diverting suspicion.",352-356,NOT_A_CANDIDATE_FORM_OUTSIDE_INVENTORY,,,,,,,True,False,133,137,NON_CONNECTIVE_LIKELY
12503,1884,Gemma 4 31B,Youtube / ONE#NIGHT#ULTIMATE#WEREWOLF#9##November#6th#2016 / Game2,run_2,2,Stochastic,given that,Contingency,Given that,238,248,,0,,contiguous,3,"Given that the other three players have claimed roles that align with Team Village, Alana is the most likely candidate to be the Werewolf.",238-248,NOT_A_CANDIDATE_FORM_OUTSIDE_INVENTORY,,,,,,,True,False,0,10,CLAUSE_INITIAL_PLAUSIBLE
12504,1884,Gemma 4 31B,Youtube / ONE#NIGHT#ULTIMATE#WEREWOLF#9##November#6th#2016 / Game2,run_2,2,Stochastic,with,Contingency,with,303,307,,0,,contiguous,3,"Given that the other three players have claimed roles that align with Team Village, Alana is the most likely candidate to be the Werewolf.",303-307,NOT_A_CANDIDATE_FORM_OUTSIDE_INVENTORY,,,,,,,True,False,65,69,NON_CONNECTIVE_LIKELY
12509,1885,Gemma 4 31B,Youtube / ONE#NIGHT#ULTIMATE#WEREWOLF#9##November#6th#2016 / Game3,run_2,2,Stochastic,with,Contingency,with,152,156,,0,,contiguous,1,"Alana, Mitchell, and Caitlynn have a consistent and interlocking story: Caitlynn (Seer) saw Mitchell as the Robber, and Mitchell (Robber) swapped cards with Alana (Insomniac), leaving Mitchell as the Insomniac and Alana as the Robber.",152-156,NOT_A_CANDIDATE_FORM_OUTSIDE_INVENTORY,,,,,,,True,False,152,156,NON_CONNECTIVE_LIKELY
12516,1886,Gemma 4 31B,Youtube / ONE#NIGHT#ULTIMATE#WEREWOLF#9##November#6th#2016 / Game4,run_2,2,Stochastic,with,Contingency,with,41,45,,0,,contiguous,1,Mike's claims are logically inconsistent with the game rules.,41-45,NOT_A_CANDIDATE_FORM_OUTSIDE_INVENTORY,,,,,,,True,False,41,45,NON_CONNECTIVE_LIKELY
12526,1887,Gemma 4 31B,Youtube / One#Night#Ultimate#Werewolf#GAME#NIGHT!! / Game2,run_2,2,Stochastic,with,Contingency,with,64,68,,0,,contiguous,1,Shane claimed to be the Robber and stated that he swapped cards with Eric.,64-68,NOT_A_CANDIDATE_FORM_OUTSIDE_INVENTORY,,,,,,,True,False,64,68,NON_CONNECTIVE_LIKELY
12572,1893,Gemma 4 31B,Youtube / The#Return#of#the#King##ONE#NIGHT#ULTIMATE#WEREWOLF / Game5,run_2,2,Stochastic,with,Contingency,with,368,372,,0,,contiguous,3,Mitchell's aggressive attempts to divert the vote toward Justin are consistent with a Werewolf trying to avoid elimination.,368-372,NOT_A_CANDIDATE_FORM_OUTSIDE_INVENTORY,,,,,,,True,False,79,83,NON_CONNECTIVE_LIKELY
12587,1894,Gemma 4 31B,Youtube / The#Return#of#the#King##ONE#NIGHT#ULTIMATE#WEREWOLF / Game6,run_2,2,Stochastic,with,Contingency,with,581,585,,0,,contiguous,4,Paul's claim to be the Minion and his attempt to frame Mitchell by misinterpreting the swap's result suggests he is working with Tyler to divert suspicion.,581-585,NOT_A_CANDIDATE_FORM_OUTSIDE_INVENTORY,,,,,,,True,False,124,128,NON_CONNECTIVE_LIKELY
12599,1896,Gemma 4 31B,Youtube / Visions#from#2016##ONE#NIGHT#ULTIMATE#WEREWOLF##Retro#11 / Game1,run_2,2,Stochastic,despite,Comparison,despite,262,269,,0,,contiguous,3,"Paul claims James is the Tanner and then inconsistently suggests Justin is the only possible Werewolf, despite claiming he only looked at James.",262-269,NOT_A_CANDIDATE_FORM_OUTSIDE_INVENTORY,,,,,,,True,False,103,110,UNCLEAR
12603,1897,Gemma 4 31B,Youtube / Visions#from#2016##ONE#NIGHT#ULTIMATE#WEREWOLF##Retro#11 / Game2,run_2,2,Stochastic,with,Contingency,with,123,127,,0,,contiguous,1,"During the Night phase, James and Mitchell are heard discussing their roles while the Announcer is calling the Werewolves, with Mitchell explicitly stating, 'I saw another werewolf,' and asking James who he is.",123-127,NOT_A_CANDIDATE_FORM_OUTSIDE_INVENTORY,,,,,,,True,False,123,127,CLAUSE_INITIAL_PLAUSIBLE
12625,1899,Gemma 4 31B,Youtube / Visions#from#2016##ONE#NIGHT#ULTIMATE#WEREWOLF##Retro#11 / Game4,run_2,2,Stochastic,with,Contingency,with,213,217,,0,,contiguous,2,"Paul initially claimed to be a Mason but later admitted, 'I'm the werewolf and you guys know it' and 'I was werewolf to begin with.'",213-217,NOT_A_CANDIDATE_FORM_OUTSIDE_INVENTORY,,,,,,,True,False,126,130,NON_CONNECTIVE_LIKELY
12634,1900,Gemma 4 31B,Youtube / Visions#from#2016##ONE#NIGHT#ULTIMATE#WEREWOLF##Retro#11 / Game5,run_2,2,Stochastic,particularly,Expansion,particularly,298,310,,0,,contiguous,3,Justin's behavior is particularly suspicious as he admitted to lying about his role and was the primary target of the other players' suspicions by the end of the discussion.,298-310,NOT_A_CANDIDATE_FORM_OUTSIDE_INVENTORY,,,,,,,True,False,21,33,NON_CONNECTIVE_LIKELY
12639,1901,Gemma 4 31B,Youtube / Way#Way#Back##ONE#NIGHT#ULTIMATE#WEREWOLF##Retro#10 / Game1,run_2,2,Stochastic,with,Contingency,with,106,110,,0,,contiguous,1,"Justin admits to starting as a Werewolf, and Paul claims to be the Troublemaker who swapped Justin's card with Laura's.",106-110,NOT_A_CANDIDATE_FORM_OUTSIDE_INVENTORY,,,,,,,True,False,106,110,NON_CONNECTIVE_LIKELY
12651,1902,Gemma 4 31B,Youtube / Way#Way#Back##ONE#NIGHT#ULTIMATE#WEREWOLF##Retro#10 / Game2,run_2,2,Stochastic,eventually,Temporal,eventually,387,397,,0,,contiguous,3,"Both Mitchell (claiming to be the Seer) and Justin eventually pointed to James as the Werewolf, making him the most probable target for Team Village.",387-397,NOT_A_CANDIDATE_FORM_OUTSIDE_INVENTORY,,,,,,,True,False,51,61,NON_CONNECTIVE_LIKELY
12659,1903,Gemma 4 31B,Youtube / Way#Way#Back##ONE#NIGHT#ULTIMATE#WEREWOLF##Retro#10 / Game3,run_2,2,Stochastic,despite,Comparison,despite,282,289,,0,,contiguous,3,"James then attempts to reconcile this by suggesting Paul (the Troublemaker) switched him and Mitchell, despite Paul explicitly stating he switched Justin and James.",282-289,NOT_A_CANDIDATE_FORM_OUTSIDE_INVENTORY,,,,,,,True,False,103,110,UNCLEAR
12699,1908,Gemma 4 31B,Youtube / Ye#Olde#Times##ONE#NIGHT#ULTIMATE#WEREWOLF##Retro#8 / Game3,run_2,2,Stochastic,with,Contingency,with,73,77,,0,,contiguous,1,"Paul admitted to being the Werewolf, although he claimed he was switched with Justin.",73-77,NOT_A_CANDIDATE_FORM_OUTSIDE_INVENTORY,,,,,,,True,False,73,77,NON_CONNECTIVE_LIKELY
12712,1909,Gemma 4 31B,Youtube / Ye#Olde#Times##ONE#NIGHT#ULTIMATE#WEREWOLF##Retro#8 / Game4,run_2,2,Stochastic,given,Contingency,Given,334,339,,0,,contiguous,4,"Given Justin's blatant contradictions and the other players' suspicions, he is the most likely candidate for the Werewolf.",334-339,NOT_A_CANDIDATE_FORM_OUTSIDE_INVENTORY,,,,,,,True,False,0,5,CLAUSE_INITIAL_PLAUSIBLE
12718,1910,Gemma 4 31B,Ego4D / 0a6ef9dc-a2dc-452b-a907-d6fa2ed4cae0 / Game1,run_3,3,Stochastic,with,Contingency,with,256,260,,0,,contiguous,2,"While she later suggested her card might have been swapped by the Troublemaker, there is no definitive evidence or consensus on who she was swapped with.",256-260,NOT_A_CANDIDATE_FORM_OUTSIDE_INVENTORY,,,,,,,True,False,148,152,NON_CONNECTIVE_LIKELY
12723,1911,Gemma 4 31B,Ego4D / 0a6ef9dc-a2dc-452b-a907-d6fa2ed4cae0 / Game2,run_3,3,Stochastic,with,Contingency,with,76,80,,0,,contiguous,1,Jack claimed to be the Troublemaker and stated that he swapped his own card with Brent's.,76-80,NOT_A_CANDIDATE_FORM_OUTSIDE_INVENTORY,,,,,,,True,False,76,80,NON_CONNECTIVE_LIKELY
12727,1912,Gemma 4 31B,Ego4D / 0c2659db-7bd4-4b37-9b08-4e247befe382 / Game4,run_3,3,Stochastic,with,Contingency,with,98,102,,0,,contiguous,1,"Ashley admitted to being the Werewolf, and Elliot admitted to being the Robber and swapping cards with Ashley.",98-102,NOT_A_CANDIDATE_FORM_OUTSIDE_INVENTORY,,,,,,,True,False,98,102,NON_CONNECTIVE_LIKELY
12728,1912,Gemma 4 31B,Ego4D / 0c2659db-7bd4-4b37-9b08-4e247befe382 / Game4,run_3,3,Stochastic,with,Contingency,with,168,172,,0,,contiguous,2,"According to the game rules, the Robber swaps their card with another player and takes on that role's alignment.",168-172,NOT_A_CANDIDATE_FORM_OUTSIDE_INVENTORY,,,,,,,True,False,57,61,NON_CONNECTIVE_LIKELY
12733,1912,Gemma 4 31B,Ego4D / 0c2659db-7bd4-4b37-9b08-4e247befe382 / Game4,run_3,3,Stochastic,with,Contingency,with,281,285,,0,,contiguous,3,"Therefore, if Ashley was the Werewolf and Elliot swapped with her, Elliot is now the Werewolf.",281-285,NOT_A_CANDIDATE_FORM_OUTSIDE_INVENTORY,,,,,,,True,False,57,61,NON_CONNECTIVE_LIKELY
12737,1913,Gemma 4 31B,Ego4D / 0c2659db-7bd4-4b37-9b08-4e247befe382 / Game5,run_3,3,Stochastic,eventually,Temporal,eventually,125,135,,0,,contiguous,1,"Sian attempted to assign or claim the Robber role but demonstrated a complete lack of understanding of the role's mechanics, eventually admitting she did not know how to play it.",125-135,NOT_A_CANDIDATE_FORM_OUTSIDE_INVENTORY,,,,,,,True,False,125,135,CLAUSE_INITIAL_PLAUSIBLE
12766,1917,Gemma 4 31B,Ego4D / 0c2659db-7bd4-4b37-9b08-4e247befe382 / Game9,run_3,3,Stochastic,given,Contingency,Given,217,222,,0,,contiguous,3,"Given the direct accusation from the claimed Seer and the mutual defense between James and Sukeshi, James is a high-probability target for Team Village.",217-222,NOT_A_CANDIDATE_FORM_OUTSIDE_INVENTORY,,,,,,,True,False,0,5,CLAUSE_INITIAL_PLAUSIBLE
12780,1919,Gemma 4 31B,Ego4D / 1a0d3e22-a6d6-4723-91a0-52fc2c87d5ce / Game11,run_3,3,Stochastic,with,Contingency,with,262,266,,0,,contiguous,3,"If Jacob (Drunk) swapped the Drunk card into the center and then Hunter (Troublemaker) swapped Jacob with Zack, Zack would end up with the Drunk card.",262-266,NOT_A_CANDIDATE_FORM_OUTSIDE_INVENTORY,,,,,,,True,False,101,105,NON_CONNECTIVE_LIKELY
12781,1919,Gemma 4 31B,Ego4D / 1a0d3e22-a6d6-4723-91a0-52fc2c87d5ce / Game11,run_3,3,Stochastic,with,Contingency,with,291,295,,0,,contiguous,3,"If Jacob (Drunk) swapped the Drunk card into the center and then Hunter (Troublemaker) swapped Jacob with Zack, Zack would end up with the Drunk card.",291-295,NOT_A_CANDIDATE_FORM_OUTSIDE_INVENTORY,,,,,,,True,False,101,105,NON_CONNECTIVE_LIKELY
12799,1921,Gemma 4 31B,Ego4D / 1a0d3e22-a6d6-4723-91a0-52fc2c87d5ce / Game7,run_3,3,Stochastic,with,Contingency,with,176,180,,0,,contiguous,2,"However, Jacob claims to be the Robber and states that he swapped cards with Hunter, confirming that Hunter was actually the Troublemaker.",176-180,NOT_A_CANDIDATE_FORM_OUTSIDE_INVENTORY,,,,,,,True,False,72,76,NON_CONNECTIVE_LIKELY
12806,1922,Gemma 4 31B,Ego4D / 1a0d3e22-a6d6-4723-91a0-52fc2c87d5ce / Game8,run_3,3,Stochastic,without,Contingency,without,237,244,,0,,contiguous,2,"Hunter is aggressively directing the vote toward Zack, claiming Zack is the werewolf without providing any evidence or claiming a role (such as Seer) that would grant him that knowledge.",237-244,NOT_A_CANDIDATE_FORM_OUTSIDE_INVENTORY,,,,,,,True,False,85,92,NON_CONNECTIVE_LIKELY
12813,1923,Gemma 4 31B,Ego4D / 1a0d3e22-a6d6-4723-91a0-52fc2c87d5ce / Game9,run_3,3,Stochastic,with,Contingency,with,137,141,,0,,contiguous,2,"He further suspects that Sean was the Robber and swapped cards with Zack, which would make Sean the current Werewolf.",137-141,NOT_A_CANDIDATE_FORM_OUTSIDE_INVENTORY,,,,,,,True,False,63,67,NON_CONNECTIVE_LIKELY
12822,1924,Gemma 4 31B,Ego4D / 2ba4023c-a8bf-43ad-ad5a-80ba222ce990 / Game10,run_3,3,Stochastic,then,Temporal,then,278,282,,0,,contiguous,3,"If Erin is telling the truth—either as the starting Robber or as someone who knows her starting role—then Clint is lying about his identity and actions, which is a strong indicator that he is the Werewolf.",278-282,NOT_A_CANDIDATE_FORM_IN_INVENTORY,,,,,,,True,False,101,105,UNCLEAR
12827,1925,Gemma 4 31B,Ego4D / 2ba4023c-a8bf-43ad-ad5a-80ba222ce990 / Game6,run_3,3,Stochastic,eventually,Temporal,eventually,146,156,,0,,contiguous,2,Erin (claiming to be the Robber) and Margaret (claiming to be the Troublemaker) eventually agree with Tyler's assessment.,146-156,NOT_A_CANDIDATE_FORM_OUTSIDE_INVENTORY,,,,,,,True,False,80,90,NON_CONNECTIVE_LIKELY
12828,1925,Gemma 4 31B,Ego4D / 2ba4023c-a8bf-43ad-ad5a-80ba222ce990 / Game6,run_3,3,Stochastic,with,Contingency,with,163,167,,0,,contiguous,2,Erin (claiming to be the Robber) and Margaret (claiming to be the Troublemaker) eventually agree with Tyler's assessment.,163-167,NOT_A_CANDIDATE_FORM_OUTSIDE_INVENTORY,,,,,,,True,False,97,101,NON_CONNECTIVE_LIKELY
12833,1926,Gemma 4 31B,Ego4D / 2ba4023c-a8bf-43ad-ad5a-80ba222ce990 / Game7,run_3,3,Stochastic,with,Contingency,with,58,62,,0,,contiguous,1,Erin claims to be the Drunk and asks if swapping her card with the center makes her the Werewolf.,58-62,NOT_A_CANDIDATE_FORM_OUTSIDE_INVENTORY,,,,,,,True,False,58,62,NON_CONNECTIVE_LIKELY
12835,1926,Gemma 4 31B,Ego4D / 2ba4023c-a8bf-43ad-ad5a-80ba222ce990 / Game7,run_3,3,Stochastic,without,Contingency,without,158,165,,0,,contiguous,2,"However, according to the rules, the Drunk swaps their card without looking at the new one, meaning Erin could not possibly know if she became the Werewolf.",158-165,NOT_A_CANDIDATE_FORM_OUTSIDE_INVENTORY,,,,,,,True,False,60,67,NON_CONNECTIVE_LIKELY
12846,1927,Gemma 4 31B,Ego4D / 2ba4023c-a8bf-43ad-ad5a-80ba222ce990 / Game8,run_3,3,Stochastic,with,Contingency,with,251,255,,0,,contiguous,2,"Their coordinated effort to frame Erin, combined with Tyler's immediate and aggressive accusations, strongly suggests they are the Werewolf team working together to deceive the group.",251-255,NOT_A_CANDIDATE_FORM_OUTSIDE_INVENTORY,,,,,,,True,False,49,53,NON_CONNECTIVE_LIKELY
12855,1928,Gemma 4 31B,Ego4D / 2ba4023c-a8bf-43ad-ad5a-80ba222ce990 / Game9,run_3,3,Stochastic,with,Contingency,with,210,214,,0,,contiguous,2,"Clint, Margaret, and Erin all converged on Tyler as the most likely Werewolf, with Erin specifically noting that Tyler lies the most.",210-214,NOT_A_CANDIDATE_FORM_OUTSIDE_INVENTORY,,,,,,,True,False,78,82,UNCLEAR
12875,1931,Gemma 4 31B,Ego4D / 324bccd2-adff-4e9a-8ff4-03491e144ac3 / Game3,run_3,3,Stochastic,with,Contingency,with,53,57,,0,,contiguous,1,"All four players have claimed distinct roles aligned with Team Village: Zack claims to be the Seer, Jacob claims to be the Villager, Sean claims to be the Troublemaker, and Hunter claims to be the Robber.",53-57,NOT_A_CANDIDATE_FORM_OUTSIDE_INVENTORY,,,,,,,True,False,53,57,NON_CONNECTIVE_LIKELY
12893,1933,Gemma 4 31B,Ego4D / 324bccd2-adff-4e9a-8ff4-03491e144ac3 / Game5,run_3,3,Stochastic,with,Contingency,with,111,115,,0,,contiguous,1,"Jacob admitted to starting as the Werewolf, and Hunter claimed to be the Troublemaker who swapped Jacob's card with Sean's.",111-115,NOT_A_CANDIDATE_FORM_OUTSIDE_INVENTORY,,,,,,,True,False,111,115,NON_CONNECTIVE_LIKELY
12902,1934,Gemma 4 31B,Ego4D / 3ba069be-60fa-47fc-bd7b-f85bf649a5bd / Game1,run_3,3,Stochastic,with,Contingency,with,235,239,,0,,contiguous,2,"Daniel claimed to be the Drunk, and the Drunk's ability is to swap their card with one from the center.",235-239,NOT_A_CANDIDATE_FORM_OUTSIDE_INVENTORY,,,,,,,True,False,78,82,NON_CONNECTIVE_LIKELY
12920,1936,Gemma 4 31B,Ego4D / 3ba069be-60fa-47fc-bd7b-f85bf649a5bd / Game3,run_3,3,Stochastic,given,Contingency,Given,427,432,,0,,contiguous,4,"Given the initial consensus among the players to vote for the center, it is most likely that the Werewolf card is in the role pool.",427-432,NOT_A_CANDIDATE_FORM_OUTSIDE_INVENTORY,,,,,,,True,False,0,5,CLAUSE_INITIAL_PLAUSIBLE
12924,1937,Gemma 4 31B,Ego4D / 3ba069be-60fa-47fc-bd7b-f85bf649a5bd / Game4,run_3,3,Stochastic,with,Contingency,with,223,227,,0,,contiguous,3,"This inconsistency, combined with Kaelan's initial claim as the Seer identifying a Werewolf, strongly suggests Daniel is lying to hide his true alignment as part of Team Werewolf.",223-227,NOT_A_CANDIDATE_FORM_OUTSIDE_INVENTORY,,,,,,,True,False,29,33,NON_CONNECTIVE_LIKELY
12934,1938,Gemma 4 31B,Ego4D / 3ba069be-60fa-47fc-bd7b-f85bf649a5bd / Game5,run_3,3,Stochastic,with,Contingency,with,456,460,,0,,contiguous,3,"Jessica's claim to be the Tanner and Kaelan's claim to be the Drunk provide them with specific identities, whereas Daniel's silence makes him the primary target for Team Village.",456-460,NOT_A_CANDIDATE_FORM_OUTSIDE_INVENTORY,,,,,,,True,False,81,85,NON_CONNECTIVE_LIKELY
12940,1939,Gemma 4 31B,Ego4D / 3ba069be-60fa-47fc-bd7b-f85bf649a5bd / Game6,run_3,3,Stochastic,with,Contingency,with,116,120,,0,,contiguous,1,"Kevin claims to be the Doppelganger but describes actions that are impossible for that role, such as swapping cards with the center.",116-120,NOT_A_CANDIDATE_FORM_OUTSIDE_INVENTORY,,,,,,,True,False,116,120,NON_CONNECTIVE_LIKELY
12942,1939,Gemma 4 31B,Ego4D / 3ba069be-60fa-47fc-bd7b-f85bf649a5bd / Game6,run_3,3,Stochastic,with,Contingency,with,207,211,,0,,contiguous,2,"His explanation of the night's events is contradictory and does not align with the game rules, mixing up the abilities of the Doppelganger, Robber, and Drunk.",207-211,NOT_A_CANDIDATE_FORM_OUTSIDE_INVENTORY,,,,,,,True,False,74,78,NON_CONNECTIVE_LIKELY
12950,1940,Gemma 4 31B,Ego4D / 62c4bc58-3776-4791-ac30-4c9ca5619503 / Game10,run_3,3,Stochastic,with,Contingency,with,158,162,,0,,contiguous,2,"Although Daniel initially suggests Kaelan might be the Tanner or the Werewolf, he later asks if they are 'good with the center,' and Kevin agrees.",158-162,NOT_A_CANDIDATE_FORM_OUTSIDE_INVENTORY,,,,,,,True,False,111,115,NON_CONNECTIVE_LIKELY
12958,1941,Gemma 4 31B,Ego4D / 62c4bc58-3776-4791-ac30-4c9ca5619503 / Game11,run_3,3,Stochastic,with,Contingency,with,155,159,,0,,contiguous,2,"Since the Minion and Werewolf are on the same team, and both Kaelan and Kevin reacted with 'I fucking knew it' after the group decided to vote 'center' (lines 62-63), it is highly likely they were collaborating to ensure the Werewolf survived.",155-159,NOT_A_CANDIDATE_FORM_OUTSIDE_INVENTORY,,,,,,,True,False,86,90,NON_CONNECTIVE_LIKELY
12963,1941,Gemma 4 31B,Ego4D / 62c4bc58-3776-4791-ac30-4c9ca5619503 / Game11,run_3,3,Stochastic,with,Contingency,with,447,451,,0,,contiguous,3,"Kaelan's initial vote for Daniel (line 55) serves as a diversion to protect the actual Werewolf, and Jessica's behavior is consistent with the Tanner role.",447-451,NOT_A_CANDIDATE_FORM_OUTSIDE_INVENTORY,,,,,,,True,False,134,138,NON_CONNECTIVE_LIKELY
12974,1943,Gemma 4 31B,Ego4D / 62c4bc58-3776-4791-ac30-4c9ca5619503 / Game7,run_3,3,Stochastic,upon,Temporal,upon,118,122,,0,,contiguous,1,"Daniel makes two contradictory claims about his role: he first states he was the Insomniac and remained the Insomniac upon waking, but then claims he was the Seer and saw that Kaelan was the Drunk.",118-122,NOT_A_CANDIDATE_FORM_OUTSIDE_INVENTORY,,,,,,,True,False,118,122,NON_CONNECTIVE_LIKELY
12987,1945,Gemma 4 31B,Ego4D / 62c4bc58-3776-4791-ac30-4c9ca5619503 / Game9,run_3,3,Stochastic,with,Contingency,with,343,347,,0,,contiguous,3,"Furthermore, he claims he 'robbed my own card,' which is not possible as the Robber must swap cards with another player.",343-347,NOT_A_CANDIDATE_FORM_OUTSIDE_INVENTORY,,,,,,,True,False,100,104,NON_CONNECTIVE_LIKELY
12990,1946,Gemma 4 31B,Ego4D / 64076f60-f3fc-4ee6-93e1-3489d8ec7b12 / Game3,run_3,3,Stochastic,with,Contingency,with,109,113,,0,,contiguous,2,"Hailey, acting as the Robber, swapped cards with Jack, which transferred the Werewolf role to her.",109-113,NOT_A_CANDIDATE_FORM_OUTSIDE_INVENTORY,,,,,,,True,False,44,48,NON_CONNECTIVE_LIKELY
12997,1947,Gemma 4 31B,Ego4D / 698f6bbe-4347-4a06-bd5d-3482f5e4fbbe / Game1,run_3,3,Stochastic,with,Contingency,with,251,255,,0,,contiguous,2,"He then attempts to frame Elliot by claiming that Elliot, as the Robber, swapped cards with him, making Elliot the Werewolf.",251-255,NOT_A_CANDIDATE_FORM_OUTSIDE_INVENTORY,,,,,,,True,False,87,91,NON_CONNECTIVE_LIKELY
13001,1947,Gemma 4 31B,Ego4D / 698f6bbe-4347-4a06-bd5d-3482f5e4fbbe / Game1,run_3,3,Stochastic,given,Contingency,given,433,438,,0,,contiguous,3,"This erratic behavior and blatant contradiction suggest that James is either the Werewolf attempting to manipulate the group or the Tanner, but given the goal to eliminate a Werewolf, James is the most logical target based on the public discussion.",433-438,NOT_A_CANDIDATE_FORM_OUTSIDE_INVENTORY,,,,,,,True,False,144,149,CLAUSE_INITIAL_PLAUSIBLE
13012,1948,Gemma 4 31B,Ego4D / 698f6bbe-4347-4a06-bd5d-3482f5e4fbbe / Game2,run_3,3,Stochastic,given that,Contingency,Given that,320,330,,0,,contiguous,3,"Given that Sukeshi is the only player openly admitting to the role and the other players are converging on her, she is the most likely candidate for elimination to secure a win for Team Village.",320-330,NOT_A_CANDIDATE_FORM_OUTSIDE_INVENTORY,,,,,,,True,False,0,10,CLAUSE_INITIAL_PLAUSIBLE
13019,1949,Gemma 4 31B,Ego4D / 698f6bbe-4347-4a06-bd5d-3482f5e4fbbe / Game3,run_3,3,Stochastic,with,Contingency,with,149,153,,0,,contiguous,2,"She reasoned that since James was the Drunk and swapped his card with one from the center, James must have become a Werewolf.",149-153,NOT_A_CANDIDATE_FORM_OUTSIDE_INVENTORY,,,,,,,True,False,65,69,NON_CONNECTIVE_LIKELY
13021,1949,Gemma 4 31B,Ego4D / 698f6bbe-4347-4a06-bd5d-3482f5e4fbbe / Game3,run_3,3,Stochastic,eventually,Temporal,eventually,258,268,,0,,contiguous,3,James did not effectively refute this claim and eventually accepted the group's consensus to vote him out.,258-268,NOT_A_CANDIDATE_FORM_OUTSIDE_INVENTORY,,,,,,,True,False,48,58,CLAUSE_INITIAL_PLAUSIBLE
13032,1952,Gemma 4 31B,Youtube / Flashback##ONE#NIGHT#ULTIMATE#WEREWOLF##Retro#9 / Game3,run_3,3,Stochastic,with,Contingency,with,35,39,,0,,contiguous,1,The players' claims are consistent with a scenario where no one is a Werewolf.,35-39,NOT_A_CANDIDATE_FORM_OUTSIDE_INVENTORY,,,,,,,True,False,35,39,NON_CONNECTIVE_LIKELY
13044,1953,Gemma 4 31B,Youtube / Flashback##ONE#NIGHT#ULTIMATE#WEREWOLF##Retro#9 / Game4,run_3,3,Stochastic,with,Contingency,with,368,372,,0,,contiguous,4,"This contradiction, combined with the fact that Paul is the only player opposing the 'vote left' strategy, strongly suggests that James is the Werewolf and is fabricating his Seer claim to frame Paul while attempting to secure his own survival.",368-372,NOT_A_CANDIDATE_FORM_OUTSIDE_INVENTORY,,,,,,,True,False,29,33,NON_CONNECTIVE_LIKELY
13060,1955,Gemma 4 31B,Youtube / One#Night#Ultimate#Love#Letter##ONE#NIGHT#ULTIMATE#WEREWOLF / Game2,run_3,3,Stochastic,with,Contingency,with,355,359,,0,,contiguous,3,"This blatant lie, combined with Mitchell's admission of being robbed, strongly suggests that Justin is the Robber who stole the Werewolf card and is now the current Werewolf.",355-359,NOT_A_CANDIDATE_FORM_OUTSIDE_INVENTORY,,,,,,,True,False,27,31,NON_CONNECTIVE_LIKELY
13078,1958,Gemma 4 31B,Youtube / ONE#NIGHT#ULTIMATE#WEREWOLF##Retro#1 / Game1,run_3,3,Stochastic,with,Contingency,with,79,83,,0,,contiguous,1,Mitchell claims to be the Troublemaker but states that he swapped his own card with Alvin's.,79-83,NOT_A_CANDIDATE_FORM_OUTSIDE_INVENTORY,,,,,,,True,False,79,83,NON_CONNECTIVE_LIKELY
13087,1959,Gemma 4 31B,Youtube / ONE#NIGHT#ULTIMATE#WEREWOLF##Retro#1 / Game10,run_3,3,Stochastic,eventually,Temporal,eventually,239,249,,0,,contiguous,3,"Justin eventually admits to being the Werewolf during the discussion, making him the most likely target for Team Village.",239-249,NOT_A_CANDIDATE_FORM_OUTSIDE_INVENTORY,,,,,,,True,False,7,17,NON_CONNECTIVE_LIKELY
13093,1960,Gemma 4 31B,Youtube / ONE#NIGHT#ULTIMATE#WEREWOLF##Retro#1 / Game2,run_3,3,Stochastic,given that,Contingency,Given that,348,358,,0,,contiguous,3,"Given that James is the only player actively suggesting his own elimination and providing a logic for why he might be the Werewolf, he is the most likely candidate for elimination to secure a win for Team Village.",348-358,NOT_A_CANDIDATE_FORM_OUTSIDE_INVENTORY,,,,,,,True,False,0,10,CLAUSE_INITIAL_PLAUSIBLE
13113,1963,Gemma 4 31B,Youtube / ONE#NIGHT#ULTIMATE#WEREWOLF##Retro#1 / Game5,run_3,3,Stochastic,given that,Contingency,Given that,243,253,,0,,contiguous,3,"Given that both Justin and James have expressed strong distrust in Mitchell's claims, he is the most likely candidate to be the Werewolf attempting to deceive the group.",243-253,NOT_A_CANDIDATE_FORM_OUTSIDE_INVENTORY,,,,,,,True,False,0,10,CLAUSE_INITIAL_PLAUSIBLE
13117,1964,Gemma 4 31B,Youtube / ONE#NIGHT#ULTIMATE#WEREWOLF##Retro#1 / Game6,run_3,3,Stochastic,with,Contingency,with,194,198,,0,,contiguous,1,"James, Alvin, and Justin have a mutually reinforcing set of claims: James claims to be the Hunter, Alvin claims to be the Seer who verified James, and Justin claims to be the Robber who swapped with Alvin.",194-198,NOT_A_CANDIDATE_FORM_OUTSIDE_INVENTORY,,,,,,,True,False,194,198,NON_CONNECTIVE_LIKELY
13119,1964,Gemma 4 31B,Youtube / ONE#NIGHT#ULTIMATE#WEREWOLF##Retro#1 / Game6,run_3,3,Stochastic,without,Contingency,without,347,354,,0,,contiguous,3,"Mitchell is the only player without a verified role and repeatedly attempts to convince the group that no Werewolf is present, which is a common strategy for a Werewolf to avoid elimination.",347-354,NOT_A_CANDIDATE_FORM_OUTSIDE_INVENTORY,,,,,,,True,False,28,35,NON_CONNECTIVE_LIKELY
13137,1967,Gemma 4 31B,Youtube / ONE#NIGHT#ULTIMATE#WEREWOLF##Retro#1 / Game9,run_3,3,Stochastic,with,Contingency,with,323,327,,0,,contiguous,2,"Mitchell's behavior—acting aggressively and claiming the Seer role first—is more consistent with the Tanner, who wants to be voted out.",323-327,NOT_A_CANDIDATE_FORM_OUTSIDE_INVENTORY,,,,,,,True,False,92,96,NON_CONNECTIVE_LIKELY
13146,1968,Gemma 4 31B,Youtube / ONE#NIGHT#ULTIMATE#WEREWOLF##Retro#2 / Game1,run_3,3,Stochastic,with,Contingency,with,463,467,,0,,contiguous,4,"Mitchell, claiming to be the Seer, supports the honesty of the players involved, and Caitlynn's claim of being a Villager is consistent with a Werewolf's attempt to deceive.",463-467,NOT_A_CANDIDATE_FORM_OUTSIDE_INVENTORY,,,,,,,True,False,136,140,NON_CONNECTIVE_LIKELY
13150,1969,Gemma 4 31B,Youtube / ONE#NIGHT#ULTIMATE#WEREWOLF##Retro#2 / Game2,run_3,3,Stochastic,with,Contingency,with,119,123,,0,,contiguous,2,Caitlynn claims to be the Robber and swapped cards with Mitchell.,119-123,NOT_A_CANDIDATE_FORM_OUTSIDE_INVENTORY,,,,,,,True,False,51,55,NON_CONNECTIVE_LIKELY
13183,1973,Gemma 4 31B,Youtube / ONE#NIGHT#ULTIMATE#WEREWOLF##Retro#2 / Game6,run_3,3,Stochastic,with,Contingency,with,395,399,,0,,contiguous,4,"If Justin was the Werewolf and was swapped with Mitchell, Mitchell is now the Werewolf.",395-399,NOT_A_CANDIDATE_FORM_OUTSIDE_INVENTORY,,,,,,,True,False,43,47,NON_CONNECTIVE_LIKELY
13191,1974,Gemma 4 31B,Youtube / ONE#NIGHT#ULTIMATE#WEREWOLF##Retro#2 / Game7,run_3,3,Stochastic,with,Contingency,with,206,210,,0,,contiguous,2,"He first claims to be the Seer who looked at two center cards [25, 109], but later claims he was the Robber and switched cards with Dan [111].",206-210,NOT_A_CANDIDATE_FORM_OUTSIDE_INVENTORY,,,,,,,True,False,127,131,NON_CONNECTIVE_LIKELY
13212,1977,Gemma 4 31B,Youtube / ONE#NIGHT#ULTIMATE#WEREWOLF##Retro#3 / Game3,run_3,3,Stochastic,with,Contingency,with,151,155,,0,,contiguous,2,"Mike supports this by claiming to be the Robber who switched cards with Mitchell, thereby confirming Mitchell's starting role as the Seer.",151-155,NOT_A_CANDIDATE_FORM_OUTSIDE_INVENTORY,,,,,,,True,False,67,71,NON_CONNECTIVE_LIKELY
13218,1978,Gemma 4 31B,Youtube / ONE#NIGHT#ULTIMATE#WEREWOLF##Retro#3 / Game4,run_3,3,Stochastic,with,Contingency,with,114,118,,0,,contiguous,2,"Mike claims he switched cards with James, while Mitchell claims he was the Tanner and Mike switched with him.",114-118,NOT_A_CANDIDATE_FORM_OUTSIDE_INVENTORY,,,,,,,True,False,30,34,NON_CONNECTIVE_LIKELY
13221,1978,Gemma 4 31B,Youtube / ONE#NIGHT#ULTIMATE#WEREWOLF##Retro#3 / Game4,run_3,3,Stochastic,with,Contingency,with,184,188,,0,,contiguous,2,"Mike claims he switched cards with James, while Mitchell claims he was the Tanner and Mike switched with him.",184-188,NOT_A_CANDIDATE_FORM_OUTSIDE_INVENTORY,,,,,,,True,False,30,34,NON_CONNECTIVE_LIKELY
13224,1978,Gemma 4 31B,Youtube / ONE#NIGHT#ULTIMATE#WEREWOLF##Retro#3 / Game4,run_3,3,Stochastic,given that,Contingency,Given that,367,377,,0,,contiguous,4,"Given that Mike's claim is more straightforward and James was initially convinced Mitchell was the Werewolf, Mitchell is the most likely candidate for the Werewolf role.",367-377,NOT_A_CANDIDATE_FORM_OUTSIDE_INVENTORY,,,,,,,True,False,0,10,CLAUSE_INITIAL_PLAUSIBLE
13236,1979,Gemma 4 31B,Youtube / ONE#NIGHT#ULTIMATE#WEREWOLF##Retro#3 / Game5,run_3,3,Stochastic,with,Contingency,with,363,367,,0,,contiguous,3,"Justin and Mike's claims as Troublemaker and Robber are consistent with each other, leaving James as the most likely target for Team Village.",363-367,NOT_A_CANDIDATE_FORM_OUTSIDE_INVENTORY,,,,,,,True,False,67,71,NON_CONNECTIVE_LIKELY
13251,1980,Gemma 4 31B,Youtube / ONE#NIGHT#ULTIMATE#WEREWOLF##Retro#3 / Game6,run_3,3,Stochastic,with,Contingency,with,546,550,,0,,contiguous,5,This scenario is consistent with Mike's claim that no werewolves are among the players.,546-550,NOT_A_CANDIDATE_FORM_OUTSIDE_INVENTORY,,,,,,,True,False,28,32,NON_CONNECTIVE_LIKELY
13260,1981,Gemma 4 31B,Youtube / ONE#NIGHT#ULTIMATE#WEREWOLF##Retro#3 / Game7,run_3,3,Stochastic,with,Contingency,with,249,253,,0,,contiguous,3,"If James started as the Tanner and was switched with Justin (the Seer), James is now the Seer and would want to eliminate the Werewolf, which explains why he is aggressively pushing the vote toward Mitchell.",249-253,NOT_A_CANDIDATE_FORM_OUTSIDE_INVENTORY,,,,,,,True,False,48,52,NON_CONNECTIVE_LIKELY
13269,1982,Gemma 4 31B,Youtube / ONE#NIGHT#ULTIMATE#WEREWOLF##Retro#3 / Game8,run_3,3,Stochastic,with,Contingency,with,245,249,,0,,contiguous,3,"The other players' claims (Justin as Troublemaker and Mitchell as Insomniac) are consistent with this, and Mike's behavior of voting for himself is characteristic of the Tanner.",245-249,NOT_A_CANDIDATE_FORM_OUTSIDE_INVENTORY,,,,,,,True,False,92,96,NON_CONNECTIVE_LIKELY
13298,1986,Gemma 4 31B,Youtube / ONE#NIGHT#ULTIMATE#WEREWOLF##Retro#4 / Game4,run_3,3,Stochastic,with,Contingency,with,195,199,,0,,contiguous,2,"James suggested that if Mike saw werewolves in the center, Mitchell (who claimed to be the Drunk and swapped his card with one from the center) likely picked up a werewolf card.",195-199,NOT_A_CANDIDATE_FORM_OUTSIDE_INVENTORY,,,,,,,True,False,118,122,NON_CONNECTIVE_LIKELY
13304,1987,Gemma 4 31B,Youtube / ONE#NIGHT#ULTIMATE#WEREWOLF##Retro#4 / Game5,run_3,3,Stochastic,with,Contingency,with,175,179,,0,,contiguous,3,"Since the Robber swaps their card with the target, James became the Werewolf and Justin became the Robber.",175-179,NOT_A_CANDIDATE_FORM_OUTSIDE_INVENTORY,,,,,,,True,False,34,38,NON_CONNECTIVE_LIKELY
13315,1988,Gemma 4 31B,Youtube / ONE#NIGHT#ULTIMATE#WEREWOLF##Retro#4 / Game6,run_3,3,Stochastic,given,Contingency,Given,456,461,,0,,contiguous,4,"Given the claims of the other four players, Caitlynn is the most likely candidate to be the Werewolf.",456-461,NOT_A_CANDIDATE_FORM_OUTSIDE_INVENTORY,,,,,,,True,False,0,5,CLAUSE_INITIAL_PLAUSIBLE
13326,1990,Gemma 4 31B,Youtube / ONE#NIGHT#ULTIMATE#WEREWOLF##Retro#4 / Game9,run_3,3,Stochastic,with,Contingency,with,195,199,,0,,contiguous,2,"Mike, claiming to be the Seer, suggests that Justin ended up with the Werewolf card.",195-199,NOT_A_CANDIDATE_FORM_OUTSIDE_INVENTORY,,,,,,,True,False,61,65,NON_CONNECTIVE_LIKELY
13329,1990,Gemma 4 31B,Youtube / ONE#NIGHT#ULTIMATE#WEREWOLF##Retro#4 / Game9,run_3,3,Stochastic,given,Contingency,Given,305,310,,0,,contiguous,4,"Given the contradictions in Justin's story and the accusations from other players, he is the most likely candidate for the Werewolf.",305-310,NOT_A_CANDIDATE_FORM_OUTSIDE_INVENTORY,,,,,,,True,False,0,5,CLAUSE_INITIAL_PLAUSIBLE
13344,1992,Gemma 4 31B,Youtube / ONE#NIGHT#ULTIMATE#WEREWOLF##Retro#5 / Game2,run_3,3,Stochastic,eventually,Temporal,eventually,331,341,,0,,contiguous,3,"Since both players eventually point to Justin as the current holder of the Werewolf card, he is the most logical choice for elimination.",331-341,NOT_A_CANDIDATE_FORM_OUTSIDE_INVENTORY,,,,,,,True,False,19,29,NON_CONNECTIVE_LIKELY
13358,1994,Gemma 4 31B,Youtube / ONE#NIGHT#ULTIMATE#WEREWOLF##Retro#5 / Game4,run_3,3,Stochastic,with,Contingency,with,345,349,,0,,contiguous,3,"If Paul (Robber) stole the Troublemaker card from Justin and then swapped Justin (now Robber) with Mitchell (Werewolf), Justin would end the night as the Werewolf.",345-349,NOT_A_CANDIDATE_FORM_OUTSIDE_INVENTORY,,,,,,,True,False,94,98,NON_CONNECTIVE_LIKELY
13375,1996,Gemma 4 31B,Youtube / ONE#NIGHT#ULTIMATE#WEREWOLF##Retro#5 / Game6,run_3,3,Stochastic,with,Contingency,with,254,258,,0,,contiguous,2,"Although they later claimed to be the Seer and Troublemaker, these claims are inconsistent with their behavior during the Night phase and are likely a coordinated bluff to divert suspicion.",254-258,NOT_A_CANDIDATE_FORM_OUTSIDE_INVENTORY,,,,,,,True,False,91,95,NON_CONNECTIVE_LIKELY
13399,1999,Gemma 4 31B,Youtube / ONE#NIGHT#ULTIMATE#WEREWOLF#-#Drinking#Play#Through / Game1,run_3,3,Stochastic,with,Contingency,with,88,92,,0,,contiguous,1,"Jordan2's claims are logically impossible for a Robber; he claims to have swapped cards with Haak (Line 53) and later claims to have looked at Meryl's card to see she was the Seer (Line 147), but a Robber only swaps once and looks at their new card.",88-92,NOT_A_CANDIDATE_FORM_OUTSIDE_INVENTORY,,,,,,,True,False,88,92,NON_CONNECTIVE_LIKELY
13419,2001,Gemma 4 31B,Youtube / ONE#NIGHT#ULTIMATE#WEREWOLF#1##July#5th#2016 / Game2,run_3,3,Stochastic,with,Contingency,with,131,135,,0,,contiguous,2,"Justin claims he was the Drunk and swapped his card with the center, which would make him the Revealer.",131-135,NOT_A_CANDIDATE_FORM_OUTSIDE_INVENTORY,,,,,,,True,False,52,56,NON_CONNECTIVE_LIKELY
13436,2003,Gemma 4 31B,Youtube / ONE#NIGHT#ULTIMATE#WEREWOLF#10##November#6th#2016 / Game1,run_3,3,Stochastic,with,Contingency,with,39,43,,0,,contiguous,1,"All players have claimed roles aligned with Team Village or the Tanner: Matt (Seer), Mike (Robber), Alana (Insomniac), and Mitchell (Troublemaker).",39-43,NOT_A_CANDIDATE_FORM_OUTSIDE_INVENTORY,,,,,,,True,False,39,43,NON_CONNECTIVE_LIKELY
13439,2003,Gemma 4 31B,Youtube / ONE#NIGHT#ULTIMATE#WEREWOLF#10##November#6th#2016 / Game1,run_3,3,Stochastic,with,Contingency,with,178,182,,0,,contiguous,2,"Their stories are consistent, with Matt confirming Mike's role as Robber.",178-182,NOT_A_CANDIDATE_FORM_OUTSIDE_INVENTORY,,,,,,,True,False,30,34,UNCLEAR
13513,2012,Gemma 4 31B,Youtube / ONE#NIGHT#ULTIMATE#WEREWOLF#26##January#20th#2018 / Game3,run_3,3,Stochastic,with,Contingency,with,138,142,,0,,contiguous,2,Meghan admitted to being the Drunk and swapping her card with one from the center.,138-142,NOT_A_CANDIDATE_FORM_OUTSIDE_INVENTORY,,,,,,,True,False,57,61,NON_CONNECTIVE_LIKELY
13540,2015,Gemma 4 31B,Youtube / ONE#NIGHT#ULTIMATE#WEREWOLF#28##February#17th#2018 / Game3,run_3,3,Stochastic,eventually,Temporal,eventually,149,159,,0,,contiguous,2,"Caitlynn claims to be the Revealer and identifies Paul as the Tanner, which Paul eventually confirms.",149-159,NOT_A_CANDIDATE_FORM_OUTSIDE_INVENTORY,,,,,,,True,False,81,91,NON_CONNECTIVE_LIKELY
13546,2015,Gemma 4 31B,Youtube / ONE#NIGHT#ULTIMATE#WEREWOLF#28##February#17th#2018 / Game3,run_3,3,Stochastic,given,Contingency,given,394,399,,0,,contiguous,4,"Mike and Justin both claim to be the Troublemaker, but given the other roles' claims, Justin is the most likely candidate for the Werewolf.",394-399,NOT_A_CANDIDATE_FORM_OUTSIDE_INVENTORY,,,,,,,True,False,55,60,CLAUSE_INITIAL_PLAUSIBLE
13554,2016,Gemma 4 31B,Youtube / One#Night#Ultimate#Werewolf#3#Insomniac / Game1,run_3,3,Stochastic,with,Contingency,with,244,248,,0,,contiguous,1,"The players' claims form two consistent blocks: Audrey and Dylan's story regarding the Robber and Seer roles is logically sound, and Dan, Ed, and Katie's story regarding the Troublemaker, Insomniac, and Mason roles is also logically consistent with the game's night action order.",244-248,NOT_A_CANDIDATE_FORM_OUTSIDE_INVENTORY,,,,,,,True,False,244,248,NON_CONNECTIVE_LIKELY
13556,2016,Gemma 4 31B,Youtube / One#Night#Ultimate#Werewolf#3#Insomniac / Game1,run_3,3,Stochastic,given that,Contingency,Given that,392,402,,0,,contiguous,3,"Given that the other five players have interlocking stories that account for five distinct village roles, Brett is the most likely candidate to be the Werewolf lying about his role.",392-402,NOT_A_CANDIDATE_FORM_OUTSIDE_INVENTORY,,,,,,,True,False,0,10,CLAUSE_INITIAL_PLAUSIBLE
13603,2023,Gemma 4 31B,Youtube / One#Night#Ultimate#Werewolf#363#Even#More#Classic#Werewolf / Game1,run_3,3,Stochastic,with,Contingency,with,160,164,,0,,contiguous,2,"According to the rules, the Drunk swaps their card with one from the center without looking at it, making it impossible for them to know the contents of the center.",160-164,NOT_A_CANDIDATE_FORM_OUTSIDE_INVENTORY,,,,,,,True,False,51,55,NON_CONNECTIVE_LIKELY
13604,2023,Gemma 4 31B,Youtube / One#Night#Ultimate#Werewolf#363#Even#More#Classic#Werewolf / Game1,run_3,3,Stochastic,without,Contingency,without,185,192,,0,,contiguous,2,"According to the rules, the Drunk swaps their card with one from the center without looking at it, making it impossible for them to know the contents of the center.",185-192,NOT_A_CANDIDATE_FORM_OUTSIDE_INVENTORY,,,,,,,True,False,76,83,NON_CONNECTIVE_LIKELY
13606,2023,Gemma 4 31B,Youtube / One#Night#Ultimate#Werewolf#363#Even#More#Classic#Werewolf / Game1,run_3,3,Stochastic,with,Contingency,with,311,315,,0,,contiguous,3,"This logical inconsistency, combined with the fact that Kelsey also claimed to be the Drunk, strongly suggests that Dylan is lying to deceive the village and avoid detection, likely as a Werewolf or Minion.",311-315,NOT_A_CANDIDATE_FORM_OUTSIDE_INVENTORY,,,,,,,True,False,37,41,NON_CONNECTIVE_LIKELY
13623,2025,Gemma 4 31B,Youtube / ONE#NIGHT#ULTIMATE#WEREWOLF#38##April#21st#2018 / Game3,run_3,3,Stochastic,with,Contingency,with,254,258,,0,,contiguous,2,"While Mike also claimed to be the Tanner, James's repeated admissions and his pleas of 'Don't kill me' are inconsistent with the Tanner's goal of being eliminated.",254-258,NOT_A_CANDIDATE_FORM_OUTSIDE_INVENTORY,,,,,,,True,False,120,124,NON_CONNECTIVE_LIKELY
13629,2026,Gemma 4 31B,Youtube / ONE#NIGHT#ULTIMATE#WEREWOLF#38##April#21st#2018 / Game4,run_3,3,Stochastic,with,Contingency,With,321,325,,0,,contiguous,3,"With three players (Justin, Mitchell, and James) converging on Mike and Mike's own inconsistent claims, he is the most likely Werewolf.",321-325,NOT_A_CANDIDATE_FORM_OUTSIDE_INVENTORY,,,,,,,True,False,0,4,CLAUSE_INITIAL_PLAUSIBLE
13637,2027,Gemma 4 31B,Youtube / One#Night#Ultimate#Werewolf#381#The#Hunt#Is#On / Game1,run_3,3,Stochastic,with,Contingency,with,347,351,,0,,contiguous,3,"The conflict between Dustin and Dylan, who both claim to be the Insomniac, suggests that one of them is likely the Tanner attempting to attract votes, which aligns with Brett's assertion that no werewolves are present among the players.",347-351,NOT_A_CANDIDATE_FORM_OUTSIDE_INVENTORY,,,,,,,True,False,164,168,NON_CONNECTIVE_LIKELY
13653,2030,Gemma 4 31B,Youtube / ONE#NIGHT#ULTIMATE#WEREWOLF#4##July#14th#2016 / Game1,run_3,3,Stochastic,with,Contingency,with,350,354,,0,,contiguous,3,"Other players' claims are contradictory: Justin claimed to be the Robber and then the Drunk, and Paul's claim of robbing the Seer (Justin) is inconsistent with Justin's erratic behavior.",350-354,NOT_A_CANDIDATE_FORM_OUTSIDE_INVENTORY,,,,,,,True,False,155,159,NON_CONNECTIVE_LIKELY
13654,2030,Gemma 4 31B,Youtube / ONE#NIGHT#ULTIMATE#WEREWOLF#4##July#14th#2016 / Game1,run_3,3,Stochastic,given,Contingency,Given,382,387,,0,,contiguous,4,"Given Mike's consistent and specific claim, it is the most reliable piece of information available.",382-387,NOT_A_CANDIDATE_FORM_OUTSIDE_INVENTORY,,,,,,,True,False,0,5,CLAUSE_INITIAL_PLAUSIBLE
13671,2032,Gemma 4 31B,Youtube / ONE#NIGHT#ULTIMATE#WEREWOLF#4##July#14th#2016 / Game3,run_3,3,Stochastic,with,Contingency,with,253,257,,0,,contiguous,4,"Finally, Paul (as the Drunk) swapped his card with the center.",253-257,NOT_A_CANDIDATE_FORM_OUTSIDE_INVENTORY,,,,,,,True,False,46,50,NON_CONNECTIVE_LIKELY
13674,2032,Gemma 4 31B,Youtube / ONE#NIGHT#ULTIMATE#WEREWOLF#4##July#14th#2016 / Game3,run_3,3,Stochastic,with,Contingency,with,375,379,,0,,contiguous,5,"If the claims are true, Paul is the only player who could have ended the night as a Werewolf by swapping with the center, and the other players have collectively converged on this conclusion.",375-379,NOT_A_CANDIDATE_FORM_OUTSIDE_INVENTORY,,,,,,,True,False,105,109,NON_CONNECTIVE_LIKELY
13713,2037,Gemma 4 31B,Youtube / ONE#NIGHT#ULTIMATE#WEREWOLF#44##October#13th#2018 / Game2,run_3,3,Stochastic,with,Contingency,with,477,481,,0,,contiguous,3,"Since Mitchell consistently claims to be the Tanner and Mike and Paul's roles are aligned with the Village, Justin is the most likely Werewolf attempting to confuse the group with contradictory claims.",477-481,NOT_A_CANDIDATE_FORM_OUTSIDE_INVENTORY,,,,,,,True,False,90,94,NON_CONNECTIVE_LIKELY
13714,2037,Gemma 4 31B,Youtube / ONE#NIGHT#ULTIMATE#WEREWOLF#44##October#13th#2018 / Game2,run_3,3,Stochastic,with,Contingency,with,562,566,,0,,contiguous,3,"Since Mitchell consistently claims to be the Tanner and Mike and Paul's roles are aligned with the Village, Justin is the most likely Werewolf attempting to confuse the group with contradictory claims.",562-566,NOT_A_CANDIDATE_FORM_OUTSIDE_INVENTORY,,,,,,,True,False,90,94,NON_CONNECTIVE_LIKELY
13721,2038,Gemma 4 31B,Youtube / ONE#NIGHT#ULTIMATE#WEREWOLF#44##October#13th#2018 / Game3,run_3,3,Stochastic,given that,Contingency,Given that,318,328,,0,,contiguous,4,"Given that Paul admitted his bluff and Justin's claim remains consistent, there is no evidence that any player is a Werewolf.",318-328,NOT_A_CANDIDATE_FORM_OUTSIDE_INVENTORY,,,,,,,True,False,0,10,CLAUSE_INITIAL_PLAUSIBLE
13736,2041,Gemma 4 31B,Youtube / ONE#NIGHT#ULTIMATE#WEREWOLF#45##October#13th#2018 / Game4,run_3,3,Stochastic,with,Contingency,with,118,122,,0,,contiguous,1,"Paul consistently claims to be the Tanner, and Mitchell and Mike's claims about the Robber/Hunter swap are consistent with each other.",118-122,NOT_A_CANDIDATE_FORM_OUTSIDE_INVENTORY,,,,,,,True,False,118,122,NON_CONNECTIVE_LIKELY
13738,2041,Gemma 4 31B,Youtube / ONE#NIGHT#ULTIMATE#WEREWOLF#45##October#13th#2018 / Game4,run_3,3,Stochastic,particularly,Expansion,particularly,182,194,,0,,contiguous,2,"Justin's claims are erratic and contradictory, particularly in statement [122] where he attempts to assign multiple roles to others and himself.",182-194,NOT_A_CANDIDATE_FORM_OUTSIDE_INVENTORY,,,,,,,True,False,47,59,NON_CONNECTIVE_LIKELY
13741,2041,Gemma 4 31B,Youtube / ONE#NIGHT#ULTIMATE#WEREWOLF#45##October#13th#2018 / Game4,run_3,3,Stochastic,with,Contingency,with,369,373,,0,,contiguous,3,"Furthermore, Justin's claim to have seen the Apprentice Seer in the center is consistent with the ability of a lone Werewolf to look at a center card, making him the most likely Werewolf.",369-373,NOT_A_CANDIDATE_FORM_OUTSIDE_INVENTORY,,,,,,,True,False,89,93,NON_CONNECTIVE_LIKELY
13750,2042,Gemma 4 31B,Youtube / ONE#NIGHT#ULTIMATE#WEREWOLF#45##October#13th#2018 / Game6,run_3,3,Stochastic,given,Contingency,given,354,359,,0,,contiguous,3,"This erratic behavior is characteristic of a Werewolf attempting to confuse the other players or a Tanner, but given the strong suspicions from Paul, Mike, and Justin, Mitchell is the most likely candidate for the Werewolf.",354-359,NOT_A_CANDIDATE_FORM_OUTSIDE_INVENTORY,,,,,,,True,False,111,116,CLAUSE_INITIAL_PLAUSIBLE
13761,2044,Gemma 4 31B,Youtube / One#Night#Ultimate#Werewolf#492#More#Classic#Werewolf / Game1,run_3,3,Stochastic,with,Contingency,with,146,150,,0,,contiguous,2,Katie claimed to be the Drunk and admitted to swapping her card with one from the center.,146-150,NOT_A_CANDIDATE_FORM_OUTSIDE_INVENTORY,,,,,,,True,False,64,68,NON_CONNECTIVE_LIKELY
13785,2047,Gemma 4 31B,Youtube / One#Night#Ultimate#Werewolf#531#Classic#ONUW / Game1,run_3,3,Stochastic,with,Contingency,with,112,116,,0,,contiguous,1,"Brett admitted to starting as the Werewolf, and DeAndre claimed to be the Troublemaker who swapped Brett's card with Katie's.",112-116,NOT_A_CANDIDATE_FORM_OUTSIDE_INVENTORY,,,,,,,True,False,112,116,NON_CONNECTIVE_LIKELY
13798,2048,Gemma 4 31B,Youtube / One#Night#Ultimate#Werewolf#532#More#Classic#ONUW / Game1,run_3,3,Stochastic,given,Contingency,Given,415,420,,0,,contiguous,4,"Given the consensus between Ryan and Brett, DeAndre is the most likely candidate for the Werewolf role.",415-420,NOT_A_CANDIDATE_FORM_OUTSIDE_INVENTORY,,,,,,,True,False,0,5,CLAUSE_INITIAL_PLAUSIBLE
13818,2050,Gemma 4 31B,Youtube / ONE#NIGHT#ULTIMATE#WEREWOLF#55##January#26th#2019 / Game3,run_3,3,Stochastic,with,Contingency,with,285,289,,0,,contiguous,3,Mike (claiming Seer) and Mitchell (claiming Insomniac) appear to be aligned with the Village.,285-289,NOT_A_CANDIDATE_FORM_OUTSIDE_INVENTORY,,,,,,,True,False,76,80,NON_CONNECTIVE_LIKELY
13835,2053,Gemma 4 31B,Youtube / ONE#NIGHT#ULTIMATE#WEREWOLF#62##March#23rd#2019 / Game1,run_3,3,Stochastic,eventually,Temporal,eventually,93,103,,0,,contiguous,1,"James consistently claims to be the Seer and identifies Justin as the Tanner, a claim Justin eventually supports by stating he started as the Tanner.",93-103,NOT_A_CANDIDATE_FORM_OUTSIDE_INVENTORY,,,,,,,True,False,93,103,NON_CONNECTIVE_LIKELY
13843,2053,Gemma 4 31B,Youtube / ONE#NIGHT#ULTIMATE#WEREWOLF#62##March#23rd#2019 / Game1,run_3,3,Stochastic,with,Contingency,with,431,435,,0,,contiguous,4,"This contradiction, combined with his attempt to frame Justin as the Werewolf, strongly suggests that Paul is the Werewolf.",431-435,NOT_A_CANDIDATE_FORM_OUTSIDE_INVENTORY,,,,,,,True,False,29,33,NON_CONNECTIVE_LIKELY
13871,2057,Gemma 4 31B,Youtube / ONE#NIGHT#ULTIMATE#WEREWOLF#64##March#23rd#2019 / Game4,run_3,3,Stochastic,with,Contingency,with,221,225,,0,,contiguous,3,"If James was the starting Werewolf and was swapped with Paul, Paul is now the current Werewolf.",221-225,NOT_A_CANDIDATE_FORM_OUTSIDE_INVENTORY,,,,,,,True,False,51,55,NON_CONNECTIVE_LIKELY
13882,2059,Gemma 4 31B,Youtube / ONE#NIGHT#ULTIMATE#WEREWOLF#7##November#6th#2016 / Game1,run_3,3,Stochastic,with,Contingency,with,123,127,,0,,contiguous,2,Mitchell claimed to be the Troublemaker and stated that he swapped Caitlynn with Alana.,123-127,NOT_A_CANDIDATE_FORM_OUTSIDE_INVENTORY,,,,,,,True,False,76,80,NON_CONNECTIVE_LIKELY
13888,2060,Gemma 4 31B,Youtube / ONE#NIGHT#ULTIMATE#WEREWOLF#7##November#6th#2016 / Game2,run_3,3,Stochastic,particularly,Expansion,particularly,180,192,,0,,contiguous,2,"They both suspect Caitlynn of being the Werewolf, particularly after she jokingly claimed to be a 'cute fluffy wolf.'",180-192,NOT_A_CANDIDATE_FORM_OUTSIDE_INVENTORY,,,,,,,True,False,50,62,NON_CONNECTIVE_LIKELY
13900,2061,Gemma 4 31B,Youtube / ONE#NIGHT#ULTIMATE#WEREWOLF#7##November#6th#2016 / Game3,run_3,3,Stochastic,with,Contingency,with,310,314,,0,,contiguous,3,"This inconsistency, combined with his sudden attempt to divert the vote toward Alana at the end of the discussion, strongly suggests he is the Werewolf.",310-314,NOT_A_CANDIDATE_FORM_OUTSIDE_INVENTORY,,,,,,,True,False,29,33,NON_CONNECTIVE_LIKELY
13908,2062,Gemma 4 31B,Youtube / ONE#NIGHT#ULTIMATE#WEREWOLF#7##November#6th#2016 / Game4,run_3,3,Stochastic,without,Contingency,without,289,296,,0,,contiguous,2,"Mitchell also strongly supports voting for Caitlynn, and Caitlynn remains passive throughout the discussion without providing a strong role claim or defense.",289-296,NOT_A_CANDIDATE_FORM_OUTSIDE_INVENTORY,,,,,,,True,False,108,115,NON_CONNECTIVE_LIKELY
13910,2062,Gemma 4 31B,Youtube / ONE#NIGHT#ULTIMATE#WEREWOLF#7##November#6th#2016 / Game4,run_3,3,Stochastic,given,Contingency,Given,339,344,,0,,contiguous,3,"Given the consensus between Alana and Mitchell and the Seer's identification, Caitlynn is the most likely candidate for the werewolf.",339-344,NOT_A_CANDIDATE_FORM_OUTSIDE_INVENTORY,,,,,,,True,False,0,5,CLAUSE_INITIAL_PLAUSIBLE
13914,2063,Gemma 4 31B,Youtube / ONE#NIGHT#ULTIMATE#WEREWOLF#8##November#6th#2016 / Game1,run_3,3,Stochastic,despite,Comparison,despite,85,92,,0,,contiguous,1,"Mitchell explicitly claimed to be the Werewolf multiple times ([123], [136], [151]), despite earlier contradictory claims of being the Tanner and Seer.",85-92,NOT_A_CANDIDATE_FORM_OUTSIDE_INVENTORY,,,,,,,True,False,85,92,UNCLEAR
13936,2065,Gemma 4 31B,Youtube / ONE#NIGHT#ULTIMATE#WEREWOLF#83##October#15th#2019 / Game2,run_3,3,Stochastic,with,Contingency,with,405,409,,0,,contiguous,3,"Mike's strategy of pushing the vote toward Caitlynn is consistent with a Werewolf attempting to trick the Village into voting for the Tanner, which would result in a win for Team Werewolf.",405-409,NOT_A_CANDIDATE_FORM_OUTSIDE_INVENTORY,,,,,,,True,False,66,70,NON_CONNECTIVE_LIKELY
13948,2066,Gemma 4 31B,Youtube / ONE#NIGHT#ULTIMATE#WEREWOLF#83##October#15th#2019 / Game3,run_3,3,Stochastic,upon,Temporal,upon,480,484,,0,,contiguous,3,"While Caitlynn and Meghan provide conflicting information about the center cards, Mike's direct admission of being a Werewolf is the strongest evidence for Team Village to act upon.",480-484,NOT_A_CANDIDATE_FORM_OUTSIDE_INVENTORY,,,,,,,True,False,176,180,NON_CONNECTIVE_LIKELY
13951,2067,Gemma 4 31B,Youtube / ONE#NIGHT#ULTIMATE#WEREWOLF#86##November#9th#2019 / Game1,run_3,3,Stochastic,with,Contingency,with,209,213,,0,,contiguous,2,Justin claims to be the Troublemaker and states that he swapped Mike with Paul.,209-213,NOT_A_CANDIDATE_FORM_OUTSIDE_INVENTORY,,,,,,,True,False,69,73,NON_CONNECTIVE_LIKELY
13954,2067,Gemma 4 31B,Youtube / ONE#NIGHT#ULTIMATE#WEREWOLF#86##November#9th#2019 / Game1,run_3,3,Stochastic,with,Contingency,with,261,265,,0,,contiguous,3,"If Mike was the Werewolf and was swapped with Paul, then Paul is now the Werewolf.",261-265,NOT_A_CANDIDATE_FORM_OUTSIDE_INVENTORY,,,,,,,True,False,41,45,NON_CONNECTIVE_LIKELY
13955,2067,Gemma 4 31B,Youtube / ONE#NIGHT#ULTIMATE#WEREWOLF#86##November#9th#2019 / Game1,run_3,3,Stochastic,despite,Comparison,Despite,303,310,,0,,contiguous,4,"Despite Paul's Tanner-like behavior in asking to be voted out, the internal logic provided by Justin's claimed swap makes Paul the most likely target for Team Village to win.",303-310,NOT_A_CANDIDATE_FORM_OUTSIDE_INVENTORY,,,,,,,True,False,0,7,CLAUSE_INITIAL_PLAUSIBLE
13973,2069,Gemma 4 31B,Youtube / ONE#NIGHT#ULTIMATE#WEREWOLF#86##November#9th#2019 / Game4,run_3,3,Stochastic,with,Contingency,with,222,226,,0,,contiguous,3,"If these claims are true, Mitchell started as the Werewolf but was swapped with Mike, making Mike the current Werewolf.",222-226,NOT_A_CANDIDATE_FORM_OUTSIDE_INVENTORY,,,,,,,True,False,75,79,NON_CONNECTIVE_LIKELY
13984,2070,Gemma 4 31B,Youtube / ONE#NIGHT#ULTIMATE#WEREWOLF#87##November#9th#2019 / Game1,run_3,3,Stochastic,with,Contingency,with,271,275,,0,,contiguous,3,"According to Mike's explanation, Mitchell (the Robber) robbed Justin, and then Mike switched Justin (who now held the Robber card) with Paul (the Seer).",271-275,NOT_A_CANDIDATE_FORM_OUTSIDE_INVENTORY,,,,,,,True,False,131,135,NON_CONNECTIVE_LIKELY
13985,2070,Gemma 4 31B,Youtube / ONE#NIGHT#ULTIMATE#WEREWOLF#87##November#9th#2019 / Game1,run_3,3,Stochastic,with,Contingency,with,322,326,,0,,contiguous,4,"This means Mitchell ended up with Justin's starting card, which Mike identifies as the 'bad card' (the Copycat/Werewolf).",322-326,NOT_A_CANDIDATE_FORM_OUTSIDE_INVENTORY,,,,,,,True,False,29,33,NON_CONNECTIVE_LIKELY
13993,2071,Gemma 4 31B,Youtube / ONE#NIGHT#ULTIMATE#WEREWOLF#87##November#9th#2019 / Game2,run_3,3,Stochastic,with,Contingency,with,354,358,,0,,contiguous,3,"Mike claims to be the Seer and saw a Werewolf and a Copycat in the center, which is consistent with Paul being a Werewolf (meaning there were two Werewolf cards in the game).",354-358,NOT_A_CANDIDATE_FORM_OUTSIDE_INVENTORY,,,,,,,True,False,95,99,NON_CONNECTIVE_LIKELY
14003,2073,Gemma 4 31B,Youtube / ONE#NIGHT#ULTIMATE#WEREWOLF#89##November#30th#2019 / Game3,run_3,3,Stochastic,eventually,Temporal,eventually,140,150,,0,,contiguous,2,"He eventually claims to be a werewolf and votes for himself, which is characteristic of either a Werewolf attempting to confuse the group or a Tanner.",140-150,NOT_A_CANDIDATE_FORM_OUTSIDE_INVENTORY,,,,,,,True,False,3,13,NON_CONNECTIVE_LIKELY
14007,2073,Gemma 4 31B,Youtube / ONE#NIGHT#ULTIMATE#WEREWOLF#89##November#30th#2019 / Game3,run_3,3,Stochastic,given that,Contingency,Given that,288,298,,0,,contiguous,3,"Given that the other players, including Mitchell and Justin, have converged on James as the target, he is the most likely candidate for elimination to achieve a Team Village win.",288-298,NOT_A_CANDIDATE_FORM_OUTSIDE_INVENTORY,,,,,,,True,False,0,10,CLAUSE_INITIAL_PLAUSIBLE
14026,2076,Gemma 4 31B,Youtube / ONE#NIGHT#ULTIMATE#WEREWOLF#9##November#6th#2016 / Game3,run_3,3,Stochastic,with,Contingency,with,156,160,,0,,contiguous,1,"Caitlynn, Mitchell, and Alana have a consistent and interlocking narrative: Caitlynn (Seer) saw Mitchell as the Robber, and Mitchell (Robber) swapped cards with Alana (Insomniac).",156-160,NOT_A_CANDIDATE_FORM_OUTSIDE_INVENTORY,,,,,,,True,False,156,160,NON_CONNECTIVE_LIKELY
14028,2076,Gemma 4 31B,Youtube / ONE#NIGHT#ULTIMATE#WEREWOLF#9##November#6th#2016 / Game3,run_3,3,Stochastic,with,Contingency,with,212,216,,0,,contiguous,2,This accounts for three players with confirmed Village-aligned roles.,212-216,NOT_A_CANDIDATE_FORM_OUTSIDE_INVENTORY,,,,,,,True,False,32,36,NON_CONNECTIVE_LIKELY
14029,2076,Gemma 4 31B,Youtube / ONE#NIGHT#ULTIMATE#WEREWOLF#9##November#6th#2016 / Game3,run_3,3,Stochastic,without,Contingency,without,274,281,,0,,contiguous,3,"Mike is the only player without a confirmed role and has behaved suspiciously, making him the most likely Werewolf.",274-281,NOT_A_CANDIDATE_FORM_OUTSIDE_INVENTORY,,,,,,,True,False,24,31,NON_CONNECTIVE_LIKELY
14033,2077,Gemma 4 31B,Youtube / ONE#NIGHT#ULTIMATE#WEREWOLF#9##November#6th#2016 / Game4,run_3,3,Stochastic,with,Contingency,with,44,48,,0,,contiguous,1,"All four players have claimed roles aligned with Team Village: Caitlynn as the Insomniac, Mitchell as the Troublemaker, Mike as the Robber, and Alana as the Seer.",44-48,NOT_A_CANDIDATE_FORM_OUTSIDE_INVENTORY,,,,,,,True,False,44,48,NON_CONNECTIVE_LIKELY
14048,2078,Gemma 4 31B,Youtube / One#Night#Ultimate#Werewolf#GAME#NIGHT!! / Game2,run_3,3,Stochastic,with,Contingency,with,190,194,,0,,contiguous,2,"Shane claims to be the Robber and says he swapped cards with Eric, making Shane the current Werewolf.",190-194,NOT_A_CANDIDATE_FORM_OUTSIDE_INVENTORY,,,,,,,True,False,56,60,NON_CONNECTIVE_LIKELY
14066,2081,Gemma 4 31B,Youtube / Retrovision##ONE#NIGHT#ULTIMATE#WEREWOLF##Retro#7 / Game3,run_3,3,Stochastic,without,Contingency,without,127,134,,0,,contiguous,1,"Mitchell is the most suspicious player as he avoids claiming a specific role, stating only that his role was 'already claimed' without specifying which one.",127-134,NOT_A_CANDIDATE_FORM_OUTSIDE_INVENTORY,,,,,,,True,False,127,134,NON_CONNECTIVE_LIKELY
14078,2082,Gemma 4 31B,Youtube / Retrovision##ONE#NIGHT#ULTIMATE#WEREWOLF##Retro#7 / Game4,run_3,3,Stochastic,given,Contingency,Given,348,353,,0,,contiguous,3,"Given the conflicting claims of Troublemaker between Mitchell and Mike, and the fact that Eric is the only player who did not retract his claim of being a Werewolf, he is the most likely target for Team Village.",348-353,NOT_A_CANDIDATE_FORM_OUTSIDE_INVENTORY,,,,,,,True,False,0,5,CLAUSE_INITIAL_PLAUSIBLE
14093,2083,Gemma 4 31B,Youtube / Retrovision##ONE#NIGHT#ULTIMATE#WEREWOLF##Retro#7 / Game5,run_3,3,Stochastic,given,Contingency,given,506,511,,0,,contiguous,3,"Eric's behavior—admitting to being a Werewolf while simultaneously pushing the vote toward Mitchell—is a common strategy for a Werewolf attempting to divert suspicion or a Tanner attempting to be voted out, but given the conflicting claims, Eric is the most suspicious target for Team Village.",506-511,NOT_A_CANDIDATE_FORM_OUTSIDE_INVENTORY,,,,,,,True,False,211,216,CLAUSE_INITIAL_PLAUSIBLE
14124,2087,Gemma 4 31B,Youtube / Visions#from#2016##ONE#NIGHT#ULTIMATE#WEREWOLF##Retro#11 / Game1,run_3,3,Stochastic,without,Contingency,without,367,374,,0,,contiguous,4,"Paul's claim is suspicious because he attempts to divert the vote toward Justin without providing any Seer-based evidence for doing so, suggesting he may be bluffing.",367-374,NOT_A_CANDIDATE_FORM_OUTSIDE_INVENTORY,,,,,,,True,False,80,87,NON_CONNECTIVE_LIKELY
14127,2087,Gemma 4 31B,Youtube / Visions#from#2016##ONE#NIGHT#ULTIMATE#WEREWOLF##Retro#11 / Game1,run_3,3,Stochastic,given,Contingency,Given,454,459,,0,,contiguous,5,"Given the conflict, the most consistent interpretation that allows for a Village win is that the Werewolf is indeed in the center.",454-459,NOT_A_CANDIDATE_FORM_OUTSIDE_INVENTORY,,,,,,,True,False,0,5,CLAUSE_INITIAL_PLAUSIBLE
14134,2088,Gemma 4 31B,Youtube / Visions#from#2016##ONE#NIGHT#ULTIMATE#WEREWOLF##Retro#11 / Game2,run_3,3,Stochastic,with,Contingency,with,144,148,,0,,contiguous,1,"During the Night phase, James and Mitchell are heard talking to each other specifically when the Announcer calls for the Werewolves to wake up, with Mitchell explicitly stating, 'I saw another werewolf.",144-148,NOT_A_CANDIDATE_FORM_OUTSIDE_INVENTORY,,,,,,,True,False,144,148,CLAUSE_INITIAL_PLAUSIBLE
14162,2092,Gemma 4 31B,Youtube / Way#Way#Back##ONE#NIGHT#ULTIMATE#WEREWOLF##Retro#10 / Game1,run_3,3,Stochastic,despite,Comparison,Despite,286,293,,0,,contiguous,4,"Despite Justin's contradictory claims, the combination of the Troublemaker's swap and Justin's admission points to Laura as the current Werewolf.",286-293,NOT_A_CANDIDATE_FORM_OUTSIDE_INVENTORY,,,,,,,True,False,0,7,CLAUSE_INITIAL_PLAUSIBLE
14166,2093,Gemma 4 31B,Youtube / Way#Way#Back##ONE#NIGHT#ULTIMATE#WEREWOLF##Retro#10 / Game2,run_3,3,Stochastic,with,Contingency,with,191,195,,0,,contiguous,2,"He first claimed to be the Tanner [107], then retracted this to say he was a 'lonely nobody' [132], which is inconsistent with the behavior of a real Tanner who would want to be voted out.",191-195,NOT_A_CANDIDATE_FORM_OUTSIDE_INVENTORY,,,,,,,True,False,122,126,NON_CONNECTIVE_LIKELY
14168,2093,Gemma 4 31B,Youtube / Way#Way#Back##ONE#NIGHT#ULTIMATE#WEREWOLF##Retro#10 / Game2,run_3,3,Stochastic,given,Contingency,Given,390,395,,0,,contiguous,4,"Given the inconsistencies in James's story, he is the most likely candidate for the Werewolf.",390-395,NOT_A_CANDIDATE_FORM_OUTSIDE_INVENTORY,,,,,,,True,False,0,5,CLAUSE_INITIAL_PLAUSIBLE
14172,2094,Gemma 4 31B,Youtube / Way#Way#Back##ONE#NIGHT#ULTIMATE#WEREWOLF##Retro#10 / Game3,run_3,3,Stochastic,with,Contingency,with,121,125,,0,,contiguous,1,"Paul, James, and Mitchell have all claimed roles (Troublemaker, Robber, and Insomniac, respectively) that are consistent with each other's narratives, and Justin has claimed to be the Tanner.",121-125,NOT_A_CANDIDATE_FORM_OUTSIDE_INVENTORY,,,,,,,True,False,121,125,NON_CONNECTIVE_LIKELY
14175,2094,Gemma 4 31B,Youtube / Way#Way#Back##ONE#NIGHT#ULTIMATE#WEREWOLF##Retro#10 / Game3,run_3,3,Stochastic,given that,Contingency,Given that,296,306,,0,,contiguous,3,"Given that the other four players have claimed roles that align with Team Village or the Tanner, Laura is the most likely candidate to be the Werewolf.",296-306,NOT_A_CANDIDATE_FORM_OUTSIDE_INVENTORY,,,,,,,True,False,0,10,CLAUSE_INITIAL_PLAUSIBLE
14176,2094,Gemma 4 31B,Youtube / Way#Way#Back##ONE#NIGHT#ULTIMATE#WEREWOLF##Retro#10 / Game3,run_3,3,Stochastic,with,Contingency,with,360,364,,0,,contiguous,3,"Given that the other four players have claimed roles that align with Team Village or the Tanner, Laura is the most likely candidate to be the Werewolf.",360-364,NOT_A_CANDIDATE_FORM_OUTSIDE_INVENTORY,,,,,,,True,False,64,68,NON_CONNECTIVE_LIKELY
14185,2096,Gemma 4 31B,Youtube / Way#Way#Back##ONE#NIGHT#ULTIMATE#WEREWOLF##Retro#10 / Game5,run_3,3,Stochastic,with,Contingency,with,149,153,,0,,contiguous,2,"Paul and Justin's claims as Robber and Insomniac are consistent with each other, and Mitchell's claim as Hunter further supports the village's effort to identify the werewolf.",149-153,NOT_A_CANDIDATE_FORM_OUTSIDE_INVENTORY,,,,,,,True,False,64,68,NON_CONNECTIVE_LIKELY
14204,2098,Gemma 4 31B,Youtube / Ye#Olde#Times##ONE#NIGHT#ULTIMATE#WEREWOLF##Retro#8 / Game2,run_3,3,Stochastic,eventually,Temporal,eventually,249,259,,0,,contiguous,2,"The players, including Paul, Eric, and Mitchell, eventually reach a consensus that the Werewolf cards are in the center.",249-259,NOT_A_CANDIDATE_FORM_OUTSIDE_INVENTORY,,,,,,,True,False,49,59,CLAUSE_INITIAL_PLAUSIBLE
14217,2100,Gemma 4 31B,Youtube / Ye#Olde#Times##ONE#NIGHT#ULTIMATE#WEREWOLF##Retro#8 / Game4,run_3,3,Stochastic,with,Contingency,with,132,136,,0,,contiguous,1,"Justin is the most inconsistent player, claiming to be both the Seer and the Robber, which is impossible as they are distinct roles with different night actions.",132-136,NOT_A_CANDIDATE_FORM_OUTSIDE_INVENTORY,,,,,,,True,False,132,136,NON_CONNECTIVE_LIKELY
14231,2101,Gemma 4 31B,Ego4D / 0a6ef9dc-a2dc-452b-a907-d6fa2ed4cae0 / Game1,greedy_t0,0,Greedy,with,Contingency,with,289,293,,0,,contiguous,2,"Hailey, the Troublemaker, swapped two players; Erin felt her card move, and Brent later expressed his belief that he was the one swapped with Erin.",289-293,NOT_A_CANDIDATE_FORM_OUTSIDE_INVENTORY,,,,,,,True,False,137,141,NON_CONNECTIVE_LIKELY
14233,2101,Gemma 4 31B,Ego4D / 0a6ef9dc-a2dc-452b-a907-d6fa2ed4cae0 / Game1,greedy_t0,0,Greedy,with,Contingency,with,353,357,,0,,contiguous,3,"If the Werewolf card (originally Erin's) was swapped with Brent, Brent became the final Werewolf.",353-357,NOT_A_CANDIDATE_FORM_OUTSIDE_INVENTORY,,,,,,,True,False,53,57,NON_CONNECTIVE_LIKELY
14235,2102,Gemma 4 31B,Ego4D / 0a6ef9dc-a2dc-452b-a907-d6fa2ed4cae0 / Game2,greedy_t0,0,Greedy,with,Contingency,with,76,80,,0,,contiguous,1,Jack claimed to be the Troublemaker and stated that he swapped his own card with Brent's.,76-80,NOT_A_CANDIDATE_FORM_OUTSIDE_INVENTORY,,,,,,,True,False,76,80,NON_CONNECTIVE_LIKELY
14240,2103,Gemma 4 31B,Ego4D / 0c2659db-7bd4-4b37-9b08-4e247befe382 / Game4,greedy_t0,0,Greedy,with,Contingency,with,102,106,,0,,contiguous,1,"Ashley admitted to being a Werewolf, and Elliot later admitted to being the Robber and swapping cards with Ashley.",102-106,NOT_A_CANDIDATE_FORM_OUTSIDE_INVENTORY,,,,,,,True,False,102,106,NON_CONNECTIVE_LIKELY
14242,2103,Gemma 4 31B,Ego4D / 0c2659db-7bd4-4b37-9b08-4e247befe382 / Game4,greedy_t0,0,Greedy,with,Contingency,with,208,212,,0,,contiguous,2,"According to the game rules, the Robber takes the role and alignment of the player they swap with.",208-212,NOT_A_CANDIDATE_FORM_OUTSIDE_INVENTORY,,,,,,,True,False,93,97,NON_CONNECTIVE_LIKELY
14247,2104,Gemma 4 31B,Ego4D / 0c2659db-7bd4-4b37-9b08-4e247befe382 / Game5,greedy_t0,0,Greedy,eventually,Temporal,eventually,105,115,,0,,contiguous,1,"Sian claimed to be the Robber but demonstrated a complete lack of understanding of the role's mechanics, eventually admitting she did not know how to play it.",105-115,NOT_A_CANDIDATE_FORM_OUTSIDE_INVENTORY,,,,,,,True,False,105,115,CLAUSE_INITIAL_PLAUSIBLE
14272,2107,Gemma 4 31B,Ego4D / 0c2659db-7bd4-4b37-9b08-4e247befe382 / Game8,greedy_t0,0,Greedy,with,Contingency,with,369,373,,0,,contiguous,3,"Consequently, Sian is the most likely candidate to be the Werewolf, as all other players have aligned themselves with Team Village.",369-373,NOT_A_CANDIDATE_FORM_OUTSIDE_INVENTORY,,,,,,,True,False,113,117,NON_CONNECTIVE_LIKELY
14282,2108,Gemma 4 31B,Ego4D / 0c2659db-7bd4-4b37-9b08-4e247befe382 / Game9,greedy_t0,0,Greedy,eventually,Temporal,eventually,305,315,,0,,contiguous,3,"She later attempts to re-assert her role as the Seer (Line 158) and eventually shifts her suspicion to Chris (Line 183), indicating an inconsistent bluff.",305-315,NOT_A_CANDIDATE_FORM_OUTSIDE_INVENTORY,,,,,,,True,False,68,78,CLAUSE_INITIAL_PLAUSIBLE
14295,2110,Gemma 4 31B,Ego4D / 1a0d3e22-a6d6-4723-91a0-52fc2c87d5ce / Game11,greedy_t0,0,Greedy,upon,Temporal,upon,45,49,,0,,contiguous,1,"Zack claims he started as the Insomniac and, upon checking his card at the end of the night, discovered he was the Drunk.",45-49,NOT_A_CANDIDATE_FORM_OUTSIDE_INVENTORY,,,,,,,True,False,45,49,CLAUSE_INITIAL_PLAUSIBLE
14296,2110,Gemma 4 31B,Ego4D / 1a0d3e22-a6d6-4723-91a0-52fc2c87d5ce / Game11,greedy_t0,0,Greedy,with,Contingency,with,185,189,,0,,contiguous,2,"According to the game rules, the Drunk always swaps their card with one from the center, meaning it is logically impossible for any player to end the night as the Drunk (unless they were the Doppelganger, but even then, the copied Drunk role would have swapped the card away).",185-189,NOT_A_CANDIDATE_FORM_OUTSIDE_INVENTORY,,,,,,,True,False,63,67,NON_CONNECTIVE_LIKELY
14312,2112,Gemma 4 31B,Ego4D / 1a0d3e22-a6d6-4723-91a0-52fc2c87d5ce / Game7,greedy_t0,0,Greedy,with,Contingency,with,174,178,,0,,contiguous,2,"However, Jacob claims to be the Robber and explicitly states that he swapped cards with Hunter and confirmed the card he took was the Troublemaker.",174-178,NOT_A_CANDIDATE_FORM_OUTSIDE_INVENTORY,,,,,,,True,False,83,87,NON_CONNECTIVE_LIKELY
14327,2114,Gemma 4 31B,Ego4D / 1a0d3e22-a6d6-4723-91a0-52fc2c87d5ce / Game9,greedy_t0,0,Greedy,with,Contingency,with,278,282,,0,,contiguous,3,"Although Jacob later suggests that Sean might be the Robber who swapped cards with Zack, this is based on a hunch about behavior rather than concrete evidence, and the Robber could simply be in the center role pool.",278-282,NOT_A_CANDIDATE_FORM_OUTSIDE_INVENTORY,,,,,,,True,False,78,82,NON_CONNECTIVE_LIKELY
14336,2115,Gemma 4 31B,Ego4D / 2ba4023c-a8bf-43ad-ad5a-80ba222ce990 / Game10,greedy_t0,0,Greedy,with,Contingency,with,247,251,,0,,contiguous,3,"If Erin is the Insomniac and saw the Robber card, it means she was swapped with the Robber (possibly by Tyler, who claimed Troublemaker), making Clint's story a lie.",247-251,NOT_A_CANDIDATE_FORM_OUTSIDE_INVENTORY,,,,,,,True,False,75,79,NON_CONNECTIVE_LIKELY
14340,2116,Gemma 4 31B,Ego4D / 2ba4023c-a8bf-43ad-ad5a-80ba222ce990 / Game6,greedy_t0,0,Greedy,eventually,Temporal,eventually,66,76,,0,,contiguous,1,Clint claimed to be the Drunk but was vague about his actions and eventually admitted he could be the Werewolf.,66-76,NOT_A_CANDIDATE_FORM_OUTSIDE_INVENTORY,,,,,,,True,False,66,76,CLAUSE_INITIAL_PLAUSIBLE
14344,2116,Gemma 4 31B,Ego4D / 2ba4023c-a8bf-43ad-ad5a-80ba222ce990 / Game6,greedy_t0,0,Greedy,given,Contingency,Given,300,305,,0,,contiguous,3,"Given the consensus among the other players and Clint's own admission, he is the most probable target for elimination.",300-305,NOT_A_CANDIDATE_FORM_OUTSIDE_INVENTORY,,,,,,,True,False,0,5,CLAUSE_INITIAL_PLAUSIBLE
14361,2118,Gemma 4 31B,Ego4D / 2ba4023c-a8bf-43ad-ad5a-80ba222ce990 / Game8,greedy_t0,0,Greedy,with,Contingency,with,325,329,,0,,contiguous,3,"Their subsequent coordination to frame Erin, combined with Tyler's aggressive and unfounded accusation of her at the very start of the game, strongly suggests that Tyler and Clint are Team Werewolf.",325-329,NOT_A_CANDIDATE_FORM_OUTSIDE_INVENTORY,,,,,,,True,False,54,58,NON_CONNECTIVE_LIKELY
14366,2119,Gemma 4 31B,Ego4D / 2ba4023c-a8bf-43ad-ad5a-80ba222ce990 / Game9,greedy_t0,0,Greedy,with,Contingency,with,152,156,,0,,contiguous,2,"According to the game rules, the Drunk swaps their card with one from the center without looking at it and gains no information about other players.",152-156,NOT_A_CANDIDATE_FORM_OUTSIDE_INVENTORY,,,,,,,True,False,56,60,NON_CONNECTIVE_LIKELY
14367,2119,Gemma 4 31B,Ego4D / 2ba4023c-a8bf-43ad-ad5a-80ba222ce990 / Game9,greedy_t0,0,Greedy,without,Contingency,without,177,184,,0,,contiguous,2,"According to the game rules, the Drunk swaps their card with one from the center without looking at it and gains no information about other players.",177-184,NOT_A_CANDIDATE_FORM_OUTSIDE_INVENTORY,,,,,,,True,False,81,88,NON_CONNECTIVE_LIKELY
14373,2120,Gemma 4 31B,Ego4D / 324bccd2-adff-4e9a-8ff4-03491e144ac3 / Game1,greedy_t0,0,Greedy,eventually,Temporal,eventually,182,192,,0,,contiguous,2,"While Hunter's claim to be a Robber or Troublemaker contradicted the others, the players eventually reached a consensus during the discussion that none of them were werewolves.",182-192,NOT_A_CANDIDATE_FORM_OUTSIDE_INVENTORY,,,,,,,True,False,89,99,NON_CONNECTIVE_LIKELY
14374,2120,Gemma 4 31B,Ego4D / 324bccd2-adff-4e9a-8ff4-03491e144ac3 / Game1,greedy_t0,0,Greedy,given,Contingency,Given,270,275,,0,,contiguous,3,"Given the casual nature of the game as a 'test run' and the explicit agreement among three of the four players that no one is a werewolf, it is most likely that the werewolf cards are in the center.",270-275,NOT_A_CANDIDATE_FORM_OUTSIDE_INVENTORY,,,,,,,True,False,0,5,CLAUSE_INITIAL_PLAUSIBLE
14385,2122,Gemma 4 31B,Ego4D / 324bccd2-adff-4e9a-8ff4-03491e144ac3 / Game3,greedy_t0,0,Greedy,with,Contingency,with,231,235,,0,,contiguous,3,"If these claims are true, all four players are aligned with Team Village (or the Tanner), meaning no Werewolf is present among the players.",231-235,NOT_A_CANDIDATE_FORM_OUTSIDE_INVENTORY,,,,,,,True,False,55,59,NON_CONNECTIVE_LIKELY
14398,2123,Gemma 4 31B,Ego4D / 324bccd2-adff-4e9a-8ff4-03491e144ac3 / Game4,greedy_t0,0,Greedy,given that,Contingency,Given that,355,365,,0,,contiguous,3,"Given that Zack, Sean, and Hunter have claimed power roles (Seer, Robber, and Troublemaker), Jacob is the most likely candidate for the Werewolf.",355-365,NOT_A_CANDIDATE_FORM_OUTSIDE_INVENTORY,,,,,,,True,False,0,10,CLAUSE_INITIAL_PLAUSIBLE
14404,2124,Gemma 4 31B,Ego4D / 324bccd2-adff-4e9a-8ff4-03491e144ac3 / Game5,greedy_t0,0,Greedy,with,Contingency,with,111,115,,0,,contiguous,1,"Jacob admitted to starting as the Werewolf, and Hunter claimed to be the Troublemaker who swapped Jacob's card with Sean's.",111-115,NOT_A_CANDIDATE_FORM_OUTSIDE_INVENTORY,,,,,,,True,False,111,115,NON_CONNECTIVE_LIKELY
14439,2127,Gemma 4 31B,Ego4D / 3ba069be-60fa-47fc-bd7b-f85bf649a5bd / Game3,greedy_t0,0,Greedy,with,Contingency,with,295,299,,0,,contiguous,2,"Since the Troublemaker (Kaelan) and the Doppelganger (Jessica) only swap cards between players and cannot move cards from the center, and no one claimed to be the Drunk (who is the only role that can swap with the center), the Werewolf must have remained in the center.",295-299,NOT_A_CANDIDATE_FORM_OUTSIDE_INVENTORY,,,,,,,True,False,205,209,NON_CONNECTIVE_LIKELY
14460,2130,Gemma 4 31B,Ego4D / 3ba069be-60fa-47fc-bd7b-f85bf649a5bd / Game6,greedy_t0,0,Greedy,with,Contingency,with,42,46,,0,,contiguous,1,"Daniel claims to be the Drunk who swapped with the center to become the Tanner, and he is actively volunteering to be voted out, which is consistent with the Tanner's goal.",42-46,NOT_A_CANDIDATE_FORM_OUTSIDE_INVENTORY,,,,,,,True,False,42,46,NON_CONNECTIVE_LIKELY
14462,2130,Gemma 4 31B,Ego4D / 3ba069be-60fa-47fc-bd7b-f85bf649a5bd / Game6,greedy_t0,0,Greedy,with,Contingency,with,149,153,,0,,contiguous,1,"Daniel claims to be the Drunk who swapped with the center to become the Tanner, and he is actively volunteering to be voted out, which is consistent with the Tanner's goal.",149-153,NOT_A_CANDIDATE_FORM_OUTSIDE_INVENTORY,,,,,,,True,False,42,46,NON_CONNECTIVE_LIKELY
14466,2130,Gemma 4 31B,Ego4D / 3ba069be-60fa-47fc-bd7b-f85bf649a5bd / Game6,greedy_t0,0,Greedy,with,Contingency,with,342,346,,0,,contiguous,3,"Since only one Tanner can exist, and Daniel's behavior is more consistent with the Tanner role, Kaelan's claim is likely a lie.",342-346,NOT_A_CANDIDATE_FORM_OUTSIDE_INVENTORY,,,,,,,True,False,74,78,NON_CONNECTIVE_LIKELY
14474,2131,Gemma 4 31B,Ego4D / 62c4bc58-3776-4791-ac30-4c9ca5619503 / Game10,greedy_t0,0,Greedy,with,Contingency,with,138,142,,0,,contiguous,2,"Daniel suggests Kaelan could be the Tanner or the Werewolf, but the conversation concludes with Daniel asking if they are 'all good with the center' and Kevin agreeing.",138-142,NOT_A_CANDIDATE_FORM_OUTSIDE_INVENTORY,,,,,,,True,False,91,95,NON_CONNECTIVE_LIKELY
14476,2131,Gemma 4 31B,Ego4D / 62c4bc58-3776-4791-ac30-4c9ca5619503 / Game10,greedy_t0,0,Greedy,with,Contingency,with,179,183,,0,,contiguous,2,"Daniel suggests Kaelan could be the Tanner or the Werewolf, but the conversation concludes with Daniel asking if they are 'all good with the center' and Kevin agreeing.",179-183,NOT_A_CANDIDATE_FORM_OUTSIDE_INVENTORY,,,,,,,True,False,91,95,NON_CONNECTIVE_LIKELY
14485,2132,Gemma 4 31B,Ego4D / 62c4bc58-3776-4791-ac30-4c9ca5619503 / Game11,greedy_t0,0,Greedy,given,Contingency,given,363,368,,0,,contiguous,3,"Daniel also explicitly suspected that Jessica was a 'Werewolf playing Tanner,' and given the Minion's presence, it is highly probable that Jessica is the Werewolf.",363-368,NOT_A_CANDIDATE_FORM_OUTSIDE_INVENTORY,,,,,,,True,False,83,88,CLAUSE_INITIAL_PLAUSIBLE
14515,2136,Gemma 4 31B,Ego4D / 62c4bc58-3776-4791-ac30-4c9ca5619503 / Game9,greedy_t0,0,Greedy,with,Contingency,with,172,176,,0,,contiguous,2,"This is a logical contradiction because the Robber swaps their own card with another player's; if Daniel were the Robber, he would have given the Robber card to Jessica, not found it on her.",172-176,NOT_A_CANDIDATE_FORM_OUTSIDE_INVENTORY,,,,,,,True,False,72,76,NON_CONNECTIVE_LIKELY
14517,2136,Gemma 4 31B,Ego4D / 62c4bc58-3776-4791-ac30-4c9ca5619503 / Game9,greedy_t0,0,Greedy,given,Contingency,given,236,241,,0,,contiguous,2,"This is a logical contradiction because the Robber swaps their own card with another player's; if Daniel were the Robber, he would have given the Robber card to Jessica, not found it on her.",236-241,NOT_A_CANDIDATE_FORM_OUTSIDE_INVENTORY,,,,,,,True,False,136,141,NON_CONNECTIVE_LIKELY
14518,2136,Gemma 4 31B,Ego4D / 62c4bc58-3776-4791-ac30-4c9ca5619503 / Game9,greedy_t0,0,Greedy,with,Contingency,with,320,324,,0,,contiguous,3,"This inconsistency, combined with his confusing statement 'I robbed my own card', strongly suggests he is lying about his role to hide that he is a Werewolf.",320-324,NOT_A_CANDIDATE_FORM_OUTSIDE_INVENTORY,,,,,,,True,False,29,33,NON_CONNECTIVE_LIKELY
14521,2137,Gemma 4 31B,Ego4D / 64076f60-f3fc-4ee6-93e1-3489d8ec7b12 / Game3,greedy_t0,0,Greedy,with,Contingency,with,128,132,,0,,contiguous,2,"Hailey, acting as the Robber, swapped cards with Jack, which made Hailey the Werewolf.",128-132,NOT_A_CANDIDATE_FORM_OUTSIDE_INVENTORY,,,,,,,True,False,44,48,NON_CONNECTIVE_LIKELY
14523,2137,Gemma 4 31B,Ego4D / 64076f60-f3fc-4ee6-93e1-3489d8ec7b12 / Game3,greedy_t0,0,Greedy,with,Contingency,with,241,245,,0,,contiguous,3,"Subsequently, Erin, acting as the Troublemaker, swapped Hailey's card with Brent's, meaning Brent ended the night as the Werewolf.",241-245,NOT_A_CANDIDATE_FORM_OUTSIDE_INVENTORY,,,,,,,True,False,70,74,NON_CONNECTIVE_LIKELY
14527,2138,Gemma 4 31B,Ego4D / 698f6bbe-4347-4a06-bd5d-3482f5e4fbbe / Game1,greedy_t0,0,Greedy,with,Contingency,with,86,90,,0,,contiguous,1,"James claims he was the Werewolf and that Elliot, acting as the Robber, swapped cards with him, which would make Elliot the Werewolf.",86-90,NOT_A_CANDIDATE_FORM_OUTSIDE_INVENTORY,,,,,,,True,False,86,90,NON_CONNECTIVE_LIKELY
14529,2138,Gemma 4 31B,Ego4D / 698f6bbe-4347-4a06-bd5d-3482f5e4fbbe / Game1,greedy_t0,0,Greedy,with,Contingency,with,185,189,,0,,contiguous,2,Elliot confirms that he was the Robber and swapped with James.,185-189,NOT_A_CANDIDATE_FORM_OUTSIDE_INVENTORY,,,,,,,True,False,51,55,NON_CONNECTIVE_LIKELY
14540,2140,Gemma 4 31B,Ego4D / 698f6bbe-4347-4a06-bd5d-3482f5e4fbbe / Game3,greedy_t0,0,Greedy,with,Contingency,with,147,151,,0,,contiguous,2,"She reasoned that since James (the Drunk) swapped his card with one from the center, James must now be a Werewolf.",147-151,NOT_A_CANDIDATE_FORM_OUTSIDE_INVENTORY,,,,,,,True,False,59,63,NON_CONNECTIVE_LIKELY
14551,2142,Gemma 4 31B,Youtube / Flashback##ONE#NIGHT#ULTIMATE#WEREWOLF##Retro#9 / Game2,greedy_t0,0,Greedy,given,Contingency,Given,471,476,,0,,contiguous,4,"Given the contradictions in James's claims and the supporting information from Mitchell and Justin, James is the most likely Werewolf.",471-476,NOT_A_CANDIDATE_FORM_OUTSIDE_INVENTORY,,,,,,,True,False,0,5,CLAUSE_INITIAL_PLAUSIBLE
14587,2146,Gemma 4 31B,Youtube / One#Night#Ultimate#Love#Letter##ONE#NIGHT#ULTIMATE#WEREWOLF / Game2,greedy_t0,0,Greedy,eventually,Temporal,eventually,85,95,,0,,contiguous,1,"Tyler claimed to be the Seer and identified Mitchell as the Werewolf, which Mitchell eventually admitted ('I was the werewolf').",85-95,NOT_A_CANDIDATE_FORM_OUTSIDE_INVENTORY,,,,,,,True,False,85,95,NON_CONNECTIVE_LIKELY
14597,2147,Gemma 4 31B,Youtube / One#Night#Ultimate#Love#Letter##ONE#NIGHT#ULTIMATE#WEREWOLF / Game3,greedy_t0,0,Greedy,with,Contingency,with,95,99,,0,,contiguous,2,"Tyler states he woke up with Justin, and Justin claims he copycatted into a Werewolf.",95-99,NOT_A_CANDIDATE_FORM_OUTSIDE_INVENTORY,,,,,,,True,False,24,28,NON_CONNECTIVE_LIKELY
14613,2149,Gemma 4 31B,Youtube / ONE#NIGHT#ULTIMATE#WEREWOLF##Retro#1 / Game1,greedy_t0,0,Greedy,with,Contingency,with,81,85,,0,,contiguous,1,Mitchell claimed to be the Troublemaker and stated that he switched his own card with Alvin's.,81-85,NOT_A_CANDIDATE_FORM_OUTSIDE_INVENTORY,,,,,,,True,False,81,85,NON_CONNECTIVE_LIKELY
14623,2150,Gemma 4 31B,Youtube / ONE#NIGHT#ULTIMATE#WEREWOLF##Retro#1 / Game10,greedy_t0,0,Greedy,eventually,Temporal,eventually,284,294,,0,,contiguous,3,"Justin did not provide a strong counter-claim and eventually sarcastically admitted to being the Werewolf, making him the most likely target for Team Village.",284-294,NOT_A_CANDIDATE_FORM_OUTSIDE_INVENTORY,,,,,,,True,False,50,60,CLAUSE_INITIAL_PLAUSIBLE
14636,2152,Gemma 4 31B,Youtube / ONE#NIGHT#ULTIMATE#WEREWOLF##Retro#1 / Game3,greedy_t0,0,Greedy,eventually,Temporal,eventually,227,237,,0,,contiguous,3,Both James and Mitchell eventually decide to trust Alvin's information and agree to vote for Justin.,227-237,NOT_A_CANDIDATE_FORM_OUTSIDE_INVENTORY,,,,,,,True,False,24,34,NON_CONNECTIVE_LIKELY
14650,2154,Gemma 4 31B,Youtube / ONE#NIGHT#ULTIMATE#WEREWOLF##Retro#1 / Game5,greedy_t0,0,Greedy,given,Contingency,Given,306,311,,0,,contiguous,3,"Given the contradictions and the social dynamics of the discussion, Mitchell is the most likely candidate to be the Werewolf attempting to frame Alvin.",306-311,NOT_A_CANDIDATE_FORM_OUTSIDE_INVENTORY,,,,,,,True,False,0,5,CLAUSE_INITIAL_PLAUSIBLE
14653,2155,Gemma 4 31B,Youtube / ONE#NIGHT#ULTIMATE#WEREWOLF##Retro#1 / Game6,greedy_t0,0,Greedy,with,Contingency,with,132,136,,0,,contiguous,2,"Justin claims to be the Robber who swapped cards with Alvin, which allows him to verify that Alvin was the Seer.",132-136,NOT_A_CANDIDATE_FORM_OUTSIDE_INVENTORY,,,,,,,True,False,49,53,NON_CONNECTIVE_LIKELY
14656,2155,Gemma 4 31B,Youtube / ONE#NIGHT#ULTIMATE#WEREWOLF##Retro#1 / Game6,greedy_t0,0,Greedy,given,Contingency,given,379,384,,0,,contiguous,4,"Mitchell claims to be a Villager, and there is no evidence to suggest he is a Werewolf; given the consistency of the other three roles, it is highly probable that the Werewolf card is in the center.",379-384,NOT_A_CANDIDATE_FORM_OUTSIDE_INVENTORY,,,,,,,True,False,88,93,CLAUSE_INITIAL_PLAUSIBLE
14684,2160,Gemma 4 31B,Youtube / ONE#NIGHT#ULTIMATE#WEREWOLF##Retro#2 / Game2,greedy_t0,0,Greedy,with,Contingency,with,373,377,,0,,contiguous,3,"In a game with five players where four claim village roles, the player without a claim is the most likely candidate for the Werewolf.",373-377,NOT_A_CANDIDATE_FORM_OUTSIDE_INVENTORY,,,,,,,True,False,10,14,NON_CONNECTIVE_LIKELY
14685,2160,Gemma 4 31B,Youtube / ONE#NIGHT#ULTIMATE#WEREWOLF##Retro#2 / Game2,greedy_t0,0,Greedy,without,Contingency,without,434,441,,0,,contiguous,3,"In a game with five players where four claim village roles, the player without a claim is the most likely candidate for the Werewolf.",434-441,NOT_A_CANDIDATE_FORM_OUTSIDE_INVENTORY,,,,,,,True,False,71,78,NON_CONNECTIVE_LIKELY
14689,2161,Gemma 4 31B,Youtube / ONE#NIGHT#ULTIMATE#WEREWOLF##Retro#2 / Game3,greedy_t0,0,Greedy,with,Contingency,with,108,112,,0,,contiguous,1,"Justin explicitly admitted to being a werewolf during the discussion ('I was a werewolf'), and later agreed with Mitchell's assertion that he is a werewolf.",108-112,NOT_A_CANDIDATE_FORM_OUTSIDE_INVENTORY,,,,,,,True,False,108,112,NON_CONNECTIVE_LIKELY
14699,2162,Gemma 4 31B,Youtube / ONE#NIGHT#ULTIMATE#WEREWOLF##Retro#2 / Game4,greedy_t0,0,Greedy,without,Contingency,without,135,142,,0,,contiguous,2,"Mike's defense is weak, claiming only to be the Troublemaker without providing specific evidence to counter Dan's claim.",135-142,NOT_A_CANDIDATE_FORM_OUTSIDE_INVENTORY,,,,,,,True,False,61,68,NON_CONNECTIVE_LIKELY
14706,2163,Gemma 4 31B,Youtube / ONE#NIGHT#ULTIMATE#WEREWOLF##Retro#2 / Game5,greedy_t0,0,Greedy,with,Contingency,with,273,277,,0,,contiguous,2,"Mike supports this claim, and Justin's defense—claiming to be the Seer who saw two Villagers in the center—is a common bluff used by Werewolves to appear aligned with the Village.",273-277,NOT_A_CANDIDATE_FORM_OUTSIDE_INVENTORY,,,,,,,True,False,162,166,NON_CONNECTIVE_LIKELY
14716,2164,Gemma 4 31B,Youtube / ONE#NIGHT#ULTIMATE#WEREWOLF##Retro#2 / Game6,greedy_t0,0,Greedy,with,Contingency,with,308,312,,0,,contiguous,4,"If Justin was the Werewolf and was swapped with Mitchell, Mitchell is now the Werewolf.",308-312,NOT_A_CANDIDATE_FORM_OUTSIDE_INVENTORY,,,,,,,True,False,43,47,NON_CONNECTIVE_LIKELY
14722,2165,Gemma 4 31B,Youtube / ONE#NIGHT#ULTIMATE#WEREWOLF##Retro#2 / Game7,greedy_t0,0,Greedy,with,Contingency,with,234,238,,0,,contiguous,2,"He initially claims to be the Seer who looked at two cards in the center, but later explicitly claims to be the Robber who switched cards with Dan.",234-238,NOT_A_CANDIDATE_FORM_OUTSIDE_INVENTORY,,,,,,,True,False,138,142,NON_CONNECTIVE_LIKELY
14733,2167,Gemma 4 31B,Youtube / ONE#NIGHT#ULTIMATE#WEREWOLF##Retro#3 / Game2,greedy_t0,0,Greedy,with,Contingency,with,95,99,,0,,contiguous,1,"Mitchell claims to be the Robber and states he stole a Villager card from Justin, which aligns with Justin's claim of being a Villager.",95-99,NOT_A_CANDIDATE_FORM_OUTSIDE_INVENTORY,,,,,,,True,False,95,99,NON_CONNECTIVE_LIKELY
14736,2167,Gemma 4 31B,Youtube / ONE#NIGHT#ULTIMATE#WEREWOLF##Retro#3 / Game2,greedy_t0,0,Greedy,given,Contingency,Given,268,273,,0,,contiguous,3,"Given the contradictions in Mike's behavior and the consensus among the other players, Mike is the most likely Werewolf.",268-273,NOT_A_CANDIDATE_FORM_OUTSIDE_INVENTORY,,,,,,,True,False,0,5,CLAUSE_INITIAL_PLAUSIBLE
14740,2168,Gemma 4 31B,Youtube / ONE#NIGHT#ULTIMATE#WEREWOLF##Retro#3 / Game3,greedy_t0,0,Greedy,with,Contingency,with,162,166,,0,,contiguous,2,"Mike supports this claim by stating he was the Robber and swapped cards with Mitchell, which would confirm Mitchell's starting role as the Seer.",162-166,NOT_A_CANDIDATE_FORM_OUTSIDE_INVENTORY,,,,,,,True,False,72,76,NON_CONNECTIVE_LIKELY
14751,2169,Gemma 4 31B,Youtube / ONE#NIGHT#ULTIMATE#WEREWOLF##Retro#3 / Game4,greedy_t0,0,Greedy,given,Contingency,Given,333,338,,0,,contiguous,3,"Given these contradictions, Mike is the most likely candidate to be the Werewolf bluffing as the Robber.",333-338,NOT_A_CANDIDATE_FORM_OUTSIDE_INVENTORY,,,,,,,True,False,0,5,CLAUSE_INITIAL_PLAUSIBLE
14764,2171,Gemma 4 31B,Youtube / ONE#NIGHT#ULTIMATE#WEREWOLF##Retro#3 / Game6,greedy_t0,0,Greedy,given,Contingency,Given,353,358,,0,,contiguous,4,"Given the specific claim from Mike and the supporting sentiment from Mitchell, the most likely scenario for a Village win is that no Werewolf is present among the players.",353-358,NOT_A_CANDIDATE_FORM_OUTSIDE_INVENTORY,,,,,,,True,False,0,5,CLAUSE_INITIAL_PLAUSIBLE
14774,2172,Gemma 4 31B,Youtube / ONE#NIGHT#ULTIMATE#WEREWOLF##Retro#3 / Game7,greedy_t0,0,Greedy,with,Contingency,with,238,242,,0,,contiguous,3,"If James was the Tanner and was swapped with the Seer, James is now the Seer and would logically want to identify the Werewolf, which he does by pointing to Mitchell.",238-242,NOT_A_CANDIDATE_FORM_OUTSIDE_INVENTORY,,,,,,,True,False,40,44,NON_CONNECTIVE_LIKELY
14777,2172,Gemma 4 31B,Youtube / ONE#NIGHT#ULTIMATE#WEREWOLF##Retro#3 / Game7,greedy_t0,0,Greedy,with,Contingency,with,437,441,,0,,contiguous,4,"Furthermore, Mitchell's protest against being voted out is inconsistent with the Tanner's goal of being eliminated, suggesting he is actually the Werewolf bluffing as the Tanner.",437-441,NOT_A_CANDIDATE_FORM_OUTSIDE_INVENTORY,,,,,,,True,False,72,76,NON_CONNECTIVE_LIKELY
14815,2177,Gemma 4 31B,Youtube / ONE#NIGHT#ULTIMATE#WEREWOLF##Retro#4 / Game4,greedy_t0,0,Greedy,with,Contingency,with,171,175,,0,,contiguous,2,"Mitchell claimed to be the Drunk and swapped his card with one from the center, meaning he potentially became a Werewolf.",171-175,NOT_A_CANDIDATE_FORM_OUTSIDE_INVENTORY,,,,,,,True,False,54,58,NON_CONNECTIVE_LIKELY
14816,2177,Gemma 4 31B,Youtube / ONE#NIGHT#ULTIMATE#WEREWOLF##Retro#4 / Game4,greedy_t0,0,Greedy,without,Contingency,without,304,311,,0,,contiguous,3,Mitchell's desperate attempts to deflect suspicion onto Caitlynn without any evidence strongly suggest he is bluffing to avoid elimination.,304-311,NOT_A_CANDIDATE_FORM_OUTSIDE_INVENTORY,,,,,,,True,False,65,72,NON_CONNECTIVE_LIKELY
14820,2178,Gemma 4 31B,Youtube / ONE#NIGHT#ULTIMATE#WEREWOLF##Retro#4 / Game5,greedy_t0,0,Greedy,with,Contingency,with,184,188,,0,,contiguous,2,"James admitted to being the Robber and robbing Justin, which means James swapped his card with Justin's.",184-188,NOT_A_CANDIDATE_FORM_OUTSIDE_INVENTORY,,,,,,,True,False,90,94,NON_CONNECTIVE_LIKELY
14831,2179,Gemma 4 31B,Youtube / ONE#NIGHT#ULTIMATE#WEREWOLF##Retro#4 / Game6,greedy_t0,0,Greedy,with,Contingency,with,415,419,,0,,contiguous,4,"This inconsistency, combined with his explicit request to be voted out, makes him the most suspicious player, likely acting as either the Werewolf or the Tanner.",415-419,NOT_A_CANDIDATE_FORM_OUTSIDE_INVENTORY,,,,,,,True,False,29,33,NON_CONNECTIVE_LIKELY
14842,2180,Gemma 4 31B,Youtube / ONE#NIGHT#ULTIMATE#WEREWOLF##Retro#4 / Game7,greedy_t0,0,Greedy,with,Contingency,with,465,469,,0,,contiguous,4,Justin's attempt to push the vote toward Caitlynn is consistent with a Minion trying to trick the village into voting someone out to secure a Team Werewolf win when no werewolves are present.,465-469,NOT_A_CANDIDATE_FORM_OUTSIDE_INVENTORY,,,,,,,True,False,64,68,NON_CONNECTIVE_LIKELY
14855,2182,Gemma 4 31B,Youtube / ONE#NIGHT#ULTIMATE#WEREWOLF##Retro#5 / Game1,greedy_t0,0,Greedy,given,Contingency,given,72,77,,0,,contiguous,1,"Mitchell claims to be the Seer and states he saw two werewolves, which, given the game's constraints, implies the werewolf cards are in the center.",72-77,NOT_A_CANDIDATE_FORM_OUTSIDE_INVENTORY,,,,,,,True,False,72,77,CLAUSE_INITIAL_PLAUSIBLE
14867,2184,Gemma 4 31B,Youtube / ONE#NIGHT#ULTIMATE#WEREWOLF##Retro#5 / Game3,greedy_t0,0,Greedy,given,Contingency,Given,267,272,,0,,contiguous,5,"Given these statements, Paul is the most likely candidate for the Werewolf role.",267-272,NOT_A_CANDIDATE_FORM_OUTSIDE_INVENTORY,,,,,,,True,False,0,5,CLAUSE_INITIAL_PLAUSIBLE
14869,2185,Gemma 4 31B,Youtube / ONE#NIGHT#ULTIMATE#WEREWOLF##Retro#5 / Game4,greedy_t0,0,Greedy,with,Contingency,with,54,58,,0,,contiguous,1,Justin's claim to be the Troublemaker is inconsistent with Mitchell's claim to have woken up as the Insomniac.,54-58,NOT_A_CANDIDATE_FORM_OUTSIDE_INVENTORY,,,,,,,True,False,54,58,NON_CONNECTIVE_LIKELY
14882,2186,Gemma 4 31B,Youtube / ONE#NIGHT#ULTIMATE#WEREWOLF##Retro#5 / Game5,greedy_t0,0,Greedy,given,Contingency,Given,327,332,,0,,contiguous,4,"Given the admission and the supporting claims, Justin is the most likely Werewolf.",327-332,NOT_A_CANDIDATE_FORM_OUTSIDE_INVENTORY,,,,,,,True,False,0,5,CLAUSE_INITIAL_PLAUSIBLE
14902,2188,Gemma 4 31B,Youtube / ONE#NIGHT#ULTIMATE#WEREWOLF##Retro#5 / Game7,greedy_t0,0,Greedy,with,Contingency,with,397,401,,0,,contiguous,3,"Justin and Mitchell claimed roles (Insomniac and Troublemaker) that are consistent with each other, making Paul the most suspicious player.",397-401,NOT_A_CANDIDATE_FORM_OUTSIDE_INVENTORY,,,,,,,True,False,83,87,NON_CONNECTIVE_LIKELY
14903,2189,Gemma 4 31B,Youtube / ONE#NIGHT#ULTIMATE#WEREWOLF##Retro#5 / Game8,greedy_t0,0,Greedy,with,Contingency,with,35,39,,0,,contiguous,1,"The players' claims are consistent with each other: Paul claims he started as the Insomniac, and Mitchell claims he was the Robber and stole the Insomniac card from Paul.",35-39,NOT_A_CANDIDATE_FORM_OUTSIDE_INVENTORY,,,,,,,True,False,35,39,NON_CONNECTIVE_LIKELY
14912,2190,Gemma 4 31B,Youtube / ONE#NIGHT#ULTIMATE#WEREWOLF#-#Drinking#Play#Through / Game1,greedy_t0,0,Greedy,with,Contingency,with,104,108,,0,,contiguous,2,"He first states he traded cards with Haak (Line 53), but later claims he looked at Meryl and discovered she was the Seer (Line 147).",104-108,NOT_A_CANDIDATE_FORM_OUTSIDE_INVENTORY,,,,,,,True,False,32,36,NON_CONNECTIVE_LIKELY
14917,2190,Gemma 4 31B,Youtube / ONE#NIGHT#ULTIMATE#WEREWOLF#-#Drinking#Play#Through / Game1,greedy_t0,0,Greedy,with,Contingency,with,236,240,,0,,contiguous,3,"Since the Robber can only swap with one player per game, Jordan2 is lying about his actions.",236-240,NOT_A_CANDIDATE_FORM_OUTSIDE_INVENTORY,,,,,,,True,False,31,35,NON_CONNECTIVE_LIKELY
14918,2190,Gemma 4 31B,Youtube / ONE#NIGHT#ULTIMATE#WEREWOLF#-#Drinking#Play#Through / Game1,greedy_t0,0,Greedy,with,Contingency,with,334,338,,0,,contiguous,4,"This pattern of deception, combined with his aggressive attempts to redirect votes toward Sarah and Jordan1, strongly suggests he is a member of Team Werewolf.",334-338,NOT_A_CANDIDATE_FORM_OUTSIDE_INVENTORY,,,,,,,True,False,36,40,NON_CONNECTIVE_LIKELY
14925,2192,Gemma 4 31B,Youtube / ONE#NIGHT#ULTIMATE#WEREWOLF#1##July#5th#2016 / Game2,greedy_t0,0,Greedy,with,Contingency,with,108,112,,0,,contiguous,1,"James (Seer) claims to have seen the Revealer card in the center, and Justin (Drunk) claims to have swapped with the center to become the Revealer.",108-112,NOT_A_CANDIDATE_FORM_OUTSIDE_INVENTORY,,,,,,,True,False,108,112,NON_CONNECTIVE_LIKELY
14945,2194,Gemma 4 31B,Youtube / ONE#NIGHT#ULTIMATE#WEREWOLF#10##November#6th#2016 / Game1,greedy_t0,0,Greedy,with,Contingency,with,490,494,,0,,contiguous,5,"Since the Tanner is not a Werewolf, and the other players' claims are consistent with Team Village roles, it is most likely that no Werewolf is present among the players.",490-494,NOT_A_CANDIDATE_FORM_OUTSIDE_INVENTORY,,,,,,,True,False,81,85,NON_CONNECTIVE_LIKELY
14958,2195,Gemma 4 31B,Youtube / ONE#NIGHT#ULTIMATE#WEREWOLF#13##July#29th#2017 / Game1,greedy_t0,0,Greedy,given,Contingency,Given,558,563,,0,,contiguous,4,"Given the public discussion, she is the most probable target for elimination.",558-563,NOT_A_CANDIDATE_FORM_OUTSIDE_INVENTORY,,,,,,,True,False,0,5,CLAUSE_INITIAL_PLAUSIBLE
14981,2198,Gemma 4 31B,Youtube / ONE#NIGHT#ULTIMATE#WEREWOLF#14##August#26th#2017 / Game1,greedy_t0,0,Greedy,given that,Contingency,Given that,336,346,,0,,contiguous,3,"Given that the other players (Mitchell and Mike), who claim to be the Insomniac and Seer, are leaning towards voting for Justin, he is the most likely candidate for the Werewolf.",336-346,NOT_A_CANDIDATE_FORM_OUTSIDE_INVENTORY,,,,,,,True,False,0,10,CLAUSE_INITIAL_PLAUSIBLE
15010,2203,Gemma 4 31B,Youtube / ONE#NIGHT#ULTIMATE#WEREWOLF#26##January#20th#2018 / Game3,greedy_t0,0,Greedy,with,Contingency,with,132,136,,0,,contiguous,2,Meghan (claiming Drunk) admitted to swapping her card with one from the center.,132-136,NOT_A_CANDIDATE_FORM_OUTSIDE_INVENTORY,,,,,,,True,False,54,58,NON_CONNECTIVE_LIKELY
15039,2206,Gemma 4 31B,Youtube / ONE#NIGHT#ULTIMATE#WEREWOLF#28##February#17th#2018 / Game3,greedy_t0,0,Greedy,given,Contingency,Given,387,392,,0,,contiguous,4,"Given the direct accusation from the claimed Seer, Justin is the most likely candidate for the Werewolf.",387-392,NOT_A_CANDIDATE_FORM_OUTSIDE_INVENTORY,,,,,,,True,False,0,5,CLAUSE_INITIAL_PLAUSIBLE
15091,2212,Gemma 4 31B,Youtube / One#Night#Ultimate#Werewolf#361#Classic#Werewolf / Game1,greedy_t0,0,Greedy,with,Contingency,with,408,412,,0,,contiguous,3,"Other players' claims (Brett as Troublemaker, Kelsey as Robber, Pete as Mason) are more consistent with Team Village roles, and George's claim of not waking up is consistent with a Villager or Tanner.",408-412,NOT_A_CANDIDATE_FORM_OUTSIDE_INVENTORY,,,,,,,True,False,99,103,NON_CONNECTIVE_LIKELY
15093,2212,Gemma 4 31B,Youtube / One#Night#Ultimate#Werewolf#361#Classic#Werewolf / Game1,greedy_t0,0,Greedy,with,Contingency,with,483,487,,0,,contiguous,3,"Other players' claims (Brett as Troublemaker, Kelsey as Robber, Pete as Mason) are more consistent with Team Village roles, and George's claim of not waking up is consistent with a Villager or Tanner.",483-487,NOT_A_CANDIDATE_FORM_OUTSIDE_INVENTORY,,,,,,,True,False,99,103,NON_CONNECTIVE_LIKELY
15098,2213,Gemma 4 31B,Youtube / One#Night#Ultimate#Werewolf#362#More#Classic#Werewolf / Game1,greedy_t0,0,Greedy,without,Contingency,without,205,212,,0,,contiguous,2,"While the Minion is not the Werewolf, it is common for the Werewolf to bluff as the Minion to admit to being on the 'evil' team without being the primary target for elimination.",205-212,NOT_A_CANDIDATE_FORM_OUTSIDE_INVENTORY,,,,,,,True,False,128,135,NON_CONNECTIVE_LIKELY
15102,2213,Gemma 4 31B,Youtube / One#Night#Ultimate#Werewolf#362#More#Classic#Werewolf / Game1,greedy_t0,0,Greedy,with,Contingency,with,457,461,,0,,contiguous,4,"Since Pete is the only player who has explicitly aligned himself with Team Werewolf, he is the most probable candidate for the Werewolf role.",457-461,NOT_A_CANDIDATE_FORM_OUTSIDE_INVENTORY,,,,,,,True,False,65,69,NON_CONNECTIVE_LIKELY
15108,2214,Gemma 4 31B,Youtube / One#Night#Ultimate#Werewolf#363#Even#More#Classic#Werewolf / Game1,greedy_t0,0,Greedy,with,Contingency,with,206,210,,0,,contiguous,2,"According to the game rules, the Drunk swaps their card with one from the center without looking at it, meaning Dylan could not possibly know the contents of the center cards if he were the Drunk.",206-210,NOT_A_CANDIDATE_FORM_OUTSIDE_INVENTORY,,,,,,,True,False,56,60,NON_CONNECTIVE_LIKELY
15109,2214,Gemma 4 31B,Youtube / One#Night#Ultimate#Werewolf#363#Even#More#Classic#Werewolf / Game1,greedy_t0,0,Greedy,without,Contingency,without,231,238,,0,,contiguous,2,"According to the game rules, the Drunk swaps their card with one from the center without looking at it, meaning Dylan could not possibly know the contents of the center cards if he were the Drunk.",231-238,NOT_A_CANDIDATE_FORM_OUTSIDE_INVENTORY,,,,,,,True,False,81,88,NON_CONNECTIVE_LIKELY
15111,2214,Gemma 4 31B,Youtube / One#Night#Ultimate#Werewolf#363#Even#More#Classic#Werewolf / Game1,greedy_t0,0,Greedy,with,Contingency,with,384,388,,0,,contiguous,3,"This logical contradiction, combined with his plea not to be voted out (Line 299), strongly suggests he is a Werewolf attempting to deceive the village into believing no Werewolves are present to avoid elimination.",384-388,NOT_A_CANDIDATE_FORM_OUTSIDE_INVENTORY,,,,,,,True,False,37,41,NON_CONNECTIVE_LIKELY
15118,2215,Gemma 4 31B,Youtube / ONE#NIGHT#ULTIMATE#WEREWOLF#37##April#21st#2018 / Game2,greedy_t0,0,Greedy,given,Contingency,Given,346,351,,0,,contiguous,4,"Given the evidence and the consensus among other players like Justin and Mitchell, Mike is the most likely candidate for the Werewolf.",346-351,NOT_A_CANDIDATE_FORM_OUTSIDE_INVENTORY,,,,,,,True,False,0,5,CLAUSE_INITIAL_PLAUSIBLE
15153,2220,Gemma 4 31B,Youtube / ONE#NIGHT#ULTIMATE#WEREWOLF#39##April#21st#2018 / Game3,greedy_t0,0,Greedy,eventually,Temporal,eventually,224,234,,0,,contiguous,2,"Justin's claims were inconsistent; he first stated he saw a 'Witch' in the center, then later claimed the middle card was the 'Tanner', and eventually admitted he was lying to bait Mike.",224-234,NOT_A_CANDIDATE_FORM_OUTSIDE_INVENTORY,,,,,,,True,False,140,150,CLAUSE_INITIAL_PLAUSIBLE
15154,2220,Gemma 4 31B,Youtube / ONE#NIGHT#ULTIMATE#WEREWOLF#39##April#21st#2018 / Game3,greedy_t0,0,Greedy,given,Contingency,Given,336,341,,0,,contiguous,4,"Given Justin's erratic behavior and contradictions, he is the most likely candidate for the Werewolf.",336-341,NOT_A_CANDIDATE_FORM_OUTSIDE_INVENTORY,,,,,,,True,False,0,5,CLAUSE_INITIAL_PLAUSIBLE
15175,2223,Gemma 4 31B,Youtube / ONE#NIGHT#ULTIMATE#WEREWOLF#4##July#14th#2016 / Game3,greedy_t0,0,Greedy,with,Contingency,with,199,203,,0,,contiguous,2,"Justin stole the Drunk card from Paul, and Mike swapped Paul (now Robber) with Mitchell (Seer), meaning Paul held the Seer card when he woke up as the Drunk.",199-203,NOT_A_CANDIDATE_FORM_OUTSIDE_INVENTORY,,,,,,,True,False,74,78,NON_CONNECTIVE_LIKELY
15194,2225,Gemma 4 31B,Youtube / ONE#NIGHT#ULTIMATE#WEREWOLF#43##October#13th#2018 / Game3,greedy_t0,0,Greedy,with,Contingency,with,188,192,,0,,contiguous,2,"Paul claims to be the Tanner, and Mike and Mitchell claim roles aligned with Team Village (Robber and Troublemaker, respectively).",188-192,NOT_A_CANDIDATE_FORM_OUTSIDE_INVENTORY,,,,,,,True,False,72,76,NON_CONNECTIVE_LIKELY
15235,2230,Gemma 4 31B,Youtube / ONE#NIGHT#ULTIMATE#WEREWOLF#44##October#13th#2018 / Game4,greedy_t0,0,Greedy,with,Contingency,with,344,348,,0,,contiguous,3,"Justin and Mitchell have made claims consistent with non-werewolf roles, making Paul the most likely candidate for elimination.",344-348,NOT_A_CANDIDATE_FORM_OUTSIDE_INVENTORY,,,,,,,True,False,48,52,NON_CONNECTIVE_LIKELY
15276,2235,Gemma 4 31B,Youtube / One#Night#Ultimate#Werewolf#492#More#Classic#Werewolf / Game1,greedy_t0,0,Greedy,with,Contingency,with,432,436,,0,,contiguous,3,"While Pete initially confessed to being the Werewolf, his later accusations against Dustin and Brett, combined with their synchronized effort to frame Katie, suggest that Dustin and Brett are the actual Werewolf team.",432-436,NOT_A_CANDIDATE_FORM_OUTSIDE_INVENTORY,,,,,,,True,False,111,115,NON_CONNECTIVE_LIKELY
15282,2236,Gemma 4 31B,Youtube / One#Night#Ultimate#Werewolf#493#Even#More#Classic#Werewolf / Game1,greedy_t0,0,Greedy,eventually,Temporal,eventually,144,154,,0,,contiguous,2,"Dustin claimed to be the Drunk, and Katie eventually admitted to being the Tanner.",144-154,NOT_A_CANDIDATE_FORM_OUTSIDE_INVENTORY,,,,,,,True,False,42,52,NON_CONNECTIVE_LIKELY
15289,2237,Gemma 4 31B,Youtube / ONE#NIGHT#ULTIMATE#WEREWOLF#5##October#29th#2016 / Game1,greedy_t0,0,Greedy,with,Contingency,with,207,211,,0,,contiguous,3,"Since the Troublemaker swapped Chris's card with Mike's, Mike is now the Werewolf.",207-211,NOT_A_CANDIDATE_FORM_OUTSIDE_INVENTORY,,,,,,,True,False,44,48,NON_CONNECTIVE_LIKELY
15295,2238,Gemma 4 31B,Youtube / One#Night#Ultimate#Werewolf#531#Classic#ONUW / Game1,greedy_t0,0,Greedy,with,Contingency,with,112,116,,0,,contiguous,1,"Brett admitted to starting as the Werewolf, and DeAndre claimed to be the Troublemaker who swapped Brett's card with Katie's.",112-116,NOT_A_CANDIDATE_FORM_OUTSIDE_INVENTORY,,,,,,,True,False,112,116,NON_CONNECTIVE_LIKELY
15321,2241,Gemma 4 31B,Youtube / ONE#NIGHT#ULTIMATE#WEREWOLF#55##January#26th#2019 / Game3,greedy_t0,0,Greedy,given that,Contingency,Given that,212,222,,0,,contiguous,3,"Given that the rest of the players (Mike, Mitchell, Caitlynn, and Brad) have converged on Justin, and there is no definitive evidence pointing to any other player as the Werewolf, Justin is the most likely candidate for elimination to achieve a Village win.",212-222,NOT_A_CANDIDATE_FORM_OUTSIDE_INVENTORY,,,,,,,True,False,0,10,CLAUSE_INITIAL_PLAUSIBLE
15332,2243,Gemma 4 31B,Youtube / ONE#NIGHT#ULTIMATE#WEREWOLF#6##November#6th#2016 / Game2,greedy_t0,0,Greedy,with,Contingency,with,167,171,,0,,contiguous,2,"Mitchell claimed to be the Drunk, who swaps their card with one from the center at the end of the night.",167-171,NOT_A_CANDIDATE_FORM_OUTSIDE_INVENTORY,,,,,,,True,False,55,59,NON_CONNECTIVE_LIKELY
15334,2243,Gemma 4 31B,Youtube / ONE#NIGHT#ULTIMATE#WEREWOLF#6##November#6th#2016 / Game2,greedy_t0,0,Greedy,eventually,Temporal,eventually,326,336,,0,,contiguous,4,"Mitchell eventually admitted, 'I was the werewolf,' confirming the suspicion.",326-336,NOT_A_CANDIDATE_FORM_OUTSIDE_INVENTORY,,,,,,,True,False,9,19,NON_CONNECTIVE_LIKELY
15377,2249,Gemma 4 31B,Youtube / ONE#NIGHT#ULTIMATE#WEREWOLF#64##March#23rd#2019 / Game5,greedy_t0,0,Greedy,with,Contingency,with,153,157,,0,,contiguous,2,"According to the game rules, the Robber swaps their card with another player and takes on that role.",153-157,NOT_A_CANDIDATE_FORM_OUTSIDE_INVENTORY,,,,,,,True,False,57,61,NON_CONNECTIVE_LIKELY
15381,2249,Gemma 4 31B,Youtube / ONE#NIGHT#ULTIMATE#WEREWOLF#64##March#23rd#2019 / Game5,greedy_t0,0,Greedy,with,Contingency,with,352,356,,0,,contiguous,4,Paul's subsequent attempt to divert the vote toward Justin (T121) is consistent with a Werewolf trying to avoid elimination.,352-356,NOT_A_CANDIDATE_FORM_OUTSIDE_INVENTORY,,,,,,,True,False,80,84,NON_CONNECTIVE_LIKELY
15383,2250,Gemma 4 31B,Youtube / ONE#NIGHT#ULTIMATE#WEREWOLF#7##November#6th#2016 / Game1,greedy_t0,0,Greedy,with,Contingency,with,132,136,,0,,contiguous,2,"Mitchell stated that he swapped Caitlynn with Alana, which would make Alana the final Werewolf.",132-136,NOT_A_CANDIDATE_FORM_OUTSIDE_INVENTORY,,,,,,,True,False,41,45,NON_CONNECTIVE_LIKELY
15398,2251,Gemma 4 31B,Youtube / ONE#NIGHT#ULTIMATE#WEREWOLF#7##November#6th#2016 / Game2,greedy_t0,0,Greedy,given,Contingency,Given,334,339,,0,,contiguous,3,"Given the evidence and the players' consensus, Caitlynn is the most likely candidate for elimination to ensure a Village victory.",334-339,NOT_A_CANDIDATE_FORM_OUTSIDE_INVENTORY,,,,,,,True,False,0,5,CLAUSE_INITIAL_PLAUSIBLE
15419,2254,Gemma 4 31B,Youtube / ONE#NIGHT#ULTIMATE#WEREWOLF#8##November#6th#2016 / Game1,greedy_t0,0,Greedy,with,Contingency,with,233,237,,0,,contiguous,2,"While he attempts to divert votes by suggesting the group 'vote left,' his explicit admission of being the Werewolf, combined with the other players' suspicion, makes him the primary target.",233-237,NOT_A_CANDIDATE_FORM_OUTSIDE_INVENTORY,,,,,,,True,False,126,130,NON_CONNECTIVE_LIKELY
15421,2254,Gemma 4 31B,Youtube / ONE#NIGHT#ULTIMATE#WEREWOLF#8##November#6th#2016 / Game1,greedy_t0,0,Greedy,with,Contingency,with,342,346,,0,,contiguous,3,"Even if Matt (the Robber) had swapped roles with him, Mitchell's chaotic claims are characteristic of either a Werewolf attempting a confusing bluff or a Tanner trying to attract votes; however, given the available information, he is the most likely candidate for elimination to secure a Village win.",342-346,NOT_A_CANDIDATE_FORM_OUTSIDE_INVENTORY,,,,,,,True,False,44,48,NON_CONNECTIVE_LIKELY
15424,2254,Gemma 4 31B,Youtube / ONE#NIGHT#ULTIMATE#WEREWOLF#8##November#6th#2016 / Game1,greedy_t0,0,Greedy,given,Contingency,given,493,498,,0,,contiguous,3,"Even if Matt (the Robber) had swapped roles with him, Mitchell's chaotic claims are characteristic of either a Werewolf attempting a confusing bluff or a Tanner trying to attract votes; however, given the available information, he is the most likely candidate for elimination to secure a Village win.",493-498,NOT_A_CANDIDATE_FORM_OUTSIDE_INVENTORY,,,,,,,True,False,195,200,CLAUSE_INITIAL_PLAUSIBLE
15431,2255,Gemma 4 31B,Youtube / ONE#NIGHT#ULTIMATE#WEREWOLF#8##November#6th#2016 / Game4,greedy_t0,0,Greedy,without,Contingency,without,182,189,,0,,contiguous,2,"However, the Troublemaker swaps two other players' cards without looking at them, meaning Mike could not possibly know the roles of the players he swapped.",182-189,NOT_A_CANDIDATE_FORM_OUTSIDE_INVENTORY,,,,,,,True,False,57,64,NON_CONNECTIVE_LIKELY
15432,2255,Gemma 4 31B,Youtube / ONE#NIGHT#ULTIMATE#WEREWOLF#8##November#6th#2016 / Game4,greedy_t0,0,Greedy,with,Contingency,with,335,339,,0,,contiguous,3,"This fundamental contradiction in his claim, combined with his attempt to frame Alana as the Werewolf, strongly indicates that he is bluffing to protect himself as a Werewolf.",335-339,NOT_A_CANDIDATE_FORM_OUTSIDE_INVENTORY,,,,,,,True,False,54,58,NON_CONNECTIVE_LIKELY
15455,2258,Gemma 4 31B,Youtube / ONE#NIGHT#ULTIMATE#WEREWOLF#86##November#9th#2019 / Game1,greedy_t0,0,Greedy,with,Contingency,with,229,233,,0,,contiguous,2,Justin claims to be the Troublemaker and states he switched Mike with Paul.,229-233,NOT_A_CANDIDATE_FORM_OUTSIDE_INVENTORY,,,,,,,True,False,65,69,NON_CONNECTIVE_LIKELY
15460,2258,Gemma 4 31B,Youtube / ONE#NIGHT#ULTIMATE#WEREWOLF#86##November#9th#2019 / Game1,greedy_t0,0,Greedy,with,Contingency,with,427,431,,0,,contiguous,4,"Paul's behavior—openly inviting votes and suggesting he needs to die—is characteristic of the Tanner, but if he was swapped with a Werewolf, he becomes the target for a Village win.",427-431,NOT_A_CANDIDATE_FORM_OUTSIDE_INVENTORY,,,,,,,True,False,124,128,NON_CONNECTIVE_LIKELY
15468,2259,Gemma 4 31B,Youtube / ONE#NIGHT#ULTIMATE#WEREWOLF#86##November#9th#2019 / Game3,greedy_t0,0,Greedy,given,Contingency,Given,402,407,,0,,contiguous,4,"Given Justin's erratic behavior and contradictory roles, he is the most likely candidate for the werewolf.",402-407,NOT_A_CANDIDATE_FORM_OUTSIDE_INVENTORY,,,,,,,True,False,0,5,CLAUSE_INITIAL_PLAUSIBLE
15473,2260,Gemma 4 31B,Youtube / ONE#NIGHT#ULTIMATE#WEREWOLF#86##November#9th#2019 / Game4,greedy_t0,0,Greedy,eventually,Temporal,eventually,78,88,,0,,contiguous,2,Mitchell eventually admits he started as a lone Werewolf.,78-88,NOT_A_CANDIDATE_FORM_OUTSIDE_INVENTORY,,,,,,,True,False,9,19,NON_CONNECTIVE_LIKELY
15487,2261,Gemma 4 31B,Youtube / ONE#NIGHT#ULTIMATE#WEREWOLF#87##November#9th#2019 / Game1,greedy_t0,0,Greedy,despite,Comparison,despite,204,211,,0,,contiguous,2,"However, he later contradicts himself by claiming that Mitchell now holds the 'copycat' card (which he calls a 'bad role'), despite his own claim that he only swapped Justin and Paul.",204-211,NOT_A_CANDIDATE_FORM_OUTSIDE_INVENTORY,,,,,,,True,False,124,131,UNCLEAR
15489,2261,Gemma 4 31B,Youtube / ONE#NIGHT#ULTIMATE#WEREWOLF#87##November#9th#2019 / Game1,greedy_t0,0,Greedy,with,Contingency,with,310,314,,0,,contiguous,3,"This inconsistency in his narrative, combined with his aggressive attempt to frame Mitchell and Justin's suspicion of him, suggests that Mike is lying to divert attention from himself.",310-314,NOT_A_CANDIDATE_FORM_OUTSIDE_INVENTORY,,,,,,,True,False,46,50,NON_CONNECTIVE_LIKELY
15510,2264,Gemma 4 31B,Youtube / ONE#NIGHT#ULTIMATE#WEREWOLF#89##November#30th#2019 / Game3,greedy_t0,0,Greedy,with,Contingency,with,105,109,,0,,contiguous,1,"James exhibits classic Tanner behavior by repeatedly begging to be voted out ('Vote for me', 'Kill James with me') and contradicting his own role claims multiple times (claiming to be the Witch, then the Troublemaker, then the Werewolf).",105-109,NOT_A_CANDIDATE_FORM_OUTSIDE_INVENTORY,,,,,,,True,False,105,109,NON_CONNECTIVE_LIKELY
15514,2264,Gemma 4 31B,Youtube / ONE#NIGHT#ULTIMATE#WEREWOLF#89##November#30th#2019 / Game3,greedy_t0,0,Greedy,with,Contingency,with,278,282,,0,,contiguous,2,"Mitchell openly claims to be a Werewolf with high confidence ('100% sure', betting money), but then attempts to divert the vote toward James.",278-282,NOT_A_CANDIDATE_FORM_OUTSIDE_INVENTORY,,,,,,,True,False,40,44,NON_CONNECTIVE_LIKELY
15524,2265,Gemma 4 31B,Youtube / ONE#NIGHT#ULTIMATE#WEREWOLF#9##November#6th#2016 / Game1,greedy_t0,0,Greedy,without,Contingency,without,209,216,,0,,contiguous,2,"However, according to the game rules, the Troublemaker swaps the cards of two other players without looking at them, meaning Alana could not possibly know Mike's starting role or whether he was the Insomniac.",209-216,NOT_A_CANDIDATE_FORM_OUTSIDE_INVENTORY,,,,,,,True,False,92,99,NON_CONNECTIVE_LIKELY
15529,2266,Gemma 4 31B,Youtube / ONE#NIGHT#ULTIMATE#WEREWOLF#9##November#6th#2016 / Game2,greedy_t0,0,Greedy,despite,Comparison,Despite,141,148,,0,,contiguous,2,"Despite the chaotic and joking nature of the discussion, the group repeatedly targets Alana as the Werewolf, with Mike explicitly stating she is 'a hundred percent the werewolf.'",141-148,NOT_A_CANDIDATE_FORM_OUTSIDE_INVENTORY,,,,,,,True,False,0,7,CLAUSE_INITIAL_PLAUSIBLE
15532,2266,Gemma 4 31B,Youtube / ONE#NIGHT#ULTIMATE#WEREWOLF#9##November#6th#2016 / Game2,greedy_t0,0,Greedy,with,Contingency,with,250,254,,0,,contiguous,2,"Despite the chaotic and joking nature of the discussion, the group repeatedly targets Alana as the Werewolf, with Mike explicitly stating she is 'a hundred percent the werewolf.'",250-254,NOT_A_CANDIDATE_FORM_OUTSIDE_INVENTORY,,,,,,,True,False,109,113,UNCLEAR
15533,2266,Gemma 4 31B,Youtube / ONE#NIGHT#ULTIMATE#WEREWOLF#9##November#6th#2016 / Game2,greedy_t0,0,Greedy,given that,Contingency,Given that,320,330,,0,,contiguous,3,"Given that the other three players have claimed roles, Alana is the most likely candidate for elimination to achieve a Team Village win.",320-330,NOT_A_CANDIDATE_FORM_OUTSIDE_INVENTORY,,,,,,,True,False,0,10,CLAUSE_INITIAL_PLAUSIBLE
15538,2267,Gemma 4 31B,Youtube / ONE#NIGHT#ULTIMATE#WEREWOLF#9##November#6th#2016 / Game3,greedy_t0,0,Greedy,with,Contingency,with,135,139,,0,,contiguous,1,"Alana, Mitchell, and Caitlynn have consistent stories: Caitlynn (Seer) saw Mitchell as the Robber, and Mitchell (Robber) swapped cards with Alana (Insomniac), meaning Alana ended as the Robber and Mitchell ended as the Insomniac.",135-139,NOT_A_CANDIDATE_FORM_OUTSIDE_INVENTORY,,,,,,,True,False,135,139,NON_CONNECTIVE_LIKELY
15544,2267,Gemma 4 31B,Youtube / ONE#NIGHT#ULTIMATE#WEREWOLF#9##November#6th#2016 / Game3,greedy_t0,0,Greedy,with,Contingency,with,387,391,,0,,contiguous,3,"Since Mike is the only player whose claim is inconsistent with the others, he is the most likely Werewolf.",387-391,NOT_A_CANDIDATE_FORM_OUTSIDE_INVENTORY,,,,,,,True,False,58,62,NON_CONNECTIVE_LIKELY
15545,2268,Gemma 4 31B,Youtube / ONE#NIGHT#ULTIMATE#WEREWOLF#9##November#6th#2016 / Game4,greedy_t0,0,Greedy,with,Contingency,with,75,79,,0,,contiguous,1,"The players have collectively concluded that they are all village-aligned, with claims to be the Insomniac, Robber, Troublemaker, and Seer.",75-79,NOT_A_CANDIDATE_FORM_OUTSIDE_INVENTORY,,,,,,,True,False,75,79,CLAUSE_INITIAL_PLAUSIBLE
15547,2268,Gemma 4 31B,Youtube / ONE#NIGHT#ULTIMATE#WEREWOLF#9##November#6th#2016 / Game4,greedy_t0,0,Greedy,despite,Comparison,Despite,140,147,,0,,contiguous,2,"Despite some logical inconsistencies and Alana's admission that she forgot to use her Seer ability, the group reaches a consensus that they are 'good' and agrees to a voting strategy ('voting to the left') designed to ensure no one is eliminated.",140-147,NOT_A_CANDIDATE_FORM_OUTSIDE_INVENTORY,,,,,,,True,False,0,7,CLAUSE_INITIAL_PLAUSIBLE
15554,2269,Gemma 4 31B,Youtube / One#Night#Ultimate#Werewolf#GAME#NIGHT!! / Game2,greedy_t0,0,Greedy,with,Contingency,with,64,68,,0,,contiguous,1,Shane claimed to be the Robber and stated that he swapped cards with Eric.,64-68,NOT_A_CANDIDATE_FORM_OUTSIDE_INVENTORY,,,,,,,True,False,64,68,NON_CONNECTIVE_LIKELY
15560,2270,Gemma 4 31B,Youtube / Retrovision##ONE#NIGHT#ULTIMATE#WEREWOLF##Retro#7 / Game1,greedy_t0,0,Greedy,with,Contingency,with,296,300,,0,,contiguous,3,"This level of coordination between Justin and Eric, combined with Justin's aggressive push to eliminate Paul, strongly suggests they are the Werewolf/Minion team attempting to deceive the village.",296-300,NOT_A_CANDIDATE_FORM_OUTSIDE_INVENTORY,,,,,,,True,False,61,65,NON_CONNECTIVE_LIKELY
15563,2271,Gemma 4 31B,Youtube / Retrovision##ONE#NIGHT#ULTIMATE#WEREWOLF##Retro#7 / Game2,greedy_t0,0,Greedy,eventually,Temporal,eventually,174,184,,0,,contiguous,2,"Eric, claiming to be the Seer, eventually points to Mike as the target.",174-184,NOT_A_CANDIDATE_FORM_OUTSIDE_INVENTORY,,,,,,,True,False,31,41,CLAUSE_INITIAL_PLAUSIBLE
15594,2274,Gemma 4 31B,Youtube / Retrovision##ONE#NIGHT#ULTIMATE#WEREWOLF##Retro#7 / Game5,greedy_t0,0,Greedy,with,Contingency,with,345,349,,0,,contiguous,3,"Eric's admission that he started as a werewolf, combined with his attempts to deflect suspicion onto Mitchell, makes him the most likely candidate for the current werewolf.",345-349,NOT_A_CANDIDATE_FORM_OUTSIDE_INVENTORY,,,,,,,True,False,57,61,NON_CONNECTIVE_LIKELY
15615,2277,Gemma 4 31B,Youtube / The#Return#of#the#King##ONE#NIGHT#ULTIMATE#WEREWOLF / Game7,greedy_t0,0,Greedy,despite,Comparison,despite,226,233,,0,,contiguous,2,"He first claims to be the Robber who robbed Paul (line 89), and then, when prompted by James, he agrees that he is the Troublemaker (line 105), despite the fact that he never previously made that claim.",226-233,NOT_A_CANDIDATE_FORM_OUTSIDE_INVENTORY,,,,,,,True,False,144,151,UNCLEAR
15618,2277,Gemma 4 31B,Youtube / The#Return#of#the#King##ONE#NIGHT#ULTIMATE#WEREWOLF / Game7,greedy_t0,0,Greedy,with,Contingency,with,390,394,,0,,contiguous,3,"Furthermore, he actively attempts to divert the vote toward Justin (lines 129, 138), which is consistent with a Werewolf's strategy to avoid elimination.",390-394,NOT_A_CANDIDATE_FORM_OUTSIDE_INVENTORY,,,,,,,True,False,105,109,NON_CONNECTIVE_LIKELY
15626,2279,Gemma 4 31B,Youtube / Visions#from#2016##ONE#NIGHT#ULTIMATE#WEREWOLF##Retro#11 / Game2,greedy_t0,0,Greedy,with,Contingency,with,110,114,,0,,contiguous,1,"During the Night phase, James and Mitchell are explicitly heard interacting during the Werewolf wake-up call, with Mitchell stating he saw another werewolf and questioning James.",110-114,NOT_A_CANDIDATE_FORM_OUTSIDE_INVENTORY,,,,,,,True,False,110,114,UNCLEAR
15653,2283,Gemma 4 31B,Youtube / Way#Way#Back##ONE#NIGHT#ULTIMATE#WEREWOLF##Retro#10 / Game1,greedy_t0,0,Greedy,with,Contingency,with,109,113,,0,,contiguous,1,"Justin admitted to starting as a Werewolf, and Paul claimed to be the Troublemaker who swapped Justin's card with Laura's.",109-113,NOT_A_CANDIDATE_FORM_OUTSIDE_INVENTORY,,,,,,,True,False,109,113,NON_CONNECTIVE_LIKELY
15669,2284,Gemma 4 31B,Youtube / Way#Way#Back##ONE#NIGHT#ULTIMATE#WEREWOLF##Retro#10 / Game2,greedy_t0,0,Greedy,with,Contingency,with,377,381,,0,,contiguous,2,"Laura (the Troublemaker) stated she swapped two players, and James subsequently claimed to be the Tanner, which suggests that Justin (starting Tanner) was swapped with James (starting Werewolf).",377-381,NOT_A_CANDIDATE_FORM_OUTSIDE_INVENTORY,,,,,,,True,False,163,167,NON_CONNECTIVE_LIKELY
15694,2286,Gemma 4 31B,Youtube / Way#Way#Back##ONE#NIGHT#ULTIMATE#WEREWOLF##Retro#10 / Game4,greedy_t0,0,Greedy,with,Contingency,with,474,478,,0,,contiguous,4,"Paul's subsequent contradictory claims (Robber, then Hunter) and his attempt to frame Laura are consistent with a Tanner trying to attract votes or a confused player, whereas James's attempts to claim multiple village roles are typical of a Werewolf trying to blend in.",474-478,NOT_A_CANDIDATE_FORM_OUTSIDE_INVENTORY,,,,,,,True,False,107,111,NON_CONNECTIVE_LIKELY
15716,2289,Gemma 4 31B,Youtube / Ye#Olde#Times##ONE#NIGHT#ULTIMATE#WEREWOLF##Retro#8 / Game2,greedy_t0,0,Greedy,with,Contingency,With,297,301,,0,,contiguous,3,"With Justin claiming the Hunter role, all five players are accounted for as either Village-aligned or the Tanner, meaning the Werewolf cards must be in the center pool.",297-301,NOT_A_CANDIDATE_FORM_OUTSIDE_INVENTORY,,,,,,,True,False,0,4,CLAUSE_INITIAL_PLAUSIBLE
